image_path,image_name,class,knee_angle_deviation,hip_angle_deviation,knee_asymmetry,hip_asymmetry,shoulder_asymmetry,elbow_asymmetry,overall_asymmetry,shoulder_alignment,hip_alignment,knee_alignment,trunk_inclination,knee_ankle_alignment,shoulder_hip_offset,overall_posture_deviation,angle_deviation_index,distance_deviation_index,symmetry_deviation_index
/content/drive/MyDrive/Bharatanatyam_Digital_Twin/dataset/posture_images/extracted/new_Dataset/Ardhamandalam Augmented/dr_0_1332.jpg,dr_0_1332.jpg,Ardhamandalam Augmented,34.85147844393695,10.802506244170257,0.0248811640852803,17.260730413373768,4.9333371895926055,8.637249769073803,7.714049634031364,1.665634245084214,3.0401306672593447,4.502976164428791,8.799244427872315,34.10568289970897,0.3499865679219269,7.578833315269218,16.007207738852955,0.0882578791130289,6.64103432784167
/content/drive/MyDrive/Bharatanatyam_Digital_Twin/dataset/posture_images/extracted/new_Dataset/Ardhamandalam Augmented/dr_0_1369.jpg,dr_0_1369.jpg,Ardhamandalam Augmented,33.464377318998615,17.145543151107006,21.66738970779073,9.725517618285688,7.593159466599278,12.129944390211929,12.779002795721905,15.824071521938338,16.29628635878824,5.081373035723439,19.108351028131207,27.08543225563021,0.1163464587038339,9.156679508951807,21.970031068734475,0.1984535317771343,5.301553926343814
/content/drive/MyDrive/Bharatanatyam_Digital_Twin/dataset/posture_images/extracted/new_Dataset/Ardhamandalam Augmented/dr_0_1403.jpg,dr_0_1403.jpg,Ardhamandalam Augmented,27.07519034764391,16.1396635712832,21.67888702274078,35.011870754081166,29.2276570065193,44.54117311806831,32.61489697535239,12.219613613585874,12.77514394346813,29.70379066944123,11.929831688683976,37.0413038108416,0.4120873300357976,13.117548630494724,21.26328771441704,0.1101923539188108,17.97916582314832
/content/drive/MyDrive/Bharatanatyam_Digital_Twin/dataset/posture_images/extracted/new_Dataset/Ardhamandalam Augmented/dr_0_1943.jpg,dr_0_1943.jpg,Ardhamandalam Augmented,31.32079442475189,36.76880845084832,10.408920414540388,4.0002010312619145,10.125505464595076,13.747487455305128,9.570528591425626,18.546643209729524,12.859968630823316,11.977065709548754,13.651558177026992,22.24861320498352,0.1542296516452168,11.483689399913471,28.26949288365552,0.1492422709132821,6.032333045171611
/content/drive/MyDrive/Bharatanatyam_Digital_Twin/dataset/posture_images/extracted/new_Dataset/Ardhamandalam Augmented/dr_0_2289.jpg,dr_0_2289.jpg,Ardhamandalam Augmented,17.48276637960778,6.119635683830484,17.435335908372675,9.530967111472014,23.80514377716746,38.32754537458511,22.274748042899315,4.371318394799304,2.353851535939929,8.057677113764193,4.592720394094864,15.976736166545944,0.4000050440883795,8.788556409779249,17.099623654894106,0.1405565505414767,9.125489023902166
/content/drive/MyDrive/Bharatanatyam_Digital_Twin/dataset/posture_images/extracted/new_Dataset/Ardhamandalam Augmented/dr_0_2573.jpg,dr_0_2573.jpg,Ardhamandalam Augmented,47.94042662167972,41.45980880479752,32.4696080283057,31.69822172701865,36.67304705509815,4.726127729165413,26.391751134896975,7.815068615002588,5.736290754678095,1.1781082138674606,11.851503403172522,12.332030244149088,0.174479717645554,17.088576334507668,30.79562395975447,0.1352681627964459,20.33483688097209
/content/drive/MyDrive/Bharatanatyam_Digital_Twin/dataset/posture_images/extracted/new_Dataset/Ardhamandalam Augmented/dr_0_2797.jpg,dr_0_2797.jpg,Ardhamandalam Augmented,24.98439872000867,10.608759853671753,4.82085296190642,16.37421766165155,3.6834623438041154,3.4071705605918456,7.071425881988482,18.453944863677037,14.431848554277014,9.829481456877296,12.303078357546676,43.28188496509458,0.2666906759383545,7.465661308283788,13.502854746493576,0.0706445702057084,8.823484608152079
/content/drive/MyDrive/Bharatanatyam_Digital_Twin/dataset/posture_images/extracted/new_Dataset/Ardhamandalam Augmented/dr_0_2938.jpg,dr_0_2938.jpg,Ardhamandalam Augmented,24.98108769156486,5.990094304992098,6.028698235430846,5.8457300857919385,64.9936992142444,3.0743951849499167,19.98563068010428,6.004042346156116,1.2942694638965142,4.395243098961343,4.168033288254689,50.320700373982746,0.2877404426795454,11.261034078352692,18.634554966632788,0.0604041655627752,15.08814310286251
/content/drive/MyDrive/Bharatanatyam_Digital_Twin/dataset/posture_images/extracted/new_Dataset/Ardhamandalam Augmented/dr_0_3064.jpg,dr_0_3064.jpg,Ardhamandalam Augmented,34.26567563491014,39.18807448007367,8.444755636537078,3.30553622271534,32.192310615762295,19.224326075666728,15.791732137670358,8.331316729982348,10.21596439132611,32.46881858513524,8.456921381074462,5.37708643944499,0.1283699007280345,10.617556093804978,25.12424195400194,0.205863085968797,6.522563241444198
/content/drive/MyDrive/Bharatanatyam_Digital_Twin/dataset/posture_images/extracted/new_Dataset/Ardhamandalam Augmented/dr_0_3235.jpg,dr_0_3235.jpg,Ardhamandalam Augmented,59.07831378621837,68.55603906548183,4.692552719841675,167.6077078617943,58.97370581283165,38.511317004699656,67.44632084979182,12.715289581647506,59.71431535436644,63.65671604748887,12.17825983812753,31.82923123099676,0.1096894427378007,30.874640261712116,45.199941801708974,0.0640494131324803,47.35992957029488
/content/drive/MyDrive/Bharatanatyam_Digital_Twin/dataset/posture_images/extracted/new_Dataset/Ardhamandalam Augmented/dr_0_4053.jpg,dr_0_4053.jpg,Ardhamandalam Augmented,3.7288198289688843,13.038938420405973,7.73890322821233,6.566040344486825,30.05261192452478,3.518632726272085,11.969047055874004,12.645049870186153,6.496993600548117,4.594055300832491,9.540743795215436,17.43680837853751,0.2107802925028054,6.545544730426239,11.27497902061437,0.1296037282764975,8.23205144238785
/content/drive/MyDrive/Bharatanatyam_Digital_Twin/dataset/posture_images/extracted/new_Dataset/Ardhamandalam Augmented/dr_0_4069.jpg,dr_0_4069.jpg,Ardhamandalam Augmented,8.439992916687817,7.387375169434733,2.107106173551496,3.857380969374872,34.914453161977846,18.683048789413277,14.890497273579372,11.12609476858354,4.658144400308923,3.3462491180773184,9.347119710420452,32.36656331186019,0.2960232244214262,6.938261435971834,12.987422309785757,0.0886103115130097,7.738751686616736
/content/drive/MyDrive/Bharatanatyam_Digital_Twin/dataset/posture_images/extracted/new_Dataset/Ardhamandalam Augmented/dr_0_4234.jpg,dr_0_4234.jpg,Ardhamandalam Augmented,15.708502051904006,6.209961255765204,11.815342640161658,13.241085821459135,30.176977396697097,16.03318972901863,17.81664889683413,1.3007866370114003,0.3724021019726616,8.604459311754361,0.2312815765506957,28.35697269264395,0.2809563817375157,6.119004781927607,12.787512561644608,0.0422306847020682,5.527271099436143
/content/drive/MyDrive/Bharatanatyam_Digital_Twin/dataset/posture_images/extracted/new_Dataset/Ardhamandalam Augmented/dr_0_4411.jpg,dr_0_4411.jpg,Ardhamandalam Augmented,78.27647148523405,41.69613868912393,29.510075497268044,14.077452433634411,22.21500357196912,1.1109251902753292,16.728364173286728,10.657616111402488,37.01086162709765,16.33931131837722,12.34539948125386,86.21436505943714,0.1271740635906758,17.48645158789617,38.16455458481505,0.1313396019755388,14.163460576897918
/content/drive/MyDrive/Bharatanatyam_Digital_Twin/dataset/posture_images/extracted/new_Dataset/Ardhamandalam Augmented/dr_0_4522.jpg,dr_0_4522.jpg,Ardhamandalam Augmented,28.083516910715037,28.30510812615663,2.184032752606558,11.603908615717769,92.55360130475118,11.727941993214229,29.517371166572435,3.5128712283101224,2.05684358108205,2.3851194227438226,0.9400520493274124,33.35215481602689,0.2605962274238819,14.056318952092388,26.49091337936618,0.0546472661301339,15.623396210780854
/content/drive/MyDrive/Bharatanatyam_Digital_Twin/dataset/posture_images/extracted/new_Dataset/Ardhamandalam Augmented/dr_0_489.jpg,dr_0_489.jpg,Ardhamandalam Augmented,72.3042335632293,30.662179719346433,21.629362993772418,46.476745886929535,44.905475516314034,17.214420027601406,32.55650110615435,10.715540495193553,26.03133250685528,33.33301451273621,16.747557649740244,64.68218507826559,0.0841575191388738,16.196197314826346,34.2467257755818,0.2166589862980346,14.125207182599198
/content/drive/MyDrive/Bharatanatyam_Digital_Twin/dataset/posture_images/extracted/new_Dataset/Ardhamandalam Augmented/dr_0_4946.jpg,dr_0_4946.jpg,Ardhamandalam Augmented,6.168517071649407,16.99042102830027,28.107581251856345,14.418411612579863,29.51496788116038,2.633135444280011,18.66852404746915,14.49686562007554,16.097053283092635,21.719814727738765,10.869884540900255,26.53209741393312,0.3210225465146235,6.188274080443796,11.066974502705309,0.0120100385070692,7.485837700119013
/content/drive/MyDrive/Bharatanatyam_Digital_Twin/dataset/posture_images/extracted/new_Dataset/Ardhamandalam Augmented/dr_0_5369.jpg,dr_0_5369.jpg,Ardhamandalam Augmented,1.2067205373310266,13.881180338284672,8.618702356981329,2.762205535065328,8.068434376263303,7.026019692742175,6.618840490263034,13.4392651771495,9.476280984695489,8.80663015478742,12.524791076360776,18.30964413350354,0.3075118572978195,4.575750458612624,7.034608769147794,0.0678767919058069,6.624765814784271
/content/drive/MyDrive/Bharatanatyam_Digital_Twin/dataset/posture_images/extracted/new_Dataset/Ardhamandalam Augmented/dr_0_5511.jpg,dr_0_5511.jpg,Ardhamandalam Augmented,18.150730412936156,7.04047001676253,36.30661673439249,19.491956338833585,18.78441864987038,9.56868393316704,21.037918914065877,11.625745066350444,8.268857637082204,8.249296783146725,15.088410176964562,46.82474315546767,0.2365710085816491,4.930682517209552,11.340940587850485,0.0739559590544761,3.377151004723697
/content/drive/MyDrive/Bharatanatyam_Digital_Twin/dataset/posture_images/extracted/new_Dataset/Ardhamandalam Augmented/dr_0_5538.jpg,dr_0_5538.jpg,Ardhamandalam Augmented,12.722568894349326,6.785400967598775,46.85364596629061,23.027286135962697,11.94064086629118,4.685819393687994,21.62684809055812,8.14734439332611,16.13677267372256,11.027631777635357,22.982453025848635,25.24127373258214,0.106325812556708,6.415107679624968,9.498621094058755,0.2078751797547894,9.53882676506136
/content/drive/MyDrive/Bharatanatyam_Digital_Twin/dataset/posture_images/extracted/new_Dataset/Ardhamandalam Augmented/dr_0_5903.jpg,dr_0_5903.jpg,Ardhamandalam Augmented,22.450891083974952,18.264399924763527,11.826516074639724,2.0844050382665307,17.091207132897964,15.238107652838274,11.560058974660624,6.336842978476039,5.625404800127538,8.927645100410958,4.934574572936774,30.81554166606322,0.2664798149155646,11.345764724091625,26.100259696245946,0.0840154257980823,7.8530190502308415
/content/drive/MyDrive/Bharatanatyam_Digital_Twin/dataset/posture_images/extracted/new_Dataset/Ardhamandalam Augmented/dr_0_5967.jpg,dr_0_5967.jpg,Ardhamandalam Augmented,16.58482463420758,7.87262267830171,1.8555859091130584,4.762974801258391,17.116911477538263,4.726801934346124,7.115568530563959,4.84174747259676,5.780571015987615,3.5442174626046308,4.335640048182451,34.11628689668514,0.2683994900707037,6.643368847691442,12.669506997931386,0.0975821536679659,7.163017391474975
/content/drive/MyDrive/Bharatanatyam_Digital_Twin/dataset/posture_images/extracted/new_Dataset/Ardhamandalam Augmented/dr_0_630.jpg,dr_0_630.jpg,Ardhamandalam Augmented,8.326504390825232,10.632584518449818,12.786791734193622,7.681774847109843,30.32237532339492,2.4844275860026355,13.318842372675256,12.449301015013988,13.703845787838247,20.85497918978814,11.286351879261218,17.912477321892382,0.2645863834381022,5.378810281002938,9.865156615299188,0.1231511658195953,6.148123061890032
/content/drive/MyDrive/Bharatanatyam_Digital_Twin/dataset/posture_images/extracted/new_Dataset/Ardhamandalam Augmented/dr_0_6319.jpg,dr_0_6319.jpg,Ardhamandalam Augmented,19.06615966748692,24.54729471510162,5.974158606948651,14.107643985234208,65.94623310225886,20.82959286611824,26.714407140139983,6.515346076773682,7.244669650068374,14.276099407844583,7.451299791891536,29.770467174203976,0.2282047512521227,11.915541196490103,23.92426262360387,0.0938627769269743,11.728498188939474
/content/drive/MyDrive/Bharatanatyam_Digital_Twin/dataset/posture_images/extracted/new_Dataset/Ardhamandalam Augmented/dr_0_6842.jpg,dr_0_6842.jpg,Ardhamandalam Augmented,14.100545805837793,20.242716317174626,6.71674574287619,2.445171984820621,67.78700794929613,3.3033855537358563,20.063077807682195,7.110659828998492,4.690663289342355,3.245672216041024,1.809610661092883,20.70053022492536,0.2028910592135425,11.743322155323227,18.5903598052043,0.1152562274631151,16.524350433302263
/content/drive/MyDrive/Bharatanatyam_Digital_Twin/dataset/posture_images/extracted/new_Dataset/Ardhamandalam Augmented/dr_0_6956.jpg,dr_0_6956.jpg,Ardhamandalam Augmented,16.944442934166624,24.037587063211976,10.0110149339511,10.51339537187348,12.023088433792276,13.635772369704716,11.545817777330392,1.4020783370293088,1.0995374411940588,3.2492877217636646,1.1181567466837228,29.25910251430737,0.2882364596159097,7.704903687228555,17.82986648279025,0.0737208845875493,5.211123694307865
/content/drive/MyDrive/Bharatanatyam_Digital_Twin/dataset/posture_images/extracted/new_Dataset/Ardhamandalam Augmented/dr_0_7143.jpg,dr_0_7143.jpg,Ardhamandalam Augmented,24.949302695453184,32.91042920967453,7.023099109022192,4.14208117057004,3.968492181749222,8.486250936143678,5.904980849371283,32.64648389688754,30.358041472846374,26.868055059740144,27.459610416022496,37.67728367688554,0.1832988221958165,9.816984263995806,20.583872416024423,0.1137020179027424,8.753378358060251
/content/drive/MyDrive/Bharatanatyam_Digital_Twin/dataset/posture_images/extracted/new_Dataset/Ardhamandalam Augmented/dr_0_7170.jpg,dr_0_7170.jpg,Ardhamandalam Augmented,19.853409301778733,20.446923688912026,7.380005944922792,15.143309461834193,31.296317509953106,9.735562643936577,15.888798890161665,15.347879812046102,19.02303847884778,21.04056133109728,15.610470863880588,33.23302862518776,0.2523724305979077,6.895300131964437,16.03241385766027,0.0808048518664156,4.572681686366627
/content/drive/MyDrive/Bharatanatyam_Digital_Twin/dataset/posture_images/extracted/new_Dataset/Ardhamandalam Augmented/dr_0_7224.jpg,dr_0_7224.jpg,Ardhamandalam Augmented,16.25549453688938,2.1865245914862896,0.5126670032066164,3.928753064299457,4.277025612561627,10.309655361135905,4.7570252603009004,14.869519527548846,16.421928073376506,9.150014301120224,12.011541993759163,29.19610559910881,0.250003571544725,5.301969606633645,8.267852159797684,0.1144664399697188,7.523590220133533
/content/drive/MyDrive/Bharatanatyam_Digital_Twin/dataset/posture_images/extracted/new_Dataset/Ardhamandalam Augmented/dr_0_7462.jpg,dr_0_7462.jpg,Ardhamandalam Augmented,19.298907758418547,6.90953946508175,11.797886071969272,1.0023660723832075,0.8614616381925646,16.450677936803686,7.528097929837183,18.871991689571985,10.17514874558634,7.357264197617809,9.4976781898575,23.112584936377424,0.3140305957840446,7.509683047267262,13.038024640651276,0.0971459255402934,9.393878575610216
/content/drive/MyDrive/Bharatanatyam_Digital_Twin/dataset/posture_images/extracted/new_Dataset/Ardhamandalam Augmented/dr_0_7694.jpg,dr_0_7694.jpg,Ardhamandalam Augmented,15.382346375835091,4.287995259170408,15.453440828841302,9.674044660413252,55.535387698782166,8.310643695522858,22.24337922088989,9.863772399681494,5.895387105330372,4.125921742685961,6.347496371169447,31.84603874236759,0.3077053319600877,7.113273362688467,13.409762241027774,0.0665438051491081,7.86351404188852
/content/drive/MyDrive/Bharatanatyam_Digital_Twin/dataset/posture_images/extracted/new_Dataset/Ardhamandalam Augmented/dr_0_7706.jpg,dr_0_7706.jpg,Ardhamandalam Augmented,74.6509930186974,66.89738073029847,9.993069961052004,11.174620404275846,89.48255795154839,5.347797414410163,28.9995114328216,3.507754291786938,7.80791500148149,32.4268140662175,26.280341181241894,53.1628685019971,0.1112893989504324,20.67724862848412,49.47622800672914,0.0964398504873401,12.459078028235869
/content/drive/MyDrive/Bharatanatyam_Digital_Twin/dataset/posture_images/extracted/new_Dataset/Ardhamandalam Augmented/dr_0_7747.jpg,dr_0_7747.jpg,Ardhamandalam Augmented,32.068632737777264,23.787558137585794,0.9384574387325324,0.6982568832126903,69.44694481910267,50.33404311990157,30.354425565237364,10.769334342983058,16.644423329309404,17.130042094126708,14.13196350596939,35.21912199839046,0.291510408860864,17.38856320549308,28.706182248181587,0.0600985288139543,23.399408839483694
/content/drive/MyDrive/Bharatanatyam_Digital_Twin/dataset/posture_images/extracted/new_Dataset/Ardhamandalam Augmented/dr_0_8236.jpg,dr_0_8236.jpg,Ardhamandalam Augmented,25.953461901336865,25.8273629969824,4.472078610483498,1.726794144425428,86.25306306145853,6.967061328235083,24.854749286150632,2.1254182935543526,4.502349401396269,8.445699063755638,4.232455010340836,31.181677687088925,0.249378794440752,14.469318988227863,25.4634199760454,0.0666390003342685,17.87789798830392
/content/drive/MyDrive/Bharatanatyam_Digital_Twin/dataset/posture_images/extracted/new_Dataset/Ardhamandalam Augmented/dr_0_8361.jpg,dr_0_8361.jpg,Ardhamandalam Augmented,33.65938401649086,32.21979526439053,11.465420709559409,1.9775117799761543,14.454652434914042,8.118026695059728,9.003902904877334,20.1822328319432,21.78986946807987,18.992323064915496,16.692967370573378,42.38617442814637,0.2903871553846996,9.239152800876797,22.654967959480885,0.0739751550539676,4.98851528809554
/content/drive/MyDrive/Bharatanatyam_Digital_Twin/dataset/posture_images/extracted/new_Dataset/Ardhamandalam Augmented/dr_0_8515.jpg,dr_0_8515.jpg,Ardhamandalam Augmented,2.3518698744344633,9.475253009391633,3.91022638876112,1.287121990149643,16.267417808164634,1.392201793801371,5.714241995219192,9.257100020161806,15.320928910052274,19.551714642836902,15.897827431291825,10.40700945600666,0.1483573259235373,7.420039926542422,15.267611749393971,0.1073488483070592,6.885159181926234
/content/drive/MyDrive/Bharatanatyam_Digital_Twin/dataset/posture_images/extracted/new_Dataset/Ardhamandalam Augmented/dr_0_8725.jpg,dr_0_8725.jpg,Ardhamandalam Augmented,15.256023861766362,2.1435080610565365,0.3638366113674948,0.6889332672421586,2.340339443051696,5.055848444746741,2.1122394416020227,7.379160285758323,6.257184561524701,5.969207235083524,6.96318793980152,5.665790954586915,0.4044069380497636,6.669213928647014,9.060296086802392,0.1107297430844834,10.836615956054162
/content/drive/MyDrive/Bharatanatyam_Digital_Twin/dataset/posture_images/extracted/new_Dataset/Ardhamandalam Augmented/dr_0_9305.jpg,dr_0_9305.jpg,Ardhamandalam Augmented,5.1171178561524115,6.080982146887941,9.0003221438977,9.20541569663855,5.304867309181076,1.5113731661549448,6.255494578968067,11.141707329181571,15.892929334830114,14.590211646636078,10.748693378752822,23.222917771514982,0.2565739390576763,4.841441198817178,5.9604518089168295,0.1088632566506886,8.455008530884017
/content/drive/MyDrive/Bharatanatyam_Digital_Twin/dataset/posture_images/extracted/new_Dataset/Ardhamandalam Augmented/dr_0_9340.jpg,dr_0_9340.jpg,Ardhamandalam Augmented,29.221625764863624,20.68546734433469,72.49805612265928,7.123562551973286,56.6728962036122,14.52964114493,37.70603900579369,36.730496768236165,56.15698125756124,52.90352470070079,46.53938104693675,66.86678309634945,0.1126486156482347,16.255223169710717,29.96037463940889,0.1401668202052818,18.665128049517985
/content/drive/MyDrive/Bharatanatyam_Digital_Twin/dataset/posture_images/extracted/new_Dataset/Ardhamandalam Augmented/dr_0_985.jpg,dr_0_985.jpg,Ardhamandalam Augmented,18.836997160068396,32.14297522037045,21.791779685855005,14.320427905293082,141.89080203425306,4.266051389590252,45.56726525374785,20.39866074444041,13.22345375095307,9.454899138908443,11.867765700819575,11.008968521480355,0.199708390889829,17.27092197312171,27.121524998493097,0.0948471069750572,24.596393813896974
/content/drive/MyDrive/Bharatanatyam_Digital_Twin/dataset/posture_images/extracted/new_Dataset/Ardhamandalam Augmented/dr_1_1058.jpg,dr_1_1058.jpg,Ardhamandalam Augmented,13.348092057585973,20.408268256771038,23.835119046341337,5.581546638990033,11.15394085966789,16.152383212773366,14.180747439443156,13.100328658693511,12.56887693929238,9.526212346491208,14.4857116479875,17.817056899892435,0.2739993139719819,6.559939857759495,13.670494827200647,0.0486042709881092,5.960720475089727
/content/drive/MyDrive/Bharatanatyam_Digital_Twin/dataset/posture_images/extracted/new_Dataset/Ardhamandalam Augmented/dr_1_1061.jpg,dr_1_1061.jpg,Ardhamandalam Augmented,16.072017316233353,18.162694758372815,16.03873854931942,9.01188178573084,4.93711267802974,1.379995825346274,7.841932209606568,19.470488746953805,21.33943781837766,22.803155869277248,15.554018285983858,19.341962595024118,0.3064949376617476,7.06486599611555,13.315830084070068,0.0480996352648398,7.83066826901174
/content/drive/MyDrive/Bharatanatyam_Digital_Twin/dataset/posture_images/extracted/new_Dataset/Ardhamandalam Augmented/dr_1_1112.jpg,dr_1_1112.jpg,Ardhamandalam Augmented,7.311025392787833,12.415502412097986,3.567578342921653,9.679557927929574,8.49004875599725,15.915087493843924,9.413068130173102,11.997103275896034,13.139503331128484,13.565622880154676,12.07135905178373,15.77735022324564,0.3056073220121726,5.887420513105376,10.60396940623312,0.1029444447296293,6.955347688353376
/content/drive/MyDrive/Bharatanatyam_Digital_Twin/dataset/posture_images/extracted/new_Dataset/Ardhamandalam Augmented/dr_1_1386.jpg,dr_1_1386.jpg,Ardhamandalam Augmented,10.71765312458005,9.337521524239882,7.55011313483376,5.138574862134061,5.292698606099612,3.476848328598261,5.364558732916423,14.051051602773128,14.796208488863527,12.094970351547175,16.608055438147726,15.92332136449835,0.3216049354003158,6.408265532367534,10.30976178439889,0.1184141693064764,8.796620643397238
/content/drive/MyDrive/Bharatanatyam_Digital_Twin/dataset/posture_images/extracted/new_Dataset/Ardhamandalam Augmented/dr_1_1849.jpg,dr_1_1849.jpg,Ardhamandalam Augmented,78.4781099009341,3.8454296313104948,34.23716330774013,14.095187444817622,32.40967234801406,14.815076138281972,23.88927480971345,37.78157769319213,38.16309259914519,82.94986895283857,87.3415671115866,20.15899010167768,0.1377333637485902,14.099662573615452,29.521466994059057,0.1458475497514204,12.63167317703588
/content/drive/MyDrive/Bharatanatyam_Digital_Twin/dataset/posture_images/extracted/new_Dataset/Ardhamandalam Augmented/dr_1_2008.jpg,dr_1_2008.jpg,Ardhamandalam Augmented,4.582488558463172,23.39377073464243,11.977091721705037,8.01800792721462,4.84006417835414,6.841851650804322,7.91925386951953,20.355890523133382,16.92292921526297,17.546130025293877,15.704467454851237,10.424024293239215,0.3250543414863807,5.253057281222199,9.933732023711777,0.098140968477267,5.727298851477551
/content/drive/MyDrive/Bharatanatyam_Digital_Twin/dataset/posture_images/extracted/new_Dataset/Ardhamandalam Augmented/dr_1_254.jpg,dr_1_254.jpg,Ardhamandalam Augmented,6.3345915685106355,15.1340130081716,2.1952899037070357,2.308465567992959,4.909358840199189,6.499373792664917,3.978122026141025,8.412635937054091,5.351723068309833,6.491994545313665,7.698313190518414,10.620799017442955,0.2856937607899562,6.308856895898671,10.267019772930883,0.0588975597197653,8.600653355045365
/content/drive/MyDrive/Bharatanatyam_Digital_Twin/dataset/posture_images/extracted/new_Dataset/Ardhamandalam Augmented/dr_1_2666.jpg,dr_1_2666.jpg,Ardhamandalam Augmented,22.797453018345486,6.933719259972435,10.16019818671908,23.44872033645902,30.81244996180443,31.567601868402534,23.997242588346268,1.358324112804496,4.749427833838752,3.3456236330671345,3.349796897295166,26.27679533896237,0.3730115008763306,10.474304416489376,17.27474348795905,0.1558954017608853,13.992274359748194
/content/drive/MyDrive/Bharatanatyam_Digital_Twin/dataset/posture_images/extracted/new_Dataset/Ardhamandalam Augmented/dr_1_2855.jpg,dr_1_2855.jpg,Ardhamandalam Augmented,3.164736147128434,9.122019776809783,2.2326392881692603,0.672937779440606,10.293599637695811,0.4586820496569869,3.414464688740666,10.434557490656449,11.577022032468928,9.015725212625371,9.419043492352472,11.041591470440936,0.2671969647633946,6.28322435208606,9.191210700612682,0.0668954984005582,9.591566857244938
/content/drive/MyDrive/Bharatanatyam_Digital_Twin/dataset/posture_images/extracted/new_Dataset/Ardhamandalam Augmented/dr_1_3039.jpg,dr_1_3039.jpg,Ardhamandalam Augmented,13.460078486033414,8.328875729652017,0.9255436851292862,15.42699506722144,15.667625368515225,9.00616900529729,10.25658328154081,11.43460180716906,11.182818247906454,10.867508326751022,12.09974838772111,21.509148145172947,0.3305198768269027,5.8941938920400005,15.133242314957911,0.1063562098873946,2.4429831512746976
/content/drive/MyDrive/Bharatanatyam_Digital_Twin/dataset/posture_images/extracted/new_Dataset/Ardhamandalam Augmented/dr_1_3743.jpg,dr_1_3743.jpg,Ardhamandalam Augmented,17.737679504394546,16.748023501843374,28.54808008749044,17.326095826983487,3.3700608194786965,3.107395611674898,13.08790808640688,14.671811007759612,17.92914231171364,14.637329531984296,18.9639084655848,37.36954197675588,0.3129291381181221,7.52719831217033,14.176227651775616,0.0996216053189534,8.305745679416422
/content/drive/MyDrive/Bharatanatyam_Digital_Twin/dataset/posture_images/extracted/new_Dataset/Ardhamandalam Augmented/dr_1_3998.jpg,dr_1_3998.jpg,Ardhamandalam Augmented,16.8330006002251,2.387585324194742,35.66265837572011,9.524232758346466,5.0404952986807245,0.1485669849010124,12.59398835441208,15.282293584115225,17.537969340991083,16.65071972495133,16.327780692982866,26.018515725824614,0.3025262945976535,6.631683625833688,9.775816747121898,0.0824775038923506,10.036756626486811
/content/drive/MyDrive/Bharatanatyam_Digital_Twin/dataset/posture_images/extracted/new_Dataset/Ardhamandalam Augmented/dr_1_4160.jpg,dr_1_4160.jpg,Ardhamandalam Augmented,16.885178386833942,16.73770805503458,3.9431846261466217,9.531445762777263,11.902467561433298,1.002756259323178,6.59496355242009,12.499158545074664,14.96734450574229,13.995913002242474,13.695327633337945,23.73388901159932,0.3640278564565601,7.9760036946672495,16.300939684162305,0.1472290733236332,7.479842326515811
/content/drive/MyDrive/Bharatanatyam_Digital_Twin/dataset/posture_images/extracted/new_Dataset/Ardhamandalam Augmented/dr_1_4622.jpg,dr_1_4622.jpg,Ardhamandalam Augmented,13.21024280756945,23.602294753387234,20.71474917335955,16.4864483785459,4.145342878355971,1.0543286133530034,10.600217260903609,19.444808454760224,16.353402955894733,25.696573648517568,13.027123779752166,21.786341502829725,0.3514057446378277,8.045028945124335,14.481336788612769,0.0637896884079337,9.589960358352304
/content/drive/MyDrive/Bharatanatyam_Digital_Twin/dataset/posture_images/extracted/new_Dataset/Ardhamandalam Augmented/dr_1_5413.jpg,dr_1_5413.jpg,Ardhamandalam Augmented,3.089388868404115,2.889236977680909,2.135678809513371,5.043283334995592,9.073223454039168,5.610511433194081,5.465674257935554,18.85331190288784,19.94764657046761,19.818095040131368,19.680616616128244,21.24961268039044,0.319216602457406,4.001789007372012,4.294453194857873,0.1259380095374183,7.584975817720746
/content/drive/MyDrive/Bharatanatyam_Digital_Twin/dataset/posture_images/extracted/new_Dataset/Ardhamandalam Augmented/dr_1_5690.jpg,dr_1_5690.jpg,Ardhamandalam Augmented,3.9562117489008983,12.135015876648339,5.141218032999482,4.629525592805815,4.390962851634982,1.3607901269459088,3.880624151096547,3.081168989826319,1.5121160709341597,3.3457349516519903,3.198298564209322,11.610814109990848,0.3654348840255269,6.697939197222805,10.101871316125033,0.1025266769807967,9.889419598562588
/content/drive/MyDrive/Bharatanatyam_Digital_Twin/dataset/posture_images/extracted/new_Dataset/Ardhamandalam Augmented/dr_1_5866.jpg,dr_1_5866.jpg,Ardhamandalam Augmented,93.46997629617098,38.69011740258742,12.531360745360804,104.80899049412102,3.1210918656896287,1.4157388513666376,30.46929548913452,15.346295230497358,5.994095971485599,12.334060492179653,3.0654351781889493,62.56967913066244,0.0978682909009301,26.7728360562239,52.58206273878492,0.1565704933114005,27.57987493657538
/content/drive/MyDrive/Bharatanatyam_Digital_Twin/dataset/posture_images/extracted/new_Dataset/Ardhamandalam Augmented/dr_1_614.jpg,dr_1_614.jpg,Ardhamandalam Augmented,13.878475594638285,17.03336282587385,1.1618051535867566,5.291159986347232,6.251339390607963,10.79032502898173,5.87365738988092,2.497228223112995,3.0824077917029817,2.0037073415875346,1.691802555826874,9.18469157393498,0.3139386727004389,6.038337417447269,11.70198331042426,0.0543949204125903,6.358634021504953
/content/drive/MyDrive/Bharatanatyam_Digital_Twin/dataset/posture_images/extracted/new_Dataset/Ardhamandalam Augmented/dr_1_6201.jpg,dr_1_6201.jpg,Ardhamandalam Augmented,9.271375561797893,16.735170142696848,1.3824244277951587,14.20748402184573,8.417122592568814,7.9853843172260435,7.998103839858937,5.536459677638898,6.337735092269631,4.882808612185065,5.694616201348029,11.03937374734361,0.3500038602363794,6.691197500061301,14.300232160404612,0.1820671386105548,5.591293201168737
/content/drive/MyDrive/Bharatanatyam_Digital_Twin/dataset/posture_images/extracted/new_Dataset/Ardhamandalam Augmented/dr_1_6292.jpg,dr_1_6292.jpg,Ardhamandalam Augmented,12.282029325610182,2.527891498879157,20.003925160165757,3.62909760092638,13.076272433030084,6.366776423495736,10.769017904404487,8.421129918783606,9.300011687894568,6.828106772684066,10.508539371470258,23.64477379591491,0.3081696444337687,4.2255623716922175,7.403072003581775,0.0966486973108841,5.176966414183993
/content/drive/MyDrive/Bharatanatyam_Digital_Twin/dataset/posture_images/extracted/new_Dataset/Ardhamandalam Augmented/dr_1_653.jpg,dr_1_653.jpg,Ardhamandalam Augmented,4.926230905884012,6.471928621725876,24.533293218466508,11.97248513137445,1.7856657772345654,4.201912773178137,10.623339225063416,9.463055043907929,11.221897177116515,9.377337658247768,10.39122217469406,16.014353829888666,0.3039349830686451,5.6536918068086095,7.684827477437483,0.1323936772727924,9.143854265715554
/content/drive/MyDrive/Bharatanatyam_Digital_Twin/dataset/posture_images/extracted/new_Dataset/Ardhamandalam Augmented/dr_1_6638.jpg,dr_1_6638.jpg,Ardhamandalam Augmented,93.693827286262,38.4192627049639,5.011817549223622,15.739530307108213,11.307559613539771,15.93853957003018,11.999361759975448,12.844518799363726,6.551199948605245,2.1495641673433283,7.911118368281976,66.73442360274457,0.2448148333205886,18.017789552536204,49.53157630343127,0.0531764715242864,4.468615882653046
/content/drive/MyDrive/Bharatanatyam_Digital_Twin/dataset/posture_images/extracted/new_Dataset/Ardhamandalam Augmented/dr_1_6849.jpg,dr_1_6849.jpg,Ardhamandalam Augmented,4.306385560559175,9.61068359977697,5.076744583115457,3.6453168869405537,9.31684937638606,0.9907283422115104,4.757409797163396,7.908211044594228,10.688007517567929,6.946479774735413,7.753205191015394,18.591582631992143,0.2978090279014214,7.2608878295333374,12.92193038417058,0.1248171894454269,8.735915914984005
/content/drive/MyDrive/Bharatanatyam_Digital_Twin/dataset/posture_images/extracted/new_Dataset/Ardhamandalam Augmented/dr_1_6850.jpg,dr_1_6850.jpg,Ardhamandalam Augmented,21.964585330676925,16.67343056403798,4.293810897477213,6.068995153854366,1.1546303712210082,15.396658361285626,6.728523695959554,3.850084246940389,5.811083888672394,6.212930158521058,3.389286487194209,25.831560867906752,0.3989023746231828,7.8079652965566355,14.004445775021312,0.1162926330044829,9.30315748164411
/content/drive/MyDrive/Bharatanatyam_Digital_Twin/dataset/posture_images/extracted/new_Dataset/Ardhamandalam Augmented/dr_1_6862.jpg,dr_1_6862.jpg,Ardhamandalam Augmented,10.914381369636427,2.185486121494371,1.5352280938414755,4.079205130015724,8.402074534128984,2.985961769321005,4.250617381826797,5.644072185919782,7.366199650624679,6.872013286225382,6.605176893307468,13.43968459764709,0.2900533428589751,6.141634788175917,9.543571568695306,0.0595031981031672,8.821829597729279
/content/drive/MyDrive/Bharatanatyam_Digital_Twin/dataset/posture_images/extracted/new_Dataset/Ardhamandalam Augmented/dr_1_6924.jpg,dr_1_6924.jpg,Ardhamandalam Augmented,7.122332310317827,16.16341035691995,6.791998718769654,1.47195320066817,11.809251990379064,0.5942823655503281,5.166871568841804,11.880564733105608,15.72218213666153,11.738940752549857,13.79541888269032,12.373672009722917,0.2866868575864816,7.819160429355061,15.146100106529127,0.1023725875877555,8.209008593948298
/content/drive/MyDrive/Bharatanatyam_Digital_Twin/dataset/posture_images/extracted/new_Dataset/Ardhamandalam Augmented/dr_1_7255.jpg,dr_1_7255.jpg,Ardhamandalam Augmented,4.8042652174790135,15.761998208383986,7.590256773658495,7.924235531852471,3.997554046924984,4.859540290203379,6.092896660659832,2.379372344720647,3.5853381473610733,2.277089627885302,1.4891224678713235,12.122374027517171,0.3038110083828199,5.871824438496469,10.118805417174364,0.0384271896293544,7.458240708685688
/content/drive/MyDrive/Bharatanatyam_Digital_Twin/dataset/posture_images/extracted/new_Dataset/Ardhamandalam Augmented/dr_1_7348.jpg,dr_1_7348.jpg,Ardhamandalam Augmented,18.944012227721547,15.568437292258022,14.520648372671346,5.310670394425982,9.266507885208524,5.581779621602896,8.669901568477187,14.231020994428633,12.931184400655324,12.461123384075082,13.478127074184895,30.22498376623415,0.2982012582425798,6.682854156266895,13.604364119288167,0.0583923971665865,6.3858059523459305
/content/drive/MyDrive/Bharatanatyam_Digital_Twin/dataset/posture_images/extracted/new_Dataset/Ardhamandalam Augmented/dr_1_7436.jpg,dr_1_7436.jpg,Ardhamandalam Augmented,22.205446465080236,24.631027364491878,1.693988904111802,1.0871688693426762,2.976560499668158,3.5689393006230024,2.3316643934364096,11.540206243827177,9.982656841384498,13.171453509355922,10.14814118628424,11.669999651982575,0.3309209819628444,8.353515015563723,14.33685660563896,0.0833294515198337,10.640358989532375
/content/drive/MyDrive/Bharatanatyam_Digital_Twin/dataset/posture_images/extracted/new_Dataset/Ardhamandalam Augmented/dr_1_7637.jpg,dr_1_7637.jpg,Ardhamandalam Augmented,3.6919627090186324,12.649579218083353,4.442931263792138,10.588497948310565,10.584114307013811,4.408887724396406,7.50610781087823,1.4261928942929776,4.926088023107937,1.4743133159529678,1.2446181932496805,13.006341128236672,0.291219530150482,4.518391979168565,7.566021108121509,0.0541762337222014,5.934978595661985
/content/drive/MyDrive/Bharatanatyam_Digital_Twin/dataset/posture_images/extracted/new_Dataset/Ardhamandalam Augmented/dr_1_7670.jpg,dr_1_7670.jpg,Ardhamandalam Augmented,0.5790265765464007,25.389149369631006,6.077001902673464,1.8719849661038983,1.1837195054474972,2.4391702223867573,2.892969149152904,6.5088396533718935,6.549522244713131,5.082600969750871,5.036244148452246,11.385285987517127,0.3109295740209256,8.084490493485688,13.45247124547777,0.0453517390565914,10.755648495922705
/content/drive/MyDrive/Bharatanatyam_Digital_Twin/dataset/posture_images/extracted/new_Dataset/Ardhamandalam Augmented/dr_1_7709.jpg,dr_1_7709.jpg,Ardhamandalam Augmented,5.809014299248133,35.93838188197688,8.743987606932867,12.989870355536889,18.20590711698861,16.908411568025876,14.21204416187106,7.705606587570088,14.870676948915415,18.6441067389284,11.371274484682823,8.588604839666687,0.3016502265256318,7.153173725715894,16.937362303102855,0.0644848707142664,4.457674003330559
/content/drive/MyDrive/Bharatanatyam_Digital_Twin/dataset/posture_images/extracted/new_Dataset/Ardhamandalam Augmented/dr_1_7745.jpg,dr_1_7745.jpg,Ardhamandalam Augmented,17.763684413824258,5.062566858395883,14.227051463584797,12.137792589696868,6.377306972545872,1.8159588508876772,8.639527469178804,15.527639213350293,13.94440964129375,14.092337945860171,12.36669351180315,27.75651204026389,0.3186042844282993,7.330452178031943,14.916357853393896,0.0792714843489701,6.995727196352959
/content/drive/MyDrive/Bharatanatyam_Digital_Twin/dataset/posture_images/extracted/new_Dataset/Ardhamandalam Augmented/dr_1_7768.jpg,dr_1_7768.jpg,Ardhamandalam Augmented,12.306483722480333,3.5279430303206283,9.349108728412304,5.918787960493994,10.912952712291538,1.1403322535258884,6.830295413680931,17.12339349478094,18.32059158675133,17.03578002743251,17.04940523326254,19.23973951176158,0.3026319685741346,5.750956181964372,9.61599896736692,0.0805854495577487,7.556284128968448
/content/drive/MyDrive/Bharatanatyam_Digital_Twin/dataset/posture_images/extracted/new_Dataset/Ardhamandalam Augmented/dr_1_7840.jpg,dr_1_7840.jpg,Ardhamandalam Augmented,4.199256997578001,13.510309431220996,1.359904869082157,6.014822730722801,11.645771108460607,9.280989970422375,7.075372169671986,10.16589200579845,8.29219840349675,9.30309560290063,10.830017825840804,11.42927387044331,0.2923013092854558,4.820391958972315,8.669582638666999,0.1050123029090632,5.686580935340881
/content/drive/MyDrive/Bharatanatyam_Digital_Twin/dataset/posture_images/extracted/new_Dataset/Ardhamandalam Augmented/dr_1_7935.jpg,dr_1_7935.jpg,Ardhamandalam Augmented,4.575375552084399,7.07364871929612,1.9714104228488805,7.091329097102967,4.402688023559008,2.601596362203093,4.016755976428487,18.85693561765061,18.73887346170642,16.627764765170525,20.264750475138865,17.927111031206138,0.2999811473793377,5.575456344998472,6.808449465282326,0.092256242115743,9.825663327597349
/content/drive/MyDrive/Bharatanatyam_Digital_Twin/dataset/posture_images/extracted/new_Dataset/Ardhamandalam Augmented/dr_1_7986.jpg,dr_1_7986.jpg,Ardhamandalam Augmented,11.86358618427828,14.793419616741076,11.276136667827132,2.830700542622111,3.949018402215443,1.839026070754217,4.973720420854725,5.859861094169505,9.23692022606973,8.793709108242863,5.092032510164453,9.55867826720394,0.3063638459578958,7.365311197324338,13.057632033301122,0.0505201730194561,8.98778138565244
/content/drive/MyDrive/Bharatanatyam_Digital_Twin/dataset/posture_images/extracted/new_Dataset/Ardhamandalam Augmented/dr_1_8002.jpg,dr_1_8002.jpg,Ardhamandalam Augmented,7.612408506367828,19.68028252436567,9.334474276043576,0.6758387530651581,24.214820413732124,20.65814338352361,13.720819206591116,7.946075554222309,11.64843422288928,7.043479527108296,13.278357782738183,16.426472153670677,0.269177567519632,7.406047210854969,13.723548112852274,0.1141444528962755,8.380449066816361
/content/drive/MyDrive/Bharatanatyam_Digital_Twin/dataset/posture_images/extracted/new_Dataset/Ardhamandalam Augmented/dr_1_8153.jpg,dr_1_8153.jpg,Ardhamandalam Augmented,9.970282387577534,8.559059022522668,20.0638772973983,1.4237373727002542,3.19143400173869,1.3945502332899429,6.518399726281796,10.6329844781184,10.004810176158214,12.075581156652024,9.881645117562714,18.757512213864548,0.3492301965078486,6.921350381926498,10.48974211910113,0.1288261286560539,10.145482898022308
/content/drive/MyDrive/Bharatanatyam_Digital_Twin/dataset/posture_images/extracted/new_Dataset/Ardhamandalam Augmented/dr_1_8186.jpg,dr_1_8186.jpg,Ardhamandalam Augmented,5.878629902437247,18.52236527524407,10.24859924907724,0.1208737262035136,20.55340280964429,25.355420092514937,14.069573969359997,13.161673973244522,14.876736549657208,12.8035089517427,15.13116204294444,18.91566648513673,0.2804136775651794,7.522929562064644,13.392339305682214,0.1075444329677091,9.068904947544013
/content/drive/MyDrive/Bharatanatyam_Digital_Twin/dataset/posture_images/extracted/new_Dataset/Ardhamandalam Augmented/dr_1_8308.jpg,dr_1_8308.jpg,Ardhamandalam Augmented,93.70865224616911,80.13200444571676,7.111749467180968,12.69877249502571,71.17256613962397,84.48250923128285,43.86639933327837,15.034708954776963,20.485140400169502,45.15176718444634,16.547579342548666,28.313002605697594,0.0943352024192957,31.284505712294564,68.23198408110181,0.218217625018923,25.40331543076296
/content/drive/MyDrive/Bharatanatyam_Digital_Twin/dataset/posture_images/extracted/new_Dataset/Ardhamandalam Augmented/dr_1_8373.jpg,dr_1_8373.jpg,Ardhamandalam Augmented,12.23527524078829,14.493777016430757,13.88926185508389,7.805377579806015,30.44332910427144,14.80605985983741,16.73600709974969,11.081294395513735,9.055526479439948,11.207775771525206,10.353882221055692,30.81713259609385,0.3492142099709708,6.363738442687179,13.777832358818912,0.1105372955773272,5.202845673665296
/content/drive/MyDrive/Bharatanatyam_Digital_Twin/dataset/posture_images/extracted/new_Dataset/Ardhamandalam Augmented/dr_1_8779.jpg,dr_1_8779.jpg,Ardhamandalam Augmented,13.803923017058843,10.639104399391758,25.538402813298227,11.63249698201426,36.35112558717973,5.0649104382733245,19.646733955191387,18.152519135979038,21.52467153533473,20.947428665511865,19.79594469732274,28.902828624003,0.3110567276899895,7.030073998976971,13.67624079094799,0.0969148716540578,7.317066334328868
/content/drive/MyDrive/Bharatanatyam_Digital_Twin/dataset/posture_images/extracted/new_Dataset/Ardhamandalam Augmented/dr_1_9367.jpg,dr_1_9367.jpg,Ardhamandalam Augmented,1.7623865378944963,3.098713768529194,13.891124073449523,8.13582794549986,8.228992062401087,13.268583873142564,10.88113198862326,14.449364323405415,17.575863090130227,15.7512920570209,14.169879276074624,17.46887231112678,0.2839424577977644,3.992546074061455,7.117792122509903,0.0654122619059007,4.794433837768561
/content/drive/MyDrive/Bharatanatyam_Digital_Twin/dataset/posture_images/extracted/new_Dataset/Ardhamandalam Augmented/dr_1_9422.jpg,dr_1_9422.jpg,Ardhamandalam Augmented,14.977225482031862,19.794327856345326,13.445498136398342,11.082967081766538,5.405764960802035,4.906468384224054,8.710174640797742,4.432890829689303,5.087429201298725,2.4472238456133453,5.884430180391439,20.166613158253888,0.3097557355094246,7.230891374399232,14.471943322622325,0.1732501156077661,7.047480684967606
/content/drive/MyDrive/Bharatanatyam_Digital_Twin/dataset/posture_images/extracted/new_Dataset/Ardhamandalam Augmented/dr_1_9578.jpg,dr_1_9578.jpg,Ardhamandalam Augmented,9.559711115274776,5.8323741661908315,27.47144564593387,8.714927808136666,19.39332126062029,3.91441799286441,14.87352817688881,14.928223451146636,13.237613610685967,12.488977462518475,16.008736575072625,22.746879831294496,0.2962352745621221,4.199539869683126,7.584731271261277,0.0740408164508965,4.939847521337204
/content/drive/MyDrive/Bharatanatyam_Digital_Twin/dataset/posture_images/extracted/new_Dataset/Ardhamandalam Augmented/dr_1_9622.jpg,dr_1_9622.jpg,Ardhamandalam Augmented,7.538644959983074,5.494046401333968,11.893957413808955,14.45399404860023,3.5417692193486743,15.637547056076995,11.381816934458714,16.2137066469467,18.38901601378363,19.09581822812053,15.222448959537289,17.185324538144712,0.3691609532591978,5.309414754364512,9.107610611315431,0.176190437198611,6.644443214579492
/content/drive/MyDrive/Bharatanatyam_Digital_Twin/dataset/posture_images/extracted/new_Dataset/Ardhamandalam Augmented/dr_1_9690.jpg,dr_1_9690.jpg,Ardhamandalam Augmented,22.575084824350473,25.571926677594018,75.69565431815654,68.27883833600515,94.43085368019494,55.38622666324154,73.44789324939954,5.566099448816101,4.258432391332415,24.649340825755424,48.14502220038903,57.51403768028605,0.056074906015238,25.129155079066305,31.042101667143,0.179554493898043,44.16580907615787
/content/drive/MyDrive/Bharatanatyam_Digital_Twin/dataset/posture_images/extracted/new_Dataset/Ardhamandalam Augmented/dr_1_9798.jpg,dr_1_9798.jpg,Ardhamandalam Augmented,6.424157137995582,16.278162310889435,0.7928010897266391,2.7567473380969,1.5739902174269331,11.577745837428504,4.175321120669744,2.332565886121372,6.323697655085593,2.516207541628662,4.180426662599097,13.9423822171177,0.2747979076437248,6.7993333260116025,11.399810503912674,0.1148339156652143,8.88335555845692
/content/drive/MyDrive/Bharatanatyam_Digital_Twin/dataset/posture_images/extracted/new_Dataset/Bramha Augmented/dr_0_105.jpg,dr_0_105.jpg,Bramha Augmented,16.195609156996525,17.850745149493463,44.124528953259954,35.423619727774074,21.0258697159561,14.870595979907067,28.861153594224294,13.362179209129607,5.732970325568203,9.194453134440266,5.638207121060714,6.818732708412619,0.5667363967848092,9.11371954635096,12.500519837724353,0.2319484072197075,14.608690394108816
/content/drive/MyDrive/Bharatanatyam_Digital_Twin/dataset/posture_images/extracted/new_Dataset/Bramha Augmented/dr_0_1075.jpg,dr_0_1075.jpg,Bramha Augmented,9.504460814134795,6.633328210443252,16.482614848683937,14.434668668678729,2.87693584468632,10.009668890514712,10.950972063140924,9.16075791213234,6.658101930836299,15.650917270233547,10.020070359788315,8.728981185108644,0.4719400109168084,6.478879317042964,16.181149858228263,0.0738649837609899,3.181623109139637
/content/drive/MyDrive/Bharatanatyam_Digital_Twin/dataset/posture_images/extracted/new_Dataset/Bramha Augmented/dr_0_1154.jpg,dr_0_1154.jpg,Bramha Augmented,24.031522076217286,23.01024675590297,56.143399074993226,40.44723155569826,20.79155572768376,18.858367448630503,34.060138451751435,3.377075369815685,3.2319189705861504,7.140246158286004,0.8706077987387555,1.592027771949371,0.4809846320010456,14.756441258607753,23.578504060691493,0.2209025317254659,20.4699171834063
/content/drive/MyDrive/Bharatanatyam_Digital_Twin/dataset/posture_images/extracted/new_Dataset/Bramha Augmented/dr_0_1531.jpg,dr_0_1531.jpg,Bramha Augmented,8.066901080421225,10.010921106664982,27.816466326680096,25.75293734676739,4.941871254631374,1.5639697810635935,15.018811177285611,6.149802258705048,2.8657449966729818,8.63085739626577,2.0251125492594664,1.0074764197874622,0.4733457509643036,6.052352273671186,8.23065783795901,0.0495628997077091,9.87683608334684
/content/drive/MyDrive/Bharatanatyam_Digital_Twin/dataset/posture_images/extracted/new_Dataset/Bramha Augmented/dr_0_1566.jpg,dr_0_1566.jpg,Bramha Augmented,1.3422766362657441,1.556515376783139,16.414345947588664,7.967259790728012,11.005207797220194,10.371069510465274,11.439470761500536,3.007746770200577,5.751376384369406,14.077583931952791,5.637196271982856,4.638519781904133,0.5299182917235878,3.237572442762446,5.092094196381774,0.0936566329416611,4.526966498963903
/content/drive/MyDrive/Bharatanatyam_Digital_Twin/dataset/posture_images/extracted/new_Dataset/Bramha Augmented/dr_0_193.jpg,dr_0_193.jpg,Bramha Augmented,7.900549506267672,6.012567594098854,22.652388597499264,17.9282057269523,6.470434859669652,16.759975567570933,15.952751187923038,1.0210816540301892,1.1288075300801503,6.619386880787188,1.972745230934822,3.925435185901147,0.4504528156543096,6.9486484525550765,16.1341948979978,0.0946186971487444,4.617131762518683
/content/drive/MyDrive/Bharatanatyam_Digital_Twin/dataset/posture_images/extracted/new_Dataset/Bramha Augmented/dr_0_2135.jpg,dr_0_2135.jpg,Bramha Augmented,2.897785083508893,9.622154542136293,15.361358779731177,3.97369102468676,5.6404312244197605,1.4323869912400669,6.601967005019441,13.401431835231424,9.58446083134317,21.03279370921492,14.871451584927224,14.544022522533387,0.5457884092595953,8.92703038143351,17.033218820014206,0.069155289430557,9.67871703485577
/content/drive/MyDrive/Bharatanatyam_Digital_Twin/dataset/posture_images/extracted/new_Dataset/Bramha Augmented/dr_0_2243.jpg,dr_0_2243.jpg,Bramha Augmented,32.37713951683156,35.1408865632085,3.916323704196568,7.214581936548488,12.829876427718764,15.203832608489035,9.791153669238213,18.440667436112506,16.61806552499769,26.59338794636781,20.75160298305095,16.81810449111011,0.4470392511301088,11.334143115060618,26.34245221217548,0.1151082947119528,7.544868838294422
/content/drive/MyDrive/Bharatanatyam_Digital_Twin/dataset/posture_images/extracted/new_Dataset/Bramha Augmented/dr_0_2479.jpg,dr_0_2479.jpg,Bramha Augmented,31.471982633622986,37.962151651535336,7.038290350482404,6.550505765203436,7.9656331280981085,8.02722070740582,7.395412487797442,11.724456611077926,10.170009068995768,2.3809214279656885,12.211739783371494,7.401429715690168,0.4577211280315828,10.636001575065777,23.146876752417253,0.1520874428362149,8.609040529943863
/content/drive/MyDrive/Bharatanatyam_Digital_Twin/dataset/posture_images/extracted/new_Dataset/Bramha Augmented/dr_0_2889.jpg,dr_0_2889.jpg,Bramha Augmented,13.348515781214687,19.661799728382654,28.16308949620749,7.800128180473122,8.642429397474167,6.425628877265954,12.757818987855185,4.659401737609841,5.703303901927171,14.646983783372631,6.279017239483032,7.25285108188496,0.4703287995174117,9.184527936821134,19.44671425653929,0.1187794108110245,7.988090143113085
/content/drive/MyDrive/Bharatanatyam_Digital_Twin/dataset/posture_images/extracted/new_Dataset/Bramha Augmented/dr_0_3038.jpg,dr_0_3038.jpg,Bramha Augmented,12.250941458579483,55.18209851825246,39.96122209896535,8.323128008849954,0.2521690538768696,6.543231946000369,13.769937776923136,8.837158990799765,3.848799443094293,4.766230195966614,9.951495375429456,2.829327274212988,0.4982385317161165,16.361511695398338,37.04737489167295,0.0378597524609984,11.999300442061068
/content/drive/MyDrive/Bharatanatyam_Digital_Twin/dataset/posture_images/extracted/new_Dataset/Bramha Augmented/dr_0_3258.jpg,dr_0_3258.jpg,Bramha Augmented,50.100361498225155,31.28182654050366,0.3055288369655519,8.13388479295659,4.854855909441354,7.853065407091823,5.28683373661383,5.365242587687592,4.280006959845172,17.83656327786453,4.657565154446129,4.2744500166284,0.5859142603104578,15.633936184425986,35.18459088023634,0.0534610544442037,11.663756618597414
/content/drive/MyDrive/Bharatanatyam_Digital_Twin/dataset/posture_images/extracted/new_Dataset/Bramha Augmented/dr_0_3491.jpg,dr_0_3491.jpg,Bramha Augmented,28.14714468705985,38.44830744879076,18.65424170419045,13.7999429694274,2.5378794782598098,4.791875323703168,9.945984868895207,4.449295550427923,3.133352038514871,0.169233828587644,4.897958270991823,2.6839092530249657,0.543932563947695,14.98905515439948,37.43315681268636,0.0776796079475387,7.456329042564532
/content/drive/MyDrive/Bharatanatyam_Digital_Twin/dataset/posture_images/extracted/new_Dataset/Bramha Augmented/dr_0_3557.jpg,dr_0_3557.jpg,Bramha Augmented,15.588353143531506,11.10352111354819,43.522147982108464,27.18210101117823,15.67219896896902,8.54624683998259,23.730673700559574,1.1184461124363452,0.6475519399487837,9.545608819092394,0.6241727992946416,2.7006750801273283,0.481073523661231,6.968551617120028,10.05498705519165,0.0749396689610437,10.775728127207389
/content/drive/MyDrive/Bharatanatyam_Digital_Twin/dataset/posture_images/extracted/new_Dataset/Bramha Augmented/dr_0_3859.jpg,dr_0_3859.jpg,Bramha Augmented,12.270879703340377,5.266460577476707,27.19777331214098,12.740756120889952,34.4246644627845,3.5828212187648223,19.486503778645066,9.250119634325008,1.4828192087238288,11.617599222832954,2.417784471664211,0.5697264532989053,0.6364877472063366,6.842113236641019,11.96199619278224,0.0730138178760922,8.491329699264728
/content/drive/MyDrive/Bharatanatyam_Digital_Twin/dataset/posture_images/extracted/new_Dataset/Bramha Augmented/dr_0_4027.jpg,dr_0_4027.jpg,Bramha Augmented,17.044245358010087,11.490641356663197,41.889776313885406,24.9012674163893,22.529786560396257,25.553569568203155,28.71859996471853,19.152307896801545,9.919341363354476,18.94994037349844,17.80673084578984,13.755231454926813,0.5189455023857085,9.3564794614179,13.04663108143899,0.1007514956386873,14.922055807176026
/content/drive/MyDrive/Bharatanatyam_Digital_Twin/dataset/posture_images/extracted/new_Dataset/Bramha Augmented/dr_0_424.jpg,dr_0_424.jpg,Bramha Augmented,33.84908471484863,29.01388023695229,0.1228407768958,0.1086633978919115,10.412493243244567,1.1574241328261967,2.9503553877146187,3.8452326923532754,2.10125537348386,10.84776820805386,1.3534890056053386,2.056983831400737,0.5069436491929259,14.780880222886289,28.87290324425266,0.1094190210363603,15.360318403369844
/content/drive/MyDrive/Bharatanatyam_Digital_Twin/dataset/posture_images/extracted/new_Dataset/Bramha Augmented/dr_0_4278.jpg,dr_0_4278.jpg,Bramha Augmented,19.63151787413465,7.640218485657229,30.04365780494634,20.151712678432855,12.800640848420803,4.524394537885018,16.880101467421255,2.306168661599646,2.9641476827011246,12.302791507091907,4.374778473918723,3.221447198969982,0.4527457179423896,6.097415549781256,9.914890547353233,0.0864784421754059,8.290877659815132
/content/drive/MyDrive/Bharatanatyam_Digital_Twin/dataset/posture_images/extracted/new_Dataset/Bramha Augmented/dr_0_4745.jpg,dr_0_4745.jpg,Bramha Augmented,41.008321517230186,34.46885128744756,0.1060423638023341,3.8624476500585128,22.30598404106883,11.35509695802797,9.40739275323941,23.05648435365376,13.743732513052464,26.43110610306385,16.49500169345564,12.879461084831243,0.5589264951877141,14.494997701471036,32.733312373248744,0.1439355964497569,10.607745134714612
/content/drive/MyDrive/Bharatanatyam_Digital_Twin/dataset/posture_images/extracted/new_Dataset/Bramha Augmented/dr_0_4764.jpg,dr_0_4764.jpg,Bramha Augmented,13.802854809568018,31.12368762471536,21.055987093301763,19.9501103183528,0.7779540861725565,2.974269162189248,11.189580165004092,2.9047008348638483,5.429372887837814,11.62308090636304,3.874442520401391,5.844795526438061,0.4727749916140394,11.350255756238171,28.304420895004554,0.075947387912884,5.6703989857970765
/content/drive/MyDrive/Bharatanatyam_Digital_Twin/dataset/posture_images/extracted/new_Dataset/Bramha Augmented/dr_0_5144.jpg,dr_0_5144.jpg,Bramha Augmented,35.288137692663184,16.878219576086636,25.680088599710928,21.73411916896509,5.254681085981265,20.924035127577262,18.39823099555864,9.34597240016575,6.00459851908883,11.514832536482942,8.58576293220241,7.614168860880204,0.533607455199877,9.639059844613923,18.92848452445004,0.0850203625162233,9.903674646875514
/content/drive/MyDrive/Bharatanatyam_Digital_Twin/dataset/posture_images/extracted/new_Dataset/Bramha Augmented/dr_0_5207.jpg,dr_0_5207.jpg,Bramha Augmented,16.366129156623934,40.636811046630136,36.974925200928205,15.734953460708605,3.0718282452141845,3.5409812595065047,14.830672041589374,9.488600066915929,7.290598340773613,3.267258729288247,7.741984801802042,4.019157183089209,0.536894400129468,13.92852909575745,32.90989957242126,0.0709637155887912,8.804723999262302
/content/drive/MyDrive/Bharatanatyam_Digital_Twin/dataset/posture_images/extracted/new_Dataset/Bramha Augmented/dr_0_5446.jpg,dr_0_5446.jpg,Bramha Augmented,0.8825571616879202,9.479431597712974,13.572938214856004,13.573144037309955,4.4832101850892006,8.469475208310604,10.02469191139144,8.292040786496159,5.01121838538927,2.7703704867842878,10.870632508922723,1.5354012754837991,0.4834039472215704,9.199977580602308,22.747720677983267,0.0825570017089047,4.769655062114752
/content/drive/MyDrive/Bharatanatyam_Digital_Twin/dataset/posture_images/extracted/new_Dataset/Bramha Augmented/dr_0_5790.jpg,dr_0_5790.jpg,Bramha Augmented,25.98343907661757,32.284317801139025,0.0994067331197127,6.135925907183392,1.8846317570359383,2.966975504490172,2.771734975457304,11.091501390571068,8.655314172027119,1.141134773720097,11.030817085252972,7.317495744067124,0.4582596872694706,10.988313532010643,19.44545455825881,0.1229165858163599,13.396569451956768
/content/drive/MyDrive/Bharatanatyam_Digital_Twin/dataset/posture_images/extracted/new_Dataset/Bramha Augmented/dr_0_5964.jpg,dr_0_5964.jpg,Bramha Augmented,9.06890146799163,10.347274237614208,32.47443083419908,16.432286632216268,0.5088394886241886,4.792945500829834,13.552125613967345,0.7589938646410985,0.5879393951317979,8.015322503668443,0.4069715011947151,1.7271336260609318,0.5515999168516292,6.891592186680923,12.829462230673856,0.0660979396442472,7.779216389724665
/content/drive/MyDrive/Bharatanatyam_Digital_Twin/dataset/posture_images/extracted/new_Dataset/Bramha Augmented/dr_0_6411.jpg,dr_0_6411.jpg,Bramha Augmented,28.79389692097247,33.33638673595951,6.3552815482013,3.624836120601137,4.919673274677704,9.017933179114657,5.9794310306487,9.663866214820274,6.588520581725732,12.642709799218522,7.02425790786898,7.020713141861492,0.5977339648901224,10.767174534305823,22.67521413747383,0.0810835731124561,9.54522589233119
/content/drive/MyDrive/Bharatanatyam_Digital_Twin/dataset/posture_images/extracted/new_Dataset/Bramha Augmented/dr_0_6483.jpg,dr_0_6483.jpg,Bramha Augmented,14.975024971892509,14.604908537227203,24.05291092268592,24.608412750609112,3.200390520508103,5.535511023932616,14.349306304433936,7.014809390524448,7.416508877366027,3.2190866295427725,9.299473146090262,6.780861923595184,0.4562264217651559,9.46775631050077,19.049055549327694,0.0530960495358896,9.301117332638729
/content/drive/MyDrive/Bharatanatyam_Digital_Twin/dataset/posture_images/extracted/new_Dataset/Bramha Augmented/dr_0_6783.jpg,dr_0_6783.jpg,Bramha Augmented,10.193908659655385,5.152566446781776,20.81982214109781,16.976685681009933,0.6400315912676974,7.811351822317445,11.56197280892322,5.288928422290951,6.026530878083463,13.80343633198305,6.742628298016598,2.140917095445469,0.5707834848257756,7.802038758108004,19.360052882975538,0.0301532298219085,4.015910161526564
/content/drive/MyDrive/Bharatanatyam_Digital_Twin/dataset/posture_images/extracted/new_Dataset/Bramha Augmented/dr_0_6827.jpg,dr_0_6827.jpg,Bramha Augmented,24.537320746227294,21.79308185743747,3.856888332242545,0.2506760708422592,12.894385046138623,7.766945937419951,6.192223846660845,17.92368174656363,14.471719961689388,21.763766666905724,21.28413204984938,17.44763452526983,0.4922083036168381,9.076132562245917,15.9685413151643,0.0296600685550721,11.23019630301838
/content/drive/MyDrive/Bharatanatyam_Digital_Twin/dataset/posture_images/extracted/new_Dataset/Bramha Augmented/dr_0_6874.jpg,dr_0_6874.jpg,Bramha Augmented,8.103306613846058,15.8898900145835,1.1502132954455435,15.68759597903864,3.543762524622742,40.41432695357211,15.19897468816976,17.35128129966742,14.562772349721117,11.288135069986367,16.927915255429756,11.316906615163148,0.552562911699686,9.164356716593009,14.49114802724194,0.0281038743071215,12.973818248229962
/content/drive/MyDrive/Bharatanatyam_Digital_Twin/dataset/posture_images/extracted/new_Dataset/Bramha Augmented/dr_0_7006.jpg,dr_0_7006.jpg,Bramha Augmented,34.891512097366714,30.88655932080637,0.7268595529685262,5.170991985744862,16.68109476368451,2.7362776472142887,6.328805987403047,14.502004171845584,9.501868712653362,19.07078095944766,11.112585408410746,8.639202264272738,0.5666144278714688,12.38306110765653,25.335078160134056,0.0814156587793473,11.73268950405619
/content/drive/MyDrive/Bharatanatyam_Digital_Twin/dataset/posture_images/extracted/new_Dataset/Bramha Augmented/dr_0_7220.jpg,dr_0_7220.jpg,Bramha Augmented,36.29986415167042,33.13986695248593,4.342869505041605,13.71364847344554,21.023985431914124,11.59461896179956,12.668780593050208,22.64952792343644,15.798536775636393,23.281015086970427,15.720333017118175,14.477793825461044,0.5640097628770883,11.504467231672416,28.403733709114466,0.0635481774869332,6.046119808415854
/content/drive/MyDrive/Bharatanatyam_Digital_Twin/dataset/posture_images/extracted/new_Dataset/Bramha Augmented/dr_0_7433.jpg,dr_0_7433.jpg,Bramha Augmented,11.44205495255541,13.202460116740028,27.218920484351887,5.262595186633956,3.355553839254119,9.6270686878194,11.36603454951484,12.609126523853291,8.243155393754714,19.19720138006396,10.689491546456493,6.145372128235165,0.5462103561821782,8.280380955796469,17.803395720835823,0.0712818871935436,6.966465259360044
/content/drive/MyDrive/Bharatanatyam_Digital_Twin/dataset/posture_images/extracted/new_Dataset/Bramha Augmented/dr_0_7655.jpg,dr_0_7655.jpg,Bramha Augmented,17.245525352156776,15.055617846735734,27.72848392496722,29.3038471040392,0.9654184342814882,7.8963641879497874,16.473528412809422,10.754646294866433,5.284112301809444,14.51187214003926,10.014752035288932,8.216807995787725,0.47836261219441,10.521420292982045,19.408531801916247,0.1205828548422477,12.035146222187644
/content/drive/MyDrive/Bharatanatyam_Digital_Twin/dataset/posture_images/extracted/new_Dataset/Bramha Augmented/dr_0_7665.jpg,dr_0_7665.jpg,Bramha Augmented,6.002669207090719,8.744939461240946,25.60219722734129,10.841054895893777,48.43451631397771,12.109373829778267,24.24678556674776,14.678020674481644,14.286708792502054,21.832540551160665,12.83087649254644,8.070854955130514,0.6237329237235776,7.75660273506224,14.11156121297057,0.0779810821188,9.08026591009735
/content/drive/MyDrive/Bharatanatyam_Digital_Twin/dataset/posture_images/extracted/new_Dataset/Bramha Augmented/dr_0_7766.jpg,dr_0_7766.jpg,Bramha Augmented,25.35954892209749,35.0072017329373,18.97081051516676,45.295199025489616,7.55725593807367,10.401482744467994,20.55618705579951,0.962224087801274,0.4412336827189901,0.987605392169737,0.3062917278999872,3.935758994772252,0.5451112346073583,13.243583253933975,31.315588202283934,0.2722424584319116,8.142919101086084
/content/drive/MyDrive/Bharatanatyam_Digital_Twin/dataset/posture_images/extracted/new_Dataset/Bramha Augmented/dr_0_7906.jpg,dr_0_7906.jpg,Bramha Augmented,10.024687503294622,18.94102806028266,11.316043397152798,15.398836371743949,2.3572399357845546,1.3440348471227943,7.604038637951024,7.610543425709011,8.261463369563955,4.913892001849717,8.165209775754347,6.8609691911474044,0.482658887670843,6.074842527025844,9.938318441177923,0.0586746103234592,8.22753452957615
/content/drive/MyDrive/Bharatanatyam_Digital_Twin/dataset/posture_images/extracted/new_Dataset/Bramha Augmented/dr_0_7971.jpg,dr_0_7971.jpg,Bramha Augmented,8.609416615254858,19.09708204368873,0.2031682568543796,19.954284473678648,6.966782878789984,11.92384218762875,9.762019449237942,10.41890201900958,11.316654099108057,19.34294794676629,11.024221196397365,4.759915098291304,0.5477727293940664,9.345774968685284,19.434627939515043,0.0796914561962834,8.52300551034453
/content/drive/MyDrive/Bharatanatyam_Digital_Twin/dataset/posture_images/extracted/new_Dataset/Bramha Augmented/dr_0_8099.jpg,dr_0_8099.jpg,Bramha Augmented,5.2162059457704615,9.960252350015908,21.184928324047785,16.344312624965358,11.333166000922075,3.225342346789533,13.021937324181188,19.386091535122773,13.89624174272359,21.73454932222498,22.883172556774245,18.479907990083653,0.4963010488071124,6.080721389418573,15.154640990614658,0.0517400366016904,3.035783141039369
/content/drive/MyDrive/Bharatanatyam_Digital_Twin/dataset/posture_images/extracted/new_Dataset/Bramha Augmented/dr_0_8287.jpg,dr_0_8287.jpg,Bramha Augmented,34.87072808480788,37.134504889383166,4.93616235629836,3.326823199699628,46.95380452830349,36.49444212419412,22.9278080521239,0.9236070224792712,1.8606590339900348,9.11405982889364,0.4263849883726974,0.923884272899436,0.5651696060890928,14.823428540034824,27.668653465584185,0.0948811050064832,16.706751049513805
/content/drive/MyDrive/Bharatanatyam_Digital_Twin/dataset/posture_images/extracted/new_Dataset/Bramha Augmented/dr_0_8324.jpg,dr_0_8324.jpg,Bramha Augmented,4.490693328234059,10.550804539286595,7.199211930944108,3.340748897999904,3.798949505620465,11.61185276196103,6.4876907741313765,6.93531941559569,6.163535544134889,13.71783928834836,7.654294503762743,9.55790145010547,0.4689206028954059,9.94639789011478,19.83853952998569,0.0912474634433453,9.909406676915294
/content/drive/MyDrive/Bharatanatyam_Digital_Twin/dataset/posture_images/extracted/new_Dataset/Bramha Augmented/dr_0_8459.jpg,dr_0_8459.jpg,Bramha Augmented,6.8176902012752905,10.531627393846506,6.577132873588369,10.034578373490852,8.769318207793395,8.84613373445304,8.556790797331415,7.22383212948593,5.491963766253361,1.144337776588073,6.986901997317809,5.316071692790397,0.5440099105430479,4.445102204226379,5.8021377661353775,0.0729576589087382,7.460211187635023
/content/drive/MyDrive/Bharatanatyam_Digital_Twin/dataset/posture_images/extracted/new_Dataset/Bramha Augmented/dr_0_8988.jpg,dr_0_8988.jpg,Bramha Augmented,10.296151370252979,48.55137448550499,22.090165426753146,3.369814936882566,6.430537046022208,8.121029515624175,10.002886731320524,3.363135832098408,7.058104335021994,4.3112846017243385,4.731964264946361,5.021706516406738,0.4838473031470878,13.168352971611398,33.44550986312562,0.0819439759061864,5.977605075802389
/content/drive/MyDrive/Bharatanatyam_Digital_Twin/dataset/posture_images/extracted/new_Dataset/Bramha Augmented/dr_0_9035.jpg,dr_0_9035.jpg,Bramha Augmented,12.592250327480855,17.364166748326518,35.67415906633674,34.348702415282524,25.727534987102,13.603884189174725,27.338570164474,12.147713936843845,9.1833351538545,4.19104203929362,9.173123807814372,4.585499362854629,0.4714136178883129,8.802424402555872,12.479146684239252,0.1410395106518072,13.787087012776556
/content/drive/MyDrive/Bharatanatyam_Digital_Twin/dataset/posture_images/extracted/new_Dataset/Bramha Augmented/dr_0_908.jpg,dr_0_908.jpg,Bramha Augmented,5.018187812936795,12.746375822116256,22.99313509323916,27.24654183052876,20.17933414553614,18.646977618992327,22.266497172074097,7.0502123765248825,5.360733982396141,8.779995915961024,4.173748011263312,2.81076561991952,0.4919367530493383,6.207234033204412,12.029542506624942,0.0679658635363449,6.524193729451951
/content/drive/MyDrive/Bharatanatyam_Digital_Twin/dataset/posture_images/extracted/new_Dataset/Bramha Augmented/dr_0_9083.jpg,dr_0_9083.jpg,Bramha Augmented,34.00185636088529,16.128929456050628,77.33999586639545,33.30289334638306,21.58884282695295,4.875598468881181,34.27683262715316,10.552581803051057,0.1849340724638624,9.783985243668104,1.748360407582711,9.149186067345983,0.5559736786890038,16.047740592973064,24.263675055685148,0.076114180519367,23.803432542714678
/content/drive/MyDrive/Bharatanatyam_Digital_Twin/dataset/posture_images/extracted/new_Dataset/Bramha Augmented/dr_0_9541.jpg,dr_0_9541.jpg,Bramha Augmented,20.97532183698895,29.08045695296001,10.936276206109644,2.215646220864303,7.78212508350367,6.160473832170729,6.773630335662086,12.455494697266971,10.64716575551654,18.759966450099512,14.962784843011898,13.429491646446287,0.511562434423892,8.432611839302032,15.71131209460956,0.0751921012728171,9.511331322023716
/content/drive/MyDrive/Bharatanatyam_Digital_Twin/dataset/posture_images/extracted/new_Dataset/Bramha Augmented/dr_0_9662.jpg,dr_0_9662.jpg,Bramha Augmented,10.677283567535028,7.271558476278493,20.18390918511722,19.079584572346413,17.937730344655154,24.84304743910296,20.51106788530544,8.16852988713677,9.381269300070583,20.069485967228477,10.848636168611694,7.453473775496346,0.5108474573220441,5.941730596013361,10.914477134046347,0.015010240648848,6.895704413344886
/content/drive/MyDrive/Bharatanatyam_Digital_Twin/dataset/posture_images/extracted/new_Dataset/Bramha Augmented/dr_0_971.jpg,dr_0_971.jpg,Bramha Augmented,15.8126739894225,13.624685610474588,15.600449453353871,17.678863580815975,21.697981830674028,13.717772250098426,17.173766778735576,15.98824168552494,11.55141202881785,22.887875759827864,11.954213758770692,8.207677165800796,0.4995682541607513,6.364596406486267,14.018321889986543,0.0494042618573564,5.026063067614898
/content/drive/MyDrive/Bharatanatyam_Digital_Twin/dataset/posture_images/extracted/new_Dataset/Bramha Augmented/dr_0_9889.jpg,dr_0_9889.jpg,Bramha Augmented,30.95387596948321,31.354246261574787,11.033075456293762,14.859966392155924,15.838018630019208,29.735460453527285,17.866630232999043,12.583181298699628,13.929897086046395,20.055635575421263,17.511550947566377,14.636952655779671,0.5068775243430418,9.455984986952885,21.362564119484304,0.109273418592304,6.896117422782039
/content/drive/MyDrive/Bharatanatyam_Digital_Twin/dataset/posture_images/extracted/new_Dataset/Bramha Augmented/dr_0_9940.jpg,dr_0_9940.jpg,Bramha Augmented,2.2540542606817553,16.389371978172264,16.262490760667706,9.883304096818993,2.3442131010109986,10.52303974393245,9.753261925607536,0.7746676304262914,0.7235568252601362,4.416215380768388,1.851164945432073,1.513607150997706,0.4841159856339386,9.545038458534146,22.824993096907995,0.0939105809511086,5.716211697743335
/content/drive/MyDrive/Bharatanatyam_Digital_Twin/dataset/posture_images/extracted/new_Dataset/Bramha Augmented/dr_1_1081.jpg,dr_1_1081.jpg,Bramha Augmented,18.272101826615362,8.607358226398603,30.29904114164305,21.30008091766344,5.047937759076596,3.754265077666598,15.10033122401242,9.593921550912476,8.254057390907871,26.67428370352141,11.326129986285313,2.333766585967693,0.4118127949582381,6.465860486615732,11.45128707539123,0.0762657467003267,7.870028637755638
/content/drive/MyDrive/Bharatanatyam_Digital_Twin/dataset/posture_images/extracted/new_Dataset/Bramha Augmented/dr_1_1192.jpg,dr_1_1192.jpg,Bramha Augmented,40.13492986376812,42.08957578069669,83.79121414798581,15.99821499576028,5.134775987605605,3.258351565908341,27.04563917431501,5.628130291402575,6.837901451402437,22.816637184742056,8.73164317805022,30.465375626177533,0.4176888372333346,14.69105603952564,28.641124728104053,0.1344318501013573,15.297611540371504
/content/drive/MyDrive/Bharatanatyam_Digital_Twin/dataset/posture_images/extracted/new_Dataset/Bramha Augmented/dr_1_123.jpg,dr_1_123.jpg,Bramha Augmented,44.825502210199836,13.129329795680917,50.96818865554228,25.34645686837978,31.28043394892884,4.168415742585344,27.94087380385906,7.61336778637976,6.734661239934785,37.04803835915054,6.580277132322231,12.89049525502127,0.4400988893146747,12.703192023387672,27.90844597892685,0.1045791151109507,10.096550976125217
/content/drive/MyDrive/Bharatanatyam_Digital_Twin/dataset/posture_images/extracted/new_Dataset/Bramha Augmented/dr_1_1394.jpg,dr_1_1394.jpg,Bramha Augmented,2.831520740712378,20.727197294864496,10.36895291010052,10.867756588551506,66.65211131143943,28.380292349749027,29.06727828996012,14.644011821981875,8.697469779990968,28.15321704533264,9.800367926344803,7.310317999035792,0.3748471902889438,11.493716291218256,23.338795605096852,0.1406562587538957,11.001697009804014
/content/drive/MyDrive/Bharatanatyam_Digital_Twin/dataset/posture_images/extracted/new_Dataset/Bramha Augmented/dr_1_1509.jpg,dr_1_1509.jpg,Bramha Augmented,36.14236620209281,10.243340808265387,34.83394465734682,25.990921720243897,6.699272836480461,8.787406080778048,19.077886323712303,8.13440865124079,7.142167036485915,31.878936104060244,7.070643022406102,1.603310448279113,0.3954469681121335,6.908628264000345,14.454090811133204,0.0543522417186077,6.2174417391492245
/content/drive/MyDrive/Bharatanatyam_Digital_Twin/dataset/posture_images/extracted/new_Dataset/Bramha Augmented/dr_1_238.jpg,dr_1_238.jpg,Bramha Augmented,10.977321865330296,2.366881008720398,13.880953817640677,5.720691606730304,10.861473783533514,0.8976014997083448,7.84018017690321,8.331630329388389,7.914047324818341,7.431502974009675,7.715523960610867,8.591664944620733,0.4322080647836263,7.648201091215623,12.838989785800386,0.1459429473164829,9.95967054053
/content/drive/MyDrive/Bharatanatyam_Digital_Twin/dataset/posture_images/extracted/new_Dataset/Bramha Augmented/dr_1_2636.jpg,dr_1_2636.jpg,Bramha Augmented,25.554536865225902,23.00473442856095,6.477245029564721,13.3093990009198,35.805366068776955,25.632548379842536,20.306139619776005,0.6403416283645811,6.345079761795915,12.689716235934924,3.4184975993499487,3.1685677148451123,0.4479513700149904,10.89807749699446,24.12927982431162,0.113580775379946,8.451371891291815
/content/drive/MyDrive/Bharatanatyam_Digital_Twin/dataset/posture_images/extracted/new_Dataset/Bramha Augmented/dr_1_2650.jpg,dr_1_2650.jpg,Bramha Augmented,16.953222002368797,20.013690411975247,13.426849867097346,13.30528282020354,42.63924706459828,11.138928846915803,20.127577149703743,13.334479360043389,13.065604237080692,23.810199076923425,12.177535023865165,2.8670595685849443,0.4602945806181506,11.401462667712655,28.33814308996668,0.0688388449919125,5.79740606817937
/content/drive/MyDrive/Bharatanatyam_Digital_Twin/dataset/posture_images/extracted/new_Dataset/Bramha Augmented/dr_1_2691.jpg,dr_1_2691.jpg,Bramha Augmented,36.21356682062509,16.74939671464169,18.55481604180525,3.3219209794758813,1.124336242537094,4.690803153885641,6.922969104425967,20.96964941306204,16.1006113383996,25.53020331090329,17.46724159396685,12.61933096996184,0.3831762861323288,10.189886610962205,20.532316671451877,0.1278616951118493,9.909481466322886
/content/drive/MyDrive/Bharatanatyam_Digital_Twin/dataset/posture_images/extracted/new_Dataset/Bramha Augmented/dr_1_2745.jpg,dr_1_2745.jpg,Bramha Augmented,29.70402326139005,9.971578154543103,47.52528991106006,25.42359114777089,14.76061499363715,23.40390415843048,27.778350052724647,18.306133181223792,21.65016593374958,0.628888346996904,22.057614494218733,25.417674468653107,0.4009136213685457,10.081215333662929,18.305663525499558,0.1316457521061989,11.806336723383032
/content/drive/MyDrive/Bharatanatyam_Digital_Twin/dataset/posture_images/extracted/new_Dataset/Bramha Augmented/dr_1_2959.jpg,dr_1_2959.jpg,Bramha Augmented,23.345245485163808,16.166943483908142,29.04113815777111,28.94241613412208,17.85986923453739,28.223267788550977,26.016672828745392,6.9211902128296,4.786349200991481,32.78282023943291,6.260382791876586,5.007762887507347,0.43033724810432,7.695028149238047,14.57892312002306,0.0342185816628623,8.471942746028217
/content/drive/MyDrive/Bharatanatyam_Digital_Twin/dataset/posture_images/extracted/new_Dataset/Bramha Augmented/dr_1_3098.jpg,dr_1_3098.jpg,Bramha Augmented,16.553690869478515,9.08669688805368,30.885784825959423,19.409612834858542,42.55153214168261,7.602480729289309,25.11235263294747,6.644134951656288,7.716935991791182,32.80110063884237,6.280753594334431,5.952902771459083,0.3942821205563804,9.03826839963842,19.06428603326705,0.105441885933478,7.945077279714733
/content/drive/MyDrive/Bharatanatyam_Digital_Twin/dataset/posture_images/extracted/new_Dataset/Bramha Augmented/dr_1_317.jpg,dr_1_317.jpg,Bramha Augmented,22.212637310816426,29.72890758415058,17.53199405604374,7.155811593206304,1.6389384304737815,13.30865038048509,9.908848615052229,10.701394177054569,6.218540052893669,22.224831161174134,15.497383850236792,9.214246604449585,0.3862895045251481,11.780150682469865,26.594631177815764,0.1435420889612513,8.60227878063258
/content/drive/MyDrive/Bharatanatyam_Digital_Twin/dataset/posture_images/extracted/new_Dataset/Bramha Augmented/dr_1_335.jpg,dr_1_335.jpg,Bramha Augmented,22.682450959550714,4.337987810570468,23.791725741054588,15.15055911081515,2.6570200416132703,16.845571418386225,14.61121907796731,2.0524708660056983,6.423593438277707,21.99528379816714,1.658654967388564,3.067436194668168,0.5028802313019229,5.9107197723351375,11.883652376895387,0.2449780602860549,5.603528879823967
/content/drive/MyDrive/Bharatanatyam_Digital_Twin/dataset/posture_images/extracted/new_Dataset/Bramha Augmented/dr_1_3421.jpg,dr_1_3421.jpg,Bramha Augmented,28.087295786090486,21.762059810511165,1.1709068200340558,7.181576471651694,11.90303853746889,15.23558167532551,8.872775876120038,8.776175307666392,12.695178016389605,11.385215408217933,12.439788828347943,21.013884575847023,0.3667256174760072,8.779662038144608,16.404515799433735,0.0244263859887654,9.910043929011325
/content/drive/MyDrive/Bharatanatyam_Digital_Twin/dataset/posture_images/extracted/new_Dataset/Bramha Augmented/dr_1_3459.jpg,dr_1_3459.jpg,Bramha Augmented,32.524446386002225,19.796810174196366,22.00994169613508,22.429809314866368,48.30219249224498,38.25691661457802,32.74971502945611,2.405129331755315,3.245866112548229,8.527316922522923,0.0454343135463609,1.0760003707362429,0.3998806998102404,12.529142800020614,21.55540474150708,0.1250999003031656,15.9069237582516
/content/drive/MyDrive/Bharatanatyam_Digital_Twin/dataset/posture_images/extracted/new_Dataset/Bramha Augmented/dr_1_3480.jpg,dr_1_3480.jpg,Bramha Augmented,31.819470752980656,29.022075043184138,54.02373627261642,1.4401175240720945,9.89182527318117,15.122261939825416,20.11948525242377,1.994851417066428,1.2133198998494947,25.830790956589222,4.251497771713152,39.33822630711696,0.4519077605570362,10.74611764707358,20.117471900909347,0.2601254629575575,11.86075557735384
/content/drive/MyDrive/Bharatanatyam_Digital_Twin/dataset/posture_images/extracted/new_Dataset/Bramha Augmented/dr_1_3516.jpg,dr_1_3516.jpg,Bramha Augmented,28.732050410528288,21.358456692744028,16.614218297875848,18.92685784057693,0.2728328764472309,8.92938981990897,11.185824708702246,1.8097347104437995,0.5635113055051175,12.247896952153363,0.4645413167898922,0.734691245700468,0.3704371874297631,8.012630554223238,18.08898719545293,0.0427963683662509,5.906108098850536
/content/drive/MyDrive/Bharatanatyam_Digital_Twin/dataset/posture_images/extracted/new_Dataset/Bramha Augmented/dr_1_3753.jpg,dr_1_3753.jpg,Bramha Augmented,12.368659300111943,22.489504808784247,6.521606484656201,15.490936627802284,9.759918879573554,19.759980761587137,12.883110688404797,14.06523411237747,9.201922018037058,20.123701989287323,10.331084903837844,3.6898727723969698,0.4544559704345062,8.489607433366503,16.87664452457078,0.0418073959982406,8.55037037953049
/content/drive/MyDrive/Bharatanatyam_Digital_Twin/dataset/posture_images/extracted/new_Dataset/Bramha Augmented/dr_1_4059.jpg,dr_1_4059.jpg,Bramha Augmented,43.03109313275604,9.96270094131954,7.87609231389807,23.224267967655774,16.90965726161489,6.707798932887897,13.679454119014157,13.20571564493926,14.38296659050455,30.291924864252213,12.300791101300874,11.554593616002675,0.4504389240628138,12.052677250652286,27.448729773363223,0.3405233069863298,8.3687786716073
/content/drive/MyDrive/Bharatanatyam_Digital_Twin/dataset/posture_images/extracted/new_Dataset/Bramha Augmented/dr_1_4885.jpg,dr_1_4885.jpg,Bramha Augmented,5.4290252959684295,6.346070717881943,19.954341145446623,4.404202692563392,51.46941120023887,19.03413415062269,23.71552229721789,12.74979650212029,7.212509672579927,31.04005410552793,8.166707123596826,9.208968391410398,0.4025357919755083,8.193845451012535,16.14752607152327,0.0634552683041208,8.370555013210215
/content/drive/MyDrive/Bharatanatyam_Digital_Twin/dataset/posture_images/extracted/new_Dataset/Bramha Augmented/dr_1_4902.jpg,dr_1_4902.jpg,Bramha Augmented,42.075937979824594,31.912144639006364,3.815233877875695,3.8026314039963,0.1012012020079897,1.611532203546881,2.3326496718567165,12.26647281081128,10.392716179684982,22.544281047919757,10.09162034307163,1.4659029386749671,0.3178896462437597,13.071050664141596,24.047251084759225,0.0811384649692639,15.084762442696295
/content/drive/MyDrive/Bharatanatyam_Digital_Twin/dataset/posture_images/extracted/new_Dataset/Bramha Augmented/dr_1_5429.jpg,dr_1_5429.jpg,Bramha Augmented,52.55658803724313,24.550004819116168,5.539048866143356,3.0865660655190665,4.151508191352625,50.02799001427666,15.701278284322926,20.97095899260355,13.124333603958709,24.965637280279097,13.261054633232282,7.271660920841709,0.4383719884777461,17.298238050047356,36.53813865736287,0.067823575110385,15.288751917668812
/content/drive/MyDrive/Bharatanatyam_Digital_Twin/dataset/posture_images/extracted/new_Dataset/Bramha Augmented/dr_1_562.jpg,dr_1_562.jpg,Bramha Augmented,40.09081799052703,25.541992443359263,21.279295626632933,2.321994326678448,23.76978771444874,24.88408547426876,18.06379078550722,9.102828984789795,11.941177054023228,12.882873998858628,11.146696530683116,29.2020097611722,0.3442832322896893,11.087792709065058,22.316809981902374,0.0503160903422839,10.896252054950516
/content/drive/MyDrive/Bharatanatyam_Digital_Twin/dataset/posture_images/extracted/new_Dataset/Bramha Augmented/dr_1_5843.jpg,dr_1_5843.jpg,Bramha Augmented,21.37731329642174,11.206266631487054,38.62626057467221,26.38568184049033,30.21676734095164,13.607417031966463,27.20903169702016,1.812561832386848,0.7851148912880035,28.43963790945179,0.6149053293180933,8.957403017624433,0.3632165450872899,8.555435335295568,16.787705988753395,0.106159715694776,8.77244030143853
/content/drive/MyDrive/Bharatanatyam_Digital_Twin/dataset/posture_images/extracted/new_Dataset/Bramha Augmented/dr_1_5961.jpg,dr_1_5961.jpg,Bramha Augmented,23.282394128681048,14.920808981080086,33.52973376065084,30.86292791327877,25.426587990467,17.343912728379262,26.79079059819397,11.395214787438164,5.126971159360011,32.12413262406136,7.816378889120319,3.861092165016369,0.3744467289978015,8.72694402864205,17.329203232566357,0.0392772529243838,8.812351600435408
/content/drive/MyDrive/Bharatanatyam_Digital_Twin/dataset/posture_images/extracted/new_Dataset/Bramha Augmented/dr_1_628.jpg,dr_1_628.jpg,Bramha Augmented,48.1835385984442,59.86619089478792,10.995314159815376,26.651518985955512,1.9414364338137071,5.922189277047637,11.377614714158057,6.036301527436549,5.969255688021477,22.941223570704143,10.707764398914678,2.514280538775815,0.355072330565982,17.315643093557174,43.7633550621969,0.1577553972036864,8.025818821270937
/content/drive/MyDrive/Bharatanatyam_Digital_Twin/dataset/posture_images/extracted/new_Dataset/Bramha Augmented/dr_1_6739.jpg,dr_1_6739.jpg,Bramha Augmented,9.033311585065178,10.379148118059092,0.5135691315602385,5.453040013501428,63.8176310546787,0.742499538973495,17.63168493467846,10.1164284716387,6.685077223494775,28.612524007126066,6.738429546878924,5.835550095883063,0.4174286738829952,13.192859203433985,22.042982827242756,0.0248452985968318,17.51074948446236
/content/drive/MyDrive/Bharatanatyam_Digital_Twin/dataset/posture_images/extracted/new_Dataset/Bramha Augmented/dr_1_6783.jpg,dr_1_6783.jpg,Bramha Augmented,37.94105924906255,10.222314923955267,22.525401241064547,23.01736119015621,72.37304912892255,68.38641541081573,46.57555674273976,26.41940717362678,11.005193399983511,19.733835700914284,17.090104422459635,13.481592126481686,0.3734903023248131,16.96129526741461,24.6321271353732,0.3551285590510337,25.89663010781959
/content/drive/MyDrive/Bharatanatyam_Digital_Twin/dataset/posture_images/extracted/new_Dataset/Bramha Augmented/dr_1_6894.jpg,dr_1_6894.jpg,Bramha Augmented,11.4435100756615,12.209495664440198,4.37322343063424,5.580296466560327,61.13546958556743,27.02898940489194,24.529494721913483,1.809423168971108,1.101687939218266,26.792022374950506,0.699420832100878,6.459014417252238,0.4706461916178594,11.44909222047528,20.05461787758248,0.1115540910047874,14.181104692838572
/content/drive/MyDrive/Bharatanatyam_Digital_Twin/dataset/posture_images/extracted/new_Dataset/Bramha Augmented/dr_1_7439.jpg,dr_1_7439.jpg,Bramha Augmented,28.14831802438276,11.86509927756478,25.691602517628425,16.63795741353404,10.533118887657588,7.522810971555314,15.096372447593842,21.394191858243687,18.91136433761261,25.11917990302149,21.64440063253816,15.85760817254215,0.4110206463609164,6.491756833666037,12.983060484816416,0.1452645556697354,6.346945460511959
/content/drive/MyDrive/Bharatanatyam_Digital_Twin/dataset/posture_images/extracted/new_Dataset/Bramha Augmented/dr_1_7813.jpg,dr_1_7813.jpg,Bramha Augmented,21.713740472906636,21.611509111295405,21.82568539939109,20.494073337197328,52.55199493342701,15.851380931108014,27.68078365028086,11.66946062001466,8.363742465906114,15.2971356726122,7.651925920774518,7.258216010670451,0.354090024570148,10.924504259086527,25.02559361368696,0.1394020333096812,7.608517130262941
/content/drive/MyDrive/Bharatanatyam_Digital_Twin/dataset/posture_images/extracted/new_Dataset/Bramha Augmented/dr_1_7857.jpg,dr_1_7857.jpg,Bramha Augmented,20.23333743979996,21.583649901048446,12.299594010470177,28.718323446273537,6.069999940572942,4.746731879236521,12.958662319138297,11.192648571322664,14.56592597874122,3.593960982827219,15.034203178794474,24.09298053069517,0.4079102116632238,8.830953239857136,17.32288453371144,0.1568621635412914,9.013113022318676
/content/drive/MyDrive/Bharatanatyam_Digital_Twin/dataset/posture_images/extracted/new_Dataset/Bramha Augmented/dr_1_7952.jpg,dr_1_7952.jpg,Bramha Augmented,15.817075221347352,26.63454063301085,13.04093731800094,30.812512229732903,15.161124748429511,23.815879026409775,20.707613330643284,1.050593510732284,4.899236927475869,8.422955572248839,3.248767592000745,3.6244413628879086,0.4326782066426433,8.8182386751133,14.998647579790076,0.0637655857162152,11.392302859833606
/content/drive/MyDrive/Bharatanatyam_Digital_Twin/dataset/posture_images/extracted/new_Dataset/Bramha Augmented/dr_1_8084.jpg,dr_1_8084.jpg,Bramha Augmented,26.24770604483183,17.929571884340504,9.529291197880958,20.09304968850791,5.167679502594324,4.899812165433415,9.922458138604153,6.69866739597418,5.68122428913922,22.41078031007215,3.8665549615132897,10.052443907295736,0.3615363622339671,7.502966235969907,14.450130424738129,0.0940852953093313,7.964682987862263
/content/drive/MyDrive/Bharatanatyam_Digital_Twin/dataset/posture_images/extracted/new_Dataset/Bramha Augmented/dr_1_811.jpg,dr_1_811.jpg,Bramha Augmented,21.75346203247682,13.119465517335513,39.44906148125296,31.542124329697074,17.13905429195293,20.34741519872401,27.119413825406745,7.186185029933815,3.0305116684944,30.76328986005768,4.81089817208648,10.299894691460905,0.4605675606111187,7.55250342932996,12.433113002221596,0.0497957272839826,10.174601558484303
/content/drive/MyDrive/Bharatanatyam_Digital_Twin/dataset/posture_images/extracted/new_Dataset/Bramha Augmented/dr_1_8548.jpg,dr_1_8548.jpg,Bramha Augmented,26.392662569708556,21.322736600059834,0.4240097646401232,16.439964764906247,12.516099008072926,4.065321049743777,8.361348646840769,7.218052718725517,10.396874934172756,8.086995996156332,10.61943178496904,29.12143736738572,0.4219384422610117,7.865297285631872,14.276882284811077,0.1612850416156435,9.157724530468895
/content/drive/MyDrive/Bharatanatyam_Digital_Twin/dataset/posture_images/extracted/new_Dataset/Bramha Augmented/dr_1_8718.jpg,dr_1_8718.jpg,Bramha Augmented,35.25492372328527,15.391394473615861,2.6173839482983543,12.069724537595247,36.71324788769707,5.5324192584669145,14.233193908014398,6.866903424457324,3.1044522969877866,12.74423226849978,4.602212880716732,5.5418409200306655,0.4096006575149449,12.151953631663972,27.642514032292187,0.1759910236207333,8.637355839078998
/content/drive/MyDrive/Bharatanatyam_Digital_Twin/dataset/posture_images/extracted/new_Dataset/Bramha Augmented/dr_1_8743.jpg,dr_1_8743.jpg,Bramha Augmented,30.101060040573056,15.612227071731768,68.08501184273854,26.549072520210032,52.17757220748324,38.9947031468845,46.451589929329074,6.876399079823983,7.75971375142538,18.139706645520675,8.671284981410183,14.690927945712176,0.341352865580828,16.190591230366383,31.13277487664018,0.1252839588589595,17.31371485560001
/content/drive/MyDrive/Bharatanatyam_Digital_Twin/dataset/posture_images/extracted/new_Dataset/Bramha Augmented/dr_1_8764.jpg,dr_1_8764.jpg,Bramha Augmented,26.76768273731023,14.372866893183705,25.60220140166859,3.998561691447536,11.38208925074893,19.205076352082752,15.046982173986953,6.482865651976965,8.73579128855954,15.878316480994442,9.68889774348922,10.982313745220836,0.4281358310358589,7.619336227656904,15.764010360200984,0.1240833264464777,6.969914996323249
/content/drive/MyDrive/Bharatanatyam_Digital_Twin/dataset/posture_images/extracted/new_Dataset/Bramha Augmented/dr_1_8917.jpg,dr_1_8917.jpg,Bramha Augmented,33.76176891858021,24.304148066947104,99.70853094074,44.42490262627417,10.299606217369629,29.40649847582324,45.95988456505176,18.626446789642927,22.663091011166223,3.349734508293171,21.519715121424984,38.54591681558514,0.4060413502803489,16.386629344460406,21.29973562791891,0.0416582734858196,27.81849413197649
/content/drive/MyDrive/Bharatanatyam_Digital_Twin/dataset/posture_images/extracted/new_Dataset/Bramha Augmented/dr_1_8982.jpg,dr_1_8982.jpg,Bramha Augmented,19.570977401565003,1.9742460723975626,44.204858499670685,11.976823643561213,6.230560367188154,3.555194933216815,16.491859360909217,10.83868388145953,11.93623560211944,12.239405808256834,13.15618399866676,13.268258630899185,0.4566943159470136,7.316394678170148,11.640027299214472,0.1265206406911072,10.182636094604865
/content/drive/MyDrive/Bharatanatyam_Digital_Twin/dataset/posture_images/extracted/new_Dataset/Bramha Augmented/dr_1_9003.jpg,dr_1_9003.jpg,Bramha Augmented,38.2912782259277,36.92614878557813,32.99616963608051,22.86879744306196,1.106027469837113,4.9559422602983725,15.481734202319489,7.280172141225506,5.461640111596893,26.12741368228004,8.227018862007947,7.13519531690728,0.3350271984539306,11.11948467430481,28.25835768828913,0.1198606143039589,4.98023572032134
/content/drive/MyDrive/Bharatanatyam_Digital_Twin/dataset/posture_images/extracted/new_Dataset/Bramha Augmented/dr_1_9094.jpg,dr_1_9094.jpg,Bramha Augmented,51.33125728803249,41.893514434127006,69.94896921457179,24.044882112889088,2.4687760475655383,8.79520017414121,26.314456887291907,0.4104118329036014,4.071175230461653,22.80468873711577,1.7464664397953242,16.675628521896947,0.3817763547232696,14.644233588677308,35.898465316423895,0.0511045453726975,7.983130904235329
/content/drive/MyDrive/Bharatanatyam_Digital_Twin/dataset/posture_images/extracted/new_Dataset/Bramha Augmented/dr_1_9110.jpg,dr_1_9110.jpg,Bramha Augmented,11.626975347260718,20.835614711768613,4.62739821207951,19.84889196795392,9.653481763284384,18.16833204802264,13.074525997835114,7.702450716448258,0.3055507501726494,15.051141586305205,4.412426197567057,3.5590166283597915,0.4648596203547206,7.5343298652154,12.985989383520764,0.0332462057088165,9.583754006416616
/content/drive/MyDrive/Bharatanatyam_Digital_Twin/dataset/posture_images/extracted/new_Dataset/Bramha Augmented/dr_1_9282.jpg,dr_1_9282.jpg,Bramha Augmented,19.02115489992231,8.619469500226685,11.939407765690992,4.323640693609332,10.04568562597937,16.089280746412417,10.599503707923027,4.879813960270781,2.2827569093811304,8.501713663763294,4.729045110376796,4.053851969794785,0.3712314444946806,7.947005075664678,16.765988363796506,0.0750705067977465,6.999956356399782
/content/drive/MyDrive/Bharatanatyam_Digital_Twin/dataset/posture_images/extracted/new_Dataset/Bramha Augmented/dr_1_935.jpg,dr_1_935.jpg,Bramha Augmented,36.726142259204536,13.520027649070919,73.52770312186595,30.72740409121437,22.88623693641833,24.277802205649166,37.85478658878695,6.853883377194393,8.17847346114192,21.590639688519246,9.965820394401334,15.10338561013904,0.3475537447600954,12.493360991082444,21.63624646528709,0.104008027371262,15.739828480588978
/content/drive/MyDrive/Bharatanatyam_Digital_Twin/dataset/posture_images/extracted/new_Dataset/Bramha Augmented/dr_1_9515.jpg,dr_1_9515.jpg,Bramha Augmented,16.985394006897224,4.133724320977279,45.2226734199979,15.703812279761568,5.954737521142621,17.343804823836102,21.05625701118455,7.9055148889880655,5.78438516985536,24.23983708131511,7.635224413615352,6.09442626232721,0.4688477969939989,6.425503517600641,10.739725996257222,0.1253072987654923,8.41147725777921
/content/drive/MyDrive/Bharatanatyam_Digital_Twin/dataset/posture_images/extracted/new_Dataset/Bramha Augmented/dr_1_9708.jpg,dr_1_9708.jpg,Bramha Augmented,4.7306347613779565,12.30427380266449,11.14254500285571,9.967167308221496,18.341958856137524,29.925971081543462,17.344410562189548,8.28822521447436,8.774164122910658,0.9055605462127068,11.300542587835958,6.159852618884398,0.3933989923446976,7.458406731520921,10.348934088675202,0.0913556446753577,11.934930461212206
/content/drive/MyDrive/Bharatanatyam_Digital_Twin/dataset/posture_images/extracted/new_Dataset/Bramha Augmented/dr_1_9834.jpg,dr_1_9834.jpg,Bramha Augmented,21.24391579039417,14.221276806320049,1.1851219765324683,1.3442037279028205,53.98824139883824,33.52315821897508,22.51018133056215,5.06790053759528,5.473023778071212,12.9668510788357,5.523654086422239,3.479810801684498,0.4073227001681751,14.497190957358027,27.28947211097473,0.0924318591473599,16.10966890195199
/content/drive/MyDrive/Bharatanatyam_Digital_Twin/dataset/posture_images/extracted/new_Dataset/Bramha Augmented/dr_1_9860.jpg,dr_1_9860.jpg,Bramha Augmented,32.152697499620466,24.052035666427287,2.794429117169289,14.233978345408826,13.13484037934626,11.532573348370333,10.423955297573675,19.48585914431385,19.19979410936025,2.76666229922094,22.92186740935958,39.46600130093976,0.4136253449078522,9.421352825874004,21.076787487601404,0.1071256717336423,7.080145318286965
/content/drive/MyDrive/Bharatanatyam_Digital_Twin/dataset/posture_images/extracted/new_Dataset/Garuda Augmented/dr_0_1041.jpg,dr_0_1041.jpg,Garuda Augmented,63.7440032602767,62.83674330148043,10.317704145170458,6.603739487129953,0.6646599093078717,14.910363022365758,8.12411664099351,22.58028507255247,18.83373515016791,72.4515095683146,13.458279649205334,22.20942613010764,0.1006621960137595,20.80985505417095,48.81281049669271,0.1772200326679818,13.439534633152157
/content/drive/MyDrive/Bharatanatyam_Digital_Twin/dataset/posture_images/extracted/new_Dataset/Garuda Augmented/dr_0_1371.jpg,dr_0_1371.jpg,Garuda Augmented,77.05021251805154,73.1692262133783,6.282134721880114,2.2421807015309168,0.4331817544726884,10.04788524285718,4.751345605185224,7.314091789574633,10.481697964973222,7.589180974589141,10.27405984995165,44.017757648184265,0.1373534284667908,19.135875286479187,42.07872377163427,0.1125683707913952,15.216333717011892
/content/drive/MyDrive/Bharatanatyam_Digital_Twin/dataset/posture_images/extracted/new_Dataset/Garuda Augmented/dr_0_1405.jpg,dr_0_1405.jpg,Garuda Augmented,10.564260447613336,18.993567551841462,25.573499506445224,22.572685303590447,2.9233924926804864,73.5217747257237,31.147838007109968,15.44927650557642,10.168366388234148,16.872493570561375,15.547685264670672,9.615400709042447,0.098132750111188,17.463096647407255,27.844537800618134,0.156377880261252,24.388374261342378
/content/drive/MyDrive/Bharatanatyam_Digital_Twin/dataset/posture_images/extracted/new_Dataset/Garuda Augmented/dr_0_1693.jpg,dr_0_1693.jpg,Garuda Augmented,88.78412470895772,75.36551612074533,8.538801214512231,2.929580822379859,92.28373297058992,13.700213087816826,29.363082023824703,5.646835678545483,0.7383072812103894,63.225079951200655,8.840423460423416,15.100143607666883,0.0872744118962131,26.963650496897813,63.19759900213485,0.1687201889983313,17.52463229956026
/content/drive/MyDrive/Bharatanatyam_Digital_Twin/dataset/posture_images/extracted/new_Dataset/Garuda Augmented/dr_0_1696.jpg,dr_0_1696.jpg,Garuda Augmented,68.07461207908851,55.37642381109764,6.7473397788923375,0.7677921220976628,18.401272475486632,8.89833020350143,8.703683644994516,18.261399288731127,4.8517758442050365,27.28417185250518,6.295395017266686,38.0842647320444,0.116114023741967,15.264844450966962,35.261967616724206,0.0784651562064326,10.454100579970248
/content/drive/MyDrive/Bharatanatyam_Digital_Twin/dataset/posture_images/extracted/new_Dataset/Garuda Augmented/dr_0_1717.jpg,dr_0_1717.jpg,Garuda Augmented,75.1935625563185,75.69055533933113,3.762271524615621,16.996491511433582,2.976033833657638,2.116318125624696,6.462778748832884,23.357562368390944,21.405857333564143,56.78766985780898,22.963815680344837,18.06005445901143,0.0769041786932216,17.48381723377217,40.85417741365704,0.0247853380730956,11.572488949586385
/content/drive/MyDrive/Bharatanatyam_Digital_Twin/dataset/posture_images/extracted/new_Dataset/Garuda Augmented/dr_0_1774.jpg,dr_0_1774.jpg,Garuda Augmented,31.49528851133877,41.34499757142295,8.506927518540616,7.202853388656069,6.618175524503423,13.879160920416869,9.051779338029244,4.7929512382798976,7.565414560033844,9.732710401768117,10.013445997844146,15.861062542064062,0.1097514287466076,15.47971539798479,30.72923172363805,0.1418097350282191,15.568104735288102
/content/drive/MyDrive/Bharatanatyam_Digital_Twin/dataset/posture_images/extracted/new_Dataset/Garuda Augmented/dr_0_1877.jpg,dr_0_1877.jpg,Garuda Augmented,58.27778804241662,36.12413242860898,30.20135287226215,50.240633425447314,78.54770187115273,15.04655157044871,43.50905993482772,87.53381727597024,62.72721228471544,32.68824896933975,59.56252464209851,59.71327286816735,0.1003274305271591,21.190940592623715,43.95501547533855,0.0519320285309478,19.565874274001647
/content/drive/MyDrive/Bharatanatyam_Digital_Twin/dataset/posture_images/extracted/new_Dataset/Garuda Augmented/dr_0_2072.jpg,dr_0_2072.jpg,Garuda Augmented,35.12418578247348,45.10082601616212,65.3322290235548,111.09758096055992,2.956249957745112,6.131844640079492,46.37947614548483,8.080740815890412,17.54027835515807,36.5534561434375,3.705407880673612,67.9756246915814,0.1070161050608769,13.887964561240326,31.04804647714373,0.0702785536112389,10.54556865296601
/content/drive/MyDrive/Bharatanatyam_Digital_Twin/dataset/posture_images/extracted/new_Dataset/Garuda Augmented/dr_0_2117.jpg,dr_0_2117.jpg,Garuda Augmented,20.675540620726657,25.8705906962009,43.61155183511991,68.47062375054826,117.54995680762217,21.327007302429607,62.73978492392998,10.89801825225686,3.5087019084501776,12.845733796734748,9.610499552175416,4.5799917424746,0.0683567110389493,18.834425833476505,29.04864526988019,0.0858162033943448,27.368816027154985
/content/drive/MyDrive/Bharatanatyam_Digital_Twin/dataset/posture_images/extracted/new_Dataset/Garuda Augmented/dr_0_2680.jpg,dr_0_2680.jpg,Garuda Augmented,24.41945136002345,44.149888363968735,57.40359243680893,30.54427122712728,48.4061138820128,71.67611620381736,52.00752343744159,15.873873152304752,32.68621066204304,7.701995636667505,77.64596503053167,72.32609559025732,0.038584327593304,22.84369530198033,34.278020272137525,0.062007667547992,34.19105796625546
/content/drive/MyDrive/Bharatanatyam_Digital_Twin/dataset/posture_images/extracted/new_Dataset/Garuda Augmented/dr_0_2831.jpg,dr_0_2831.jpg,Garuda Augmented,99.30408996067831,84.23140754561473,1.4140267331787817,2.2713154079682494,50.75375609473687,25.69357161494929,20.0331674627083,6.261558144601054,4.39410421940687,9.335647237313736,9.135552028563117,12.35937750062352,0.0825005483106555,27.4034517453848,61.39921780773777,0.1017115104157547,20.709425918000854
/content/drive/MyDrive/Bharatanatyam_Digital_Twin/dataset/posture_images/extracted/new_Dataset/Garuda Augmented/dr_0_3078.jpg,dr_0_3078.jpg,Garuda Augmented,52.40081644969445,53.353499186652236,97.35249925158736,99.8665521666088,17.8205886710109,5.285911479509603,55.081387892179166,8.598381907724072,3.546743299067738,24.67319226840735,7.603238711433506,23.26617033592304,0.1127940174811185,24.872677440185186,31.647860242547555,0.1207173230418206,42.849454754966175
/content/drive/MyDrive/Bharatanatyam_Digital_Twin/dataset/posture_images/extracted/new_Dataset/Garuda Augmented/dr_0_3182.jpg,dr_0_3182.jpg,Garuda Augmented,12.67624943836073,12.078886293826137,20.201345570796743,23.204962312691222,43.08067324397685,14.004393079852427,25.122843551829316,63.78312233964733,14.086470287503715,50.4646219354923,29.07653925059073,26.85002698418217,0.0687143588472849,11.051617457938688,16.79066742311815,0.1423353278837943,16.221849622814116
/content/drive/MyDrive/Bharatanatyam_Digital_Twin/dataset/posture_images/extracted/new_Dataset/Garuda Augmented/dr_0_3371.jpg,dr_0_3371.jpg,Garuda Augmented,48.17070003997363,58.76580376857099,98.6144177733199,134.871842126829,57.40613774234102,10.145814087698302,75.25955293254705,22.18532956034052,19.64359051227979,56.08948305668248,20.09030874946399,20.94842951573142,0.0940568951985108,28.36408887128012,39.49825456429084,0.1685926323006466,45.42541941724887
/content/drive/MyDrive/Bharatanatyam_Digital_Twin/dataset/posture_images/extracted/new_Dataset/Garuda Augmented/dr_0_4793.jpg,dr_0_4793.jpg,Garuda Augmented,19.405583682161,32.89292976393378,41.43825197237623,28.53669778457218,13.01321935397616,1.6495639244687907,21.15943325884834,9.702969944891294,9.89123185812727,10.102617330068114,14.30653242081234,8.39971187561618,0.0735190593103087,17.809163819156947,43.32484556947222,0.1156963341189307,9.98694955387969
/content/drive/MyDrive/Bharatanatyam_Digital_Twin/dataset/posture_images/extracted/new_Dataset/Garuda Augmented/dr_0_5379.jpg,dr_0_5379.jpg,Garuda Augmented,89.22185643987025,80.31372837626608,0.3963427694164106,3.859474873378205,82.15915705101514,2.281062983569587,22.174009419344834,19.47716745379574,12.519583245545451,18.862294787737945,12.93939286949343,36.61306453440692,0.0909037712309265,25.572868043644903,51.841730507589176,0.0234873891189541,24.853386234226587
/content/drive/MyDrive/Bharatanatyam_Digital_Twin/dataset/posture_images/extracted/new_Dataset/Garuda Augmented/dr_0_5559.jpg,dr_0_5559.jpg,Garuda Augmented,82.52274248859248,73.70093736419977,7.617187736636091,5.945580799934288,6.341345186752082,4.361467646799775,6.066395342530559,3.751258434368197,6.618468501387213,63.55698938108286,7.679433387021152,9.493176905694355,0.1236805518514772,18.053332394414625,42.23917096091382,0.0875131553989015,11.833313066931154
/content/drive/MyDrive/Bharatanatyam_Digital_Twin/dataset/posture_images/extracted/new_Dataset/Garuda Augmented/dr_0_5779.jpg,dr_0_5779.jpg,Garuda Augmented,35.09272342323044,47.86266069421738,8.050295712726868,16.23639930012958,23.817753453870917,3.364944643932013,12.867348277664842,7.904881144838157,7.456372867608962,10.506967831280178,5.060041791612175,14.298656212855132,0.0920993573340917,14.736726812881608,30.385863511494968,0.137654496417987,13.686662430731868
/content/drive/MyDrive/Bharatanatyam_Digital_Twin/dataset/posture_images/extracted/new_Dataset/Garuda Augmented/dr_0_5800.jpg,dr_0_5800.jpg,Garuda Augmented,91.3807109504736,84.29593355622478,0.1689176610653127,3.075309241987936,68.51586347358759,14.215511313701445,21.49390042258557,2.549935292262034,4.711637568105999,11.0174267536448,4.549312575250918,16.65255507629395,0.0488761801115982,29.57554130823243,72.47832181994686,0.1088913368732591,16.13941076787718
/content/drive/MyDrive/Bharatanatyam_Digital_Twin/dataset/posture_images/extracted/new_Dataset/Garuda Augmented/dr_0_5845.jpg,dr_0_5845.jpg,Garuda Augmented,44.31446337799426,57.71447461612386,47.65531711668658,121.31873393001231,0.2446727952668066,11.13329550776658,45.08800483743307,13.722187291112215,7.329549866769315,59.57049616190072,12.702223809828096,5.371024496228815,0.0858080384036295,21.704474561210404,27.521662773613023,0.2380070483574121,37.35375386166077
/content/drive/MyDrive/Bharatanatyam_Digital_Twin/dataset/posture_images/extracted/new_Dataset/Garuda Augmented/dr_0_5855.jpg,dr_0_5855.jpg,Garuda Augmented,67.65590838674869,63.65315453677004,2.151971996700005,5.974920945985729,70.41697513516854,2.488881089612178,20.25818729186661,9.774731113113663,11.630237144932458,1.073662384738666,13.146807605723415,23.732241394867337,0.0663012057640694,22.70801165764481,53.53260612439373,0.1938097629886152,14.397619085552098
/content/drive/MyDrive/Bharatanatyam_Digital_Twin/dataset/posture_images/extracted/new_Dataset/Garuda Augmented/dr_0_6547.jpg,dr_0_6547.jpg,Garuda Augmented,36.56198040931405,40.5886168006378,56.32584161739702,73.0075920412113,1.820580585120432,8.53917596967323,34.923297553350494,3.3122773220638067,0.8553741364358132,20.33674622435342,9.1032891419374,21.211814610142863,0.1043364533922966,18.858470555114383,28.465006056463587,0.0719113618500009,28.038494247029565
/content/drive/MyDrive/Bharatanatyam_Digital_Twin/dataset/posture_images/extracted/new_Dataset/Garuda Augmented/dr_0_6745.jpg,dr_0_6745.jpg,Garuda Augmented,57.16315454845662,59.89213772421977,105.11659188763176,112.59819551326665,14.035052142049995,1.7245331113656417,58.36859316357851,1.6201907806366602,4.329491645459927,25.30638004859072,4.974262923213868,5.163196885584697,0.0944685013789835,27.152317549625398,33.05484394785823,0.133616794370396,48.26849190664755
/content/drive/MyDrive/Bharatanatyam_Digital_Twin/dataset/posture_images/extracted/new_Dataset/Garuda Augmented/dr_0_6895.jpg,dr_0_6895.jpg,Garuda Augmented,68.20322308785232,69.90776743694835,148.75753994934507,139.70211641931726,19.83438905691208,17.70369544151988,81.49943521677358,8.833191126137832,10.213854199462965,70.4494468648904,10.753017151143922,45.48714094832332,0.1547351909367952,33.48423122971631,40.5592409275927,0.2533800067552119,59.64007275480102
/content/drive/MyDrive/Bharatanatyam_Digital_Twin/dataset/posture_images/extracted/new_Dataset/Garuda Augmented/dr_0_6976.jpg,dr_0_6976.jpg,Garuda Augmented,88.40758571394105,72.08118085414915,5.523222887031965,12.178692523480828,5.350975124270295,14.353607792426496,9.351624581802396,2.319574984040451,6.263759793850166,1.491466276891285,9.21746861868892,13.06359457520414,0.0898852287557654,19.319049932756148,46.88402614835692,0.0417241623894972,11.031399487522028
/content/drive/MyDrive/Bharatanatyam_Digital_Twin/dataset/posture_images/extracted/new_Dataset/Garuda Augmented/dr_0_7124.jpg,dr_0_7124.jpg,Garuda Augmented,65.85149726741186,51.44064917118147,29.86765968700034,24.235619294458104,5.308820425066514,3.0089909099532783,15.60527257911956,10.928460193982684,24.75164455844567,86.97510111773943,15.34667992812744,46.80035748388418,0.1139571813612485,15.063219647126196,33.30040467767037,0.0474832019262193,11.841771061781994
/content/drive/MyDrive/Bharatanatyam_Digital_Twin/dataset/posture_images/extracted/new_Dataset/Garuda Augmented/dr_0_7256.jpg,dr_0_7256.jpg,Garuda Augmented,36.262596386285715,21.966619228180164,35.64380443636698,25.58237470006216,99.63229080244732,33.124245958642376,48.49567897437972,9.27853730611332,6.601161905095211,57.57207081971319,7.722378724893638,6.378700159779969,0.0830145578927168,19.953002470906107,44.61950427870637,0.1694884007361826,15.07001473327576
/content/drive/MyDrive/Bharatanatyam_Digital_Twin/dataset/posture_images/extracted/new_Dataset/Garuda Augmented/dr_0_7388.jpg,dr_0_7388.jpg,Garuda Augmented,100.79842418614538,85.69930305240695,0.4147963523311658,6.649630267723956,7.205441742761547,10.710528024634936,6.245099096862901,6.566750461851768,1.0026953021758516,68.92595783407806,5.171078778826856,16.269048003536195,0.1142831197926654,22.075832556808564,52.39777941293615,0.0942728826435851,13.735445374845956
/content/drive/MyDrive/Bharatanatyam_Digital_Twin/dataset/posture_images/extracted/new_Dataset/Garuda Augmented/dr_0_7946.jpg,dr_0_7946.jpg,Garuda Augmented,78.9195996373511,69.19191021782987,5.608248019361287,0.0181316766416862,26.001629276044625,15.30246024123459,11.732617303320549,3.7627318042441207,9.603526538028872,13.614649430453662,4.785095319889582,21.371765027740103,0.161796210826226,20.1646429099744,46.50997133670988,0.1269626539663474,13.856994739246968
/content/drive/MyDrive/Bharatanatyam_Digital_Twin/dataset/posture_images/extracted/new_Dataset/Garuda Augmented/dr_0_797.jpg,dr_0_797.jpg,Garuda Augmented,87.1764675300979,68.8090490549819,9.69875744708327,7.631054674329178,9.65589598481668,3.693268631948415,7.669744184544386,16.890523227675743,18.592488829764022,39.05553026595052,5.937322691964443,36.51308269045817,0.0724756556984249,25.392932906763875,64.11773498107956,0.0795677758349749,11.98149596337709
/content/drive/MyDrive/Bharatanatyam_Digital_Twin/dataset/posture_images/extracted/new_Dataset/Garuda Augmented/dr_0_807.jpg,dr_0_807.jpg,Garuda Augmented,56.52570918192771,75.26953374269577,10.23075309455315,167.95469963150737,23.322584221668517,6.0172716561679165,51.88132715097424,2.628761679309345,12.907327931835258,53.41356903447141,6.16400553551172,55.76272929517428,0.1048123736786221,15.549495920628855,36.83487341804571,0.0534893837829402,9.760124960057922
/content/drive/MyDrive/Bharatanatyam_Digital_Twin/dataset/posture_images/extracted/new_Dataset/Garuda Augmented/dr_0_8548.jpg,dr_0_8548.jpg,Garuda Augmented,95.55168075721588,89.42247007260772,4.025551810304141,0.0515808956770661,59.25151821703123,9.54414612434372,18.21819926183904,7.17152413876218,0.0629425381553971,13.704178345507271,3.717269646845101,11.830708273180129,0.1411867737603688,25.52296101471309,59.41838986213196,0.117141350174504,17.033351831832803
/content/drive/MyDrive/Bharatanatyam_Digital_Twin/dataset/posture_images/extracted/new_Dataset/Garuda Augmented/dr_0_8775.jpg,dr_0_8775.jpg,Garuda Augmented,96.12043373166554,79.8804089987571,1.098660319250654,4.120856595040869,11.003582861407777,11.561084656959505,6.946046108164701,4.205582312505164,9.776723256290012,59.96928561070767,4.118701350466835,32.68552282273371,0.0446850153818564,22.277508952769853,53.3656735878708,0.0950331188220513,13.37182015161671
/content/drive/MyDrive/Bharatanatyam_Digital_Twin/dataset/posture_images/extracted/new_Dataset/Garuda Augmented/dr_0_8781.jpg,dr_0_8781.jpg,Garuda Augmented,46.18094858083903,49.29035057058769,89.74554306626578,103.47805282908004,47.57118222508633,11.00373281037476,62.94962773270173,9.92901952165886,10.115508829938676,2.647648122474465,5.750707522848265,12.563986636266565,0.1155717852885936,25.956467009950888,32.4486931499111,0.0517076703358181,45.369000209605744
/content/drive/MyDrive/Bharatanatyam_Digital_Twin/dataset/posture_images/extracted/new_Dataset/Garuda Augmented/dr_0_9219.jpg,dr_0_9219.jpg,Garuda Augmented,32.338433493346244,42.06793403070549,78.65694059415472,101.5953696761075,61.27569284327673,1.8380574695147909,60.84151514576344,24.71436860106124,19.98439335991901,24.86611765978108,23.132018199993144,27.393854147875963,0.1261077067948138,22.285316941529857,37.02320244993939,0.0852613633798265,29.747487011270344
/content/drive/MyDrive/Bharatanatyam_Digital_Twin/dataset/posture_images/extracted/new_Dataset/Garuda Augmented/dr_0_962.jpg,dr_0_962.jpg,Garuda Augmented,89.62324083106625,84.71002270099771,4.6954249315843,0.2128711408647612,72.16554954060366,15.736720632126191,23.20264156129473,12.314197932688606,11.990492704725296,34.465054098756404,14.952927679624231,10.47737030911183,0.1067176230016335,26.7859626389854,60.29506071104262,0.064377114659086,19.99845009125448
/content/drive/MyDrive/Bharatanatyam_Digital_Twin/dataset/posture_images/extracted/new_Dataset/Garuda Augmented/dr_0_9707.jpg,dr_0_9707.jpg,Garuda Augmented,92.3809486906535,87.30339889319288,8.668568959679138,4.83108079198323,128.5765860125595,55.96852797043147,49.51119093366333,4.021548754513841,2.745876426479312,13.23467208094615,19.354141431381,38.89032254646106,0.072981255837844,34.521985581013986,71.41954451008289,0.1662356283399625,31.98017660461912
/content/drive/MyDrive/Bharatanatyam_Digital_Twin/dataset/posture_images/extracted/new_Dataset/Garuda Augmented/dr_0_9865.jpg,dr_0_9865.jpg,Garuda Augmented,90.12264328911313,80.7209856697217,1.5553875683917588,4.977436827742402,34.46544845350313,6.48222020672991,11.8701232640918,15.642613253485054,25.410537113725177,88.67524361409943,11.627337501566982,30.18076818619223,0.0667484878397103,20.57298121190044,47.52393113481261,0.0458918454921855,14.149120655396525
/content/drive/MyDrive/Bharatanatyam_Digital_Twin/dataset/posture_images/extracted/new_Dataset/Garuda Augmented/dr_0_9918.jpg,dr_0_9918.jpg,Garuda Augmented,41.68477849304548,53.54352548355418,59.94911324859096,56.02921608041315,0.9138812140639648,0.3339053545297591,29.306528974399452,1.4342563687284835,8.091202191318956,67.04609376686226,2.289314674578627,49.2661666669524,0.0753931733799147,12.748589627059069,27.653739199194327,0.0972566463514091,10.494773035631464
/content/drive/MyDrive/Bharatanatyam_Digital_Twin/dataset/posture_images/extracted/new_Dataset/Garuda Augmented/dr_0_9935.jpg,dr_0_9935.jpg,Garuda Augmented,67.45087006709088,67.55103061890097,143.41431210176177,141.5439562564746,6.609392378759485,0.579563110979674,73.03680596199388,14.987250476211663,11.661393930485705,39.69773727097297,4.0073489243098965,49.30600341543629,0.0837373911755893,31.93442971095653,35.700159144088005,0.1381755461869371,59.964954442594646
/content/drive/MyDrive/Bharatanatyam_Digital_Twin/dataset/posture_images/extracted/new_Dataset/Garuda Augmented/dr_1_1263.jpg,dr_1_1263.jpg,Garuda Augmented,49.396824687745735,30.416204026765648,11.119859805503404,5.611778794114614,2.6986463727721417,0.8077573322396848,5.059510576157461,20.66458941402369,17.12561580154177,19.095218785201077,14.59232195120238,76.99054894639181,0.2462891741822905,16.514440297707075,31.422420529541604,0.0475666329863848,18.07333373059324
/content/drive/MyDrive/Bharatanatyam_Digital_Twin/dataset/posture_images/extracted/new_Dataset/Garuda Augmented/dr_1_1464.jpg,dr_1_1464.jpg,Garuda Augmented,43.941246542822455,34.648397222467686,33.71815950016316,8.852749050698993,10.820221033570236,3.3609183546311643,14.188011984765888,12.760682055384365,3.639753632528567,1.4300070125687512,3.160659211542674,85.81023644127231,0.2390655924560754,13.638970920055586,29.199720096911165,0.0299284152078997,11.687264248047695
/content/drive/MyDrive/Bharatanatyam_Digital_Twin/dataset/posture_images/extracted/new_Dataset/Garuda Augmented/dr_1_1513.jpg,dr_1_1513.jpg,Garuda Augmented,48.89434632475567,47.507570736480154,29.454954906246165,11.524279905887113,22.32376722318968,1.262925072662783,16.141481776996436,1.7336578148960635,6.467558104215295,3.175431546857744,5.961130772339794,51.93738624802641,0.2113231000379922,14.718909476666925,29.66221557148265,0.0317444078852401,14.462768450632868
/content/drive/MyDrive/Bharatanatyam_Digital_Twin/dataset/posture_images/extracted/new_Dataset/Garuda Augmented/dr_1_1559.jpg,dr_1_1559.jpg,Garuda Augmented,29.07951497335437,21.63473521394642,8.964927096064661,17.459855486695936,11.89033182994034,8.184417888723662,11.62488307535615,13.851184159283084,8.257269556057183,0.2328067438307709,7.950861673431389,47.16721845383773,0.2657882313269928,10.740353396022542,22.529325812699017,0.0409085307026768,9.650825844665937
/content/drive/MyDrive/Bharatanatyam_Digital_Twin/dataset/posture_images/extracted/new_Dataset/Garuda Augmented/dr_1_1747.jpg,dr_1_1747.jpg,Garuda Augmented,34.663025354334565,14.544779398959077,13.887529146953092,3.93380408813521,8.410742480352454,3.90741975836532,7.534873868451519,1.8951149238202163,6.60908625783091,1.6691966830593117,5.56099166980041,69.24489861817317,0.2472993015753875,11.389847936920978,19.825837622186565,0.0548485598229305,14.28885762875344
/content/drive/MyDrive/Bharatanatyam_Digital_Twin/dataset/posture_images/extracted/new_Dataset/Garuda Augmented/dr_1_1818.jpg,dr_1_1818.jpg,Garuda Augmented,49.141534535912754,40.94745013739123,32.71619562739122,1.4407880778247923,0.0075210714463878,0.3356150958134014,8.625029968118952,17.472194343564148,15.211586205957792,13.483414216085864,15.730228204973177,57.91125366088881,0.2681729992032956,17.05381318250232,32.74939942080064,0.0429735996412429,18.36906652706507
/content/drive/MyDrive/Bharatanatyam_Digital_Twin/dataset/posture_images/extracted/new_Dataset/Garuda Augmented/dr_1_1893.jpg,dr_1_1893.jpg,Garuda Augmented,38.90288601560498,35.01484198302383,6.946764203658357,8.796515946776287,19.286476236511955,14.923992864221177,12.488437312791945,16.96660911899042,13.586951526591918,19.50438136028401,14.574122498792308,36.84043850443359,0.2663233882546185,14.2738742097589,27.588649403422533,0.0289679255811379,15.204005300273032
/content/drive/MyDrive/Bharatanatyam_Digital_Twin/dataset/posture_images/extracted/new_Dataset/Garuda Augmented/dr_1_2124.jpg,dr_1_2124.jpg,Garuda Augmented,39.837720801192944,21.76757259192742,58.16381618922581,29.431136827426062,3.43395294400646,2.899925138145474,23.482207774700957,16.607006126552363,14.776497690985252,12.015887253755013,8.897156249251827,83.60428786136538,0.2539817440853759,10.336630233282165,22.57795635721817,0.0640935989885597,8.367840743639755
/content/drive/MyDrive/Bharatanatyam_Digital_Twin/dataset/posture_images/extracted/new_Dataset/Garuda Augmented/dr_1_2435.jpg,dr_1_2435.jpg,Garuda Augmented,53.31902574585385,41.03937687009817,1.2650022742876077,14.52264965641665,16.213550330375593,10.70488999308388,10.676523063540934,14.777137953244733,6.226676879492487,17.4236714010531,7.78278461710872,68.51494819589504,0.2158111877613117,14.46099772642966,30.85530671684247,0.0598550152643643,12.467831447182142
/content/drive/MyDrive/Bharatanatyam_Digital_Twin/dataset/posture_images/extracted/new_Dataset/Garuda Augmented/dr_1_2677.jpg,dr_1_2677.jpg,Garuda Augmented,43.589416487822604,23.917509137781117,14.582117692430169,10.197260182467048,9.252334848838192,5.578891527358958,9.902651062773591,19.28753365326847,15.0522444290076,16.440817179519172,13.9713954834871,77.99687637899174,0.2435557670346308,13.539236165460425,28.15307957366603,0.0707458332737301,12.393883089441516
/content/drive/MyDrive/Bharatanatyam_Digital_Twin/dataset/posture_images/extracted/new_Dataset/Garuda Augmented/dr_1_309.jpg,dr_1_309.jpg,Garuda Augmented,41.41992473384113,31.18876098628006,34.985156717283175,5.793999719260158,5.041267188206421,4.631044921398501,12.612867136537064,16.013029529483447,20.08223864612529,14.494943183652056,16.466941037640098,57.93905143495985,0.2497185285523535,13.76037200564708,27.936569328340973,0.0364835821922498,13.308063106408014
/content/drive/MyDrive/Bharatanatyam_Digital_Twin/dataset/posture_images/extracted/new_Dataset/Garuda Augmented/dr_1_3265.jpg,dr_1_3265.jpg,Garuda Augmented,54.73730324686994,35.64337265532042,1.623922821505671,20.027723785894963,6.966564597432769,6.453960319204135,8.768042881009386,18.113646525093746,19.61921984397233,29.721870561243776,17.4408589219865,70.10977986279258,0.2450404855974947,15.40627071535112,33.11250178224569,0.0328803034789857,13.07343006032869
/content/drive/MyDrive/Bharatanatyam_Digital_Twin/dataset/posture_images/extracted/new_Dataset/Garuda Augmented/dr_1_3599.jpg,dr_1_3599.jpg,Garuda Augmented,26.608696629748586,26.750918340556357,36.25468907117733,36.65495715469388,2.3746858964343165,0.1429449415158445,18.85681926595534,3.790671358312305,1.9847422635399796,0.5064406240630106,0.299799689867675,39.09246002233041,0.2464594605308849,9.497612958418369,18.458230715767517,0.0269626813841917,10.007645478103402
/content/drive/MyDrive/Bharatanatyam_Digital_Twin/dataset/posture_images/extracted/new_Dataset/Garuda Augmented/dr_1_3604.jpg,dr_1_3604.jpg,Garuda Augmented,38.77501089459621,21.98216815616737,20.998265090183786,1.2252758193992697,10.907593434450138,1.667605580514664,8.699684981136965,20.63641097850937,15.601475403361004,12.305544431002197,10.780830013266694,70.01152532024119,0.2442322664706528,12.949035285520518,24.52568384764093,0.0427081815278295,14.278713827392796
/content/drive/MyDrive/Bharatanatyam_Digital_Twin/dataset/posture_images/extracted/new_Dataset/Garuda Augmented/dr_1_3991.jpg,dr_1_3991.jpg,Garuda Augmented,44.119789890357424,6.658625924995015,26.76658453103776,2.138424457254339,1.904974822023055,2.5963890873973003,8.351593224428113,17.39952453506058,13.354836695455134,17.181192079540295,12.530461270393555,77.31098520123382,0.2544786315936637,13.477123670869435,23.826856090455674,0.0672060618452623,16.537308860307377
/content/drive/MyDrive/Bharatanatyam_Digital_Twin/dataset/posture_images/extracted/new_Dataset/Garuda Augmented/dr_1_4247.jpg,dr_1_4247.jpg,Garuda Augmented,53.301249262264804,37.46026614375311,28.89697077950294,44.78290336378511,15.825345059062904,1.8819885246296508,22.84680193174515,8.861521554582737,14.11915104741567,23.611749563983608,18.22656495563229,65.03451361429876,0.2635147531822911,12.556274002183486,29.39480767090702,0.0831100871915177,8.190904248451915
/content/drive/MyDrive/Bharatanatyam_Digital_Twin/dataset/posture_images/extracted/new_Dataset/Garuda Augmented/dr_1_4253.jpg,dr_1_4253.jpg,Garuda Augmented,40.0784569011115,44.750598071815574,87.89851593172506,92.26833900254816,10.740809173090868,5.608919216884351,49.12914583106211,15.691619479032084,17.214416373410927,17.178935101735846,14.115344078488915,31.93661635719525,0.2391686129102197,20.19826455037794,27.104953007374863,0.1014164126333457,33.388424231125605
/content/drive/MyDrive/Bharatanatyam_Digital_Twin/dataset/posture_images/extracted/new_Dataset/Garuda Augmented/dr_1_4274.jpg,dr_1_4274.jpg,Garuda Augmented,34.50101062573095,24.243160176122537,17.38255819812301,17.367120131672447,1.9554796625766364,0.6875730639517299,9.348182764080956,2.14587701009613,5.674742757897268,11.360214103171728,4.943350072889648,51.82772656261659,0.2553127999647868,14.093211187994504,26.874900660862007,0.0457090582401286,15.359023844881374
/content/drive/MyDrive/Bharatanatyam_Digital_Twin/dataset/posture_images/extracted/new_Dataset/Garuda Augmented/dr_1_4514.jpg,dr_1_4514.jpg,Garuda Augmented,23.020911467017466,16.71695728321982,64.50015656695574,38.43044977857703,13.584807771156148,11.34275097283443,31.964541272380835,13.478439152891724,23.017933436437005,16.129819546771643,18.832704899565385,46.59413614565694,0.2684421084806287,9.117021900971915,17.598872307344966,0.029050390033104,9.723143005537676
/content/drive/MyDrive/Bharatanatyam_Digital_Twin/dataset/posture_images/extracted/new_Dataset/Garuda Augmented/dr_1_4521.jpg,dr_1_4521.jpg,Garuda Augmented,30.94298029551616,15.329890695655351,32.28842739729269,17.566882665697715,74.53144983396811,24.78062686290425,37.291846689965695,19.523591958515,18.70951075949634,13.256071251681275,12.949467857916984,76.07804284944356,0.2913361105016684,16.02208617508583,25.388111320371,0.0274399091113494,22.650707295775145
/content/drive/MyDrive/Bharatanatyam_Digital_Twin/dataset/posture_images/extracted/new_Dataset/Garuda Augmented/dr_1_4527.jpg,dr_1_4527.jpg,Garuda Augmented,35.34185916372161,30.042789249733968,29.82652134148364,0.1788782532554721,120.15319067033418,3.216085714476591,38.34366899488747,8.535989151065053,15.072060159953764,14.722416999974511,11.626758339271644,42.09820892202893,0.2116516898902634,18.8462877147864,29.581210533085688,0.0371394227758093,26.920513188497686
/content/drive/MyDrive/Bharatanatyam_Digital_Twin/dataset/posture_images/extracted/new_Dataset/Garuda Augmented/dr_1_454.jpg,dr_1_454.jpg,Garuda Augmented,52.55817961089372,39.68463979397662,6.772559744526962,29.08786814563734,10.500326665872414,5.327090122511115,12.921961169636958,10.891595555182178,13.576383032112062,24.991806403399146,14.40128045266123,45.98764248868382,0.264397250550116,14.975070661528209,33.81498608403391,0.0568749811613271,11.053350919389388
/content/drive/MyDrive/Bharatanatyam_Digital_Twin/dataset/posture_images/extracted/new_Dataset/Garuda Augmented/dr_1_4693.jpg,dr_1_4693.jpg,Garuda Augmented,29.430108093927135,14.08311439112881,10.910977919447555,6.494046971249428,12.004909042434136,3.6456635247844544,8.263899364478895,24.060979987461906,13.663274139922834,10.249315354938574,10.190703151491611,60.43178187805195,0.2520523766722974,11.020383739922982,20.33524620147825,0.0511765339585939,12.674728484332103
/content/drive/MyDrive/Bharatanatyam_Digital_Twin/dataset/posture_images/extracted/new_Dataset/Garuda Augmented/dr_1_4786.jpg,dr_1_4786.jpg,Garuda Augmented,28.946796273389054,9.634904314029825,28.81491354054416,23.51602035275133,3.127764476939406,0.4945475952631267,13.988311491374509,10.930826812448856,4.19698403290522,8.585053769342494,2.300233432725427,49.19472793456448,0.2656541248374839,10.79120330276154,20.774527101833137,0.0286048679215653,11.570477938529924
/content/drive/MyDrive/Bharatanatyam_Digital_Twin/dataset/posture_images/extracted/new_Dataset/Garuda Augmented/dr_1_4871.jpg,dr_1_4871.jpg,Garuda Augmented,44.84040666817842,36.24571790346755,13.808007271314011,21.6193318645918,3.657031339143956,5.475757208268799,11.140031920829642,9.776730706542224,16.329471284570957,10.899810746309669,14.603325142821298,41.67187209439141,0.2303071455800718,14.623685550706954,30.335414886087964,0.0407470951095259,13.494894670923372
/content/drive/MyDrive/Bharatanatyam_Digital_Twin/dataset/posture_images/extracted/new_Dataset/Garuda Augmented/dr_1_5245.jpg,dr_1_5245.jpg,Garuda Augmented,53.54982979414628,43.00384646467454,28.13157097405794,11.706694540644028,9.238078969113976,2.621961528734582,12.924576503137631,6.997586908265816,13.805529544546571,5.249875168321466,11.350858577861867,73.46930784921241,0.2522560656090374,16.124710244304225,34.76350609465174,0.0866549967578521,13.523969641503086
/content/drive/MyDrive/Bharatanatyam_Digital_Twin/dataset/posture_images/extracted/new_Dataset/Garuda Augmented/dr_1_5543.jpg,dr_1_5543.jpg,Garuda Augmented,50.91187878821977,25.110345751953357,31.76661563686596,38.02907001853925,8.153020693301196,3.363482215032956,20.32804714093484,17.391037100092802,21.75445642144834,33.66076787418825,22.411088240714093,58.4182557639872,0.2242323076527713,12.124572835102676,27.639768048283592,0.0303774288624837,8.703573028161955
/content/drive/MyDrive/Bharatanatyam_Digital_Twin/dataset/posture_images/extracted/new_Dataset/Garuda Augmented/dr_1_5578.jpg,dr_1_5578.jpg,Garuda Augmented,24.5352453240291,15.410113503090486,55.91054976049266,39.70360022597895,23.54797529082021,10.43931119572322,32.40035911825376,17.430360921886294,12.566973267050075,7.193034484376843,9.171245365759004,68.90702482678978,0.2375269383046025,8.49203481884634,18.308571240272048,0.0534497700494719,7.114083446217504
/content/drive/MyDrive/Bharatanatyam_Digital_Twin/dataset/posture_images/extracted/new_Dataset/Garuda Augmented/dr_1_5663.jpg,dr_1_5663.jpg,Garuda Augmented,31.561053992099836,33.074138408824105,100.56254778039272,85.35233930174884,11.416149564044357,12.272021624080608,52.40076456756664,8.171170497562969,10.29972966345258,8.188388909538418,9.097587541598822,74.19140085327686,0.2108647323675969,16.350728430984027,25.3801287612645,0.1372868720987383,23.534769659588843
/content/drive/MyDrive/Bharatanatyam_Digital_Twin/dataset/posture_images/extracted/new_Dataset/Garuda Augmented/dr_1_575.jpg,dr_1_575.jpg,Garuda Augmented,40.852220502833404,33.06518074993559,90.2561312017304,38.03565062625798,5.654123763327789,1.0951683025318135,33.760268473462,19.11170957906097,10.87599210793553,0.3412994348528571,11.19382324590087,78.19495477578528,0.2111812139367277,13.146696788483156,30.143479609243386,0.0688983148240097,9.227712441382074
/content/drive/MyDrive/Bharatanatyam_Digital_Twin/dataset/posture_images/extracted/new_Dataset/Garuda Augmented/dr_1_5826.jpg,dr_1_5826.jpg,Garuda Augmented,20.956764950573692,14.671950721082275,12.49512978221667,35.48524322584761,6.732896531068667,5.733290683633686,15.11164005569166,1.2545161285573687,4.335415166240386,5.775959206936146,4.208092426375256,68.35717832568236,0.2466687654025446,8.159520456569078,15.017695501126411,0.0839933898568124,9.376872478724014
/content/drive/MyDrive/Bharatanatyam_Digital_Twin/dataset/posture_images/extracted/new_Dataset/Garuda Augmented/dr_1_6115.jpg,dr_1_6115.jpg,Garuda Augmented,56.121197711244896,40.65921670342439,14.673171786805698,33.78211578266324,2.914225004624326,1.3004798090074736,13.167498095775183,2.1358913848209538,7.448600311385457,15.358382664574732,5.359180612815056,48.731610055841,0.2631481778769098,16.769049065318615,35.61272470710984,0.0448727571275337,14.64954973171847
/content/drive/MyDrive/Bharatanatyam_Digital_Twin/dataset/posture_images/extracted/new_Dataset/Garuda Augmented/dr_1_6194.jpg,dr_1_6194.jpg,Garuda Augmented,24.65231261492091,20.79397637524645,94.24843442904218,55.870084239497416,124.24361616977652,39.7716506379992,78.53344636907883,12.364509716466188,15.89940305702109,21.668098238490582,18.376611098497182,68.8635471019313,0.2205658445244079,22.65535570608097,29.743170897078045,0.0596605471133975,38.16323567405147
/content/drive/MyDrive/Bharatanatyam_Digital_Twin/dataset/posture_images/extracted/new_Dataset/Garuda Augmented/dr_1_6308.jpg,dr_1_6308.jpg,Garuda Augmented,36.06804382902514,19.670832827715643,24.040391189788394,8.495050664710192,1.892468993311225,3.818276484350682,9.561546833040124,12.57813556355325,17.223734572502025,21.411420001745874,14.556613721180945,46.49935948721687,0.2603853762453211,13.296095108579104,25.08711769111335,0.0272590073591233,14.77390862726484
/content/drive/MyDrive/Bharatanatyam_Digital_Twin/dataset/posture_images/extracted/new_Dataset/Garuda Augmented/dr_1_6481.jpg,dr_1_6481.jpg,Garuda Augmented,41.40545050380207,38.77918650953484,92.46048438093769,75.24290757097279,14.756867801923452,6.6443855737455735,47.27616133189488,24.48850553174452,44.52591819833515,22.56157289426673,62.29733938714636,63.20736761795938,0.0789292680837179,26.682155234892203,56.67181561860446,0.0990353773502993,23.275614708721847
/content/drive/MyDrive/Bharatanatyam_Digital_Twin/dataset/posture_images/extracted/new_Dataset/Garuda Augmented/dr_1_650.jpg,dr_1_650.jpg,Garuda Augmented,47.29069299107413,38.365758646197534,3.313631793912654,18.479601906784826,3.227419765071746,3.485063996181176,7.126429365487599,16.98380843153483,16.810356344350993,16.543659547635663,17.021821344090053,50.94960545844207,0.2769719500461456,15.75984883732095,31.35803831203349,0.0714440767851034,15.850064123144255
/content/drive/MyDrive/Bharatanatyam_Digital_Twin/dataset/posture_images/extracted/new_Dataset/Garuda Augmented/dr_1_6692.jpg,dr_1_6692.jpg,Garuda Augmented,39.20283241718702,29.251652385931173,49.54535293097479,26.749371966259773,6.734184674353057,8.354317716683768,22.84580682206785,18.21998027518326,10.225021647128589,10.81974621035862,10.102010645680611,68.71446687388243,0.2976009573453427,10.171118890390474,23.555331108845188,0.0818762806996285,6.8761492816266045
/content/drive/MyDrive/Bharatanatyam_Digital_Twin/dataset/posture_images/extracted/new_Dataset/Garuda Augmented/dr_1_7070.jpg,dr_1_7070.jpg,Garuda Augmented,29.011891146978847,28.09355295242254,43.61771225092212,42.30191146716941,146.43049423130284,4.830308413438765,59.295106590708286,24.79636183343308,14.294896102865032,17.598951182272526,14.034973380191358,31.98655871994601,0.222707714795615,20.862943927484213,28.009953574046765,0.0418242148845141,34.53705399352137
/content/drive/MyDrive/Bharatanatyam_Digital_Twin/dataset/posture_images/extracted/new_Dataset/Garuda Augmented/dr_1_719.jpg,dr_1_719.jpg,Garuda Augmented,41.487061488416714,37.74254989240538,22.253481363197384,9.381602678840313,5.255256950739965,4.345906981522248,10.30906199357498,17.0671494825759,10.591140335201883,8.894562314272036,12.490961283195084,59.21676151288021,0.2298356465263115,14.540597070590197,29.43160741079041,0.0369872345637329,14.153196566416456
/content/drive/MyDrive/Bharatanatyam_Digital_Twin/dataset/posture_images/extracted/new_Dataset/Garuda Augmented/dr_1_7334.jpg,dr_1_7334.jpg,Garuda Augmented,47.0826503289005,40.38570979630373,37.28950680529434,24.098183999344908,4.828086005599567,0.091031146294274,16.57670198913327,14.809127882223976,13.566385241345555,13.83976031180265,11.161444404525,29.30372225875569,0.2507275922311457,14.127393696835387,28.71620568022734,0.0480538312989004,13.617921578979924
/content/drive/MyDrive/Bharatanatyam_Digital_Twin/dataset/posture_images/extracted/new_Dataset/Garuda Augmented/dr_1_7371.jpg,dr_1_7371.jpg,Garuda Augmented,43.38704003620922,45.84812709504071,21.78000151763164,31.141659061935584,11.358261364250149,6.592900476284572,17.71820560502549,10.280405839416844,15.184265354243877,11.30107681222762,16.96850534664408,76.04577738412586,0.1966071440240323,13.007992565738853,29.632056614507707,0.0685638239330541,9.323357258775795
/content/drive/MyDrive/Bharatanatyam_Digital_Twin/dataset/posture_images/extracted/new_Dataset/Garuda Augmented/dr_1_7749.jpg,dr_1_7749.jpg,Garuda Augmented,42.33746818975111,36.85121071920261,4.637011091767722,20.41934634195969,1.907474193155128,0.96303150430004,6.9817157827956455,0.5111409343184249,1.1802237320071194,4.104290325715592,2.9662723397350845,71.23414444787517,0.2079380250077873,14.171476923273053,25.52451311282796,0.021568335040927,16.96834932195027
/content/drive/MyDrive/Bharatanatyam_Digital_Twin/dataset/posture_images/extracted/new_Dataset/Garuda Augmented/dr_1_7994.jpg,dr_1_7994.jpg,Garuda Augmented,56.26476521331047,34.21642124990952,6.594394577215878,14.83309329248752,3.873522242021751,2.115018603070097,6.854007178698812,13.319258759524786,15.733700556728508,19.054120615724628,17.735389295252592,55.11952273537358,0.2560583967673088,16.690890093188177,33.65873522269459,0.0465049709871029,16.367430085882845
/content/drive/MyDrive/Bharatanatyam_Digital_Twin/dataset/posture_images/extracted/new_Dataset/Garuda Augmented/dr_1_8061.jpg,dr_1_8061.jpg,Garuda Augmented,48.234320402375644,31.89310052122702,1.6631444169064675,19.000686193607034,5.392114688479883,6.625892116123684,8.170459353779268,17.84645144013495,19.190965362511925,27.46398139395429,15.882272143739428,56.76895693385162,0.2656195352317985,15.104278953485084,31.844454280936944,0.0558647607987484,13.412517818719564
/content/drive/MyDrive/Bharatanatyam_Digital_Twin/dataset/posture_images/extracted/new_Dataset/Garuda Augmented/dr_1_8806.jpg,dr_1_8806.jpg,Garuda Augmented,16.952770354462743,7.2801244132374165,32.39730891004856,13.034252717364794,0.4306373080597901,1.7738571609386962,11.90901402410296,0.3026018595854509,8.386371483166272,2.984430820743881,4.879731553184231,67.5951891732897,0.2823047435627685,9.959169172859204,17.72821302495996,0.0477038238023143,12.101590669815335
/content/drive/MyDrive/Bharatanatyam_Digital_Twin/dataset/posture_images/extracted/new_Dataset/Garuda Augmented/dr_1_8966.jpg,dr_1_8966.jpg,Garuda Augmented,47.52474245360385,29.064807166305844,14.19886443352828,12.119596093149305,10.901873789777504,2.435961237705319,9.914073888540102,16.849357655187248,11.794051916211885,7.275497287622784,9.105999269363974,72.12369588252787,0.2480386855223422,13.745230627426476,27.879953888404355,0.0447697506114107,13.310968243263655
/content/drive/MyDrive/Bharatanatyam_Digital_Twin/dataset/posture_images/extracted/new_Dataset/Garuda Augmented/dr_1_9110.jpg,dr_1_9110.jpg,Garuda Augmented,40.88664370806061,31.519903034810497,34.43955940331505,34.67625323981603,3.678209887617602,3.3780268388992862,19.04301234241199,9.1580222370811,9.409339645374558,9.002194143447184,6.367091106203521,75.10383901999508,0.2297628605432265,12.024841361727598,25.633349363351613,0.0752143970649819,10.3659603247662
/content/drive/MyDrive/Bharatanatyam_Digital_Twin/dataset/posture_images/extracted/new_Dataset/Garuda Augmented/dr_1_9300.jpg,dr_1_9300.jpg,Garuda Augmented,41.3426172865875,28.830039795692766,4.36346397248045,10.404715739188166,2.314377639504627,0.0758966328770442,4.289613496012572,16.318479243289744,13.809015096962838,12.89763266170212,11.947349628580625,76.43465966422306,0.257128303829064,14.749812616697396,25.990236665201387,0.059502840294405,18.199698344596392
/content/drive/MyDrive/Bharatanatyam_Digital_Twin/dataset/posture_images/extracted/new_Dataset/Garuda Augmented/dr_1_9515.jpg,dr_1_9515.jpg,Garuda Augmented,42.4452668833854,27.498448290107916,5.062452248155171,10.140188445581382,4.095845935220362,1.380697888424811,5.169796129345431,4.537607546723791,0.5158495445878089,2.9737825780991045,0.3260176708830959,83.03883419613369,0.2165441401507809,14.140871484935488,25.359766295227487,0.0441441521592118,17.018704007419768
/content/drive/MyDrive/Bharatanatyam_Digital_Twin/dataset/posture_images/extracted/new_Dataset/Garuda Augmented/dr_1_9611.jpg,dr_1_9611.jpg,Garuda Augmented,29.327115120885022,24.09597677417821,58.81759797132832,19.42404284722849,22.9467023257998,10.093122684696388,27.820366457263248,9.387373371360695,10.820119623308416,10.419810692160468,15.48638230221924,47.176435016126575,0.232069208608065,9.836473412272651,21.261144548333355,0.0341965742975438,8.214079114187058
/content/drive/MyDrive/Bharatanatyam_Digital_Twin/dataset/posture_images/extracted/new_Dataset/Garuda Augmented/dr_1_9904.jpg,dr_1_9904.jpg,Garuda Augmented,27.942982191011158,12.52733580967736,64.57586871947515,33.717557538046464,1.4144316955108178,0.3795054852369618,25.021840859567348,16.316230224293395,16.810398293044692,11.641522695566762,18.28388479673412,64.07693356747052,0.2467423919454526,9.579974496944196,19.03588784314831,0.0287171814419845,9.675318466242294
/content/drive/MyDrive/Bharatanatyam_Digital_Twin/dataset/posture_images/extracted/new_Dataset/Muzhumandi Augmented/dr_0_1078.jpg,dr_0_1078.jpg,Muzhumandi Augmented,22.76621172537435,34.10617238928836,28.62110401742386,1.0438827183348427,26.36898263243868,23.67636865528961,19.92758450587175,17.59372485462105,14.25681117928032,15.042655135225688,12.232852262072296,46.1704321228303,0.3814449062549978,14.079863646463116,35.54814440166108,0.0752124991944918,6.616234038533784
/content/drive/MyDrive/Bharatanatyam_Digital_Twin/dataset/posture_images/extracted/new_Dataset/Muzhumandi Augmented/dr_0_1221.jpg,dr_0_1221.jpg,Muzhumandi Augmented,15.305279191961718,14.828070594973418,47.51890986957327,1.4874004819477336,9.172360798231862,1.3187519482924848,14.874355774511338,15.74418892275628,15.514662165451057,18.15302628016497,11.529545344468591,45.3329749606587,0.3011159544205562,13.959073435205122,32.127847237263616,0.0321673487621049,9.717205719589646
/content/drive/MyDrive/Bharatanatyam_Digital_Twin/dataset/posture_images/extracted/new_Dataset/Muzhumandi Augmented/dr_0_1582.jpg,dr_0_1582.jpg,Muzhumandi Augmented,28.0983913814655,18.228379631861323,12.908835881039824,11.305800934175409,3.622182731037375,31.40610660469278,14.810731537736348,5.242392164956091,7.834575857411113,13.32699953936137,5.744317601029631,45.26922298232034,0.3662045818449624,14.300462113253763,35.34543900161487,0.0693285906581568,7.486618747488259
/content/drive/MyDrive/Bharatanatyam_Digital_Twin/dataset/posture_images/extracted/new_Dataset/Muzhumandi Augmented/dr_0_1805.jpg,dr_0_1805.jpg,Muzhumandi Augmented,35.136236820697015,29.004319309194273,7.007603847087565,10.871655976382035,1.8827854149145649,1.3303712984692628,5.273104134213357,1.2311435944921811,1.611687077239793,3.972721881724965,0.1160241650112662,66.01375032918138,0.3061320501881268,15.125812616801374,33.63130753624087,0.0416502742841193,11.70448003987914
/content/drive/MyDrive/Bharatanatyam_Digital_Twin/dataset/posture_images/extracted/new_Dataset/Muzhumandi Augmented/dr_0_1893.jpg,dr_0_1893.jpg,Muzhumandi Augmented,2.360409020621166,44.311544723463086,16.500385610424996,20.53554126304504,3.25288899158572,38.7262636388289,19.75376987597117,6.496695860734846,4.359408255348905,5.188645147335229,6.088216350545787,63.17614099400991,0.3048370411347578,14.60431718941195,37.9079212679496,0.0735884511296826,5.831441849156562
/content/drive/MyDrive/Bharatanatyam_Digital_Twin/dataset/posture_images/extracted/new_Dataset/Muzhumandi Augmented/dr_0_2162.jpg,dr_0_2162.jpg,Muzhumandi Augmented,4.757942214310155,47.79690000007905,27.76513488156896,12.443405823854166,31.26873566038697,44.81862484168418,29.073975301873567,12.15011889149264,9.287483031980171,16.03587926312872,11.028777562949362,68.31335363013856,0.2915277620822761,13.36809747116514,31.6124611115692,0.0789457713392585,8.412885530586966
/content/drive/MyDrive/Bharatanatyam_Digital_Twin/dataset/posture_images/extracted/new_Dataset/Muzhumandi Augmented/dr_0_2180.jpg,dr_0_2180.jpg,Muzhumandi Augmented,7.832638497289839,14.847299432047269,12.763177015641794,35.987565239526816,10.559300235460858,1.6000052824914617,15.227511943280232,4.19833684828169,8.184589710844485,20.79621065699272,6.901650749141401,13.4500325982528,0.370082772229206,13.323664176322264,26.68335938983444,0.1519302645349305,13.135702874597424
/content/drive/MyDrive/Bharatanatyam_Digital_Twin/dataset/posture_images/extracted/new_Dataset/Muzhumandi Augmented/dr_0_2297.jpg,dr_0_2297.jpg,Muzhumandi Augmented,24.253562157059868,26.57096358693321,36.57212480442856,3.336641740858285,4.627282559006812,16.065333333568397,15.150345609465512,10.400096785241296,7.923776158139357,6.713036290618772,8.572931495775121,56.971649087826655,0.368547931490595,12.7444513738319,31.812870005244392,0.0792439100138948,6.341240206237417
/content/drive/MyDrive/Bharatanatyam_Digital_Twin/dataset/posture_images/extracted/new_Dataset/Muzhumandi Augmented/dr_0_2781.jpg,dr_0_2781.jpg,Muzhumandi Augmented,28.692627838470138,30.214470004132643,24.4159849833684,5.759220379616767,8.176617628738116,1.1333428211759642,9.871291453224812,6.912347455885794,5.814422142163579,3.5673661632728795,4.600581945253366,53.67263298524564,0.3199615065636028,14.107723420633908,31.577137454934448,0.0393411755462652,10.706691631421013
/content/drive/MyDrive/Bharatanatyam_Digital_Twin/dataset/posture_images/extracted/new_Dataset/Muzhumandi Augmented/dr_0_2785.jpg,dr_0_2785.jpg,Muzhumandi Augmented,29.58133423390764,9.131810247848826,45.52173384808332,7.160770137238645,6.333616214450694,3.97437696935786,15.74762429228263,9.424513885671963,6.239466074452666,7.615063577697319,7.995150457172281,66.40948198332771,0.3436806775746222,14.326492618674283,34.39899246301729,0.0643819894086232,8.516103403596944
/content/drive/MyDrive/Bharatanatyam_Digital_Twin/dataset/posture_images/extracted/new_Dataset/Muzhumandi Augmented/dr_0_2834.jpg,dr_0_2834.jpg,Muzhumandi Augmented,9.916311429552028,10.008350907407085,58.4531316491952,25.972856355256575,23.85316930927261,1.8151266746507984,27.5235709970938,14.116987745401955,11.959070503784304,18.449250383871963,8.296245801265156,21.61983589540631,0.3608754697943134,13.507350257438144,29.73590376529992,0.1337188895340403,10.652428117480468
/content/drive/MyDrive/Bharatanatyam_Digital_Twin/dataset/posture_images/extracted/new_Dataset/Muzhumandi Augmented/dr_0_3953.jpg,dr_0_3953.jpg,Muzhumandi Augmented,10.58878402680483,51.68080766266493,36.9484480887003,4.671710426849965,0.2845181103371202,1.6936863291569575,10.899590738761086,7.202713737936051,9.481970310284169,7.623558420746747,5.595608361822534,62.4429668565896,0.3675355053623835,13.542603934353023,30.462964567184983,0.0720867613328517,10.092760474541231
/content/drive/MyDrive/Bharatanatyam_Digital_Twin/dataset/posture_images/extracted/new_Dataset/Muzhumandi Augmented/dr_0_4292.jpg,dr_0_4292.jpg,Muzhumandi Augmented,4.528918477089174,38.398744815447685,23.77769321835003,13.587643132310982,0.1429712979255857,4.045620907852535,10.388482139109785,14.695377443103569,13.357649230321174,13.80916678808208,11.321953566615653,64.0365768356906,0.2918908771995602,14.793690022968583,35.55591421920654,0.0619750318082957,8.763180817890916
/content/drive/MyDrive/Bharatanatyam_Digital_Twin/dataset/posture_images/extracted/new_Dataset/Muzhumandi Augmented/dr_0_4341.jpg,dr_0_4341.jpg,Muzhumandi Augmented,4.507513035601573,48.19429730160056,1.0836015667901189,27.58723606678324,4.1309785513606565,45.36075105037548,19.54064180882737,0.8333741574322744,0.8983679347099098,2.039072197270656,4.929896869041431,73.6640216631372,0.3394130134479923,15.637619557784554,38.38932667387751,0.1290974637677768,8.39443453570838
/content/drive/MyDrive/Bharatanatyam_Digital_Twin/dataset/posture_images/extracted/new_Dataset/Muzhumandi Augmented/dr_0_4650.jpg,dr_0_4650.jpg,Muzhumandi Augmented,21.48791324809678,32.00713780711717,20.98774040065771,4.225481582127168,5.718077726495414,21.86777166832177,13.199767844400515,1.036327474627864,1.3196930792277106,1.1075829855544586,1.26154352815905,61.521120957985495,0.3617203368131251,13.491092310686351,33.59966929916667,0.0891170528603607,6.784490580032027
/content/drive/MyDrive/Bharatanatyam_Digital_Twin/dataset/posture_images/extracted/new_Dataset/Muzhumandi Augmented/dr_0_4676.jpg,dr_0_4676.jpg,Muzhumandi Augmented,2.0255105318477113,11.135146711952899,16.227349063225226,5.1265580758472415,0.714283608748934,27.049712125479257,12.279475718325164,10.505848599121869,9.200369883615936,13.063499585803136,12.48748132115244,66.63352903548738,0.3818257968080151,11.906106761154314,28.56124310529433,0.1353698418905577,7.021707336278058
/content/drive/MyDrive/Bharatanatyam_Digital_Twin/dataset/posture_images/extracted/new_Dataset/Muzhumandi Augmented/dr_0_4835.jpg,dr_0_4835.jpg,Muzhumandi Augmented,15.547021374174602,45.83522052629036,37.15976977076453,17.914624297489773,10.966509388398784,12.04937634552943,19.52256995054563,17.63032269212882,16.04704923331267,18.06313537495514,15.78370248405182,66.18343178129747,0.3095982579314836,14.8058779606339,39.287535694575325,0.0849834646590706,5.045114722667305
/content/drive/MyDrive/Bharatanatyam_Digital_Twin/dataset/posture_images/extracted/new_Dataset/Muzhumandi Augmented/dr_0_4876.jpg,dr_0_4876.jpg,Muzhumandi Augmented,27.7465303087185,10.444825477650937,41.71769393734209,0.2777347563357158,11.10864057981111,23.53618504913223,19.160063580655287,12.64527109859734,7.9896076949147155,10.96547697783173,7.460642969922118,29.03982699220488,0.3617070404385868,12.555366056063765,32.230805105324364,0.0366268192238017,5.398666243643119
/content/drive/MyDrive/Bharatanatyam_Digital_Twin/dataset/posture_images/extracted/new_Dataset/Muzhumandi Augmented/dr_0_497.jpg,dr_0_497.jpg,Muzhumandi Augmented,21.138275533812916,44.976909525815884,19.033476957747965,12.859905022820737,21.176726400595708,31.77535045269205,21.211364708464117,15.906345035653942,13.907344040925228,16.40248436177558,14.851953580442714,69.25181583730085,0.3350379826351433,15.791864152252105,43.23194676812693,0.0649035332006489,4.078742155428731
/content/drive/MyDrive/Bharatanatyam_Digital_Twin/dataset/posture_images/extracted/new_Dataset/Muzhumandi Augmented/dr_0_5101.jpg,dr_0_5101.jpg,Muzhumandi Augmented,2.2511891209555976,46.016300453766206,9.313526638320942,5.190461170964433,42.27793416154875,26.89585848935622,20.919445115047584,12.944489275266797,16.609261258175263,11.41955287182192,16.527054998491945,68.269006192241,0.3455946239753286,14.281653238934524,36.47634843268541,0.1048760309902808,6.26373525312788
/content/drive/MyDrive/Bharatanatyam_Digital_Twin/dataset/posture_images/extracted/new_Dataset/Muzhumandi Augmented/dr_0_5163.jpg,dr_0_5163.jpg,Muzhumandi Augmented,20.971319165151762,41.99201974363807,26.03748164937153,5.182547337716675,7.102815027954171,8.82346706732301,11.786577770591348,2.75809630426765,0.1372669969009221,6.542736390638543,1.2385216292225667,48.69051052041193,0.3855687902361382,15.764643034006946,38.51255973728506,0.0633101730049983,8.71805919173078
/content/drive/MyDrive/Bharatanatyam_Digital_Twin/dataset/posture_images/extracted/new_Dataset/Muzhumandi Augmented/dr_0_5211.jpg,dr_0_5211.jpg,Muzhumandi Augmented,12.41058201418727,60.28781135657734,29.34651826551929,19.780847573113657,2.7899502027396967,0.6220914305704458,13.134851867985772,1.860891562129127,3.3035397115089458,3.461654563546148,1.7333395026863243,70.97925839407792,0.3581132086716336,13.222962268915737,31.344627291217137,0.1327984433543915,8.191461072175677
/content/drive/MyDrive/Bharatanatyam_Digital_Twin/dataset/posture_images/extracted/new_Dataset/Muzhumandi Augmented/dr_0_5318.jpg,dr_0_5318.jpg,Muzhumandi Augmented,24.751668907133677,22.635707688285066,14.734828736347447,2.346707511280901,0.4056998136767976,7.660786075454561,6.287005534189927,2.1228514801258123,3.1961980083106303,1.3026168598028678,3.229713894067734,64.30258451495978,0.392365132594459,16.41074431151702,37.759064213960926,0.1061894109161953,11.36697930967394
/content/drive/MyDrive/Bharatanatyam_Digital_Twin/dataset/posture_images/extracted/new_Dataset/Muzhumandi Augmented/dr_0_562.jpg,dr_0_562.jpg,Muzhumandi Augmented,19.77171270984328,50.441366867922156,70.58289815616898,3.1423960824850217,10.704736580953885,36.15570354235339,30.14643359049032,1.723099740703328,1.5356802183700684,1.3696434055214513,3.9628199102257775,60.89798558805917,0.2639813699432607,16.83384033736159,41.70941405866101,0.041893605769093,8.750213347654679
/content/drive/MyDrive/Bharatanatyam_Digital_Twin/dataset/posture_images/extracted/new_Dataset/Muzhumandi Augmented/dr_0_5641.jpg,dr_0_5641.jpg,Muzhumandi Augmented,9.374498290086475,52.34739346492014,17.434529435300163,2.44671163872772,0.522597170565209,5.730531765429999,6.533592502505773,18.19635479116298,17.296066897002508,17.149608498102754,18.4497105817946,71.03923399459528,0.3537029291014535,12.486544381191392,27.67997532399643,0.1120377484690146,9.667620071108727
/content/drive/MyDrive/Bharatanatyam_Digital_Twin/dataset/posture_images/extracted/new_Dataset/Muzhumandi Augmented/dr_0_6188.jpg,dr_0_6188.jpg,Muzhumandi Augmented,9.743557538805103,48.208543447514714,38.9117557370724,8.61190002324319,8.649895106661132,34.03939974312834,22.55323765252627,13.622289703047548,15.23504880263832,16.11651875490655,15.817471504262397,71.7553426842682,0.2829783765027347,14.915341860044691,39.56945087019034,0.0925251744664967,5.084049535477243
/content/drive/MyDrive/Bharatanatyam_Digital_Twin/dataset/posture_images/extracted/new_Dataset/Muzhumandi Augmented/dr_0_6254.jpg,dr_0_6254.jpg,Muzhumandi Augmented,1.3395372678494937,51.08011601208054,15.719627967440406,36.73086813318097,7.236108584933272,18.75696875369907,19.610893359813428,4.136650895091826,2.9888483566629813,1.0303984874564431,9.29570339555359,76.6650829082775,0.2839225628261322,15.723252509342863,40.19581362631856,0.0921207647309041,6.881823136979135
/content/drive/MyDrive/Bharatanatyam_Digital_Twin/dataset/posture_images/extracted/new_Dataset/Muzhumandi Augmented/dr_0_6374.jpg,dr_0_6374.jpg,Muzhumandi Augmented,23.638499231580454,36.623355210817564,26.700969424953172,10.3113863884045,2.69103354484406,23.77990478974484,15.87082353698664,3.384254644989782,1.3601724984107766,2.630885611018648,1.0435799692247263,61.0123326358507,0.2966069893197832,13.982122655719984,35.66863557793613,0.0564993681968831,6.221233021026944
/content/drive/MyDrive/Bharatanatyam_Digital_Twin/dataset/posture_images/extracted/new_Dataset/Muzhumandi Augmented/dr_0_6394.jpg,dr_0_6394.jpg,Muzhumandi Augmented,10.983635332701443,48.23539802229547,28.3174700693211,16.060137926743696,15.94978316662491,0.2650536239701577,15.148111196664969,2.909343508395205,1.8878930516226704,1.7886364456219934,3.122330900404734,65.12812189583461,0.2928142655735528,16.00469105298557,40.13838842217793,0.062149576589568,7.813535160189209
/content/drive/MyDrive/Bharatanatyam_Digital_Twin/dataset/posture_images/extracted/new_Dataset/Muzhumandi Augmented/dr_0_6831.jpg,dr_0_6831.jpg,Muzhumandi Augmented,21.68982077253012,38.86343980130106,14.058555601021125,18.239249658518613,3.929564072598266,11.03258227687525,11.814987902253314,8.566471005132968,7.189236961013052,10.425393941374892,6.551712174393497,63.44764799035677,0.275908203018238,14.477195464025115,35.73871776897693,0.0499541153532088,7.642914507745211
/content/drive/MyDrive/Bharatanatyam_Digital_Twin/dataset/posture_images/extracted/new_Dataset/Muzhumandi Augmented/dr_0_6902.jpg,dr_0_6902.jpg,Muzhumandi Augmented,6.7385033161585,44.21439270066378,14.333967707099765,10.939967944401184,10.238437886350658,24.78100305075645,15.073344147152014,10.696191248234328,10.9700433442583,6.281874560770092,12.85169395871528,67.37090645880672,0.3680470958231928,13.80932483592152,36.29004746012064,0.1263990368038221,5.011528010840092
/content/drive/MyDrive/Bharatanatyam_Digital_Twin/dataset/posture_images/extracted/new_Dataset/Muzhumandi Augmented/dr_0_7066.jpg,dr_0_7066.jpg,Muzhumandi Augmented,3.523095613813865,47.44052378501519,4.670409469145696,11.28317105303418,10.307245226989629,34.43628541721655,15.174277791596516,3.201274742823756,2.7082915595586314,4.764218072409307,0.6070965542174087,75.23387824027188,0.2800188493839987,15.097094498901225,38.3105897060712,0.0784616169811201,6.9022321736513454
/content/drive/MyDrive/Bharatanatyam_Digital_Twin/dataset/posture_images/extracted/new_Dataset/Muzhumandi Augmented/dr_0_7271.jpg,dr_0_7271.jpg,Muzhumandi Augmented,15.856274228554113,38.64312505938436,19.875653838901588,19.83508102397684,11.494072391361671,55.062860122638114,26.566916844219552,18.880280002882984,14.886888360125596,11.1019315046546,13.958043442959395,35.232106506339264,0.3860144081579945,15.903289112260993,37.107197625650045,0.0820391596196735,10.520630551513252
/content/drive/MyDrive/Bharatanatyam_Digital_Twin/dataset/posture_images/extracted/new_Dataset/Muzhumandi Augmented/dr_0_7371.jpg,dr_0_7371.jpg,Muzhumandi Augmented,16.79514277761443,37.44611731059267,57.189122933691536,16.723909858800205,7.302630388349045,9.98938897922461,22.801263040016348,22.743089138005445,19.34813341593912,21.10275313652008,15.639408520366402,30.286897911610343,0.3348480696149072,14.792357073844135,37.27819169600785,0.0284337182550881,7.070445807269462
/content/drive/MyDrive/Bharatanatyam_Digital_Twin/dataset/posture_images/extracted/new_Dataset/Muzhumandi Augmented/dr_0_7453.jpg,dr_0_7453.jpg,Muzhumandi Augmented,17.473802355992653,33.18484094268898,37.39621655202562,13.852363654570338,2.525498693217277,9.25187636929112,15.75648881727609,17.8469605937803,17.263112786840328,16.27111220307091,16.21759181055596,52.52696011789974,0.3128983123229438,13.565209830061264,34.196260110146056,0.0597723127033697,6.439597067334367
/content/drive/MyDrive/Bharatanatyam_Digital_Twin/dataset/posture_images/extracted/new_Dataset/Muzhumandi Augmented/dr_0_7459.jpg,dr_0_7459.jpg,Muzhumandi Augmented,11.01975264411082,54.89304962477766,22.14045815186158,0.077754307757906,10.706232061546524,7.58754051051484,10.127996257920213,17.6031144730024,13.703193723945343,16.42760527649929,19.99777029863612,70.86836305643172,0.3326250558333057,12.768877643857364,31.563188279923278,0.1024330903770138,6.641011561271798
/content/drive/MyDrive/Bharatanatyam_Digital_Twin/dataset/posture_images/extracted/new_Dataset/Muzhumandi Augmented/dr_0_7518.jpg,dr_0_7518.jpg,Muzhumandi Augmented,21.113262653535493,38.31055335066861,3.50982313260945,19.52009908166981,11.378176802536125,47.8980495081296,20.57653713123625,3.4781135528760103,1.837153443807637,0.5774775540283201,2.6709411094716287,71.296130440484,0.3182781028778834,16.318077376247086,38.509238669519256,0.0979141967865604,10.347079262435445
/content/drive/MyDrive/Bharatanatyam_Digital_Twin/dataset/posture_images/extracted/new_Dataset/Muzhumandi Augmented/dr_0_7684.jpg,dr_0_7684.jpg,Muzhumandi Augmented,12.918951947756714,55.84817761146465,33.50301131908447,30.28837323717928,12.592198088691209,32.50264396871459,27.221556653417387,13.788288366888992,15.809376782542929,8.902140875147296,18.005923364735903,71.71411043635192,0.3379091974802968,12.28508445105705,31.07363341543933,0.1018386893868799,5.679781248344936
/content/drive/MyDrive/Bharatanatyam_Digital_Twin/dataset/posture_images/extracted/new_Dataset/Muzhumandi Augmented/dr_0_7924.jpg,dr_0_7924.jpg,Muzhumandi Augmented,4.408507192478616,38.29949702857553,1.5321376469974173,8.59050860447182,4.123551841816761,0.6164292199195696,3.715656828301392,12.406743026616358,10.081789369651036,14.959556154782543,9.637359084652164,65.46485577137112,0.3467670771794924,15.597221752773429,34.53107675732337,0.1155895133092965,12.144998987687616
/content/drive/MyDrive/Bharatanatyam_Digital_Twin/dataset/posture_images/extracted/new_Dataset/Muzhumandi Augmented/dr_0_8120.jpg,dr_0_8120.jpg,Muzhumandi Augmented,7.746488862884153,56.31393201392419,0.1557703829863815,40.87731748936203,9.87411465325237,25.39503707912215,19.07555990118073,6.881707046069494,3.3363549465827878,4.13797297051417,13.610378177112878,72.24835802117589,0.3067114705602778,16.854315383857003,43.43743964474052,0.1194786335440857,7.00602787328641
/content/drive/MyDrive/Bharatanatyam_Digital_Twin/dataset/posture_images/extracted/new_Dataset/Muzhumandi Augmented/dr_0_8210.jpg,dr_0_8210.jpg,Muzhumandi Augmented,12.010420985663746,28.63715843184496,63.187594714254494,4.232594332578564,2.666776542182742,4.600003353771124,18.67174223569673,22.34118783645972,19.556598973981178,29.005907571008763,17.564798529280758,49.91636072864277,0.370357125120818,16.015794059499637,36.25179625775755,0.0892371134280702,11.706348807313294
/content/drive/MyDrive/Bharatanatyam_Digital_Twin/dataset/posture_images/extracted/new_Dataset/Muzhumandi Augmented/dr_0_8656.jpg,dr_0_8656.jpg,Muzhumandi Augmented,19.243753555933697,32.51733194734775,51.37755950710444,12.047619571614057,1.7575776728476864,23.74265675954787,22.231353377778515,15.787658650621074,14.05202156920321,13.14492639123771,13.154078896758746,63.78248541715579,0.3106380461194791,13.020769248963587,33.987134539257084,0.0626982733084041,5.012474934325269
/content/drive/MyDrive/Bharatanatyam_Digital_Twin/dataset/posture_images/extracted/new_Dataset/Muzhumandi Augmented/dr_0_8775.jpg,dr_0_8775.jpg,Muzhumandi Augmented,21.145865068225806,29.956671567443053,42.41809537401336,5.460508111255559,5.729652613463779,0.662648918535428,13.56772625431703,14.164738759641352,12.395347525469418,15.129956273380571,11.167598321948107,63.4698404820853,0.3111452848276137,14.756064468634731,34.977786809500415,0.0666201875165477,9.22378640888724
/content/drive/MyDrive/Bharatanatyam_Digital_Twin/dataset/posture_images/extracted/new_Dataset/Muzhumandi Augmented/dr_0_879.jpg,dr_0_879.jpg,Muzhumandi Augmented,12.013892496578737,39.47318493520555,17.22671231900794,10.607202594672458,13.466331884773163,51.15880422914303,23.11476275689915,8.225751181124089,8.260130365614204,6.426093604560446,7.64405584092361,68.52152854926607,0.2901143493349168,15.860391187152167,37.8948229983004,0.0717586146467174,9.614591948509386
/content/drive/MyDrive/Bharatanatyam_Digital_Twin/dataset/posture_images/extracted/new_Dataset/Muzhumandi Augmented/dr_0_8968.jpg,dr_0_8968.jpg,Muzhumandi Augmented,10.507521505501963,44.37777270236709,14.968800833369396,7.934015921017357,8.218730591859295,20.66079238766168,12.945584933476932,3.68165774016245,3.367559029926497,0.8604417057665614,5.531952015349868,62.52332565610776,0.3316444090183088,14.81991664952321,37.88239123706573,0.0892477334305506,6.488110978073343
/content/drive/MyDrive/Bharatanatyam_Digital_Twin/dataset/posture_images/extracted/new_Dataset/Muzhumandi Augmented/dr_0_8972.jpg,dr_0_8972.jpg,Muzhumandi Augmented,12.986967645559556,22.201906402641185,7.08477014174996,3.6746333506639903,23.98214829231425,31.07437706298747,16.453982211928917,22.802986185547685,19.61464684760157,30.469686349585427,15.31591938685382,60.49121291263996,0.4024151251614331,12.344739558263074,30.619301980405368,0.0903362084474976,6.324580485936359
/content/drive/MyDrive/Bharatanatyam_Digital_Twin/dataset/posture_images/extracted/new_Dataset/Muzhumandi Augmented/dr_0_9448.jpg,dr_0_9448.jpg,Muzhumandi Augmented,22.45473093230992,48.04923896320324,1.3648392362984212,10.592969679220154,25.18775798225999,32.75920382468309,17.476192680615412,11.423441121340945,10.27787728602081,9.098177018113716,10.973544908091611,67.76413547956615,0.3654604678833155,14.240384543615834,32.7578698322476,0.1275386649631492,9.835745133636756
/content/drive/MyDrive/Bharatanatyam_Digital_Twin/dataset/posture_images/extracted/new_Dataset/Muzhumandi Augmented/dr_0_95.jpg,dr_0_95.jpg,Muzhumandi Augmented,31.843387780719908,15.227050467191752,19.682565143384267,2.623958056048864,13.960968371290273,10.267528409215045,11.633754994984612,5.96916972263983,3.790469311116391,3.5157436975579714,4.7465807025681945,68.48921477292203,0.3539702080881993,15.539776366374689,37.46584735320504,0.0140373348946597,9.139444411024373
/content/drive/MyDrive/Bharatanatyam_Digital_Twin/dataset/posture_images/extracted/new_Dataset/Muzhumandi Augmented/dr_0_982.jpg,dr_0_982.jpg,Muzhumandi Augmented,20.850857562048297,48.19338533843175,44.923641493551344,8.288598605890593,24.097937676864635,2.397950687941877,19.92703211606211,11.25151249957614,11.17544410710079,7.440428981244973,9.643455335749456,69.02670689536306,0.2964365779682409,15.4808980937946,39.53389109505253,0.0873291515063838,6.821474034824886
/content/drive/MyDrive/Bharatanatyam_Digital_Twin/dataset/posture_images/extracted/new_Dataset/Muzhumandi Augmented/dr_0_9950.jpg,dr_0_9950.jpg,Muzhumandi Augmented,29.49345741195195,43.14625286771302,13.748055575521084,11.056515323864115,4.158092949658382,13.937746791310202,10.725102660088448,0.5864762645246723,4.021860686701467,1.0776146511730331,1.8334484759078065,64.52970355379787,0.3737491458118287,17.173139193903832,42.84808964500976,0.0761195559306118,8.595208380771131
/content/drive/MyDrive/Bharatanatyam_Digital_Twin/dataset/posture_images/extracted/new_Dataset/Muzhumandi Augmented/dr_0_9971.jpg,dr_0_9971.jpg,Muzhumandi Augmented,24.8226725624554,17.113272071265108,26.812824936974412,6.793909002469377,9.17155600060966,15.190400835726775,14.492172693945058,2.0207033584973337,3.6526054783074784,8.338175051261628,4.114147957389428,35.38622329269725,0.3821826126964734,10.804946460144311,26.64444561566441,0.0421439083164917,5.728249856452033
/content/drive/MyDrive/Bharatanatyam_Digital_Twin/dataset/posture_images/extracted/new_Dataset/Muzhumandi Augmented/dr_1_11.jpg,dr_1_11.jpg,Muzhumandi Augmented,35.56241665920324,18.066589978436923,29.875567601802533,16.182637680710794,29.24268378420053,9.15994724120139,21.11520907697881,15.893642491024425,15.065860461593786,13.170063378729054,22.22420168929627,73.96852121759822,0.3337032686944758,11.696869637977036,25.77128350099504,0.0199148677881109,9.29941054514796
/content/drive/MyDrive/Bharatanatyam_Digital_Twin/dataset/posture_images/extracted/new_Dataset/Muzhumandi Augmented/dr_1_1275.jpg,dr_1_1275.jpg,Muzhumandi Augmented,12.943390942568822,24.903783207424397,28.79827029616297,12.954681888456433,32.03592904057605,14.155534206394584,21.986103857897508,15.952879295277969,16.816784884737928,17.514282255238555,10.266841211423992,42.13758155060951,0.4211908048216745,8.945979974175891,19.900139086582865,0.0686757813745874,6.869125054570223
/content/drive/MyDrive/Bharatanatyam_Digital_Twin/dataset/posture_images/extracted/new_Dataset/Muzhumandi Augmented/dr_1_1389.jpg,dr_1_1389.jpg,Muzhumandi Augmented,70.9072025134948,42.16607685573076,30.02845923615553,16.874344912078417,2.8765123128939054,2.653822580870961,13.108284760499703,3.0202629701518657,3.3280781147785268,2.2187158100352136,0.6524314679800547,7.682149056770177,0.4466331707588537,19.30449662859702,43.03293968720664,0.0930997782573316,14.787450420327083
/content/drive/MyDrive/Bharatanatyam_Digital_Twin/dataset/posture_images/extracted/new_Dataset/Muzhumandi Augmented/dr_1_150.jpg,dr_1_150.jpg,Muzhumandi Augmented,22.67012372496088,14.898040754872214,31.26487958329907,8.860249633569046,5.454981329069039,40.183779641338326,21.44097254681887,5.596410076613125,5.309821171898307,5.538348874963077,5.920015346453318,69.30827180528428,0.3501844652270102,10.055101082749765,18.03399805392816,0.0367459264138401,12.094559267907297
/content/drive/MyDrive/Bharatanatyam_Digital_Twin/dataset/posture_images/extracted/new_Dataset/Muzhumandi Augmented/dr_1_1922.jpg,dr_1_1922.jpg,Muzhumandi Augmented,39.822270588383304,7.019454752752814,13.36874198000394,3.418879238589234,25.770981994119207,20.348162855587315,15.726691517074924,10.858905704663073,10.90277349010978,7.143344328914054,15.445758867160876,83.69753550919879,0.3577251662637959,9.732295765387162,18.18211954497249,0.0328595202103309,10.981908230978664
/content/drive/MyDrive/Bharatanatyam_Digital_Twin/dataset/posture_images/extracted/new_Dataset/Muzhumandi Augmented/dr_1_1948.jpg,dr_1_1948.jpg,Muzhumandi Augmented,21.24110194533055,6.398688071953551,13.612024757234945,3.259497603105592,9.294026811253111,0.9864173055255838,6.787991619279808,2.1319846051515867,2.066175482547038,2.041885418114447,0.7122867861058384,51.14692095188819,0.3947598503954778,7.986597020926077,14.429956184002233,0.0508967972678197,9.47893808150818
/content/drive/MyDrive/Bharatanatyam_Digital_Twin/dataset/posture_images/extracted/new_Dataset/Muzhumandi Augmented/dr_1_2036.jpg,dr_1_2036.jpg,Muzhumandi Augmented,16.374153930551273,7.9993053874164275,82.97992458155309,9.799685876479138,30.038244912521822,32.233874052360214,38.762932355728566,15.551920165466695,18.88618091708813,12.486799824146257,21.18887459178332,35.71330706775147,0.3620874254124566,9.545587288375277,13.566971188737597,0.0489009522929352,15.020889724095293
/content/drive/MyDrive/Bharatanatyam_Digital_Twin/dataset/posture_images/extracted/new_Dataset/Muzhumandi Augmented/dr_1_2125.jpg,dr_1_2125.jpg,Muzhumandi Augmented,33.46281004735448,3.0452663056043363,17.503825441457163,2.2219085654649384,16.50762834060286,5.145066859881179,10.344607301851536,17.07355361775882,12.231465481236803,14.130098286306358,15.84213160207569,75.43086726263007,0.4782097513954088,8.922426475797563,17.583721225552523,0.0403669601646491,9.143191241675517
/content/drive/MyDrive/Bharatanatyam_Digital_Twin/dataset/posture_images/extracted/new_Dataset/Muzhumandi Augmented/dr_1_2165.jpg,dr_1_2165.jpg,Muzhumandi Augmented,19.48814762874356,12.746005619617733,29.79457972966256,4.478701553357644,19.30660331662033,4.879485697497026,14.614842574284392,9.653533086085416,6.358985483602794,11.803592676909972,8.612693223821106,60.15588305609448,0.3741998328603218,8.740114667171218,18.6633358187999,0.0340708630910306,7.522937319622719
/content/drive/MyDrive/Bharatanatyam_Digital_Twin/dataset/posture_images/extracted/new_Dataset/Muzhumandi Augmented/dr_1_233.jpg,dr_1_233.jpg,Muzhumandi Augmented,28.452219359870185,5.944168270456459,23.276441345608774,8.37217192813414,22.7739011579185,2.472470340864256,14.223746193131417,13.711988156906727,12.999796914248122,13.129470691296376,16.948104213219057,69.58619286900125,0.3365167741720304,8.85379076591984,16.898761518981324,0.0482574254784139,9.61435335329978
/content/drive/MyDrive/Bharatanatyam_Digital_Twin/dataset/posture_images/extracted/new_Dataset/Muzhumandi Augmented/dr_1_2462.jpg,dr_1_2462.jpg,Muzhumandi Augmented,33.55792019656195,5.350566945797432,6.8503942198711965,10.095417706210496,11.979112835576752,23.811324437974672,13.18406229990828,3.857264572058142,3.981247295521434,2.066314668718646,4.899017819826844,74.70200881163969,0.4096654285402779,7.584260632921944,15.403291186439931,0.04746614102367,7.302024571302229
/content/drive/MyDrive/Bharatanatyam_Digital_Twin/dataset/posture_images/extracted/new_Dataset/Muzhumandi Augmented/dr_1_2630.jpg,dr_1_2630.jpg,Muzhumandi Augmented,18.00477838874195,12.643092738634664,13.067305090425494,1.3161595197781388,16.9372152452201,1.3018476190937236,8.155631868629364,6.08353925370165,10.770353541260102,9.265462042081282,3.852384311481962,53.78138195620391,0.4264986550397239,10.486231919188084,20.63858227439288,0.0503052092892382,10.769808273882134
/content/drive/MyDrive/Bharatanatyam_Digital_Twin/dataset/posture_images/extracted/new_Dataset/Muzhumandi Augmented/dr_1_2780.jpg,dr_1_2780.jpg,Muzhumandi Augmented,10.49499847450798,13.9703311610945,14.597792673688245,9.252688472700124,11.571195855049805,5.64627524537894,10.26698806170428,21.091080175709287,10.5618143450846,20.47960762124122,13.558597131020358,33.951828171705095,0.3590092835996111,7.819185934452207,18.129252607133957,0.0446554092964899,5.283649786926181
/content/drive/MyDrive/Bharatanatyam_Digital_Twin/dataset/posture_images/extracted/new_Dataset/Muzhumandi Augmented/dr_1_2911.jpg,dr_1_2911.jpg,Muzhumandi Augmented,19.669301346249178,7.353648725489876,67.62136680841299,4.849965035308409,11.936370316353203,14.734857317512375,24.785639869396743,20.891934204405292,19.87974037478292,21.19622899557605,21.621909194039333,41.33221934564987,0.3548200525616279,6.674055306420253,14.202995505888556,0.0573171173820709,5.761853295990129
/content/drive/MyDrive/Bharatanatyam_Digital_Twin/dataset/posture_images/extracted/new_Dataset/Muzhumandi Augmented/dr_1_2945.jpg,dr_1_2945.jpg,Muzhumandi Augmented,28.353814950803596,33.624844713048894,107.96430079772028,9.76953413054924,36.284002467206335,1.8591808042367248,38.96925454992815,17.73756229971832,19.03320080138076,16.513370217927417,10.69442902752878,64.24941666457875,0.483319262732053,16.194285985501807,23.965800923423327,0.0306039841176083,24.586453048964483
/content/drive/MyDrive/Bharatanatyam_Digital_Twin/dataset/posture_images/extracted/new_Dataset/Muzhumandi Augmented/dr_1_300.jpg,dr_1_300.jpg,Muzhumandi Augmented,13.523310718520545,12.054867345101783,27.39441150132937,3.5963277699692777,21.57991312173837,14.91140696898514,16.870514840505543,5.4832803868478495,1.4577528726510245,5.67430388076986,6.063957970806212,50.331363474348,0.3154270694832244,6.702330901912532,14.529171551448862,0.0397317318605788,5.538089422428155
/content/drive/MyDrive/Bharatanatyam_Digital_Twin/dataset/posture_images/extracted/new_Dataset/Muzhumandi Augmented/dr_1_3234.jpg,dr_1_3234.jpg,Muzhumandi Augmented,85.84503305565141,59.54361158945043,2.065115803084681,23.57329496699727,15.501577204700393,4.647501604393475,11.446872394793957,19.04842665153112,6.9811841619196,28.327435244486168,9.33731251449083,15.313390702169295,0.4239172252042799,21.980588125696325,52.08244086622752,0.0580510244679698,13.801272486393485
/content/drive/MyDrive/Bharatanatyam_Digital_Twin/dataset/posture_images/extracted/new_Dataset/Muzhumandi Augmented/dr_1_3334.jpg,dr_1_3334.jpg,Muzhumandi Augmented,96.25922190693676,79.52599172655223,1.9771885762468733,5.278358889377266,19.54962378298341,83.88330811741595,27.672119841505875,21.96307902391024,33.024446611272964,68.8376057516881,22.820359441079454,28.82096830168609,0.2938325857516973,28.06553354179913,70.20810216975875,0.1007032162655087,13.887795239373135
/content/drive/MyDrive/Bharatanatyam_Digital_Twin/dataset/posture_images/extracted/new_Dataset/Muzhumandi Augmented/dr_1_3408.jpg,dr_1_3408.jpg,Muzhumandi Augmented,46.095059662185385,24.79454624960985,8.97515911217991,1.3670035970764085,95.07782791820534,7.936033909898302,28.33900613433999,84.03680923122118,75.8854905206716,74.1779179997892,89.82838598760175,74.6340409422128,0.1767060338529813,16.024594968706694,37.19335083750744,0.1665408571055192,10.713893211507129
/content/drive/MyDrive/Bharatanatyam_Digital_Twin/dataset/posture_images/extracted/new_Dataset/Muzhumandi Augmented/dr_1_3419.jpg,dr_1_3419.jpg,Muzhumandi Augmented,22.087506664918408,11.812281713459207,33.66497559328321,5.377210400759084,6.437256822932009,10.563922315324769,14.010841283074768,19.74768352473916,21.144622870998745,18.32925994241484,20.93891179816095,68.35572444867111,0.3216541298906413,6.318068884923293,14.09740114497652,0.0613760968695149,4.795429412923847
/content/drive/MyDrive/Bharatanatyam_Digital_Twin/dataset/posture_images/extracted/new_Dataset/Muzhumandi Augmented/dr_1_3536.jpg,dr_1_3536.jpg,Muzhumandi Augmented,22.94222581680548,5.543673136280546,16.005979883519732,6.407169753219111,20.70683073874599,5.388962079822611,12.127235613826862,13.342611174421506,6.516857542899658,9.368980825662504,10.741675723153003,53.513908970537656,0.4219659188317056,8.893448802461828,18.070205817560165,0.0241646388726316,8.58597595095269
/content/drive/MyDrive/Bharatanatyam_Digital_Twin/dataset/posture_images/extracted/new_Dataset/Muzhumandi Augmented/dr_1_3866.jpg,dr_1_3866.jpg,Muzhumandi Augmented,13.527985959757284,12.047557491437857,29.223542118169497,20.06013429444876,25.49791749857147,2.987425395234123,19.44225482660596,12.002377399924208,5.903221671598909,15.306730026471389,7.336764061428275,46.87523608551764,0.4501765328168578,8.289890933172527,14.51652873506866,0.0102352422764642,10.342908822172456
/content/drive/MyDrive/Bharatanatyam_Digital_Twin/dataset/posture_images/extracted/new_Dataset/Muzhumandi Augmented/dr_1_4117.jpg,dr_1_4117.jpg,Muzhumandi Augmented,22.64826906963134,10.881294284039392,28.43068250159728,14.874597633351524,13.949384467057708,12.25003192375061,17.376174131439278,9.96921382162762,6.97228854719083,6.888224416480726,9.143431576707878,57.96124695476845,0.3472044105093733,7.175472764201665,17.874627869678655,0.0334459885028771,3.618344434423462
/content/drive/MyDrive/Bharatanatyam_Digital_Twin/dataset/posture_images/extracted/new_Dataset/Muzhumandi Augmented/dr_1_4240.jpg,dr_1_4240.jpg,Muzhumandi Augmented,21.650215855359157,5.968140652160955,20.96746470070649,1.6269773685245614,19.532584210091024,30.64010512320136,18.191782850630855,3.099420544205202,1.8157390338613184,2.190353834673614,0.317618406404347,42.97635172595322,0.3713826677957123,8.836264569387458,14.202290017703463,0.0538599683363742,12.252643722122537
/content/drive/MyDrive/Bharatanatyam_Digital_Twin/dataset/posture_images/extracted/new_Dataset/Muzhumandi Augmented/dr_1_4420.jpg,dr_1_4420.jpg,Muzhumandi Augmented,13.163437475211298,13.717240461985535,1.175104645505002,10.517289881319645,2.4561023527389274,1.7879278171676645,3.9841061741828097,23.32735541736227,18.83983214753852,24.445306199803497,19.060789646330225,48.47930473662214,0.3656936168956105,10.26861040876154,20.460215333151982,0.0611642707214787,10.284451622411162
/content/drive/MyDrive/Bharatanatyam_Digital_Twin/dataset/posture_images/extracted/new_Dataset/Muzhumandi Augmented/dr_1_4523.jpg,dr_1_4523.jpg,Muzhumandi Augmented,29.849887434431324,16.06777784711941,65.56147261332394,1.6856087283336867,17.553664553638693,4.712412094387255,22.37828949742089,1.2783809382211473,4.378760518230765,0.7192365131491868,2.6468618664398256,80.57771665828525,0.4366747774572272,8.898871896437111,19.513547330630853,0.0231837345395435,7.159884624140937
/content/drive/MyDrive/Bharatanatyam_Digital_Twin/dataset/posture_images/extracted/new_Dataset/Muzhumandi Augmented/dr_1_4570.jpg,dr_1_4570.jpg,Muzhumandi Augmented,37.71480545584369,11.746284896016519,15.221829166468412,8.589702420981164,6.20712821715888,2.867828696497698,8.221622125276538,13.785085704450829,16.75530970753558,11.88997317071659,18.45251560228187,80.10834076918447,0.3591699762694377,11.218100037754732,24.53688184564164,0.0240003055230111,9.09341796209955
/content/drive/MyDrive/Bharatanatyam_Digital_Twin/dataset/posture_images/extracted/new_Dataset/Muzhumandi Augmented/dr_1_4908.jpg,dr_1_4908.jpg,Muzhumandi Augmented,32.0436813337956,7.42271437214155,47.44633759950928,14.009513432641626,16.791129984892603,2.804813445771365,20.26294861570372,9.256456476412724,7.588005674729629,6.43438404186071,7.652949861194402,69.4623081915206,0.3884636994429389,8.662597101817962,18.659458984849117,0.0218790081610967,7.306453312443675
/content/drive/MyDrive/Bharatanatyam_Digital_Twin/dataset/posture_images/extracted/new_Dataset/Muzhumandi Augmented/dr_1_5073.jpg,dr_1_5073.jpg,Muzhumandi Augmented,35.14671339733758,4.13873464954213,51.55475651011401,2.03028232822616,25.077938415619027,0.1853118315133516,19.712072271368136,15.538337311474573,14.801305682054958,15.114825097443513,17.419851383656795,67.20961465958456,0.368878205258706,10.881514969438864,21.090956047640027,0.0147770021700727,11.538811858506492
/content/drive/MyDrive/Bharatanatyam_Digital_Twin/dataset/posture_images/extracted/new_Dataset/Muzhumandi Augmented/dr_1_519.jpg,dr_1_519.jpg,Muzhumandi Augmented,30.975491883882587,10.757187358200184,51.68607851538408,21.646755065309893,20.961930304100683,2.3936251063101266,24.1720972477762,7.617076812502603,6.696059662020844,3.744525626977264,9.949488038550031,80.43068723351155,0.4100543459262759,9.916569104578969,19.507220474448197,0.0197709198157445,10.222715919472964
/content/drive/MyDrive/Bharatanatyam_Digital_Twin/dataset/posture_images/extracted/new_Dataset/Muzhumandi Augmented/dr_1_5198.jpg,dr_1_5198.jpg,Muzhumandi Augmented,36.163220394507604,8.028682366400417,36.98643831029693,2.3624250799690603,36.39760382948326,19.98078528861314,23.9318131270906,2.019370767130312,1.7667777286574449,0.2356359380155765,3.721622146198384,82.63018266985932,0.3378973317606337,10.899324664809583,20.321681411181324,0.0245444201104423,12.351748163136984
/content/drive/MyDrive/Bharatanatyam_Digital_Twin/dataset/posture_images/extracted/new_Dataset/Muzhumandi Augmented/dr_1_5219.jpg,dr_1_5219.jpg,Muzhumandi Augmented,27.298593763678134,6.173962645108901,19.70018563101432,11.19814026793158,27.71374078682057,11.627260139117473,17.559831706220983,6.2677766887675554,2.1522956966593187,5.414209331624372,2.9190045441427626,66.66636420803988,0.4673132756638906,8.854902120483693,19.469823082598264,0.0410662895947195,7.053816989258097
/content/drive/MyDrive/Bharatanatyam_Digital_Twin/dataset/posture_images/extracted/new_Dataset/Muzhumandi Augmented/dr_1_5390.jpg,dr_1_5390.jpg,Muzhumandi Augmented,34.61216273874085,5.594773826236498,12.562247019071837,2.824511411952518,12.138705467381175,13.314660598172653,10.210031124144546,18.64886699356637,16.832743643334624,16.134335788971327,16.129082518915578,76.22167499498049,0.4329251480079876,7.160033377332055,16.387681252080625,0.0355262526393119,5.056892627276227
/content/drive/MyDrive/Bharatanatyam_Digital_Twin/dataset/posture_images/extracted/new_Dataset/Muzhumandi Augmented/dr_1_5718.jpg,dr_1_5718.jpg,Muzhumandi Augmented,31.816112971485648,25.651089144840693,1.3904581652507422,9.35047474054415,3.852408493559565,18.69541867877049,8.322190019531238,15.652752008661064,6.765144524672003,29.268538209985035,12.995249563971186,14.16925809264628,0.3681178159000138,13.441687724917564,31.08168647462172,0.145255968573824,9.098120731557149
/content/drive/MyDrive/Bharatanatyam_Digital_Twin/dataset/posture_images/extracted/new_Dataset/Muzhumandi Augmented/dr_1_5787.jpg,dr_1_5787.jpg,Muzhumandi Augmented,42.19159749185502,9.357161986420785,13.080610795935534,18.39859886121312,16.339935069992002,0.7461497739942593,12.141323625283729,14.492796810081586,12.76958139715515,13.839956353032534,12.737193914796926,73.50004342812642,0.428809558282018,11.908323335839896,24.561590842212897,0.0420531577552825,11.121326007551511
/content/drive/MyDrive/Bharatanatyam_Digital_Twin/dataset/posture_images/extracted/new_Dataset/Muzhumandi Augmented/dr_1_5843.jpg,dr_1_5843.jpg,Muzhumandi Augmented,33.49025210166191,7.67424515847798,8.226649516148099,2.805379680369477,30.27190561489755,14.741190064844044,14.011281219064792,6.449393968558453,5.815759685541185,4.388850679477084,8.72621265189547,82.24738023995701,0.338587707050254,9.691602025275936,18.712300270969504,0.0136288215747941,10.348876983283509
/content/drive/MyDrive/Bharatanatyam_Digital_Twin/dataset/posture_images/extracted/new_Dataset/Muzhumandi Augmented/dr_1_5976.jpg,dr_1_5976.jpg,Muzhumandi Augmented,24.20717862915977,6.317325757974508,94.85926268726988,16.222410432146177,9.808320642092683,6.363639151365192,31.813408228218485,9.289284001519828,7.361782697332358,13.123133580203676,8.20814070900264,58.73613186810108,0.3943100243737094,7.875988408542256,16.138377008966202,0.0290212280812701,7.460566988579293
/content/drive/MyDrive/Bharatanatyam_Digital_Twin/dataset/posture_images/extracted/new_Dataset/Muzhumandi Augmented/dr_1_6017.jpg,dr_1_6017.jpg,Muzhumandi Augmented,42.13115782605858,6.141253848947393,20.677980357837367,11.78648014821986,26.2085529117664,5.45518317468476,16.032049148127097,9.539357535329591,8.553560100766052,7.926744261107389,12.434347709862877,80.04837664684368,0.3578529332375315,10.076953936069083,20.3986543923176,0.0290253072378548,9.8031821086518
/content/drive/MyDrive/Bharatanatyam_Digital_Twin/dataset/posture_images/extracted/new_Dataset/Muzhumandi Augmented/dr_1_6594.jpg,dr_1_6594.jpg,Muzhumandi Augmented,31.930730421436483,3.42757311547399,30.04803009008807,2.135174524292028,23.705516389849347,8.815785739289181,16.176126685879655,7.554895616194386,1.46092991199626,5.619652100213443,5.916475736034871,75.97490268800618,0.4508797367129664,9.721251012242554,20.673384649925413,0.0280713376959925,8.462297049106258
/content/drive/MyDrive/Bharatanatyam_Digital_Twin/dataset/posture_images/extracted/new_Dataset/Muzhumandi Augmented/dr_1_7116.jpg,dr_1_7116.jpg,Muzhumandi Augmented,25.421372019382467,11.530165471280782,6.973732921508448,3.078268127043656,8.279202133160322,8.254981681519077,6.646546215807875,11.92345168435474,5.884391060957713,10.46718831131568,8.377278368770487,71.82959719045431,0.3993904087363204,9.061468613192591,19.67091041462029,0.0406740512967156,7.472821373660769
/content/drive/MyDrive/Bharatanatyam_Digital_Twin/dataset/posture_images/extracted/new_Dataset/Muzhumandi Augmented/dr_1_727.jpg,dr_1_727.jpg,Muzhumandi Augmented,29.114867309127792,15.583809225425583,25.03774328868075,1.1663888803213485,14.622897516730156,8.376926075187185,12.30098894022986,3.1152633641897016,7.477649358776746,3.4650868863747086,4.599595727281243,80.1297829717721,0.357708256104836,9.113134157426371,20.296156623955397,0.0608834247795332,6.982362423544192
/content/drive/MyDrive/Bharatanatyam_Digital_Twin/dataset/posture_images/extracted/new_Dataset/Muzhumandi Augmented/dr_1_7387.jpg,dr_1_7387.jpg,Muzhumandi Augmented,17.766863193474162,13.98695665052333,46.95179493698642,19.03441971441057,6.94572009190747,23.770945926795257,24.17572016752493,8.31460637053122,8.152401788302084,1.8053205658264555,10.727166078191116,52.35981824797793,0.3299995081733494,8.173552099851443,16.502460455128222,0.0526307087662539,7.965565135659856
/content/drive/MyDrive/Bharatanatyam_Digital_Twin/dataset/posture_images/extracted/new_Dataset/Muzhumandi Augmented/dr_1_7833.jpg,dr_1_7833.jpg,Muzhumandi Augmented,10.721749376620604,14.279634209783339,23.132816226715185,12.262676292150628,13.491186015313035,17.246959034960728,16.533409392284895,18.363793316297688,17.89109671755341,17.67163027815323,15.322080849754952,29.89442877916238,0.3544574184437778,6.232585273228281,15.203483267089757,0.0432097819844926,3.451062770610596
/content/drive/MyDrive/Bharatanatyam_Digital_Twin/dataset/posture_images/extracted/new_Dataset/Muzhumandi Augmented/dr_1_8020.jpg,dr_1_8020.jpg,Muzhumandi Augmented,104.8016189028633,64.88205184500583,13.3848794514111,4.449780011292464,153.7031190916005,3.5333063063953083,43.76777121517485,29.642961480594774,8.505915717753993,39.63263429621159,23.98152460370228,3.6134833319434376,0.1920270257008587,24.7375853833114,61.85267170036349,0.10766840221566,12.252416047355052
/content/drive/MyDrive/Bharatanatyam_Digital_Twin/dataset/posture_images/extracted/new_Dataset/Muzhumandi Augmented/dr_1_8145.jpg,dr_1_8145.jpg,Muzhumandi Augmented,40.16280244713814,7.364832916642548,71.63881677339423,9.448576971788889,2.739560916254967,2.905607567563925,21.683140557250503,1.2097211131228107,0.3483383755753095,1.9761872875756692,1.0755427153829733,86.82670212973719,0.3364051207367378,8.984533736266135,18.78258446745268,0.0382197586806476,8.132796982665077
/content/drive/MyDrive/Bharatanatyam_Digital_Twin/dataset/posture_images/extracted/new_Dataset/Muzhumandi Augmented/dr_1_8767.jpg,dr_1_8767.jpg,Muzhumandi Augmented,26.390192798042712,12.534481967605934,1.6190055807814616,2.4869103019809145,4.042265117267004,25.08801362188905,8.309048655479607,16.319346046563936,7.886699674350268,12.361420958210743,14.095562013005877,78.88534909302068,0.4045096275136026,9.509982972218518,17.057546419926577,0.0201061851163709,11.452296311612605
/content/drive/MyDrive/Bharatanatyam_Digital_Twin/dataset/posture_images/extracted/new_Dataset/Muzhumandi Augmented/dr_1_8929.jpg,dr_1_8929.jpg,Muzhumandi Augmented,33.61228910238284,5.106880393366403,67.75739908336408,9.496037591039729,0.4192988228940977,0.9589696999653168,19.657926299315804,5.249540910871995,7.289417355842928,6.353561205978249,4.755530931119899,76.9923728391157,0.3521167443680907,7.892562524275514,15.232476703160664,0.0272611762631209,8.417949693402758
/content/drive/MyDrive/Bharatanatyam_Digital_Twin/dataset/posture_images/extracted/new_Dataset/Muzhumandi Augmented/dr_1_8983.jpg,dr_1_8983.jpg,Muzhumandi Augmented,13.628747812673243,1.0018575940355419,73.48194666707451,4.576047097793209,4.211444255815584,24.963508921749145,26.808236735608112,0.7747078538689607,4.035607569924025,0.2510795226865241,0.1364953447287264,27.50690007032548,0.3535497386337894,7.083952810659196,10.496946310358872,0.0528414992758011,10.702070622342916
/content/drive/MyDrive/Bharatanatyam_Digital_Twin/dataset/posture_images/extracted/new_Dataset/Muzhumandi Augmented/dr_1_9170.jpg,dr_1_9170.jpg,Muzhumandi Augmented,27.717267074377148,3.5071640685264214,56.65382197728969,9.842639104615133,15.862195885015945,31.896635332339457,28.56382307481505,17.447049082691503,17.297997083379236,15.92531668953903,17.877020052704726,60.30698966866632,0.3223888725227327,7.671649022602662,14.849906594143285,0.0282229633513875,8.13681751031332
/content/drive/MyDrive/Bharatanatyam_Digital_Twin/dataset/posture_images/extracted/new_Dataset/Muzhumandi Augmented/dr_1_9946.jpg,dr_1_9946.jpg,Muzhumandi Augmented,11.997174991518726,19.226966988187606,26.082082552562213,10.330076106696456,17.808403614495305,8.150563183677207,15.592781364357794,18.870186004427325,17.46457002722073,18.54341300550212,15.35648397618004,41.88453988706715,0.4132531835437142,7.233663557741406,17.642974511446393,0.0216049260161355,4.036411235761689
/content/drive/MyDrive/Bharatanatyam_Digital_Twin/dataset/posture_images/extracted/new_Dataset/Muzhumandi Augmented/dr_1_9958.jpg,dr_1_9958.jpg,Muzhumandi Augmented,35.50716686313059,7.026782644948149,13.705167816920724,5.214423945049164,16.79884430559849,10.260034629045892,11.494617674153568,10.875235683636994,11.456558295443497,8.387006386352802,10.19970902507208,80.62579173291117,0.3552426687026809,9.124677902250982,20.51571043170018,0.0734919914520489,6.784831283600719
/content/drive/MyDrive/Bharatanatyam_Digital_Twin/dataset/posture_images/extracted/new_Dataset/Muzhumandi Augmented/dr_2_1239.jpg,dr_2_1239.jpg,Muzhumandi Augmented,87.17535796677441,15.280979783808789,7.009215271457441,36.73171990419208,47.65659617358203,9.489415341304422,25.22173667263399,83.41441060769644,80.25076812603783,53.07999628839227,87.90550311826738,13.21815960881348,0.4138307950001398,18.73243752492025,38.46824094453834,0.1676068673908953,17.56146476283152
/content/drive/MyDrive/Bharatanatyam_Digital_Twin/dataset/posture_images/extracted/new_Dataset/Muzhumandi Augmented/dr_2_1395.jpg,dr_2_1395.jpg,Muzhumandi Augmented,30.102373706743155,2.4200372627929596,17.41685008001308,7.6314198717282915,9.305025751200798,17.29641280045223,12.912427125848602,2.6710040378795323,0.2894472892803028,1.0679769628114737,3.745505155816394,67.76678195680253,0.3307727923812503,6.569565093224345,14.260724441155883,0.0385932511997523,5.4093775873173975
/content/drive/MyDrive/Bharatanatyam_Digital_Twin/dataset/posture_images/extracted/new_Dataset/Muzhumandi Augmented/dr_2_1660.jpg,dr_2_1660.jpg,Muzhumandi Augmented,20.14933793900464,50.78472828728532,10.82270199795648,2.2501012484893868,11.790763271715932,33.31703313523396,14.545149913348938,6.644385458362478,8.14718787270374,22.48561838919048,3.52564020298973,42.35378515734069,0.3721165827226257,11.901458721353192,26.301805256553244,0.181975108692672,9.22059579881366
/content/drive/MyDrive/Bharatanatyam_Digital_Twin/dataset/posture_images/extracted/new_Dataset/Muzhumandi Augmented/dr_2_1691.jpg,dr_2_1691.jpg,Muzhumandi Augmented,71.3151959894592,21.099550252486132,9.140389944724271,41.36934221705421,36.49741875992488,89.02032592028317,44.00686921049663,26.89962334259079,12.14115449633378,24.32718138323079,25.324834232889334,38.3306830951094,0.1430793471786872,27.468753291919118,45.92108690352815,0.1267392793244476,36.35843369290474
/content/drive/MyDrive/Bharatanatyam_Digital_Twin/dataset/posture_images/extracted/new_Dataset/Muzhumandi Augmented/dr_2_1782.jpg,dr_2_1782.jpg,Muzhumandi Augmented,13.741587713164218,5.741452278148749,48.36481373381902,7.070228628002158,2.778162027381716,2.038621749322208,15.062956534631276,4.409670318457866,9.682899340556748,6.593781504781459,5.314017438957733,39.86000766334102,0.3777084447079023,6.9269161072960665,12.116443101132996,0.0377289087242253,8.626576312030977
/content/drive/MyDrive/Bharatanatyam_Digital_Twin/dataset/posture_images/extracted/new_Dataset/Muzhumandi Augmented/dr_2_1857.jpg,dr_2_1857.jpg,Muzhumandi Augmented,11.876680751035536,17.023237458696357,26.48579704851738,11.64637328997477,2.397673778485661,9.875499662620127,12.601335944899484,12.71477159349243,7.741008551688793,8.542773307062902,11.663146170346328,46.432092100362055,0.3022987430074333,5.743946252338989,11.89110539040434,0.0738277974462858,5.2669055691663385
/content/drive/MyDrive/Bharatanatyam_Digital_Twin/dataset/posture_images/extracted/new_Dataset/Muzhumandi Augmented/dr_2_1860.jpg,dr_2_1860.jpg,Muzhumandi Augmented,52.27359246626912,80.95259301452691,2.968957122234299,56.90254438702183,5.411794040276856,25.00704342879861,22.572584744582898,66.4769274387636,70.89005688881349,80.80324098341266,63.16979000278778,8.372751103964983,0.7697060384938236,17.596223740995118,44.46070858258312,0.1036221493705749,8.224340491031654
/content/drive/MyDrive/Bharatanatyam_Digital_Twin/dataset/posture_images/extracted/new_Dataset/Muzhumandi Augmented/dr_2_2018.jpg,dr_2_2018.jpg,Muzhumandi Augmented,32.87277247100007,17.75251475518091,25.819532024100848,5.277418902276901,28.827996821254317,26.40684388257047,21.582947907550636,16.977616648486304,17.97973424676431,14.616224957430802,23.06223704852904,60.353567160314974,0.3578674622235302,10.734822174829969,19.46819548587924,0.0364312730048142,12.699839765605848
/content/drive/MyDrive/Bharatanatyam_Digital_Twin/dataset/posture_images/extracted/new_Dataset/Muzhumandi Augmented/dr_2_2079.jpg,dr_2_2079.jpg,Muzhumandi Augmented,94.97761372313269,65.84147277627949,5.836089688656847,7.270097236942366,41.90955698618905,24.161056083040297,19.79419999870714,65.40890646876639,37.668146989425175,65.77261617576805,37.98437729624608,42.68835804376996,0.7490627796507334,24.99614426290327,71.19142731472856,0.1164244736433952,3.680581000337872
/content/drive/MyDrive/Bharatanatyam_Digital_Twin/dataset/posture_images/extracted/new_Dataset/Muzhumandi Augmented/dr_2_2174.jpg,dr_2_2174.jpg,Muzhumandi Augmented,72.66450312402029,52.32294577733094,6.836171266719155,6.81536621094887,17.284817762909512,39.23638703720959,17.543185569446784,75.84601212205773,72.55086215234053,84.72056774191933,73.90645186539186,76.3159349247633,0.6173311491874797,17.965510352096274,44.87602553366118,0.2372149903689667,8.783290532258675
/content/drive/MyDrive/Bharatanatyam_Digital_Twin/dataset/posture_images/extracted/new_Dataset/Muzhumandi Augmented/dr_2_2374.jpg,dr_2_2374.jpg,Muzhumandi Augmented,21.12456795192074,18.978208766713458,25.502527218354203,8.824778226388837,23.80377038424758,52.918286242229925,27.762340517805136,17.77790748279952,10.621958962504236,1.0343655586486022,8.035349659813852,13.536108501146884,0.4620415130087796,16.944765331036102,35.74451222583639,0.0542025340750544,15.035581233196863
/content/drive/MyDrive/Bharatanatyam_Digital_Twin/dataset/posture_images/extracted/new_Dataset/Muzhumandi Augmented/dr_2_2644.jpg,dr_2_2644.jpg,Muzhumandi Augmented,32.70397125233595,23.273885769637868,63.736997935500206,4.714446351884603,1.9103361232272504,8.681286103444602,19.760766628514165,3.0205822109877545,5.003010497615207,0.7469469671237334,2.5896483013877125,50.90915116003065,0.3313936301251646,9.539512882142576,22.14339139362719,0.0900976605013268,6.385049592299207
/content/drive/MyDrive/Bharatanatyam_Digital_Twin/dataset/posture_images/extracted/new_Dataset/Muzhumandi Augmented/dr_2_296.jpg,dr_2_296.jpg,Muzhumandi Augmented,56.44515059458847,65.52645109139786,23.58888761017212,11.797564691188944,18.965788565684385,18.20068751977705,18.13823209670563,15.247174136600757,11.946824747676398,18.36411443842203,12.32252245207714,22.811997216735108,0.2769999560607409,13.982156579289978,34.15915982085977,0.1552003360438787,7.632109580966286
/content/drive/MyDrive/Bharatanatyam_Digital_Twin/dataset/posture_images/extracted/new_Dataset/Muzhumandi Augmented/dr_2_31.jpg,dr_2_31.jpg,Muzhumandi Augmented,54.63384471060865,71.83235372788204,40.42521789192301,4.242830834163565,46.88954641599673,2.3352567603722223,23.473212975613883,3.0208594297203053,1.1921757854864174,2.709446207511049,1.5199242209259185,4.183510833406661,1.2427763905780098,21.20777667741513,50.069604577206526,0.7072218768661918,12.846503578172662
/content/drive/MyDrive/Bharatanatyam_Digital_Twin/dataset/posture_images/extracted/new_Dataset/Muzhumandi Augmented/dr_2_3240.jpg,dr_2_3240.jpg,Muzhumandi Augmented,104.34909111756721,15.647015696802555,10.123955212855304,7.681767859358544,27.65446627564076,11.509320959786486,14.242377576910275,87.39464273727893,81.58366896771602,71.3127033336013,74.2340475975169,32.57825482159902,0.4424536114606938,15.71553856119346,40.40906717925766,0.1010114072624292,6.636537097060289
/content/drive/MyDrive/Bharatanatyam_Digital_Twin/dataset/posture_images/extracted/new_Dataset/Muzhumandi Augmented/dr_2_3257.jpg,dr_2_3257.jpg,Muzhumandi Augmented,22.064007865033375,10.283778305518936,56.18538732116832,15.488102136315335,9.046596605873823,31.69506662734453,28.1037881726755,5.4537714908721,1.3719045156186098,5.86356180094657,1.8029201898403853,30.0705049432054,0.3095650714128127,7.591483783227884,14.017534963651569,0.0472898966107898,8.709626489421296
/content/drive/MyDrive/Bharatanatyam_Digital_Twin/dataset/posture_images/extracted/new_Dataset/Muzhumandi Augmented/dr_2_3350.jpg,dr_2_3350.jpg,Muzhumandi Augmented,21.552976167682345,24.959154619668638,67.85348806613702,27.696941352848288,13.805095823585315,26.099529271422185,33.863763628498205,15.762974720644053,11.115451894617053,55.74850955327494,16.7837077768449,56.3660313963329,0.2415187385079707,11.61695289297054,16.06626243514676,0.0512081266960981,18.73338811706876
/content/drive/MyDrive/Bharatanatyam_Digital_Twin/dataset/posture_images/extracted/new_Dataset/Muzhumandi Augmented/dr_2_3645.jpg,dr_2_3645.jpg,Muzhumandi Augmented,33.437628163164156,11.530196974252632,0.0876540613721888,17.641769726476475,25.56007933827729,11.248506340803845,13.63450236673245,15.645043959912236,15.830271432003917,7.123123008724778,19.89408770660784,76.15440676351868,0.2746446531228384,9.276822032447056,18.849089250487708,0.0462614621420523,8.935115384711409
/content/drive/MyDrive/Bharatanatyam_Digital_Twin/dataset/posture_images/extracted/new_Dataset/Muzhumandi Augmented/dr_2_3802.jpg,dr_2_3802.jpg,Muzhumandi Augmented,21.945355089389864,16.91575415178879,17.927719218550028,2.7647967448759565,8.984304868174172,6.505537956160411,9.04558969694014,7.582537613130539,7.251546526341419,6.923995838545541,5.2900697385518125,65.16083135593539,0.3116578823870813,8.477890763209357,17.890002964222163,0.0570533222403982,7.486616003165513
/content/drive/MyDrive/Bharatanatyam_Digital_Twin/dataset/posture_images/extracted/new_Dataset/Muzhumandi Augmented/dr_2_392.jpg,dr_2_392.jpg,Muzhumandi Augmented,111.48062852041195,50.853254210754045,16.003238679249993,18.165643923869283,62.46092008088772,25.953005230939567,30.64570197873664,18.668597846781694,24.91279157869363,49.90300332892954,19.36357099275939,4.874834510685162,0.1904181370169857,24.87281756892653,60.68225760233634,0.1143603605846429,13.82183474385861
/content/drive/MyDrive/Bharatanatyam_Digital_Twin/dataset/posture_images/extracted/new_Dataset/Muzhumandi Augmented/dr_2_4015.jpg,dr_2_4015.jpg,Muzhumandi Augmented,30.81587058270475,8.264259427454533,29.030893841276985,21.02328047833351,22.357532448380837,20.25738619392811,23.167273240479854,13.0876530988328,13.35866878437056,10.276503271948096,17.45965563023865,67.34479210098311,0.2807775683214789,8.569375506697805,16.777092327778103,0.0290319251376167,8.902002267177696
/content/drive/MyDrive/Bharatanatyam_Digital_Twin/dataset/posture_images/extracted/new_Dataset/Muzhumandi Augmented/dr_2_4901.jpg,dr_2_4901.jpg,Muzhumandi Augmented,114.67615396214316,81.65075460039955,3.1522040499989217,3.100849851947974,75.56202809862559,141.44018159411078,55.81381589867081,18.77580739699721,34.83941898208657,78.42822557548728,24.454677495246592,25.182885324794658,0.3356267422907715,39.23162729291241,72.24261587378567,0.1631523501599011,45.289113654791656
/content/drive/MyDrive/Bharatanatyam_Digital_Twin/dataset/posture_images/extracted/new_Dataset/Muzhumandi Augmented/dr_2_5162.jpg,dr_2_5162.jpg,Muzhumandi Augmented,25.17592364685665,7.052548244336826,20.85602518442244,13.843945965052102,3.844768423348343,15.622106646720468,13.541711554885838,8.284290673711403,11.056696887213764,19.013538097010784,8.179671361374417,48.53884471430308,0.2954665881091441,6.4472048347280975,13.989617731341532,0.0814406360280651,5.270556136814694
/content/drive/MyDrive/Bharatanatyam_Digital_Twin/dataset/posture_images/extracted/new_Dataset/Muzhumandi Augmented/dr_2_5424.jpg,dr_2_5424.jpg,Muzhumandi Augmented,9.083870402318103,16.749719625789815,61.28913829147759,25.930235032531986,4.542250433717555,16.71090178625892,27.118131385996517,5.329922289958657,4.681976927837361,8.290163773604197,4.978934473246999,53.77736286936992,0.2499849361079979,8.313400424739394,14.461908206508982,0.0708031820729918,10.407489885636206
/content/drive/MyDrive/Bharatanatyam_Digital_Twin/dataset/posture_images/extracted/new_Dataset/Muzhumandi Augmented/dr_2_5446.jpg,dr_2_5446.jpg,Muzhumandi Augmented,17.19134116944646,17.475101433736512,39.7193463276111,2.075988031662117,1.989007659092644,14.589017043942656,14.593339765577127,11.602417039297166,13.657139307031002,11.846622511309503,11.9125144747021,52.39241891924067,0.3374521380737557,5.858539589796577,12.497965848999955,0.0390052134565877,5.038647706933187
/content/drive/MyDrive/Bharatanatyam_Digital_Twin/dataset/posture_images/extracted/new_Dataset/Muzhumandi Augmented/dr_2_5487.jpg,dr_2_5487.jpg,Muzhumandi Augmented,31.15553729506253,9.732532929336024,8.580482892669954,8.518092073030724,7.504993551508211,20.797772038694305,11.3503351389758,8.488282580199296,11.316812788180982,10.292902534211038,8.656269878719868,53.98336767475499,0.3818808147689842,7.982720260519348,16.171557599740165,0.0460671068637792,7.730536074954101
/content/drive/MyDrive/Bharatanatyam_Digital_Twin/dataset/posture_images/extracted/new_Dataset/Muzhumandi Augmented/dr_2_5727.jpg,dr_2_5727.jpg,Muzhumandi Augmented,91.58210015461276,60.59782056582507,0.8688862776944448,12.852697305899207,40.06466586411458,5.227377383634866,14.753406707835774,47.3716520917836,12.144202206142973,13.447811634904305,21.31421611062366,18.32065915851044,0.4885207087309011,22.671639123231436,53.780864375880114,0.2148318201756779,14.019221173638512
/content/drive/MyDrive/Bharatanatyam_Digital_Twin/dataset/posture_images/extracted/new_Dataset/Muzhumandi Augmented/dr_2_6016.jpg,dr_2_6016.jpg,Muzhumandi Augmented,27.39639562489354,22.98947074247541,14.093094084834334,1.2369327706238318,27.159995722446617,27.70754463945914,17.549391804340978,1.2677116319386812,5.52254338689545,3.19455237037576,0.3971143736437297,61.96700583323264,0.3556121767460808,10.916529280062177,19.133337405460807,0.0521897420558135,13.564060692669909
/content/drive/MyDrive/Bharatanatyam_Digital_Twin/dataset/posture_images/extracted/new_Dataset/Muzhumandi Augmented/dr_2_6100.jpg,dr_2_6100.jpg,Muzhumandi Augmented,64.48458453104902,70.07408463522228,19.141859245558884,12.771762799261936,8.407302271923465,15.13430549701918,13.863807453440865,1.6570970855054554,5.341989829776679,10.271460939631226,4.211990069979195,11.769708853719289,0.2963908246397321,14.952635256436135,39.023229323165936,0.1033856065630357,5.731290839579438
/content/drive/MyDrive/Bharatanatyam_Digital_Twin/dataset/posture_images/extracted/new_Dataset/Muzhumandi Augmented/dr_2_6374.jpg,dr_2_6374.jpg,Muzhumandi Augmented,26.64480633445786,3.3149731622954874,29.963931343812856,9.790852542991187,12.29856835411512,20.94330367891764,18.2491639799592,6.658804809206004,3.796339088989214,4.95795908514728,6.916902525319578,58.65471648089344,0.2848518127197016,5.279466027536219,11.416232973807768,0.0320526118405701,4.39011249696032
/content/drive/MyDrive/Bharatanatyam_Digital_Twin/dataset/posture_images/extracted/new_Dataset/Muzhumandi Augmented/dr_2_6528.jpg,dr_2_6528.jpg,Muzhumandi Augmented,31.48093290608262,20.75550175885081,10.43402658971759,13.646624646368064,19.32369118182875,1.605922531208699,11.252566237280774,13.369782339295485,11.244128906923947,8.75053354752066,19.06183229362257,69.11722907019487,0.3196181342550209,11.054745393985913,23.11985676194856,0.0494178172971343,9.994961602712046
/content/drive/MyDrive/Bharatanatyam_Digital_Twin/dataset/posture_images/extracted/new_Dataset/Muzhumandi Augmented/dr_2_673.jpg,dr_2_673.jpg,Muzhumandi Augmented,19.57171545443481,14.147291032580824,28.697809297088902,1.5785788660556028,5.184929479333609,2.567034161240833,9.507087950929735,11.406008162142465,12.035572798303216,12.421225898980374,13.40073090233112,67.02699926034907,0.3138675001492276,8.517105938536206,16.33014619028101,0.0603064470796735,9.160865178247931
/content/drive/MyDrive/Bharatanatyam_Digital_Twin/dataset/posture_images/extracted/new_Dataset/Muzhumandi Augmented/dr_2_7184.jpg,dr_2_7184.jpg,Muzhumandi Augmented,13.309234790720836,15.952605483831086,45.28985052918674,5.2175290960057445,3.0373452696221674,35.89667555793187,22.360350113186637,18.48033064745545,11.796663651042168,11.261481678320564,18.12401905848605,40.43840822690464,0.2777104816526628,8.305888364564433,12.864745025582032,0.0938850950167252,11.95903497309454
/content/drive/MyDrive/Bharatanatyam_Digital_Twin/dataset/posture_images/extracted/new_Dataset/Muzhumandi Augmented/dr_2_7384.jpg,dr_2_7384.jpg,Muzhumandi Augmented,23.19087388696864,1.094966580923348,24.47054110299329,4.799587095409815,11.749687110106647,18.26814200654852,14.821989328764568,1.138174743865992,0.18381174451207,0.2986716027946955,3.603176471094257,52.16231603617524,0.2723709062618932,5.130199650405281,10.613288129129913,0.0527327086816908,4.724578113404243
/content/drive/MyDrive/Bharatanatyam_Digital_Twin/dataset/posture_images/extracted/new_Dataset/Muzhumandi Augmented/dr_2_7423.jpg,dr_2_7423.jpg,Muzhumandi Augmented,18.767347043628895,23.777957922490636,10.81128797499843,14.45180815094014,7.847905666204993,3.876770523258576,9.246943078850537,5.3737935475989,4.339433183460917,2.9283657838340087,8.05347836626135,61.41251114236642,0.3472881243108568,8.070385324697968,15.158356433779211,0.0828961877437114,8.969903352570984
/content/drive/MyDrive/Bharatanatyam_Digital_Twin/dataset/posture_images/extracted/new_Dataset/Muzhumandi Augmented/dr_2_7544.jpg,dr_2_7544.jpg,Muzhumandi Augmented,29.81771550074173,7.614766741146944,18.78030202330311,11.523161258382345,9.214679420772498,33.438868294445165,18.23925274922578,10.768215340360513,12.726977381392487,12.034641910211832,7.694364036696493,57.16547487919821,0.2751204539176239,8.636009962665808,15.322234791499833,0.0492186852568032,10.536576411240793
/content/drive/MyDrive/Bharatanatyam_Digital_Twin/dataset/posture_images/extracted/new_Dataset/Muzhumandi Augmented/dr_2_7628.jpg,dr_2_7628.jpg,Muzhumandi Augmented,58.62817318375818,65.57249943356246,30.872698736323084,8.870859356708783,6.827628484038016,12.58229772075648,14.788371074456592,80.64524181133568,83.87507402941498,80.34339985857503,88.68965732639334,88.56444761876605,1.043362112225958,14.406569493853524,34.477044701160445,0.2362799238206131,8.506383856579518
/content/drive/MyDrive/Bharatanatyam_Digital_Twin/dataset/posture_images/extracted/new_Dataset/Muzhumandi Augmented/dr_2_765.jpg,dr_2_765.jpg,Muzhumandi Augmented,18.515257194478185,15.71847156744083,16.828017536071485,15.453601020030156,3.4943955544498424,3.5170870979715505,9.823275302130758,2.838033980616615,5.566010783945558,8.598000341921107,0.9817320858185454,56.6498012789263,0.3438101540672732,8.062960704274266,15.859280195915556,0.0677302826840658,8.261871634223176
/content/drive/MyDrive/Bharatanatyam_Digital_Twin/dataset/posture_images/extracted/new_Dataset/Muzhumandi Augmented/dr_2_7935.jpg,dr_2_7935.jpg,Muzhumandi Augmented,17.494593942065357,15.78644676118165,1.0217950204435906,2.263383374231716,7.390741635593591,4.387459831290581,3.76584496538987,12.501658844857758,7.22667100259892,7.154903745636801,14.403116517419187,25.17527147342387,0.4158156477639673,8.126435515700965,14.09585998133272,0.0398587035903906,10.243587862179789
/content/drive/MyDrive/Bharatanatyam_Digital_Twin/dataset/posture_images/extracted/new_Dataset/Muzhumandi Augmented/dr_2_8027.jpg,dr_2_8027.jpg,Muzhumandi Augmented,84.45652283033073,49.536633316517815,1.2884658722191689,6.72118429640254,6.068396340761706,5.045123765192458,4.780792568643968,29.37008893922692,3.826262311980344,20.181558594699997,20.335573380032347,15.42681322562673,0.3569001522301911,19.27636090521093,49.85896186863221,0.1528491235835745,7.817271723417012
/content/drive/MyDrive/Bharatanatyam_Digital_Twin/dataset/posture_images/extracted/new_Dataset/Muzhumandi Augmented/dr_2_8161.jpg,dr_2_8161.jpg,Muzhumandi Augmented,25.60278686197691,4.219361098723198,30.10854510788869,7.6852172385422595,9.403152349735798,21.12344172805941,17.08008910605654,4.552038822719652,3.8090507160062823,5.901793340587147,4.3272850722627725,58.74155802547308,0.2742490853093331,6.267383615882991,13.07833833552852,0.07969673232454,5.644115779795908
/content/drive/MyDrive/Bharatanatyam_Digital_Twin/dataset/posture_images/extracted/new_Dataset/Muzhumandi Augmented/dr_2_8331.jpg,dr_2_8331.jpg,Muzhumandi Augmented,19.899061091978613,25.77049897125922,68.92832781807385,5.790987199042434,7.521645756507144,1.0856683926332928,20.83165729156418,6.30065616118942,4.564549825093267,3.1214948173777444,8.024542922206365,59.6344486202433,0.3053101529766773,7.649125786114733,13.857126895630218,0.0941266177677766,8.996123844946204
/content/drive/MyDrive/Bharatanatyam_Digital_Twin/dataset/posture_images/extracted/new_Dataset/Muzhumandi Augmented/dr_2_8607.jpg,dr_2_8607.jpg,Muzhumandi Augmented,75.6035167169438,42.11498068327619,6.943046897612824,5.602892771398483,4.198057364259366,4.890381990156683,5.408594755856839,17.768116681121437,16.089778803514132,13.97382502357584,15.701475008483587,13.246403959657597,0.1888675499808525,13.721385834054525,33.61919886520113,0.1702826004252924,7.374676036537143
/content/drive/MyDrive/Bharatanatyam_Digital_Twin/dataset/posture_images/extracted/new_Dataset/Muzhumandi Augmented/dr_2_8696.jpg,dr_2_8696.jpg,Muzhumandi Augmented,23.17462216104379,8.59365318908442,46.270234613525886,4.083638608710801,3.445910185357109,23.44723688810921,19.311755073925752,14.398443054646322,9.73274119797955,13.798766666374805,13.91186032898462,57.411497476063886,0.2831226471170382,6.663073012360109,12.585355338275097,0.0509594964377662,7.352904202367465
/content/drive/MyDrive/Bharatanatyam_Digital_Twin/dataset/posture_images/extracted/new_Dataset/Muzhumandi Augmented/dr_2_9077.jpg,dr_2_9077.jpg,Muzhumandi Augmented,94.65223802843659,73.4413213513028,13.1925302024099,8.713659603902594,96.1945557769387,33.89654628828176,37.99932296788324,89.12537988946386,77.52929487003411,89.939826911618,77.09484967376467,80.1655123613763,0.8805928250287518,27.254583258741444,57.79045625196423,0.5304408173900822,23.44285270687002
/content/drive/MyDrive/Bharatanatyam_Digital_Twin/dataset/posture_images/extracted/new_Dataset/Muzhumandi Augmented/dr_2_9270.jpg,dr_2_9270.jpg,Muzhumandi Augmented,8.853097322718742,25.213250291455225,13.622424951980538,13.932873637084878,5.058759330256247,36.97259150543373,17.39666235618885,13.780916327180137,17.288517802145606,15.385481267070872,8.264984140852581,45.89783805271698,0.3141334559457177,9.003633273499489,16.403260243257858,0.0364544437946036,10.571185133446004
/content/drive/MyDrive/Bharatanatyam_Digital_Twin/dataset/posture_images/extracted/new_Dataset/Muzhumandi Augmented/dr_2_9589.jpg,dr_2_9589.jpg,Muzhumandi Augmented,24.32343163005315,12.57274120164012,36.0327315584822,7.780874735614053,6.586998819499981,5.500684909341069,13.975322505734326,7.695492148818733,6.910202477186455,0.9478026296553854,11.147516402754544,72.15537506665113,0.2981140115623691,6.308817535184256,12.727500226234472,0.0950164162412633,6.103935963077032
/content/drive/MyDrive/Bharatanatyam_Digital_Twin/dataset/posture_images/extracted/new_Dataset/Muzhumandi Augmented/dr_2_9874.jpg,dr_2_9874.jpg,Muzhumandi Augmented,76.27851732340022,84.83523462524039,16.550286684083922,4.533315226071779,10.074553602797735,5.800831965325457,9.239746869569723,20.700037267079296,23.73940407442413,29.36485670999346,23.54830634432738,22.84813221156182,0.6831899690276803,17.996939149623355,47.32538314944763,0.1347628929350083,6.530671406487426
/content/drive/MyDrive/Bharatanatyam_Digital_Twin/dataset/posture_images/extracted/new_Dataset/Muzhumandi Augmented/dr_3_1087.jpg,dr_3_1087.jpg,Muzhumandi Augmented,7.8671249581925276,7.599157778418381,51.8064945318221,11.2331117615914,5.922600670683039,22.812938767162603,22.943786432814782,10.854128898149156,11.922050045826012,9.382547202655104,15.725505115814194,58.21754593654892,0.3683078339251755,5.587756286769143,9.353566714562929,0.0490852683401499,7.360616877404353
/content/drive/MyDrive/Bharatanatyam_Digital_Twin/dataset/posture_images/extracted/new_Dataset/Muzhumandi Augmented/dr_3_1112.jpg,dr_3_1112.jpg,Muzhumandi Augmented,22.573948346639554,7.267450449357312,48.11733074054801,5.559104134686566,0.644912014995089,14.91930779294876,17.31016367079461,13.19624793163288,10.440562696617633,12.116489714652891,9.89713547566754,59.87046881270804,0.3019525994675338,4.39988852777137,9.060982463479998,0.0489286951890171,4.089754424645095
/content/drive/MyDrive/Bharatanatyam_Digital_Twin/dataset/posture_images/extracted/new_Dataset/Muzhumandi Augmented/dr_3_1152.jpg,dr_3_1152.jpg,Muzhumandi Augmented,13.305830902218112,4.365984152766551,65.95531891122765,7.873644935244334,0.9581035310270226,7.589301245711997,20.594092155802752,9.981745917910294,8.25055742741871,8.158346810249125,6.876124681341023,52.08200483839892,0.3239763685066141,5.0641541649008985,6.055264645914059,0.0470835750345172,9.090114273754118
/content/drive/MyDrive/Bharatanatyam_Digital_Twin/dataset/posture_images/extracted/new_Dataset/Muzhumandi Augmented/dr_3_1826.jpg,dr_3_1826.jpg,Muzhumandi Augmented,74.42511448412077,30.08240662410522,37.28524449327555,37.79942344640707,98.67339399435993,92.20599592549064,66.49101446488329,1.2544946176103338,2.809942415180757,88.42002651072563,4.710911372437414,14.790268855302068,0.096632204110409,30.18863222012963,45.900293692609175,0.1534795191091745,44.51212344867054
/content/drive/MyDrive/Bharatanatyam_Digital_Twin/dataset/posture_images/extracted/new_Dataset/Muzhumandi Augmented/dr_3_186.jpg,dr_3_186.jpg,Muzhumandi Augmented,24.44139693634872,23.296136275276698,11.774169179171036,9.75274100156722,19.92280053533147,16.387661525498295,14.459343060392005,12.162385509520504,15.160471340000557,11.329782731203409,13.161316809286248,65.42187408569656,0.3557614614163893,9.924666463299662,22.2419390061517,0.0546330715403494,7.477427312206939
/content/drive/MyDrive/Bharatanatyam_Digital_Twin/dataset/posture_images/extracted/new_Dataset/Muzhumandi Augmented/dr_3_2037.jpg,dr_3_2037.jpg,Muzhumandi Augmented,22.30882224776714,4.5467848696846715,22.3233109443842,5.916441009101842,11.123330939428364,21.98868552971553,15.337942105657486,6.489716448019038,3.0671866583405176,7.549764343838945,3.723137381015171,56.33207410109189,0.3072691559896525,5.7687171241760815,11.054354772535614,0.0391116824770362,6.212684917515594
/content/drive/MyDrive/Bharatanatyam_Digital_Twin/dataset/posture_images/extracted/new_Dataset/Muzhumandi Augmented/dr_3_261.jpg,dr_3_261.jpg,Muzhumandi Augmented,8.223316814381604,5.258377183832323,30.06404620059813,2.717527930033283,4.693168473130818,18.776731825344463,14.062868607276672,9.203477070570218,6.553955848088092,8.098312280577192,12.143417752310812,51.92244874477851,0.3511169312271405,4.270770937934519,7.172800881482406,0.0358397472137201,5.603672185107433
/content/drive/MyDrive/Bharatanatyam_Digital_Twin/dataset/posture_images/extracted/new_Dataset/Muzhumandi Augmented/dr_3_2654.jpg,dr_3_2654.jpg,Muzhumandi Augmented,7.148326189167594,17.90911923942081,50.888854371034434,11.70878117642053,0.3173771300775114,9.224448401377682,18.03486526972754,9.107631834762683,6.311495325959271,8.208219278642076,7.814013819893109,39.56640264023367,0.3481943289510476,5.977707136388422,10.417690314363064,0.039886396224795,7.475544698577408
/content/drive/MyDrive/Bharatanatyam_Digital_Twin/dataset/posture_images/extracted/new_Dataset/Muzhumandi Augmented/dr_3_2877.jpg,dr_3_2877.jpg,Muzhumandi Augmented,14.741734885084472,4.217734167169503,43.06319549736058,11.492835780602082,7.206309466058568,18.06285182178038,19.956298141450404,0.941855264533917,2.432663175993223,1.481434306933335,5.94563935765289,37.08206060269065,0.3889855643912272,3.34247073133495,7.610613607772898,0.0595895446690133,2.357209041562939
/content/drive/MyDrive/Bharatanatyam_Digital_Twin/dataset/posture_images/extracted/new_Dataset/Muzhumandi Augmented/dr_3_2888.jpg,dr_3_2888.jpg,Muzhumandi Augmented,29.114611802587135,33.42309811426861,63.47624714246979,24.1822991334804,27.2570906958012,20.343272338414348,33.81472732754143,1.9686247948320383,1.277469811797431,0.7931258718447793,1.332250104591713,18.589258957841267,0.3713962946568693,14.767592742981783,23.880753470088315,0.0489384306300978,20.373086328226943
/content/drive/MyDrive/Bharatanatyam_Digital_Twin/dataset/posture_images/extracted/new_Dataset/Muzhumandi Augmented/dr_3_3272.jpg,dr_3_3272.jpg,Muzhumandi Augmented,66.03796026993845,67.84590394431646,8.3549413539742,18.24774724180628,1.7431617679156912,0.3667124511956663,7.178140703722958,0.4060114224549807,0.901039056700938,12.895727973391445,4.170362108766144,5.883909402435045,0.3382716944989632,17.2941340679852,38.535450897562434,0.0971987252687778,13.2497525811244
/content/drive/MyDrive/Bharatanatyam_Digital_Twin/dataset/posture_images/extracted/new_Dataset/Muzhumandi Augmented/dr_3_3311.jpg,dr_3_3311.jpg,Muzhumandi Augmented,18.085705878154087,11.227616736116929,62.268693265042266,4.435336564708167,4.248827495295257,11.327492000928371,20.570087331493514,4.735213292203071,1.647930000062928,4.213725921818053,0.8173067746400482,63.09047059028035,0.3574293312590805,5.961994305972247,11.33115280649405,0.0572655659275379,6.497564545495153
/content/drive/MyDrive/Bharatanatyam_Digital_Twin/dataset/posture_images/extracted/new_Dataset/Muzhumandi Augmented/dr_3_3318.jpg,dr_3_3318.jpg,Muzhumandi Augmented,10.552226065991686,4.527608785139172,35.22297094922013,7.765269629305778,3.120594953717671,0.904401105098492,11.753309159335515,16.492296844716215,16.729705791163738,15.603951187365531,14.553281199787245,36.60404840411599,0.4381035620132154,7.825728206054866,15.460120934109554,0.0790815120732186,7.937982171981829
/content/drive/MyDrive/Bharatanatyam_Digital_Twin/dataset/posture_images/extracted/new_Dataset/Muzhumandi Augmented/dr_3_3371.jpg,dr_3_3371.jpg,Muzhumandi Augmented,19.569691041848785,12.142831593136812,27.30600905696689,5.560004842453803,2.650948638532405,8.952487018879776,11.117362389208218,9.4485593269158,10.819079331389526,10.432230821716802,7.074571740875079,55.28823753208155,0.2924408757487874,5.618796687224799,10.000611081728012,0.0622022190172004,6.793576760929185
/content/drive/MyDrive/Bharatanatyam_Digital_Twin/dataset/posture_images/extracted/new_Dataset/Muzhumandi Augmented/dr_3_3665.jpg,dr_3_3665.jpg,Muzhumandi Augmented,7.459295668300456,16.480659439720974,9.69839992088892,13.118204624927696,3.782615789938655,29.26259861922504,13.965454738745075,10.523521129901791,8.195113744567816,3.555596588312703,6.356879371488098,41.31740011437834,0.3329490034191957,6.637268693191802,10.239710526504574,0.0717978550718157,9.600297697999014
/content/drive/MyDrive/Bharatanatyam_Digital_Twin/dataset/posture_images/extracted/new_Dataset/Muzhumandi Augmented/dr_3_4062.jpg,dr_3_4062.jpg,Muzhumandi Augmented,22.568016734016446,22.006384496280198,22.98978079765341,3.880191926852592,15.078591443973538,14.35100486211646,14.074892257649,6.799521695081864,10.146908826433249,7.334244665090068,6.666179784227539,62.44344923509368,0.3754597464230092,8.548147704817627,20.35200284989688,0.0570150711277581,5.2354251934282425
/content/drive/MyDrive/Bharatanatyam_Digital_Twin/dataset/posture_images/extracted/new_Dataset/Muzhumandi Augmented/dr_3_4203.jpg,dr_3_4203.jpg,Muzhumandi Augmented,34.596019694513714,34.265988369780985,44.78143269387777,6.9165689812705695,8.591167523500483,36.06451944183585,24.08842216012117,2.810384731534949,7.196394542638911,4.639624575122956,6.308342932507314,22.885146157491786,0.326111798968286,12.577527114857997,22.725454467582495,0.0511259264887071,14.956000950502776
/content/drive/MyDrive/Bharatanatyam_Digital_Twin/dataset/posture_images/extracted/new_Dataset/Muzhumandi Augmented/dr_3_4236.jpg,dr_3_4236.jpg,Muzhumandi Augmented,13.858293957928577,26.340781354110803,40.50418997971874,6.527944931527611,8.540014904190064,29.162427953683636,21.183644442280013,19.758984060613727,21.413015725521944,24.10477324637415,22.40851807430802,11.827789361505992,0.3015655598588963,8.395161751146466,14.79007035982328,0.0378284319763332,10.357586461639787
/content/drive/MyDrive/Bharatanatyam_Digital_Twin/dataset/posture_images/extracted/new_Dataset/Muzhumandi Augmented/dr_3_4678.jpg,dr_3_4678.jpg,Muzhumandi Augmented,23.829511289304094,15.496023318168177,12.144526035270278,11.954361194222898,4.216254700658574,17.82367635138906,11.534704570385202,3.139531729300984,1.8046315689222467,0.0223227812259096,5.89700552202735,66.1865785053847,0.3231502703393042,7.705995938746359,16.599576007895962,0.0529639464278554,6.465447861915263
/content/drive/MyDrive/Bharatanatyam_Digital_Twin/dataset/posture_images/extracted/new_Dataset/Muzhumandi Augmented/dr_3_511.jpg,dr_3_511.jpg,Muzhumandi Augmented,19.46278389628251,5.632757988852234,29.00930609153367,10.00619739680471,8.755328437266762,9.859460126771577,14.40757301309418,13.77205929988738,13.859909636206469,11.245518140297524,18.670018429154823,62.631650007378326,0.316871692009106,4.844815379644256,10.671480646554269,0.0389467733082824,3.824018719070217
/content/drive/MyDrive/Bharatanatyam_Digital_Twin/dataset/posture_images/extracted/new_Dataset/Muzhumandi Augmented/dr_3_5160.jpg,dr_3_5160.jpg,Muzhumandi Augmented,5.255717259477933,16.788486410359695,41.55122824944251,20.27849447715325,22.885782664670103,24.93989822016549,27.41385090285784,19.69164639638072,15.91967085053804,14.741521144206786,17.935909321951332,25.92525115110784,0.3141589475536681,8.097668217055594,13.11483657625778,0.0458841306256012,11.1322839442834
/content/drive/MyDrive/Bharatanatyam_Digital_Twin/dataset/posture_images/extracted/new_Dataset/Muzhumandi Augmented/dr_3_5656.jpg,dr_3_5656.jpg,Muzhumandi Augmented,26.09987446876097,12.390751520231042,50.95419046899736,16.159990345240644,7.377892556700366,0.2992100193653046,18.69782084757592,4.001749847522461,7.906510040143758,2.8972532621242806,8.472875349290705,65.18716604379799,0.3698676450926719,7.937022732680643,16.948527075219054,0.0549873852045907,6.807553737618285
/content/drive/MyDrive/Bharatanatyam_Digital_Twin/dataset/posture_images/extracted/new_Dataset/Muzhumandi Augmented/dr_3_6047.jpg,dr_3_6047.jpg,Muzhumandi Augmented,36.76443689673481,33.71100909586656,21.45148839345668,10.795536342946637,9.543406059167548,5.8300935996587615,11.905131098807406,12.240459384549212,13.773766973698883,17.20563566948158,9.74297697174364,36.367395218175375,0.3773734236211583,9.697614421749902,23.14373273616812,0.0782962532439943,5.87081427583759
/content/drive/MyDrive/Bharatanatyam_Digital_Twin/dataset/posture_images/extracted/new_Dataset/Muzhumandi Augmented/dr_3_6129.jpg,dr_3_6129.jpg,Muzhumandi Augmented,8.825742464717445,15.993795645290525,43.8653780307466,10.964186141366108,1.3430183456802631,3.046316042831941,14.804724640156229,15.611997460008553,16.78919598790523,17.746780486653904,15.40870128528555,43.22717195571588,0.3576026503471343,6.806792492374317,12.256475460961884,0.0184447971147848,8.145457219046282
/content/drive/MyDrive/Bharatanatyam_Digital_Twin/dataset/posture_images/extracted/new_Dataset/Muzhumandi Augmented/dr_3_6493.jpg,dr_3_6493.jpg,Muzhumandi Augmented,11.40178596351568,12.894305788065225,48.17944014356202,3.5933233687107458,3.2075865858316406,10.035035252530506,16.25384633765873,8.61737300213412,8.948802164443263,7.786240522436326,11.453608866256609,58.21474723342847,0.3247194771712113,4.758518324126654,7.246879373066633,0.0453458414271684,6.98332975788616
/content/drive/MyDrive/Bharatanatyam_Digital_Twin/dataset/posture_images/extracted/new_Dataset/Muzhumandi Augmented/dr_3_6556.jpg,dr_3_6556.jpg,Muzhumandi Augmented,22.08494101108176,24.431011364857145,67.99219732501696,14.178621539759318,5.929575458411639,4.736251025230194,23.20916133710453,2.645510010614275,0.0153490148246365,0.0466686861604427,1.877393419921454,65.57014944413362,0.3261742991415787,8.97161101954511,20.19798789058494,0.0592300591773149,6.657615108873075
/content/drive/MyDrive/Bharatanatyam_Digital_Twin/dataset/posture_images/extracted/new_Dataset/Muzhumandi Augmented/dr_3_6687.jpg,dr_3_6687.jpg,Muzhumandi Augmented,19.943036717212582,24.337504543304284,70.24408543821323,16.916917166250514,16.550882115371817,30.463537307431725,33.543855506816826,9.54263148308425,12.243874542322516,13.153675227594022,13.34598127466206,21.360261812587368,0.3205466641829086,11.61269100560393,16.83846088738675,0.0446464029932962,17.95496572643174
/content/drive/MyDrive/Bharatanatyam_Digital_Twin/dataset/posture_images/extracted/new_Dataset/Muzhumandi Augmented/dr_3_6716.jpg,dr_3_6716.jpg,Muzhumandi Augmented,5.059892681729188,13.814213004261275,3.4044684579186155,13.774869339244326,21.40426092679864,42.75785198121714,20.335362676294675,18.035007497812728,16.399946279193102,2.9680338108266824,12.69321430368151,25.26033557419165,0.4259363579626735,9.45522419918388,12.73078579457582,0.0497767825386134,15.58511002043721
/content/drive/MyDrive/Bharatanatyam_Digital_Twin/dataset/posture_images/extracted/new_Dataset/Muzhumandi Augmented/dr_3_6854.jpg,dr_3_6854.jpg,Muzhumandi Augmented,13.975916587848285,20.101605265978357,33.942281432451985,5.883949237219268,6.003496671377326,44.46033363029219,22.572515242835195,4.094828035650967,1.7466378374091651,0.4313342856213039,0.43603805620363,33.55689060185944,0.3188753677437927,8.51407066456465,14.270352970013624,0.052733350970509,11.219125672709822
/content/drive/MyDrive/Bharatanatyam_Digital_Twin/dataset/posture_images/extracted/new_Dataset/Muzhumandi Augmented/dr_3_6870.jpg,dr_3_6870.jpg,Muzhumandi Augmented,7.526573708714345,13.954064358781388,23.279570953456147,5.027477592886885,4.099644982505326,0.1081537653775239,8.12871182355647,7.999527658741371,8.183041702630057,7.440551953532073,5.359902703889549,46.94609254698025,0.3363439255719753,6.086980657388946,8.918712119725914,0.0390502544897529,9.303179597951171
/content/drive/MyDrive/Bharatanatyam_Digital_Twin/dataset/posture_images/extracted/new_Dataset/Muzhumandi Augmented/dr_3_7017.jpg,dr_3_7017.jpg,Muzhumandi Augmented,11.601829673917067,1.2962662715439563,41.590627872319295,0.7337293932106821,0.5483383694442189,11.393342922748516,13.566509639430675,1.8752993955931745,1.0957523459012748,3.468099432448128,1.3239866434984635,52.80083655367622,0.3452102459953349,4.756114534383212,7.352962788846803,0.0384130228406607,6.876967791462172
/content/drive/MyDrive/Bharatanatyam_Digital_Twin/dataset/posture_images/extracted/new_Dataset/Muzhumandi Augmented/dr_3_7316.jpg,dr_3_7316.jpg,Muzhumandi Augmented,3.961320240345639,17.32869794970705,3.932477514182685,5.045710660422778,6.115047909861174,1.36574520149761,4.114745321491062,12.79069274565492,15.130980241399586,14.958558655737464,10.175209000931886,42.79272578909822,0.346507676949594,6.594933011193329,9.297653834529784,0.0337689690863221,10.45337622996388
/content/drive/MyDrive/Bharatanatyam_Digital_Twin/dataset/posture_images/extracted/new_Dataset/Muzhumandi Augmented/dr_3_762.jpg,dr_3_762.jpg,Muzhumandi Augmented,59.24416239685874,54.671251930036256,9.629574567184664,9.5869765558581,9.794880175813,1.1887454815063778,7.550044195090535,4.679540378352726,4.511582974006473,5.346216944870491,4.42549383667328,18.20127274732088,0.3543434205618401,12.974545081839189,31.471307266620624,0.0931161281710506,7.359211850725891
/content/drive/MyDrive/Bharatanatyam_Digital_Twin/dataset/posture_images/extracted/new_Dataset/Muzhumandi Augmented/dr_3_7900.jpg,dr_3_7900.jpg,Muzhumandi Augmented,19.40857685066933,8.850395690785831,50.81492372926145,7.576799104980234,10.41119722822584,29.90519472161277,24.677028696020077,9.93227960173735,8.21724524271869,1.2392404633322656,6.906769584254202,34.5574640488136,0.3959415310954782,6.947067149755136,12.650598178495668,0.0510366184064156,8.139566652363325
/content/drive/MyDrive/Bharatanatyam_Digital_Twin/dataset/posture_images/extracted/new_Dataset/Muzhumandi Augmented/dr_3_7902.jpg,dr_3_7902.jpg,Muzhumandi Augmented,21.28930102273245,29.466152551082374,25.022828200201275,11.55338926003648,21.68254272026184,52.36886408193661,27.65690606560905,4.030036798953502,2.300197671146917,20.02479962473154,1.6768920946031405,24.44100189294482,0.3544052397982275,12.492489470045252,21.80295859548653,0.0875295909712269,15.586980223678005
/content/drive/MyDrive/Bharatanatyam_Digital_Twin/dataset/posture_images/extracted/new_Dataset/Muzhumandi Augmented/dr_3_8134.jpg,dr_3_8134.jpg,Muzhumandi Augmented,54.195225644842736,48.07972411508941,12.908884193968214,26.076348122554837,4.011447154137716,37.4406575190781,20.10933424743472,15.339508334483892,20.967885198535733,26.07672828960642,15.770317007604683,6.123229715283961,0.3264275610775801,15.492481224588778,31.016537007678863,0.0635617269735481,15.397344939113918
/content/drive/MyDrive/Bharatanatyam_Digital_Twin/dataset/posture_images/extracted/new_Dataset/Muzhumandi Augmented/dr_3_8144.jpg,dr_3_8144.jpg,Muzhumandi Augmented,8.861425640589339,2.3464115738147697,32.11881178504088,5.3575365004037065,9.384277661708644,16.265120665170553,15.781436653080943,12.495977872828265,16.778909486077055,12.63887339184015,13.907193037351472,56.540408190550906,0.3077905945031557,2.4321382106998883,4.880419498456767,0.0476856332333248,2.3683095004095733
/content/drive/MyDrive/Bharatanatyam_Digital_Twin/dataset/posture_images/extracted/new_Dataset/Muzhumandi Augmented/dr_3_8170.jpg,dr_3_8170.jpg,Muzhumandi Augmented,26.369747545058217,7.177901895165171,53.12160789053784,4.460235293319291,1.5140640977726103,5.315219245834967,16.102781631866176,11.412960142869975,7.994868039005915,9.004633179836587,8.363758605727629,64.20711084869774,0.3147397549420311,7.089195681394487,13.866957224664183,0.0492628787590838,7.351366940760193
/content/drive/MyDrive/Bharatanatyam_Digital_Twin/dataset/posture_images/extracted/new_Dataset/Muzhumandi Augmented/dr_3_823.jpg,dr_3_823.jpg,Muzhumandi Augmented,9.670871585586468,7.199508983431081,58.57500566057056,6.422091263757637,2.089955398676067,18.96053087446017,21.51189579936611,8.81700868771739,6.566901462173519,8.89331395710414,4.888580582244156,41.32013500847566,0.3135127472975152,4.69101748023192,6.0341465184733725,0.0271147901317992,8.011791132090586
/content/drive/MyDrive/Bharatanatyam_Digital_Twin/dataset/posture_images/extracted/new_Dataset/Muzhumandi Augmented/dr_3_8308.jpg,dr_3_8308.jpg,Muzhumandi Augmented,20.568759571559383,3.4722852885096245,32.231152126328766,5.945815170579099,4.957876640538836,15.61158261920978,14.68660663916412,19.72573130010284,16.512176812645038,19.122361456294584,17.46078145739719,52.948189740723386,0.3002933960023717,4.413803041813548,8.869294644918599,0.0621843260522346,4.309930154469811
/content/drive/MyDrive/Bharatanatyam_Digital_Twin/dataset/posture_images/extracted/new_Dataset/Muzhumandi Augmented/dr_3_8554.jpg,dr_3_8554.jpg,Muzhumandi Augmented,8.185693550444523,13.4849337887037,53.83682501590462,19.789994954782188,3.647495920239021,20.685674663169152,24.489997638523747,11.081953743827285,10.378816441927794,3.699525014136875,7.757917038272265,41.30658766765011,0.4265434132951776,6.448285927133313,10.734764844982152,0.0286886914824918,8.581404244935293
/content/drive/MyDrive/Bharatanatyam_Digital_Twin/dataset/posture_images/extracted/new_Dataset/Muzhumandi Augmented/dr_3_8585.jpg,dr_3_8585.jpg,Muzhumandi Augmented,13.134168250371967,23.250390522296208,54.26379625247962,11.76557924327744,3.592221950256976,20.839993808849336,22.615397813715845,15.1186187798347,17.88025526021143,18.32349392893285,16.816520439288432,24.382050406150725,0.3171691642602884,8.227478177686335,13.91236466331787,0.0343565615274619,10.735713308213668
/content/drive/MyDrive/Bharatanatyam_Digital_Twin/dataset/posture_images/extracted/new_Dataset/Muzhumandi Augmented/dr_3_8826.jpg,dr_3_8826.jpg,Muzhumandi Augmented,18.30509775416794,21.613855879099056,36.58574697949614,3.606107003015154,9.711370534279824,16.88143736506292,16.696165470463512,0.1468507436153743,0.8624498453619367,1.3288415781086655,3.2109628539602766,62.126102330044425,0.3726279705113724,7.462946616623941,18.118772904182634,0.0638340757335194,4.206232869955668
/content/drive/MyDrive/Bharatanatyam_Digital_Twin/dataset/posture_images/extracted/new_Dataset/Muzhumandi Augmented/dr_3_8918.jpg,dr_3_8918.jpg,Muzhumandi Augmented,17.514080946925574,5.038666879275937,37.51605992786266,6.544427944963591,3.019321235228809,19.05003008037612,16.532459797107798,11.351243521743667,10.50119238951686,9.792052500798292,14.710799166684152,58.21980285669038,0.3370468680514569,5.527657792404935,11.007366198367826,0.0506777184927838,5.524929460354194
/content/drive/MyDrive/Bharatanatyam_Digital_Twin/dataset/posture_images/extracted/new_Dataset/Muzhumandi Augmented/dr_3_8956.jpg,dr_3_8956.jpg,Muzhumandi Augmented,91.51577029391503,57.6434519444678,20.61716966533677,32.851582969694135,3.4759436842090894,10.056976125943368,16.75041811129584,12.305493817246086,7.389200540046166,2.518914262241067,5.6520635992413135,6.910834080196201,0.4079611670343135,19.18226625149693,40.50027350881403,0.079057655272119,16.96746759040464
/content/drive/MyDrive/Bharatanatyam_Digital_Twin/dataset/posture_images/extracted/new_Dataset/Muzhumandi Augmented/dr_3_9053.jpg,dr_3_9053.jpg,Muzhumandi Augmented,18.87700601694787,7.399551081693048,2.464480343020834,5.380421322938583,2.232588180696365,16.776549135375422,6.7135097455078006,3.195943346512797,3.4561944350196647,3.5414126007989464,0.4254926781614823,53.8188598823821,0.3327638026504134,5.590936639234183,8.893733383525596,0.0345459363736102,7.844530597803344
/content/drive/MyDrive/Bharatanatyam_Digital_Twin/dataset/posture_images/extracted/new_Dataset/Muzhumandi Augmented/dr_3_9244.jpg,dr_3_9244.jpg,Muzhumandi Augmented,24.138526868455884,1.5949922253041962,57.36542239385113,5.861965003390402,0.0556418858755852,5.670132876352756,17.238290539867467,3.1471188529116887,1.82729747264554,1.1654114850993835,5.498166052260868,60.261482485640805,0.3032229707768311,5.760267057520338,9.420089407946024,0.0468729691232601,7.813838795491729
/content/drive/MyDrive/Bharatanatyam_Digital_Twin/dataset/posture_images/extracted/new_Dataset/Muzhumandi Augmented/dr_3_9343.jpg,dr_3_9343.jpg,Muzhumandi Augmented,20.480368568185416,23.99782842211582,17.764194003596813,13.81499255532582,4.079941445272398,24.16917232762205,14.957075082954267,10.232361052253792,10.387757964921946,23.836729959564224,13.632887781005827,13.222104063313797,0.386721391342485,6.82496082158136,14.20922512824582,0.0638167351175123,6.201840601380749
/content/drive/MyDrive/Bharatanatyam_Digital_Twin/dataset/posture_images/extracted/new_Dataset/Muzhumandi Augmented/dr_3_9877.jpg,dr_3_9877.jpg,Muzhumandi Augmented,17.226065421104003,0.26635145338290295,71.93210465585429,2.5708885349767407,6.848979588365611,23.22059657362268,26.143142338204832,18.436193409115496,20.050260938317944,18.35991412012153,19.403161355998265,45.54075608955185,0.3593641666723271,7.159682792009313,8.093778445007864,0.040082692149008,13.345187238871066
/content/drive/MyDrive/Bharatanatyam_Digital_Twin/dataset/posture_images/extracted/new_Dataset/Muzhumandi Augmented/dr_3_9889.jpg,dr_3_9889.jpg,Muzhumandi Augmented,46.82430114996662,42.88808059258118,33.8288032041722,1.6682422496137594,7.347205186087686,0.6903827254912216,10.883658341341215,7.269281692944929,0.9470118144674018,18.586104197115304,1.3230214680112715,25.883307919138524,0.3751068532041361,13.343003095925942,27.04463614007527,0.0507602746489374,12.93361287305362
/content/drive/MyDrive/Bharatanatyam_Digital_Twin/dataset/posture_images/extracted/new_Dataset/Muzhumandi Augmented/dr_3_9901.jpg,dr_3_9901.jpg,Muzhumandi Augmented,21.71483676474575,29.70568769811353,32.22691387443131,19.813621348711045,23.903305964016823,24.680750458129268,25.156147911322115,0.2536271882601966,0.4797591490716115,2.248856649331202,5.221693773554548,65.52917308146485,0.3470729167119254,10.767993639616533,22.7994664888842,0.0589879385979649,9.445526491367431
/content/drive/MyDrive/Bharatanatyam_Digital_Twin/dataset/posture_images/extracted/new_Dataset/Muzhumandi Augmented/dr_4_1119.jpg,dr_4_1119.jpg,Muzhumandi Augmented,38.30278966101024,26.92956289243152,26.231404430914147,39.08716724560829,14.430726154099494,11.76893273601374,22.87955764165892,18.33573758832749,14.27236656255744,17.857337378791076,14.095501079892037,4.54044649735881,0.3869398314161834,12.889002772292512,25.2556867669576,0.1115500634021594,13.299771486517772
/content/drive/MyDrive/Bharatanatyam_Digital_Twin/dataset/posture_images/extracted/new_Dataset/Muzhumandi Augmented/dr_4_1141.jpg,dr_4_1141.jpg,Muzhumandi Augmented,18.6798068561372,20.729209508030223,86.79567229637152,43.800352444410855,33.957323171476226,11.41465620711442,43.99200102984325,19.33744049776461,21.354046344776503,26.19196666186812,16.150802705131092,24.285232181467126,0.3236924803154645,14.546151057868054,20.49057283419424,0.1332303334033639,23.01465000600656
/content/drive/MyDrive/Bharatanatyam_Digital_Twin/dataset/posture_images/extracted/new_Dataset/Muzhumandi Augmented/dr_4_1266.jpg,dr_4_1266.jpg,Muzhumandi Augmented,9.556229828329958,2.659529175488281,17.39337048781936,3.671033199637244,2.4500658700124447,11.764402242338216,8.819717949951816,4.953962215519425,6.909662988958331,8.906648348934993,6.342807597490897,17.25131765328387,0.3333630794981392,7.36319822231481,15.822846597000826,0.0902394613049087,6.176508608638692
/content/drive/MyDrive/Bharatanatyam_Digital_Twin/dataset/posture_images/extracted/new_Dataset/Muzhumandi Augmented/dr_4_14.jpg,dr_4_14.jpg,Muzhumandi Augmented,10.269615672896546,6.5722761053490055,60.95052210781679,11.044078706418434,6.408748140134297,13.646956016249698,23.0125762426548,6.9291275936275,3.0199755487307374,0.0893543010447953,3.2718438588956955,21.9036473927248,0.3577628455788273,6.22377989989931,13.390937705665769,0.0684591028480823,5.211942891184083
/content/drive/MyDrive/Bharatanatyam_Digital_Twin/dataset/posture_images/extracted/new_Dataset/Muzhumandi Augmented/dr_4_1548.jpg,dr_4_1548.jpg,Muzhumandi Augmented,5.34514183898256,5.236485229960017,33.2716548624034,4.487544931468246,20.374628627953506,18.35160242603908,19.121357711966056,10.82661005588052,4.875862227117269,6.70123335554364,5.752712624176319,38.225244791498135,0.310921682203611,4.544188505293646,8.85507728856939,0.0597041128295271,4.717784114482022
/content/drive/MyDrive/Bharatanatyam_Digital_Twin/dataset/posture_images/extracted/new_Dataset/Muzhumandi Augmented/dr_4_2039.jpg,dr_4_2039.jpg,Muzhumandi Augmented,19.95796600133414,6.150186238912589,29.727791399098813,2.6721695084216672,3.723650419946171,17.02567790705421,13.287322308630216,4.253943891033566,5.891559325444381,8.371820203048479,7.522315674214299,20.71397912912021,0.2980588917164684,8.143969483352144,18.184242468445245,0.0943172528656046,6.153348728745583
/content/drive/MyDrive/Bharatanatyam_Digital_Twin/dataset/posture_images/extracted/new_Dataset/Muzhumandi Augmented/dr_4_214.jpg,dr_4_214.jpg,Muzhumandi Augmented,24.53835797550115,26.70963728369596,40.86924184018253,10.140786651158376,14.292049408770469,16.94257028419233,20.56116204607593,15.077950936243322,8.353458363791322,8.205975264781038,10.919174637979692,45.71702468334843,0.2665656985581057,9.592558198135183,24.481963673731443,0.0460487931139149,4.249662127560196
/content/drive/MyDrive/Bharatanatyam_Digital_Twin/dataset/posture_images/extracted/new_Dataset/Muzhumandi Augmented/dr_4_2271.jpg,dr_4_2271.jpg,Muzhumandi Augmented,13.576647250554197,12.29077036612361,42.45394609770335,11.498581069458336,13.007839781440651,13.596372318714716,20.139184816829264,8.272412461562869,5.942998293311245,10.832856872671169,7.330495920515988,52.15831378519754,0.3264672337555307,5.733569510291571,15.110542922531144,0.0558774528932052,2.034288155450364
/content/drive/MyDrive/Bharatanatyam_Digital_Twin/dataset/posture_images/extracted/new_Dataset/Muzhumandi Augmented/dr_4_2412.jpg,dr_4_2412.jpg,Muzhumandi Augmented,11.705103918976175,28.87041260534237,16.966361406328872,7.990396576049556,5.977657713598578,2.6276506162895674,8.390516578066643,1.2827045332160196,3.635422112775729,4.820490497078765,2.461419146657621,66.69710121378057,0.3200345566496312,11.936991543404956,27.47752699012972,0.0628659459049292,8.270581694180217
/content/drive/MyDrive/Bharatanatyam_Digital_Twin/dataset/posture_images/extracted/new_Dataset/Muzhumandi Augmented/dr_4_262.jpg,dr_4_262.jpg,Muzhumandi Augmented,13.022242230945238,37.84773482214891,30.63803869917096,19.21588333539479,19.41355032009737,17.71129244732467,21.744691200496945,16.078004169105697,20.33489223911008,17.31772719897492,21.58738149646914,56.28394216967273,0.2950861437849494,10.766987456355578,26.74984234516492,0.0467998202727505,5.504320203629064
/content/drive/MyDrive/Bharatanatyam_Digital_Twin/dataset/posture_images/extracted/new_Dataset/Muzhumandi Augmented/dr_4_2625.jpg,dr_4_2625.jpg,Muzhumandi Augmented,104.30667931113157,63.251759331829355,5.644559274882462,2.3569764888794764,38.92488981771582,27.106140498011705,18.508141519872368,17.863597487221988,14.81196439924766,23.494046223358644,13.068604776033252,11.17481292715046,0.3265637689713955,21.6795216541949,50.071636133918346,0.1120484774439055,14.854880351222445
/content/drive/MyDrive/Bharatanatyam_Digital_Twin/dataset/posture_images/extracted/new_Dataset/Muzhumandi Augmented/dr_4_3091.jpg,dr_4_3091.jpg,Muzhumandi Augmented,30.236813700430073,25.20642894851433,63.7891557693592,45.59477787480319,11.93616580032101,6.78119862351676,32.025324517000044,5.46363036997235,0.9319224559832264,4.440178757458909,4.412263743401149,69.68881186325225,0.27256271234746,17.539268644350496,30.629615564725963,0.0970810721097288,21.8911092962158
/content/drive/MyDrive/Bharatanatyam_Digital_Twin/dataset/posture_images/extracted/new_Dataset/Muzhumandi Augmented/dr_4_313.jpg,dr_4_313.jpg,Muzhumandi Augmented,14.998612490298513,49.383092992027464,24.309032777827976,23.792338155960504,14.654162282446377,9.97087329333932,18.181601627393544,3.9228993140452113,3.468771125778608,2.3064680215637567,3.053691192093574,55.63536289592825,0.3256842313435082,11.664215063786244,30.37380191178512,0.0605557536874045,4.558287525886212
/content/drive/MyDrive/Bharatanatyam_Digital_Twin/dataset/posture_images/extracted/new_Dataset/Muzhumandi Augmented/dr_4_3355.jpg,dr_4_3355.jpg,Muzhumandi Augmented,13.03744959648228,9.605379170288238,45.64189739183591,21.743796311955933,19.319633094770957,2.333081544859566,22.25960208585559,16.702565633253357,14.905492453818454,14.001760515197304,11.41011348919632,42.47083823761869,0.3430122207025428,8.768305787202365,15.990320752548891,0.0443126333791766,10.270283975679025
/content/drive/MyDrive/Bharatanatyam_Digital_Twin/dataset/posture_images/extracted/new_Dataset/Muzhumandi Augmented/dr_4_376.jpg,dr_4_376.jpg,Muzhumandi Augmented,13.116492588726668,37.81908080764637,47.51452998552107,1.968886991387446,1.983399769556414,0.6729442171182599,13.034940240895798,16.5996563483818,23.405603049934992,15.041430496041247,22.24105485531681,62.2692410833922,0.3285935072887708,13.075169305513615,28.54275619355458,0.0807307499102492,10.60202097307602
/content/drive/MyDrive/Bharatanatyam_Digital_Twin/dataset/posture_images/extracted/new_Dataset/Muzhumandi Augmented/dr_4_4132.jpg,dr_4_4132.jpg,Muzhumandi Augmented,4.032216716454485,3.208931276867183,34.64305315284459,9.209033616242335,4.162931083215785,18.16687861850178,16.545474117701122,20.917818334251283,11.506140153814348,3.750428738700349,12.99741549504427,42.65643159736085,0.3672616090153043,5.815636347510915,12.678337057713884,0.0574430066576186,4.711128978161245
/content/drive/MyDrive/Bharatanatyam_Digital_Twin/dataset/posture_images/extracted/new_Dataset/Muzhumandi Augmented/dr_4_4260.jpg,dr_4_4260.jpg,Muzhumandi Augmented,8.22369985790333,28.81703222029103,44.70786182399127,11.91591845354103,8.03566060486675,5.3718979765473724,17.507834714736603,12.734384722490432,12.374652474307313,9.784063553069274,14.0495231955639,60.95989401132164,0.3393344296642958,9.284500211141316,20.50291488311258,0.0782567502578689,7.272329000053497
/content/drive/MyDrive/Bharatanatyam_Digital_Twin/dataset/posture_images/extracted/new_Dataset/Muzhumandi Augmented/dr_4_4366.jpg,dr_4_4366.jpg,Muzhumandi Augmented,9.378116563445722,27.898039700983816,54.156958234057925,0.1481873993391068,14.747897330967984,15.20430816057187,21.064337781234222,9.298513109196447,9.100268019709574,9.4278882526244,10.418725818166426,49.44072352920204,0.356739005941218,10.162548582269888,23.16467166647001,0.050296767056357,7.272677313283293
/content/drive/MyDrive/Bharatanatyam_Digital_Twin/dataset/posture_images/extracted/new_Dataset/Muzhumandi Augmented/dr_4_4406.jpg,dr_4_4406.jpg,Muzhumandi Augmented,7.939204823699313,9.68132051763451,53.11611167927384,15.10994086031269,5.321420595742552,7.559827786541501,20.276825230467644,3.332061139827171,4.761649942442947,13.32863020492324,5.194136613571021,51.9271264851018,0.3559489742700876,6.13567766032175,11.24459532148705,0.0394905078390881,7.122947151639111
/content/drive/MyDrive/Bharatanatyam_Digital_Twin/dataset/posture_images/extracted/new_Dataset/Muzhumandi Augmented/dr_4_4615.jpg,dr_4_4615.jpg,Muzhumandi Augmented,7.717058248809202,33.53799778567068,41.23844079271426,9.12941459644438,11.35667017590035,11.539952216493148,18.316119445388036,0.6252428391058703,1.9637537216317924,3.9408244545485114,1.2620559186869518,49.2178578240553,0.3418385684786757,8.273944136055908,19.30475340521795,0.0493661538775593,5.467712849072215
/content/drive/MyDrive/Bharatanatyam_Digital_Twin/dataset/posture_images/extracted/new_Dataset/Muzhumandi Augmented/dr_4_4646.jpg,dr_4_4646.jpg,Muzhumandi Augmented,9.700442586956246,15.622945115803489,22.14801016500188,30.164313514081176,2.306703396492884,17.09937668914697,17.929600941180727,19.13484691033503,11.01883884573158,1.786241687469527,14.298196675452395,34.01211469880184,0.3204201546622452,7.805209951794313,14.886683199464128,0.0743330364041379,8.454613619514673
/content/drive/MyDrive/Bharatanatyam_Digital_Twin/dataset/posture_images/extracted/new_Dataset/Muzhumandi Augmented/dr_4_5131.jpg,dr_4_5131.jpg,Muzhumandi Augmented,27.6836549414285,30.31781022398826,49.53677886991868,36.3111005304361,6.649059470734456,25.50476558019016,29.50042611281985,4.967172003065201,5.554064454196066,25.729578794088297,1.0586349809643745,12.374817600209726,0.3707592032186282,14.11862291511755,24.791660584315597,0.0368216286060335,17.527386532431024
/content/drive/MyDrive/Bharatanatyam_Digital_Twin/dataset/posture_images/extracted/new_Dataset/Muzhumandi Augmented/dr_4_520.jpg,dr_4_520.jpg,Muzhumandi Augmented,9.998994078477004,7.549385850740265,48.34355815994102,10.18413481917441,3.084668888711304,15.167559004596104,19.19498021810571,12.244397699884049,12.993254303483496,9.223298204890028,10.627027380733344,47.40762196605907,0.31528163610293,5.8259675361893954,13.096387480806126,0.0616053042935843,4.319909823468475
/content/drive/MyDrive/Bharatanatyam_Digital_Twin/dataset/posture_images/extracted/new_Dataset/Muzhumandi Augmented/dr_4_5276.jpg,dr_4_5276.jpg,Muzhumandi Augmented,13.111798030197267,5.528981496451401,29.97192067906405,1.903252462777376,9.515211656195522,13.22732474665399,13.654427386172737,4.984127534261859,1.688621572423358,6.499536515105831,3.920653974162932,39.96525419209858,0.3515385230777566,7.143458350222093,16.41835823902776,0.1146990394269718,4.8973177722115455
/content/drive/MyDrive/Bharatanatyam_Digital_Twin/dataset/posture_images/extracted/new_Dataset/Muzhumandi Augmented/dr_4_5325.jpg,dr_4_5325.jpg,Muzhumandi Augmented,6.794209398102897,22.615718759312106,41.72761955761128,12.150305769090366,13.827872726837764,12.945438420823107,20.16280911859063,3.763392655994693,4.401578043863168,0.072919865087158,1.9085420993003392,53.515212743301305,0.2812019369540823,7.290547212746922,17.388227742820476,0.0655870605297595,4.417826834890532
/content/drive/MyDrive/Bharatanatyam_Digital_Twin/dataset/posture_images/extracted/new_Dataset/Muzhumandi Augmented/dr_4_5331.jpg,dr_4_5331.jpg,Muzhumandi Augmented,3.660499183206653,15.790370369495463,26.24365678056113,9.02884548489947,14.62831298613644,14.771034354798353,16.16796240159885,14.400807908797038,11.95045286847737,8.65413400574839,14.503473775314475,62.9903301914182,0.3088466718709667,5.269330335171069,13.311649499949006,0.0620015237717906,2.434339981792411
/content/drive/MyDrive/Bharatanatyam_Digital_Twin/dataset/posture_images/extracted/new_Dataset/Muzhumandi Augmented/dr_4_5367.jpg,dr_4_5367.jpg,Muzhumandi Augmented,12.777496810083857,6.498557061227096,61.01820282419242,9.400926644991182,3.022142712744567,2.2919445197855777,18.93330417542844,15.241427577888665,9.710080684766112,9.679113498457212,10.131487550092215,28.99671490967152,0.2811876953290778,9.468504155158683,16.252112150962194,0.1002889519722338,12.053111362541625
/content/drive/MyDrive/Bharatanatyam_Digital_Twin/dataset/posture_images/extracted/new_Dataset/Muzhumandi Augmented/dr_4_5482.jpg,dr_4_5482.jpg,Muzhumandi Augmented,7.424789640846189,36.90781711912475,31.05567605967913,2.783898997827245,4.966021733331359,5.790792578579191,11.14909734235423,7.952305136227466,14.644369322040037,9.914072968182154,12.610248838897698,62.505957614744766,0.3136704795199249,10.054404079648611,23.540265729913717,0.058358030381252,6.564588478650873
/content/drive/MyDrive/Bharatanatyam_Digital_Twin/dataset/posture_images/extracted/new_Dataset/Muzhumandi Augmented/dr_4_5695.jpg,dr_4_5695.jpg,Muzhumandi Augmented,12.811154140828062,13.792991888847673,24.42953406666716,30.29247133130944,13.06483417490965,19.830869808238305,21.904427345281132,6.976535048485289,0.2703711528071721,5.652443683678428,2.141874786709772,23.493799173340587,0.3331748127812283,8.895100011750493,19.00658975283513,0.0503472839510316,7.62836299846532
/content/drive/MyDrive/Bharatanatyam_Digital_Twin/dataset/posture_images/extracted/new_Dataset/Muzhumandi Augmented/dr_4_5709.jpg,dr_4_5709.jpg,Muzhumandi Augmented,17.91196051246808,35.37324093182024,32.85496876735986,5.058783265450149,10.319598785320355,10.979023359191672,14.803093544330508,1.0263533794520467,3.3306094661033123,2.9299286415223342,1.2271787271353694,62.03105075006808,0.3043120214857788,10.962593456842743,29.09168746614282,0.0575672369968828,3.738525667388537
/content/drive/MyDrive/Bharatanatyam_Digital_Twin/dataset/posture_images/extracted/new_Dataset/Muzhumandi Augmented/dr_4_5836.jpg,dr_4_5836.jpg,Muzhumandi Augmented,117.19745418849244,64.07410928052948,1.0469236836971672,0.7226912494268599,11.453795693798444,9.038827577325542,5.565559551062003,18.12946570930309,14.214798805747582,9.952183450724126,19.76326048356543,42.257578333716566,0.2752795401866368,22.00382144447001,58.33874013597784,0.0948698582759895,7.57785433915619
/content/drive/MyDrive/Bharatanatyam_Digital_Twin/dataset/posture_images/extracted/new_Dataset/Muzhumandi Augmented/dr_4_6051.jpg,dr_4_6051.jpg,Muzhumandi Augmented,110.44940307235242,66.29496958458415,2.023599278290923,9.108925125724063,2.414152112154199,6.410799323821102,4.989368959997572,3.768184789391388,0.9368800018538552,12.469363946388498,2.178199071123773,7.575046212343807,0.3460158575521163,22.166922906027786,57.78960975883106,0.1218932939152482,8.589265665337031
/content/drive/MyDrive/Bharatanatyam_Digital_Twin/dataset/posture_images/extracted/new_Dataset/Muzhumandi Augmented/dr_4_6167.jpg,dr_4_6167.jpg,Muzhumandi Augmented,6.903140570641465,14.601214904495885,19.96045093255422,7.862786439647438,5.589183019524269,5.301175311947086,9.678398925918252,6.640020837642851,11.091741045874612,12.194440715432052,9.52602546238716,40.15059871432755,0.3447799211749305,6.883545988906287,13.5366676278735,0.0348649408172131,7.079105398028147
/content/drive/MyDrive/Bharatanatyam_Digital_Twin/dataset/posture_images/extracted/new_Dataset/Muzhumandi Augmented/dr_4_622.jpg,dr_4_622.jpg,Muzhumandi Augmented,4.502974848389947,12.261768291126458,32.99575942582222,12.529121116044376,15.291370712667002,26.314084456964824,21.782583927874605,3.144240203324017,3.4427887826347217,1.9677272064936917,1.562292508049247,24.46357856469445,0.3542373304811597,5.65197208992834,10.272754172484728,0.0412208495518522,6.641941247748443
/content/drive/MyDrive/Bharatanatyam_Digital_Twin/dataset/posture_images/extracted/new_Dataset/Muzhumandi Augmented/dr_4_6819.jpg,dr_4_6819.jpg,Muzhumandi Augmented,106.7032666676052,52.54545082053563,8.880888516432835,2.1931294703491475,6.856024992419246,17.80514460224841,8.933796895362411,3.424509888380669,7.628521907181607,5.431109936348264,0.7181735507411849,18.274431166315303,0.3845243175302103,18.994412198575485,52.55279686162863,0.0708615624797389,4.359578171618088
/content/drive/MyDrive/Bharatanatyam_Digital_Twin/dataset/posture_images/extracted/new_Dataset/Muzhumandi Augmented/dr_4_6882.jpg,dr_4_6882.jpg,Muzhumandi Augmented,17.461178572631198,8.936521734496914,17.71921550968088,8.836637715621556,10.095808556224087,6.63650186602645,10.822040911888244,17.716616342742867,10.85604557105367,1.2968693242457905,12.337009231566231,43.21234577301689,0.2975731824066325,8.442010379515166,20.211660495943285,0.0983847694729348,5.015985873129279
/content/drive/MyDrive/Bharatanatyam_Digital_Twin/dataset/posture_images/extracted/new_Dataset/Muzhumandi Augmented/dr_4_7470.jpg,dr_4_7470.jpg,Muzhumandi Augmented,18.89756598703196,22.091080238222624,61.318370479459794,39.58683215455565,0.857803251005495,6.960302598647291,27.18082712091706,5.456147482333004,0.8798745924731926,5.325635201382153,0.8286753138110984,25.120846358267716,0.2550523903079158,15.776013379062244,26.360269835055536,0.087356033632473,20.88041426849872
/content/drive/MyDrive/Bharatanatyam_Digital_Twin/dataset/posture_images/extracted/new_Dataset/Muzhumandi Augmented/dr_4_8395.jpg,dr_4_8395.jpg,Muzhumandi Augmented,19.290348268260615,18.59201014260043,32.71679863878714,4.138453017641687,7.521298856751156,8.643827440558331,13.25509448843458,15.566080124714883,7.751867887244439,9.371371575568226,10.185742718434788,51.33326791667638,0.296874995715115,8.528628949401853,20.285291022100186,0.0387161346948856,5.261879691410488
/content/drive/MyDrive/Bharatanatyam_Digital_Twin/dataset/posture_images/extracted/new_Dataset/Muzhumandi Augmented/dr_4_8575.jpg,dr_4_8575.jpg,Muzhumandi Augmented,2.3865535430900735,13.705892275269655,9.184652147147942,0.4332020059835072,0.1161016616158289,9.573945045762237,4.826975215127378,12.540318422798858,10.794903221822036,19.97601425759583,12.200990139343023,15.780842934989456,0.2991531939586673,8.190739717608649,15.208378647017357,0.1191071660708922,9.244733339737698
/content/drive/MyDrive/Bharatanatyam_Digital_Twin/dataset/posture_images/extracted/new_Dataset/Muzhumandi Augmented/dr_4_8642.jpg,dr_4_8642.jpg,Muzhumandi Augmented,30.315875579035332,32.619318059916445,91.06177775087846,61.91000221390631,28.36289482898135,22.83350307573572,51.04204446737546,19.10407115704878,21.55715095183366,27.232976016909685,15.353444590733131,18.01309409539557,0.366825709686857,20.421165901953383,24.53802873777721,0.3027837242011135,36.42268524388182
/content/drive/MyDrive/Bharatanatyam_Digital_Twin/dataset/posture_images/extracted/new_Dataset/Muzhumandi Augmented/dr_4_8730.jpg,dr_4_8730.jpg,Muzhumandi Augmented,40.24123404677712,43.694039528114665,94.90975308291844,79.48693398192191,15.322352012993733,27.16470221912853,54.220935324240656,11.01682402982081,1.778855240042219,16.69935039509079,6.240178595571244,30.478311607858743,0.3875308995030505,22.62909814270743,29.290696306609863,0.0835208539117034,38.51307726760073
/content/drive/MyDrive/Bharatanatyam_Digital_Twin/dataset/posture_images/extracted/new_Dataset/Muzhumandi Augmented/dr_4_9057.jpg,dr_4_9057.jpg,Muzhumandi Augmented,7.815768545587034,26.383876507632237,28.596175366158143,13.69106191658581,11.858292160488782,9.347640618669308,15.87329251547551,4.617427041546632,0.7881545545051454,0.1844723149117334,2.3465963588230445,61.40705114607948,0.2888146525503112,7.567788042039143,19.14661868476314,0.0702409971893471,3.486504444164938
/content/drive/MyDrive/Bharatanatyam_Digital_Twin/dataset/posture_images/extracted/new_Dataset/Muzhumandi Augmented/dr_4_9146.jpg,dr_4_9146.jpg,Muzhumandi Augmented,25.809684942655572,41.99378673070762,37.69943841343389,0.0785305308098784,3.590358719884898,1.258935289195921,10.656815738331147,13.489627257078098,10.341348314648684,7.625879442860253,11.554939455847794,56.85776790962562,0.343818941307461,15.191775568200748,35.63636819688298,0.0603153370770739,9.878643170642205
/content/drive/MyDrive/Bharatanatyam_Digital_Twin/dataset/posture_images/extracted/new_Dataset/Muzhumandi Augmented/dr_4_9307.jpg,dr_4_9307.jpg,Muzhumandi Augmented,13.872184653670221,18.570960392423522,32.64544219639227,48.8605904228841,12.05213975892154,11.65009565719676,26.302067008848667,20.148954122933414,6.900157806957765,5.615007118668473,15.219050552369003,44.41775181689474,0.337898993703928,9.80953802933422,20.69263567741732,0.094314504861399,8.641663905723943
/content/drive/MyDrive/Bharatanatyam_Digital_Twin/dataset/posture_images/extracted/new_Dataset/Muzhumandi Augmented/dr_4_9383.jpg,dr_4_9383.jpg,Muzhumandi Augmented,51.255651438474516,29.296911150111185,37.117782653055365,26.19438784368809,24.589408724411538,40.05755944353941,31.9897846661736,15.431323044058956,17.930514622775092,27.22800975141536,15.796076972671576,8.948849789471893,0.3636241076366139,18.4455759586715,32.13680251104825,0.0502800175591317,23.14964534740712
/content/drive/MyDrive/Bharatanatyam_Digital_Twin/dataset/posture_images/extracted/new_Dataset/Muzhumandi Augmented/dr_4_9482.jpg,dr_4_9482.jpg,Muzhumandi Augmented,2.893502182882539,2.7849510078973907,20.203214799067037,0.3217335198101613,4.210132665311915,7.488129110678068,8.055802523716794,0.3069561835151262,2.1345391177997044,5.300779347624228,2.009229391914541,30.879879449088065,0.3253436441403302,5.978542906191387,10.469473361887664,0.0718609232188691,7.394294433467627
/content/drive/MyDrive/Bharatanatyam_Digital_Twin/dataset/posture_images/extracted/new_Dataset/Muzhumandi Augmented/dr_4_9489.jpg,dr_4_9489.jpg,Muzhumandi Augmented,10.15289304964677,4.890093495769278,56.5360246130546,12.872239887765286,6.591177365613541,12.905845841031818,22.226321926866312,15.657956620408395,15.840560975126008,10.3523726026919,10.8833118356776,55.21670397744632,0.352683090066854,5.285996692667158,9.521499536452811,0.0614588254944854,6.275031716054177
/content/drive/MyDrive/Bharatanatyam_Digital_Twin/dataset/posture_images/extracted/new_Dataset/Muzhumandi Augmented/dr_4_9527.jpg,dr_4_9527.jpg,Muzhumandi Augmented,8.501380332358423,44.263237702610404,31.66155809362837,15.974052399371292,22.801080508746608,17.00479349052343,21.860371123067424,12.06865037042328,8.914795667069061,2.1324976557012367,10.928796833633688,66.92438152925739,0.2931428860431142,11.445137078304503,27.7166725693754,0.0555535878166111,6.563185077721508
/content/drive/MyDrive/Bharatanatyam_Digital_Twin/dataset/posture_images/extracted/new_Dataset/Muzhumandi Augmented/dr_4_9599.jpg,dr_4_9599.jpg,Muzhumandi Augmented,8.279964651301174,19.451984729665337,4.852984909344404,0.0967974200721917,3.112584954015316,0.8642057991579296,2.23164327064746,5.752944248376027,3.736736076536178,7.668902627203028,3.7616132537233633,10.822824914144975,0.3141792842467547,11.521386102484284,22.31808402819713,0.1178166883136688,12.128257590942043
/content/drive/MyDrive/Bharatanatyam_Digital_Twin/dataset/posture_images/extracted/new_Dataset/Muzhumandi Augmented/dr_4_9799.jpg,dr_4_9799.jpg,Muzhumandi Augmented,10.626028743887591,9.775820473272915,40.56327050874028,3.7199310617776593,4.216296925241743,6.841461230619078,13.83523993159469,15.61823867489598,19.856678266631658,19.991642121744125,17.85919547195496,50.43454780839211,0.2731575680210619,6.938766923425564,13.852672066475751,0.0597464536067264,6.903882250194212
/content/drive/MyDrive/Bharatanatyam_Digital_Twin/dataset/posture_images/extracted/new_Dataset/Muzhumandi Augmented/dr_4_99.jpg,dr_4_99.jpg,Muzhumandi Augmented,103.46982411599652,51.04698983797771,19.0168286631719,0.5724751874626788,14.673472501699786,24.639996605080523,14.725693239353722,8.814518275340731,3.7418020822193223,2.535560315629283,5.220018504764078,17.111781871207203,0.3795679553701555,19.56976210704951,47.596967964393016,0.1081457190286799,11.004172637726835
/content/drive/MyDrive/Bharatanatyam_Digital_Twin/dataset/posture_images/extracted/new_Dataset/Nagabandham Augmented/dr_0_1081.jpg,dr_0_1081.jpg,Nagabandham Augmented,24.598130991382774,26.151118111782147,5.748441234076068,4.427608669599092,11.878661792156173,19.73799520568728,10.448176725379652,9.75052453816761,13.748929926613272,8.596892982966239,6.73242749077864,34.9067472417014,0.3405974226905463,10.44311952990376,17.52325766606647,0.0702147315922806,13.73588619205253
/content/drive/MyDrive/Bharatanatyam_Digital_Twin/dataset/posture_images/extracted/new_Dataset/Nagabandham Augmented/dr_0_1145.jpg,dr_0_1145.jpg,Nagabandham Augmented,41.711750707937426,34.908199714148395,15.940308208793748,8.85371310799567,13.9569539276472,17.34984486293972,14.025205026844084,13.78893987760661,19.6624863171809,21.54597909615193,18.09589153419802,35.23373200580449,0.2425058628779247,14.519798051032868,31.49283956734584,0.0458305137889474,12.020724071963816
/content/drive/MyDrive/Bharatanatyam_Digital_Twin/dataset/posture_images/extracted/new_Dataset/Nagabandham Augmented/dr_0_1469.jpg,dr_0_1469.jpg,Nagabandham Augmented,51.629190326588514,10.451783043145,42.80440487614469,4.989114734804577,34.241563526601254,7.670227933423261,22.426327767743444,3.988067435872905,4.981625965441075,13.562218896880776,0.1755905966527292,17.557333922579524,0.3252881841672824,10.62084310734178,21.344277026709385,0.0637999180186498,10.4544523772973
/content/drive/MyDrive/Bharatanatyam_Digital_Twin/dataset/posture_images/extracted/new_Dataset/Nagabandham Augmented/dr_0_1493.jpg,dr_0_1493.jpg,Nagabandham Augmented,35.364774503228595,46.50381632080861,13.546081203129962,0.8337514946943996,25.315833645975083,1.0105850915634784,10.17656285884073,20.57773897426475,14.315830468261389,13.388488108734416,14.412811210454937,10.33398297699422,0.2802860287888098,13.125890930903545,25.407619052070483,0.0571159077003014,13.91293783293984
/content/drive/MyDrive/Bharatanatyam_Digital_Twin/dataset/posture_images/extracted/new_Dataset/Nagabandham Augmented/dr_0_1524.jpg,dr_0_1524.jpg,Nagabandham Augmented,39.411088400334584,30.923203530650987,78.54060476885012,2.518813236207305,74.58456709077157,11.814842432654812,41.86470688212096,3.5121655773726883,9.097407462369532,25.077718817851835,2.4931775769395657,19.35025736099264,0.2992603394227187,11.682286609568072,29.184628729718863,0.0554249282855221,5.806806170699831
/content/drive/MyDrive/Bharatanatyam_Digital_Twin/dataset/posture_images/extracted/new_Dataset/Nagabandham Augmented/dr_0_1613.jpg,dr_0_1613.jpg,Nagabandham Augmented,46.29785453163102,45.24392312203892,13.48302393707834,4.144531750639517,50.016635949778674,49.314010749583545,29.23955059677002,15.357993498458312,12.352403408940347,16.45542002508742,15.56841194365732,32.05214954069692,0.2415502650810533,17.612804246156955,36.8716696650865,0.0478383837235742,15.918904689660792
/content/drive/MyDrive/Bharatanatyam_Digital_Twin/dataset/posture_images/extracted/new_Dataset/Nagabandham Augmented/dr_0_1774.jpg,dr_0_1774.jpg,Nagabandham Augmented,14.30581467746071,13.114746234393465,22.956266267275385,13.52194054280596,46.79445363954103,20.5081219505294,25.945195600037945,0.0945063177677809,1.6491464081559857,1.0968619849655,0.2081968826574942,9.42598173205141,0.299592759229646,7.346244774728162,17.74511195565428,0.0312224494325258,4.262399919097679
/content/drive/MyDrive/Bharatanatyam_Digital_Twin/dataset/posture_images/extracted/new_Dataset/Nagabandham Augmented/dr_0_1865.jpg,dr_0_1865.jpg,Nagabandham Augmented,46.5302751683508,15.113298157031958,0.4374617785372157,9.643052948371391,64.86463697186382,41.13261247622483,29.01944104374931,9.5890181495163,5.433947467321644,0.2465561878180805,10.92154128550423,42.11362141093981,0.28107376146278,14.956948140651685,29.07020196782812,0.0778628540647009,15.72277960006224
/content/drive/MyDrive/Bharatanatyam_Digital_Twin/dataset/posture_images/extracted/new_Dataset/Nagabandham Augmented/dr_0_23.jpg,dr_0_23.jpg,Nagabandham Augmented,48.393823638779516,59.15662514905621,8.508270870714142,9.515282975862984,9.32028861540888,4.552290622247762,7.974033271058442,11.022688125968614,5.787665699597426,0.0443550132487189,13.596660248980998,12.580668836005614,0.2267606422456262,20.053589145202213,44.79323260432285,0.0414297446479045,15.32610508663588
/content/drive/MyDrive/Bharatanatyam_Digital_Twin/dataset/posture_images/extracted/new_Dataset/Nagabandham Augmented/dr_0_2760.jpg,dr_0_2760.jpg,Nagabandham Augmented,43.36769300257384,19.140784126390663,0.5533829529986194,7.860369674333024,18.62146050191017,9.182673440333556,9.054471642393844,18.728814489328016,20.624012926156183,23.82475997516474,15.533085155698297,44.107508572669175,0.3130244732675588,11.650414375046315,22.168298630645268,0.050739455869916,12.73220503862376
/content/drive/MyDrive/Bharatanatyam_Digital_Twin/dataset/posture_images/extracted/new_Dataset/Nagabandham Augmented/dr_0_2873.jpg,dr_0_2873.jpg,Nagabandham Augmented,49.847568839492126,51.118105047166665,8.661613465144857,3.519514235184782,15.745153319591864,38.67219052772827,16.64961788691244,0.9989628152850988,4.220920416661794,2.62461447270545,0.8440996611323515,20.03937227327543,0.2316864918376412,16.888195398315577,33.90034606326208,0.0423874126442966,16.721852719040367
/content/drive/MyDrive/Bharatanatyam_Digital_Twin/dataset/posture_images/extracted/new_Dataset/Nagabandham Augmented/dr_0_3152.jpg,dr_0_3152.jpg,Nagabandham Augmented,51.54747266421592,56.989619801973454,3.320031203114685,14.701202599389326,11.34045369275891,11.972719354628524,10.333601712472865,14.193826783160176,21.31643691817118,22.39207446465184,12.862006411066403,47.96623822803147,0.2613710718031006,17.315963126364146,39.08340662691499,0.0589505740896979,12.805532178087748
/content/drive/MyDrive/Bharatanatyam_Digital_Twin/dataset/posture_images/extracted/new_Dataset/Nagabandham Augmented/dr_0_3506.jpg,dr_0_3506.jpg,Nagabandham Augmented,53.37093458662753,49.248834701412065,1.8023801172222744,3.7146067627512576,18.233960612851973,4.907381183382088,7.164582169051898,14.202305919369197,19.419294798250945,19.22957318096641,11.14367318228696,42.56493306929441,0.3084865143228908,16.994435772101223,36.64046880891244,0.0656356713313109,14.277202836059915
/content/drive/MyDrive/Bharatanatyam_Digital_Twin/dataset/posture_images/extracted/new_Dataset/Nagabandham Augmented/dr_0_3668.jpg,dr_0_3668.jpg,Nagabandham Augmented,43.29734732931997,60.98855802975231,19.6471001027869,18.140784902513584,0.9973221452174996,7.347584664703163,11.533197953805288,2.884168685814956,10.848861985323596,17.814641106697934,2.993262190812474,29.917854096619703,0.2425351140278879,21.007014484624687,47.98427262830704,0.0634589721634711,14.973311853403551
/content/drive/MyDrive/Bharatanatyam_Digital_Twin/dataset/posture_images/extracted/new_Dataset/Nagabandham Augmented/dr_0_4041.jpg,dr_0_4041.jpg,Nagabandham Augmented,25.499121052445922,35.825700857422035,42.24590614684691,2.1186775874717414,137.89046811467205,41.16159691038419,55.85416218984373,14.479949694832612,8.163199224101675,2.843442927123789,11.44208074013241,11.775943714795073,0.2986090558860853,15.588798445915652,29.133270478158927,0.0202801757565588,17.612844683831472
/content/drive/MyDrive/Bharatanatyam_Digital_Twin/dataset/posture_images/extracted/new_Dataset/Nagabandham Augmented/dr_0_4084.jpg,dr_0_4084.jpg,Nagabandham Augmented,47.17031559495102,4.127439390342062,25.6203469462731,6.470757196218578,37.72650850424088,16.096755263489417,21.47859197755549,4.860997058504836,0.9937043868627312,3.3791994748706884,4.196975285830861,16.13871206283896,0.2887466507643693,8.839024834794738,17.97144929725388,0.1358601205830939,8.409765086547242
/content/drive/MyDrive/Bharatanatyam_Digital_Twin/dataset/posture_images/extracted/new_Dataset/Nagabandham Augmented/dr_0_467.jpg,dr_0_467.jpg,Nagabandham Augmented,50.555656030214344,16.74617730542043,12.41913634266583,10.174942365861751,26.05993375901672,20.924791565993747,17.394701008384516,2.3967793166049405,2.252253160047992,1.209061867974339,0.90720535364005,67.43154769458594,0.3032445153132856,11.121468894988611,22.539732747015485,0.0778234344149419,10.74685050353541
/content/drive/MyDrive/Bharatanatyam_Digital_Twin/dataset/posture_images/extracted/new_Dataset/Nagabandham Augmented/dr_0_4673.jpg,dr_0_4673.jpg,Nagabandham Augmented,49.71105152500746,34.9319826424063,33.82139505301854,8.104717810849191,81.53621503161104,10.621050942636565,33.52084470952883,4.475017927027807,9.933333666853372,19.17796999474956,2.6165027541115333,44.08792835484292,0.3554182843573932,14.565670982814725,34.71204400728854,0.108476124500793,8.876492816654842
/content/drive/MyDrive/Bharatanatyam_Digital_Twin/dataset/posture_images/extracted/new_Dataset/Nagabandham Augmented/dr_0_4728.jpg,dr_0_4728.jpg,Nagabandham Augmented,45.6232157375175,25.060616670210536,40.61370822095468,1.8249858130026035,10.773579747412656,6.9899557712079226,15.050557388144464,1.617274563440797,0.7504568142383455,3.60888807504328,3.1482308481921235,37.43685162423767,0.3961328831643914,11.701058346349257,21.34074650801328,0.0820838095699243,13.680344721464568
/content/drive/MyDrive/Bharatanatyam_Digital_Twin/dataset/posture_images/extracted/new_Dataset/Nagabandham Augmented/dr_0_5234.jpg,dr_0_5234.jpg,Nagabandham Augmented,43.50687571519431,24.25979108750624,27.36099467088676,2.900793021617297,27.14659496782545,0.2179852991002766,14.406591989857446,13.921697725621366,9.011152166706148,10.207433062634236,13.547952806873433,46.97317439357386,0.3437397491724859,13.324053871719936,26.43230027351501,0.055514318976625,13.484347022668167
/content/drive/MyDrive/Bharatanatyam_Digital_Twin/dataset/posture_images/extracted/new_Dataset/Nagabandham Augmented/dr_0_5346.jpg,dr_0_5346.jpg,Nagabandham Augmented,35.005006546957745,31.926604724120523,27.51779560661153,2.945404406297312,94.01331401523376,20.449827967525174,36.23158549891694,17.68891444583318,20.884920296298606,29.47351537159871,14.943203818887334,41.23639090802762,0.3457268288070086,13.274377575421758,27.50263770999478,0.0518349954093449,12.268660020861152
/content/drive/MyDrive/Bharatanatyam_Digital_Twin/dataset/posture_images/extracted/new_Dataset/Nagabandham Augmented/dr_0_544.jpg,dr_0_544.jpg,Nagabandham Augmented,31.867699522858267,24.597787623955803,21.01623546312365,11.164007054572837,98.78569908998509,44.27253696494052,43.80961964315552,9.654598482322015,7.805485464516272,32.946618283936374,6.715370488248265,32.728768424802354,0.3058831169322147,14.75578489910376,27.206843078820448,0.0390999747230302,17.021411643767806
/content/drive/MyDrive/Bharatanatyam_Digital_Twin/dataset/posture_images/extracted/new_Dataset/Nagabandham Augmented/dr_0_5466.jpg,dr_0_5466.jpg,Nagabandham Augmented,37.959410671627296,23.013589918415732,5.197858275730908,13.880687723771096,104.1628753422837,16.62361098639514,34.96625808204521,7.219455583124073,11.498159048240638,15.456302744748427,7.130304416918868,30.927895291841292,0.2741726977366535,15.431948002815668,29.250678190513717,0.0951494229149702,16.95001639501832
/content/drive/MyDrive/Bharatanatyam_Digital_Twin/dataset/posture_images/extracted/new_Dataset/Nagabandham Augmented/dr_0_5475.jpg,dr_0_5475.jpg,Nagabandham Augmented,89.50217325686219,61.78759884698238,14.044460916301755,9.834906314138385,37.56765784343475,11.89650396184114,18.335882258929008,23.49903522445444,47.3892561343709,40.44277493949225,35.72304862928411,47.78566071604253,0.1674547363415846,15.91218803048192,43.94107387531616,0.0480685366311119,3.7474216794984887
/content/drive/MyDrive/Bharatanatyam_Digital_Twin/dataset/posture_images/extracted/new_Dataset/Nagabandham Augmented/dr_0_5881.jpg,dr_0_5881.jpg,Nagabandham Augmented,20.739943086656623,7.208767667050438,1.1933719536830856,13.060969011660632,19.08333504530955,23.036095634354204,14.093442911251866,20.11201032398733,21.220745538368693,17.12935200709673,14.862596555213434,45.50973811143615,0.2833512059838742,8.288649228672547,12.9899101658353,0.0511840319492216,11.824853488233122
/content/drive/MyDrive/Bharatanatyam_Digital_Twin/dataset/posture_images/extracted/new_Dataset/Nagabandham Augmented/dr_0_5995.jpg,dr_0_5995.jpg,Nagabandham Augmented,26.95381278968626,8.214536703829552,6.780948674803376,14.29679011409478,89.41938871000504,41.97896088321521,38.1190220955296,19.30105077241584,22.646072489939183,41.2203323355939,16.114276914398147,41.46819083789943,0.3128462662458527,12.624643397347231,21.390240952427025,0.0549954737357517,16.428693765878926
/content/drive/MyDrive/Bharatanatyam_Digital_Twin/dataset/posture_images/extracted/new_Dataset/Nagabandham Augmented/dr_0_6228.jpg,dr_0_6228.jpg,Nagabandham Augmented,37.352525499614686,38.64071971170282,11.995060586040928,0.3576711733428264,29.617987973071497,0.4211448156354376,10.597966137022672,6.630340425765212,3.569793693654105,2.607065468872406,3.701002010879708,10.41353958168868,0.3031800827905323,12.158536537350864,21.87787072511166,0.0423286170575487,14.555410269883389
/content/drive/MyDrive/Bharatanatyam_Digital_Twin/dataset/posture_images/extracted/new_Dataset/Nagabandham Augmented/dr_0_6401.jpg,dr_0_6401.jpg,Nagabandham Augmented,36.69691867137931,34.88800055820074,3.296700476081935,1.8771923825194383,1.993932845139306,41.600967215094656,12.192198229708834,13.91220775538986,10.543690502621294,7.601458416916671,12.620230330644585,21.41168512845993,0.2167145285008661,15.985056207737372,25.6456450642682,0.031066352032238,22.27845720691168
/content/drive/MyDrive/Bharatanatyam_Digital_Twin/dataset/posture_images/extracted/new_Dataset/Nagabandham Augmented/dr_0_6421.jpg,dr_0_6421.jpg,Nagabandham Augmented,33.202045885130524,57.695920514650496,33.62036983150977,8.95370156892295,4.9886039898863,10.508254344529773,14.517732433712196,10.477075677311245,15.746526732244671,24.416324441071517,13.290437387018798,26.905002634976007,0.2205273196608981,19.26394603725868,46.58399940364241,0.0203133582104719,11.187525349923146
/content/drive/MyDrive/Bharatanatyam_Digital_Twin/dataset/posture_images/extracted/new_Dataset/Nagabandham Augmented/dr_0_6547.jpg,dr_0_6547.jpg,Nagabandham Augmented,37.71057037023769,34.62324749594711,7.457738336228127,4.165724745997439,13.399388463607115,1.0418287953988463,6.516170085307882,5.288602931652114,0.511000248047981,4.639930787106772,7.235245235073488,48.48269072580217,0.3235622454090853,15.70889700602154,31.34103736728235,0.0567146903741574,15.728938960408115
/content/drive/MyDrive/Bharatanatyam_Digital_Twin/dataset/posture_images/extracted/new_Dataset/Nagabandham Augmented/dr_0_6751.jpg,dr_0_6751.jpg,Nagabandham Augmented,33.71486075585279,14.376503633721057,1.4328012567130526,5.029284982911425,38.223115420276045,38.05616078098453,20.68534061022126,19.780545673852625,21.23414339720478,37.21692741215423,15.98574494702098,30.64899785282966,0.2560459462099808,12.757239091045845,21.661680637840437,0.030203909381297,16.579832725915804
/content/drive/MyDrive/Bharatanatyam_Digital_Twin/dataset/posture_images/extracted/new_Dataset/Nagabandham Augmented/dr_0_7016.jpg,dr_0_7016.jpg,Nagabandham Augmented,29.66019249523429,3.8319338908608245,4.984463034311833,1.4712224809630194,9.09241149955806,35.84991659759865,12.849503403107892,19.400314052070968,11.21355873326806,14.504867041374496,13.8658523927003,15.615646841989737,0.3306391943144924,12.296440425266685,16.839206109020544,0.0559850577608233,19.994130109018684
/content/drive/MyDrive/Bharatanatyam_Digital_Twin/dataset/posture_images/extracted/new_Dataset/Nagabandham Augmented/dr_0_7103.jpg,dr_0_7103.jpg,Nagabandham Augmented,51.28842473849234,48.907073668185205,7.694791377788994,1.6967686975245946,6.212460197669504,22.40995521427804,9.503493871815284,20.098241079913063,23.36203797310168,19.150620835318307,17.57686372567652,41.406491884229226,0.2927374263132114,17.02269693345601,34.39752029430442,0.0642550444282092,16.606315461635404
/content/drive/MyDrive/Bharatanatyam_Digital_Twin/dataset/posture_images/extracted/new_Dataset/Nagabandham Augmented/dr_0_7168.jpg,dr_0_7168.jpg,Nagabandham Augmented,48.74789865480731,63.15301184517075,7.846865923393103,5.89818190372841,7.111880392242269,9.329141018682485,7.546517309511566,15.8478789238279,25.32398228579027,21.06461569707212,18.300383195324866,32.21683168381087,0.2497939082035778,20.422202908564294,46.39681729740289,0.0377529377704774,14.83203849051953
/content/drive/MyDrive/Bharatanatyam_Digital_Twin/dataset/posture_images/extracted/new_Dataset/Nagabandham Augmented/dr_0_7259.jpg,dr_0_7259.jpg,Nagabandham Augmented,43.50620282556828,18.29675418557514,1.7557196568234692,7.029273854764133,36.73120977218694,11.411776812864971,14.23199502415988,5.985771275886273,9.251210209160948,12.46983544566473,4.767275023939503,26.93940105813649,0.2555400751665689,10.787131849006547,20.336788584846584,0.018626260788926,12.005980701384138
/content/drive/MyDrive/Bharatanatyam_Digital_Twin/dataset/posture_images/extracted/new_Dataset/Nagabandham Augmented/dr_0_7366.jpg,dr_0_7366.jpg,Nagabandham Augmented,9.41187319901124,21.94259767967211,1.922323156770804,2.1637091493842644,5.613854518184606,21.62751493609015,7.831850440107456,19.440749285405985,19.863556480457305,24.63521887908001,18.39546323951696,18.17144666135122,0.2461915069117071,11.466421804632247,17.842095267573413,0.0526433560291902,16.504526790294143
/content/drive/MyDrive/Bharatanatyam_Digital_Twin/dataset/posture_images/extracted/new_Dataset/Nagabandham Augmented/dr_0_7465.jpg,dr_0_7465.jpg,Nagabandham Augmented,50.08159489258634,53.84806052176498,10.936565212726444,1.7100723399918294,10.4132694320287,12.177768087272996,8.809418768004992,9.492836043356895,4.346479199278134,5.235612859268051,11.13922517289991,27.495548299211777,0.2601324390668235,17.13016651564107,37.52669963657304,0.0424470885889684,13.8213528217612
/content/drive/MyDrive/Bharatanatyam_Digital_Twin/dataset/posture_images/extracted/new_Dataset/Nagabandham Augmented/dr_0_7481.jpg,dr_0_7481.jpg,Nagabandham Augmented,36.4687551049445,17.08105281600797,67.39387356064775,6.941451245883065,49.22770540287169,8.437417617365755,33.000111956692066,18.763773914309127,24.08623366770584,50.32047045952768,17.33265849534096,52.50799766318585,0.2528984359269224,9.359156571717556,23.09156952853808,0.1406856105885328,4.84521457602606
/content/drive/MyDrive/Bharatanatyam_Digital_Twin/dataset/posture_images/extracted/new_Dataset/Nagabandham Augmented/dr_0_7623.jpg,dr_0_7623.jpg,Nagabandham Augmented,71.63507992407771,60.14515516145798,29.625546916942568,14.218855708602613,60.72104991685864,21.60753721033095,31.54324743818369,42.47359218996559,25.653483670769504,21.251403710220583,33.423030992936496,51.88700336451098,0.0788464015656205,18.41461981346748,44.36384888131408,0.1453858542367672,10.734624704851608
/content/drive/MyDrive/Bharatanatyam_Digital_Twin/dataset/posture_images/extracted/new_Dataset/Nagabandham Augmented/dr_0_8310.jpg,dr_0_8310.jpg,Nagabandham Augmented,38.55311463339356,18.92864875158454,8.52895405345121,2.9962757671809186,94.75902406276576,46.84352927059822,38.28194578849903,12.48489226035728,7.604833504492578,2.803732804220637,10.589133960912092,12.822483358020436,0.3126796898629067,16.437245424718544,29.574076494845524,0.074075719116666,19.663584060193443
/content/drive/MyDrive/Bharatanatyam_Digital_Twin/dataset/posture_images/extracted/new_Dataset/Nagabandham Augmented/dr_0_8516.jpg,dr_0_8516.jpg,Nagabandham Augmented,54.17026582410869,63.80627745542433,5.485238466763318,10.309046523638358,10.647137909854337,5.8972404879282525,8.084665847046066,5.079646586536455,14.764414142802394,15.658296027226127,8.13427267723353,29.707368830431143,0.2628898935384313,21.052897003981094,48.39465319381701,0.0647346745071966,14.69930314361908
/content/drive/MyDrive/Bharatanatyam_Digital_Twin/dataset/posture_images/extracted/new_Dataset/Nagabandham Augmented/dr_0_8530.jpg,dr_0_8530.jpg,Nagabandham Augmented,42.265163064151594,45.123137323142856,4.983632682005144,3.1165224155545928,14.490395533820466,1.4016795087567575,5.99805753503424,2.906705655147349,5.674404617148441,18.33844090372312,2.868683158884889,13.19307394711687,0.2560054245150659,16.06913861238648,31.83266641877835,0.0291639665518947,16.3455854518292
/content/drive/MyDrive/Bharatanatyam_Digital_Twin/dataset/posture_images/extracted/new_Dataset/Nagabandham Augmented/dr_0_8748.jpg,dr_0_8748.jpg,Nagabandham Augmented,49.62856885590899,40.56226214140256,14.756763956603066,14.23666595687967,22.29725928384083,6.245818563687621,14.384126940252797,15.98495699708134,16.973762200761417,26.76767446544564,8.08751432254914,47.18488952558311,0.3418776468532508,13.979777909154294,31.039106860659,0.0405140546511825,10.859712812152695
/content/drive/MyDrive/Bharatanatyam_Digital_Twin/dataset/posture_images/extracted/new_Dataset/Nagabandham Augmented/dr_0_8776.jpg,dr_0_8776.jpg,Nagabandham Augmented,45.258607822014476,48.78394415733143,15.565870374883486,0.9456850824146747,30.501657385420707,10.229884604558825,14.310774361819425,11.35399849887392,16.461600447923246,14.320453611122105,11.870830652568657,16.294898404702504,0.258012637813897,14.048054711871336,29.808045907899093,0.0377147650348324,12.29840346268008
/content/drive/MyDrive/Bharatanatyam_Digital_Twin/dataset/posture_images/extracted/new_Dataset/Nagabandham Augmented/dr_0_9780.jpg,dr_0_9780.jpg,Nagabandham Augmented,26.784918406501248,15.911122626114647,66.15256979329101,1.2331633654197802,29.24708564576003,17.390399584730705,28.505804597300383,15.226895672716433,7.728176582941321,5.784554107699728,14.694754628185065,47.92541317241758,0.2535521460410526,7.894829460343583,17.912366249483053,0.0764932187136885,5.695628912834008
/content/drive/MyDrive/Bharatanatyam_Digital_Twin/dataset/posture_images/extracted/new_Dataset/Nagabandham Augmented/dr_0_9855.jpg,dr_0_9855.jpg,Nagabandham Augmented,28.70336536365213,10.806227486238228,0.0934608059945575,0.673839017281224,141.63403043149904,12.21355169131663,38.65372048652287,20.21484618343738,12.68953102885198,15.612190266902164,15.783865243472317,19.17519951996711,0.3497325762254694,15.531143369917972,28.014968207686728,0.0665249527728371,18.511936949294352
/content/drive/MyDrive/Bharatanatyam_Digital_Twin/dataset/posture_images/extracted/new_Dataset/Nagabandham Augmented/dr_0_9873.jpg,dr_0_9873.jpg,Nagabandham Augmented,13.434803251566494,9.35902795877226,21.380294645122486,15.950429654799722,37.93999366850932,12.636290194944593,21.97675204084403,12.568743650946242,3.976698955287611,15.5036253301893,7.225844415506803,25.24377472335696,0.3407321712179623,8.89183493575946,19.317345018243657,0.0667008166125615,7.291458972422163
/content/drive/MyDrive/Bharatanatyam_Digital_Twin/dataset/posture_images/extracted/new_Dataset/Nagabandham Augmented/dr_0_9908.jpg,dr_0_9908.jpg,Nagabandham Augmented,49.994890127851576,45.04871802021172,26.771692322788184,5.356050616368927,26.58964280999713,2.440959820260762,15.289586392353751,1.4515232375663896,7.6238517594947375,5.886968540530234,0.2788269778631533,36.47478718526705,0.2562461141465019,15.787649369021414,33.63075463307299,0.0765317392977382,13.65566173469352
/content/drive/MyDrive/Bharatanatyam_Digital_Twin/dataset/posture_images/extracted/new_Dataset/Nagabandham Augmented/dr_0_9913.jpg,dr_0_9913.jpg,Nagabandham Augmented,19.027220555037,14.947316270301082,39.53946974768614,27.08347520983948,10.556293793027304,46.392786525384224,30.893006318984288,2.447087718715711,1.4709998713671544,7.029991391786046,2.2069042638319107,6.227550680560029,0.3254341741516141,11.418214084085475,17.994328851495816,0.2036120284840327,16.056701372276574
/content/drive/MyDrive/Bharatanatyam_Digital_Twin/dataset/posture_images/extracted/new_Dataset/Nagabandham Augmented/dr_1_1027.jpg,dr_1_1027.jpg,Nagabandham Augmented,69.89504242227261,49.72900396259104,18.180381279423337,28.21215327275805,62.05768987229381,3.3379380017450404,27.947040606555063,1.7916912543766728,8.454821130978218,16.087154790778357,1.876076982038396,8.956396461550002,0.2413216661502668,17.798317257153254,38.942104840658544,0.0752708210584038,14.377576109742815
/content/drive/MyDrive/Bharatanatyam_Digital_Twin/dataset/posture_images/extracted/new_Dataset/Nagabandham Augmented/dr_1_1030.jpg,dr_1_1030.jpg,Nagabandham Augmented,21.94596283082547,24.764968498155795,85.50043277375703,51.70669856539286,12.87902164147286,0.5959995217949309,37.67053812560442,28.345529676070328,18.835250784303724,9.172437752636569,33.142185769269936,35.5914293118319,0.2414011290230439,12.91290936361442,20.072305551811706,0.0231180949754715,18.643304444056085
/content/drive/MyDrive/Bharatanatyam_Digital_Twin/dataset/posture_images/extracted/new_Dataset/Nagabandham Augmented/dr_1_1582.jpg,dr_1_1582.jpg,Nagabandham Augmented,18.29741672208315,35.11248008624281,5.524127298587374,1.771587828825233,95.14535640376292,24.64243190148741,31.770875858165734,26.22412294104976,17.381722941689844,10.12956923115945,25.399478917823853,29.77491495161585,0.2243048554695083,13.674922879780317,25.601168625261977,0.0627451735524363,15.36085484052654
/content/drive/MyDrive/Bharatanatyam_Digital_Twin/dataset/posture_images/extracted/new_Dataset/Nagabandham Augmented/dr_1_1636.jpg,dr_1_1636.jpg,Nagabandham Augmented,23.412647395859842,21.07452167631088,80.99493373010668,57.42055343683104,26.215589988399884,9.187103975074876,43.45454528260312,22.969268037100537,11.092012588496525,15.817993179086557,24.142597596223368,26.57561407670349,0.2079111030140563,11.579483111039336,17.870076490700818,0.0185699860917056,16.849802856325486
/content/drive/MyDrive/Bharatanatyam_Digital_Twin/dataset/posture_images/extracted/new_Dataset/Nagabandham Augmented/dr_1_1767.jpg,dr_1_1767.jpg,Nagabandham Augmented,14.909269626759901,27.85800337675272,28.286881420155872,12.438557130347734,36.92758980275924,6.624809936636883,21.069459572474933,24.88497286835116,21.672388062026272,1.964024579703448,25.229175499016687,31.95570924988424,0.2273364793427186,9.070275183513049,20.593796618371684,0.092566704654046,6.524462227513418
/content/drive/MyDrive/Bharatanatyam_Digital_Twin/dataset/posture_images/extracted/new_Dataset/Nagabandham Augmented/dr_1_1837.jpg,dr_1_1837.jpg,Nagabandham Augmented,36.50590438184034,13.515122702491801,46.55634559499396,1.92633949082093,60.69511916489293,7.3863996756461106,29.141050981588485,24.07038273440446,10.818877305468249,23.06639018153245,22.273581161542037,20.60139106181701,0.2326224337263033,10.533898465306796,22.452486500013247,0.0823238379940577,9.066885057913089
/content/drive/MyDrive/Bharatanatyam_Digital_Twin/dataset/posture_images/extracted/new_Dataset/Nagabandham Augmented/dr_1_2267.jpg,dr_1_2267.jpg,Nagabandham Augmented,23.58571434585624,20.04757258251489,41.28847827884616,18.49342894488792,23.639498632666704,15.64318580520898,24.76614791540244,22.079555687339457,15.144841153070187,4.401241509602446,21.91368091789473,27.920055557299364,0.2307562081299147,7.513771196082793,17.14318796295054,0.0289212072304562,5.369204418067378
/content/drive/MyDrive/Bharatanatyam_Digital_Twin/dataset/posture_images/extracted/new_Dataset/Nagabandham Augmented/dr_1_2577.jpg,dr_1_2577.jpg,Nagabandham Augmented,17.363034461652035,34.795207035511844,67.23698399359395,15.854494019168904,36.009160993297165,17.989649914057367,34.27257223002935,15.145568973312123,5.420792676522979,21.08041121460238,16.290506809358106,19.86346914006052,0.3142604739880862,9.330449122877702,20.647565046498958,0.0433046948870725,7.300477627247078
/content/drive/MyDrive/Bharatanatyam_Digital_Twin/dataset/posture_images/extracted/new_Dataset/Nagabandham Augmented/dr_1_2782.jpg,dr_1_2782.jpg,Nagabandham Augmented,20.926577458766207,13.9399058964705,70.95504407735024,35.37208854455239,19.8594667638468,6.128006466553291,33.07865146307568,31.575168366425203,19.38312576058746,0.2505118924817395,29.129147142441735,33.64241470420981,0.2474869582574827,10.31485014376876,18.011320375509925,0.0594536395985024,12.873776416197856
/content/drive/MyDrive/Bharatanatyam_Digital_Twin/dataset/posture_images/extracted/new_Dataset/Nagabandham Augmented/dr_1_2849.jpg,dr_1_2849.jpg,Nagabandham Augmented,21.46456215753887,5.746256205874111,54.82487352608606,14.74020814078052,31.97470756398777,10.17549073271632,27.92881999089267,33.04943966908846,17.801789504515845,3.1126928538258576,25.36666005644552,30.53340034148016,0.2525256171235899,7.187648904735222,13.253753462281464,0.0528851419625912,8.256308109961608
/content/drive/MyDrive/Bharatanatyam_Digital_Twin/dataset/posture_images/extracted/new_Dataset/Nagabandham Augmented/dr_1_3335.jpg,dr_1_3335.jpg,Nagabandham Augmented,22.839009733630164,47.56350796068729,23.311990886416005,30.48712422033149,9.92437562550953,7.347267454256993,17.767689546628503,13.852180524119632,11.271623409054188,13.238634142977004,18.15668830117598,17.523671753195973,0.2102013561451687,14.129902558537902,33.286519395425024,0.0054016146966701,9.097786665492006
/content/drive/MyDrive/Bharatanatyam_Digital_Twin/dataset/posture_images/extracted/new_Dataset/Nagabandham Augmented/dr_1_3453.jpg,dr_1_3453.jpg,Nagabandham Augmented,31.072948370336935,21.2716522836143,74.81340105438788,44.95618846483855,29.89286690102552,1.7230636024548152,37.84638000567669,30.013883764667558,16.588077457834373,2.057960388598872,26.87278973766889,30.054512168433696,0.2463032527026215,13.03424202090962,16.254747327715524,0.0626556780030234,22.78532305701032
/content/drive/MyDrive/Bharatanatyam_Digital_Twin/dataset/posture_images/extracted/new_Dataset/Nagabandham Augmented/dr_1_3533.jpg,dr_1_3533.jpg,Nagabandham Augmented,32.22304776705339,25.49681482516577,29.589765359097527,11.40897434699786,42.45898470441322,12.739855081346766,24.049394872963845,21.082330508124755,13.595043802785112,20.159098603952916,22.58898413191961,23.19089106854645,0.2670673198897552,9.790210668390424,20.070135339647045,0.0408298133436446,9.25966685218058
/content/drive/MyDrive/Bharatanatyam_Digital_Twin/dataset/posture_images/extracted/new_Dataset/Nagabandham Augmented/dr_1_3694.jpg,dr_1_3694.jpg,Nagabandham Augmented,24.011341338629446,11.650827510117608,69.31821627092522,26.961222464860136,31.18784034840507,4.5408609490544745,33.002035008311225,35.55107333472768,24.077371279854773,8.180407212939384,33.354591460038264,37.24254586542975,0.2428065239382822,8.596278736295853,11.807090890641229,0.0498234553212278,13.9319218629251
/content/drive/MyDrive/Bharatanatyam_Digital_Twin/dataset/posture_images/extracted/new_Dataset/Nagabandham Augmented/dr_1_3943.jpg,dr_1_3943.jpg,Nagabandham Augmented,32.461868552684365,34.36628212261179,24.232101485043064,2.485144744271156,148.21281155452658,28.503592462826735,50.85841256166689,29.37002197736672,57.10068130169788,79.76054861036967,58.05048159362647,34.43876910120778,0.1837623873763871,18.028404914293223,34.456083318656866,0.0613681725937442,19.567763251629067
/content/drive/MyDrive/Bharatanatyam_Digital_Twin/dataset/posture_images/extracted/new_Dataset/Nagabandham Augmented/dr_1_4214.jpg,dr_1_4214.jpg,Nagabandham Augmented,38.95040475035067,54.47099949523292,22.525647379181247,26.89932979895874,3.520688833363025,10.507936251798236,15.863400565825312,2.4849793534904165,1.926296811720192,18.68609230616721,2.654983977229082,7.10497181127764,0.192702032922098,16.018702545958224,35.93904121105106,0.0405757724520852,12.076490654371518
/content/drive/MyDrive/Bharatanatyam_Digital_Twin/dataset/posture_images/extracted/new_Dataset/Nagabandham Augmented/dr_1_4394.jpg,dr_1_4394.jpg,Nagabandham Augmented,39.156669939532115,27.823586395435242,76.25916182448552,59.54553714034837,30.71273388791898,9.274069996225778,43.94787571224466,31.80822924206913,33.02616720159292,0.6133956271807798,47.72009845516548,48.56093645729631,0.2515486561378512,16.491173565403148,26.941871530224027,0.0234073085828077,22.50824185740261
/content/drive/MyDrive/Bharatanatyam_Digital_Twin/dataset/posture_images/extracted/new_Dataset/Nagabandham Augmented/dr_1_4627.jpg,dr_1_4627.jpg,Nagabandham Augmented,43.31486426482074,23.50378173392567,1.8532184290232487,40.47144121855312,18.34697567655358,0.3980495085296008,15.267421208164889,27.42474457176345,11.891884019104168,0.0600936396436111,21.36932576667056,25.642622364036452,0.27821212581842,14.248749057754244,22.492950098808585,0.1479804135875896,20.10531666086656
/content/drive/MyDrive/Bharatanatyam_Digital_Twin/dataset/posture_images/extracted/new_Dataset/Nagabandham Augmented/dr_1_4708.jpg,dr_1_4708.jpg,Nagabandham Augmented,30.35299054781272,17.185669325104506,59.20329668345641,28.53648398186281,12.22098606815669,35.29417163818368,33.8137345929149,19.979211376154552,11.12522152512463,17.565285210504015,19.35914987876475,23.52108162342073,0.2472006807407681,12.06786434590676,18.667312811369456,0.1116327066754657,17.42464751967536
/content/drive/MyDrive/Bharatanatyam_Digital_Twin/dataset/posture_images/extracted/new_Dataset/Nagabandham Augmented/dr_1_4783.jpg,dr_1_4783.jpg,Nagabandham Augmented,40.069514546487,24.202012191254,71.32236117330199,45.32226134183233,2.6074856887902222,24.0767750854028,35.832220822331834,26.79232392782623,15.468019417292972,5.5224584197217546,22.262313575415572,27.91756393390268,0.2946526572599479,14.700591551459915,19.943387193415973,0.0145954203309031,24.14379204063288
/content/drive/MyDrive/Bharatanatyam_Digital_Twin/dataset/posture_images/extracted/new_Dataset/Nagabandham Augmented/dr_1_5017.jpg,dr_1_5017.jpg,Nagabandham Augmented,21.52701662515565,29.754885333994952,88.6013565002657,54.84911722553767,15.472836431573269,0.9399237365259192,39.96580847347563,10.80918932218924,0.3042376463281186,21.37577713432242,13.08231888074376,14.465778508419875,0.2446330218987409,13.301067974064637,22.470257765620097,0.0235979835589925,17.409348173014813
/content/drive/MyDrive/Bharatanatyam_Digital_Twin/dataset/posture_images/extracted/new_Dataset/Nagabandham Augmented/dr_1_5181.jpg,dr_1_5181.jpg,Nagabandham Augmented,5.945594139992544,26.78824402672977,1.124377989263498,4.270830613570744,42.956047396016295,1.284965935673838,12.409055483631096,2.3828985315086584,8.83343852104366,41.22198513858183,3.554494746220497,3.0286703626032114,0.257220264405073,11.52171976044923,20.053663920082705,0.0333880347731089,14.47810732649188
/content/drive/MyDrive/Bharatanatyam_Digital_Twin/dataset/posture_images/extracted/new_Dataset/Nagabandham Augmented/dr_1_5230.jpg,dr_1_5230.jpg,Nagabandham Augmented,37.07624065793252,26.104599307041177,65.23522268640056,47.26707954585754,45.72974951803944,15.267492133395026,43.37488597092314,30.80657912183716,24.50348165192236,3.104025753561956,39.60072940165357,42.93242536531361,0.2230103288649887,15.04816753399236,25.61431972663544,0.0578920833633225,19.47229079197832
/content/drive/MyDrive/Bharatanatyam_Digital_Twin/dataset/posture_images/extracted/new_Dataset/Nagabandham Augmented/dr_1_5463.jpg,dr_1_5463.jpg,Nagabandham Augmented,29.223283698800994,25.94641272779826,53.49153285247596,51.66893368411797,9.89950888646201,20.65013653437571,33.92752798935791,7.390732330672876,0.5843027382203445,36.943727104320885,7.844329709665204,12.150257410636057,0.2077275266211968,12.30794390354717,19.11060271335934,0.1914464103183351,17.621782586963835
/content/drive/MyDrive/Bharatanatyam_Digital_Twin/dataset/posture_images/extracted/new_Dataset/Nagabandham Augmented/dr_1_5626.jpg,dr_1_5626.jpg,Nagabandham Augmented,70.35167555020405,62.09763105780809,15.336517728278563,4.188956555256702,78.70608348960367,8.468517864642678,26.6750189094454,41.63409534956083,22.594852283016653,58.54503637875892,42.11071555122928,40.53276452186878,0.1241165050491929,17.42536905489871,40.58599455147221,0.199087104936401,11.49102550828752
/content/drive/MyDrive/Bharatanatyam_Digital_Twin/dataset/posture_images/extracted/new_Dataset/Nagabandham Augmented/dr_1_5814.jpg,dr_1_5814.jpg,Nagabandham Augmented,3.459285988340408,12.14758355394509,22.617320672566407,15.267582241655967,18.599258433672244,0.6501045560045984,14.283566475974805,33.496798839333394,26.293480001021607,18.99823061075034,32.78052347038742,35.947681479016026,0.2396310680611592,6.274385589819808,9.050277622572764,0.0515178362507854,9.721361310635874
/content/drive/MyDrive/Bharatanatyam_Digital_Twin/dataset/posture_images/extracted/new_Dataset/Nagabandham Augmented/dr_1_593.jpg,dr_1_593.jpg,Nagabandham Augmented,43.52162107407507,24.347309994535266,22.17066699901581,15.019919797981885,46.94829718194285,18.833506460416057,25.743097609839158,5.467386336795926,5.427207313524178,21.21028307691995,5.192314524829157,8.013496319262803,0.2811289242459109,10.604260141263676,23.93005027090972,0.0967693859954726,7.785960766885836
/content/drive/MyDrive/Bharatanatyam_Digital_Twin/dataset/posture_images/extracted/new_Dataset/Nagabandham Augmented/dr_1_696.jpg,dr_1_696.jpg,Nagabandham Augmented,21.691255445991878,41.99058153457849,62.50809475561508,38.88521888677129,8.954916756838651,2.7393871107871184,28.271904377503034,0.2723422289398846,10.690212522703984,34.66432421829964,2.100567455196401,4.5011229724661534,0.2580863002634848,11.780150185077732,26.33259957560124,0.0332596590516166,8.974591320580345
/content/drive/MyDrive/Bharatanatyam_Digital_Twin/dataset/posture_images/extracted/new_Dataset/Nagabandham Augmented/dr_1_7230.jpg,dr_1_7230.jpg,Nagabandham Augmented,33.60391526597994,36.49195525286365,54.77795222723193,33.83315518813175,61.82920951216836,11.485188459210368,40.4813763466856,30.55409279015761,19.31686853485268,10.189362088545437,32.701888054401564,34.628648962553534,0.275496082305509,13.885934711501283,24.61143382013003,0.1639065406205414,16.882463773753276
/content/drive/MyDrive/Bharatanatyam_Digital_Twin/dataset/posture_images/extracted/new_Dataset/Nagabandham Augmented/dr_1_7268.jpg,dr_1_7268.jpg,Nagabandham Augmented,35.34982410692982,15.90818738988502,8.988298493955568,26.91501447208252,22.49624804015334,1.4972013639504864,14.97419059253548,35.080229857255006,20.07790015165662,14.351785328519725,28.33321727382687,33.230791293804145,0.2643930071417528,11.149945647215125,20.29941302670182,0.0852377751690061,13.065186139774546
/content/drive/MyDrive/Bharatanatyam_Digital_Twin/dataset/posture_images/extracted/new_Dataset/Nagabandham Augmented/dr_1_7271.jpg,dr_1_7271.jpg,Nagabandham Augmented,19.38805432389507,20.757074830442875,76.47237325659358,31.91937813320263,27.880366354734655,9.449976120096778,36.43052346615691,19.18159191358514,8.89395536257994,10.5829232849173,19.80928575988503,23.92658578792703,0.2355909091202292,9.435627108137584,18.419619949731768,0.0615717852205254,9.825689589460453
/content/drive/MyDrive/Bharatanatyam_Digital_Twin/dataset/posture_images/extracted/new_Dataset/Nagabandham Augmented/dr_1_7349.jpg,dr_1_7349.jpg,Nagabandham Augmented,38.634881223780866,15.8705867951374,56.33616779905066,18.81027510170941,5.661431878871025,19.570046899667854,25.09448041982474,2.2973587074774358,7.211613216980033,12.945661996241457,0.6940840848035127,12.44209767047234,0.2449589102386484,11.55752126294002,19.5545373232592,0.0491010247927818,15.06892544076808
/content/drive/MyDrive/Bharatanatyam_Digital_Twin/dataset/posture_images/extracted/new_Dataset/Nagabandham Augmented/dr_1_7412.jpg,dr_1_7412.jpg,Nagabandham Augmented,11.87849691663411,44.12968400746462,34.79206384703139,27.36976708341729,11.92819298978526,10.050395755958466,21.035104919048106,25.32480310235539,17.395625460587127,13.774459825057704,31.057509569602946,29.18007312930604,0.2380330684381437,12.04106779323972,30.924846802927007,0.0359536426149063,5.162402934177251
/content/drive/MyDrive/Bharatanatyam_Digital_Twin/dataset/posture_images/extracted/new_Dataset/Nagabandham Augmented/dr_1_75.jpg,dr_1_75.jpg,Nagabandham Augmented,22.248116975016707,18.097576013731732,15.365797778510526,29.684843425163955,27.84471008914789,15.008916448866552,21.976066935422228,3.112932920610052,8.309245313132195,41.37766846089372,2.554583853935796,3.52821056124346,0.2489818344774204,8.047257130536536,15.811478436132774,0.0493905665284823,8.280902388948356
/content/drive/MyDrive/Bharatanatyam_Digital_Twin/dataset/posture_images/extracted/new_Dataset/Nagabandham Augmented/dr_1_7724.jpg,dr_1_7724.jpg,Nagabandham Augmented,26.84097184654519,5.288649828330861,25.61432029417436,13.49085501345844,11.10253519611706,4.977908606481857,13.79640477755793,8.390076551385164,1.2590061770786178,27.554405699081343,6.661265631180545,13.62368152293413,0.2633498446739099,8.22317572340198,13.06425515600728,0.0299348688343576,11.5753371453643
/content/drive/MyDrive/Bharatanatyam_Digital_Twin/dataset/posture_images/extracted/new_Dataset/Nagabandham Augmented/dr_1_781.jpg,dr_1_781.jpg,Nagabandham Augmented,39.398645687103674,27.16347278935823,25.37208127487175,11.12588525560489,31.457372372848948,11.578427249916258,19.88344153831046,21.12429432157813,3.893916213676517,5.598069655569578,14.005088831678696,18.89938913486239,0.2826507588535,7.6691105637437,21.306602968085983,0.0803902835903928,1.620338439554724
/content/drive/MyDrive/Bharatanatyam_Digital_Twin/dataset/posture_images/extracted/new_Dataset/Nagabandham Augmented/dr_1_8057.jpg,dr_1_8057.jpg,Nagabandham Augmented,47.576098602128745,21.94070935951745,21.507342615795885,17.643326711608726,41.22866589157959,15.744486616440808,24.03095545885625,16.265031921405637,5.0115603411260565,4.116994644628562,13.352552964436228,19.605131999207828,0.2570709036105529,9.53510462379504,22.921182840209426,0.0674602919683477,5.616670739207349
/content/drive/MyDrive/Bharatanatyam_Digital_Twin/dataset/posture_images/extracted/new_Dataset/Nagabandham Augmented/dr_1_8118.jpg,dr_1_8118.jpg,Nagabandham Augmented,26.294965634909577,14.644246364033116,49.15531118472764,28.028928974686952,15.966524989358623,7.484150526709091,25.158728918870576,16.54339186232525,17.17523006647204,6.571711635054044,14.717608042827646,21.722228002396687,0.2236889272960459,8.267118277111628,14.135628620634217,0.0788023065306275,10.586923904170042
/content/drive/MyDrive/Bharatanatyam_Digital_Twin/dataset/posture_images/extracted/new_Dataset/Nagabandham Augmented/dr_1_8121.jpg,dr_1_8121.jpg,Nagabandham Augmented,21.267939024673538,25.568665670331114,6.292791642360128,11.581481899343649,37.39143573129794,13.803130793013194,17.26721001650373,33.47691703377788,22.85371962138683,10.693005627288642,32.059890738580066,30.855637740846,0.2441248709823238,9.5094968397932,20.72212574254668,0.0870916399946279,7.719273136838284
/content/drive/MyDrive/Bharatanatyam_Digital_Twin/dataset/posture_images/extracted/new_Dataset/Nagabandham Augmented/dr_1_8243.jpg,dr_1_8243.jpg,Nagabandham Augmented,7.112950928103359,53.82282156007568,12.87342382606535,0.4378890730288652,57.62794730233222,25.67547919102852,24.15368484811374,29.70106718960216,19.7195244241054,14.032938827340844,29.78372418183273,23.50009904170738,0.3091862903205132,12.447265331893757,25.41364109673863,0.089602063110633,11.838552835832004
/content/drive/MyDrive/Bharatanatyam_Digital_Twin/dataset/posture_images/extracted/new_Dataset/Nagabandham Augmented/dr_1_8298.jpg,dr_1_8298.jpg,Nagabandham Augmented,25.728276780008656,18.32945245524109,75.09343323266141,27.226963370111136,25.720658394255008,10.42833545267936,34.61734761242673,13.91434079388754,1.6835550224083171,19.599279090981977,13.703016861679256,17.535213999580833,0.2201290888217167,10.59942176106921,20.13843576633134,0.0419501173357208,11.61787939954057
/content/drive/MyDrive/Bharatanatyam_Digital_Twin/dataset/posture_images/extracted/new_Dataset/Nagabandham Augmented/dr_1_8613.jpg,dr_1_8613.jpg,Nagabandham Augmented,19.19419867847335,37.2674319703562,41.00591593342734,1.2740110449721154,125.52639114308582,0.6242844425377637,42.10765064100576,6.170245932083844,4.372140057899088,22.340535769639477,5.86559888015177,3.416268281465133,0.3016069989353766,13.341128611096394,26.912710274520457,0.095838975667901,13.014836583100829
/content/drive/MyDrive/Bharatanatyam_Digital_Twin/dataset/posture_images/extracted/new_Dataset/Nagabandham Augmented/dr_1_8623.jpg,dr_1_8623.jpg,Nagabandham Augmented,35.385472503475924,20.14601779380216,73.76269075887356,43.86141863731335,11.814010893455748,0.0305596779272646,32.36716999189248,0.4081366638054454,0.7755826016622113,20.231858191209888,1.1102013052421984,8.473810490419229,0.2393912345391643,13.445713953684749,20.521417241476048,0.0548010673133468,19.76092355226485
/content/drive/MyDrive/Bharatanatyam_Digital_Twin/dataset/posture_images/extracted/new_Dataset/Nagabandham Augmented/dr_1_8632.jpg,dr_1_8632.jpg,Nagabandham Augmented,25.99990362306717,27.113250865962165,37.226233554923525,35.13502724832081,56.28271877621091,1.688135179335612,32.58302868969771,27.94625498119339,17.039117786487054,22.86201820052761,31.5969250986731,29.41295355579757,0.2758621301930408,11.226479185879688,18.91624958200827,0.1760758218650272,14.587112153765766
/content/drive/MyDrive/Bharatanatyam_Digital_Twin/dataset/posture_images/extracted/new_Dataset/Nagabandham Augmented/dr_1_8784.jpg,dr_1_8784.jpg,Nagabandham Augmented,13.946234456083857,16.776361141018675,3.256694664811417,9.466000687774631,27.613754394980788,3.1306693397091,10.866779771818983,15.275278335368084,0.1116191376949871,27.25554419473343,17.49380107569028,13.913376529782118,0.2541267838247001,9.154730403275009,14.750205704661802,0.0975712581425169,12.616414247020709
/content/drive/MyDrive/Bharatanatyam_Digital_Twin/dataset/posture_images/extracted/new_Dataset/Nagabandham Augmented/dr_1_8857.jpg,dr_1_8857.jpg,Nagabandham Augmented,18.938959006011228,34.84672301845157,50.07906081581981,15.844740105345624,20.03249504774342,10.7789630048102,24.183814743429764,8.411557266777992,2.4201677156680903,23.686284430912803,13.09281090752925,12.55134382013786,0.2101118801776304,9.064220366423642,23.944868658134357,0.0452629581590774,3.2025294829774964
/content/drive/MyDrive/Bharatanatyam_Digital_Twin/dataset/posture_images/extracted/new_Dataset/Nagabandham Augmented/dr_1_9006.jpg,dr_1_9006.jpg,Nagabandham Augmented,13.213491535838902,30.894562906237287,61.021490270576095,28.64539522764598,21.283063822062623,17.42010220982331,32.092512882527004,15.927602898792712,17.747553475330506,2.573309130185549,27.8039472226626,28.47891431995739,0.2250308401076158,9.863723754336696,24.65228649124364,0.0131272914672842,4.925757480299157
/content/drive/MyDrive/Bharatanatyam_Digital_Twin/dataset/posture_images/extracted/new_Dataset/Nagabandham Augmented/dr_1_9451.jpg,dr_1_9451.jpg,Nagabandham Augmented,17.43095725577741,18.24357327686355,72.6119995928349,34.87714612243995,19.998882869180758,6.507565088130749,33.498898418146595,32.01854622811334,19.01517322831168,1.0059652460102768,32.221591276164176,40.56835341800114,0.22520023468866,9.414315752723654,17.603532331844093,0.0560843414126007,10.583330584914272
/content/drive/MyDrive/Bharatanatyam_Digital_Twin/dataset/posture_images/extracted/new_Dataset/Nagabandham Augmented/dr_1_95.jpg,dr_1_95.jpg,Nagabandham Augmented,31.639357899602178,23.351367773607514,61.16219171900232,39.569909983697855,38.202408496224734,8.458788160480466,36.84832458985135,36.32639059433899,23.657953782800348,9.486302345992923,33.49719711987699,35.54347301268993,0.2788565148001054,11.17076785748045,18.773049891381312,0.0863956214185206,14.652858059641524
/content/drive/MyDrive/Bharatanatyam_Digital_Twin/dataset/posture_images/extracted/new_Dataset/Nagabandham Augmented/dr_1_9756.jpg,dr_1_9756.jpg,Nagabandham Augmented,37.25592465821346,43.17224075875353,36.57696521339607,14.207275188525632,18.096560357049224,4.019104560656267,18.2249763299068,20.376610726466303,17.551091597740943,7.314074491793927,25.890623931751765,16.41224430783677,0.254244486766004,13.03558649376035,29.01572807333179,0.0272440864870441,10.063787321462218
/content/drive/MyDrive/Bharatanatyam_Digital_Twin/dataset/posture_images/extracted/new_Dataset/Nagabandham Augmented/dr_2_1214.jpg,dr_2_1214.jpg,Nagabandham Augmented,55.03684004515631,29.092145288228863,27.98702037582802,16.13614522834985,51.17756902081544,0.0315368607013493,23.833067871423665,2.129934398515616,8.00132362305854,18.69024839546003,1.6901046391147394,39.30883626466232,0.2895791248049595,11.702697292819296,25.64736285113036,0.047412413607321,9.413316613720198
/content/drive/MyDrive/Bharatanatyam_Digital_Twin/dataset/posture_images/extracted/new_Dataset/Nagabandham Augmented/dr_2_1227.jpg,dr_2_1227.jpg,Nagabandham Augmented,36.77319113241893,26.992279040098456,123.55520873333975,37.58116150064848,13.378722511576166,9.999757650590231,46.12871259903866,7.844308278402963,3.319424510575232,0.4587922895051406,1.8630780453562348,46.96180324459443,0.2437812277610341,15.338599218714975,25.679104901744797,0.0811499601448025,20.255542794255327
/content/drive/MyDrive/Bharatanatyam_Digital_Twin/dataset/posture_images/extracted/new_Dataset/Nagabandham Augmented/dr_2_1491.jpg,dr_2_1491.jpg,Nagabandham Augmented,57.930190277986355,4.116073819059871,108.21163826920116,6.025878095054005,29.33503507030151,22.526879470144305,41.52485772617525,21.748468966158168,12.028387817914094,3.740552671114844,19.86398594468174,47.38794749801066,0.2385664454685304,15.023139003144658,21.465012548032256,0.0572286543539365,23.547175807047783
/content/drive/MyDrive/Bharatanatyam_Digital_Twin/dataset/posture_images/extracted/new_Dataset/Nagabandham Augmented/dr_2_1783.jpg,dr_2_1783.jpg,Nagabandham Augmented,41.75684898071904,34.37246603040889,29.68217493560294,34.68244445809352,37.212555929030735,26.50422292801759,32.0203495626862,27.166444317350425,10.914721575414566,2.946568089415873,19.752717625856363,30.62922929530057,0.2334256897038295,12.777311155078031,25.788058752457214,0.0464470100544547,12.497427702722424
/content/drive/MyDrive/Bharatanatyam_Digital_Twin/dataset/posture_images/extracted/new_Dataset/Nagabandham Augmented/dr_2_2001.jpg,dr_2_2001.jpg,Nagabandham Augmented,48.5692094854812,12.190313966286602,110.45514745228428,16.87478451852656,61.37024157206788,15.10887946594807,50.9522632522067,4.084049026417594,2.7336440738237284,19.90025643256072,2.937017593876152,33.62051788636052,0.3032819677042294,15.307927401618777,21.071038290586728,0.0892208848606617,24.763523029408937
/content/drive/MyDrive/Bharatanatyam_Digital_Twin/dataset/posture_images/extracted/new_Dataset/Nagabandham Augmented/dr_2_2389.jpg,dr_2_2389.jpg,Nagabandham Augmented,76.2515713184529,31.597575941226637,13.317017044214683,15.445512229427669,145.6229721970559,57.74555346708527,58.03276373444588,12.774659383346908,20.961120689117408,16.985159372792832,19.10442780947723,41.363020695095486,0.198100884033009,29.02833868142946,49.520969023285225,0.1228012081016087,37.44124581290154
/content/drive/MyDrive/Bharatanatyam_Digital_Twin/dataset/posture_images/extracted/new_Dataset/Nagabandham Augmented/dr_2_2585.jpg,dr_2_2585.jpg,Nagabandham Augmented,54.41965908397118,9.851112532200915,95.54974629784698,10.78870712100608,22.62270960176956,21.94479758548965,37.72649015152807,23.255541050237923,9.935462556675049,17.71591377483631,19.62542188052475,21.754539349589443,0.225639136032147,14.179001054299611,21.27096540064929,0.0324557119527178,21.233582050296835
/content/drive/MyDrive/Bharatanatyam_Digital_Twin/dataset/posture_images/extracted/new_Dataset/Nagabandham Augmented/dr_2_269.jpg,dr_2_269.jpg,Nagabandham Augmented,16.357612582255673,17.711130136506654,43.98848863184468,1.6710385523357876,49.30728534940352,5.35619127854716,25.080750953032783,31.69156356145725,25.70654830353096,40.12448757893999,32.763323823920324,21.596479332291324,0.2516336403318509,7.563218051688029,12.516616937974703,0.0892912838824135,10.08374593320697
/content/drive/MyDrive/Bharatanatyam_Digital_Twin/dataset/posture_images/extracted/new_Dataset/Nagabandham Augmented/dr_2_2698.jpg,dr_2_2698.jpg,Nagabandham Augmented,48.49097668671007,26.995424370436663,135.74396807908803,78.89801357847925,14.369177876919482,9.102081034292084,59.52831014219471,2.17048917563699,6.792373035959723,1.663708625699244,3.010364988759058,53.406555289244366,0.2120564710785309,20.960849764908797,29.3425121355739,0.1433912932491411,33.39664586590334
/content/drive/MyDrive/Bharatanatyam_Digital_Twin/dataset/posture_images/extracted/new_Dataset/Nagabandham Augmented/dr_2_2739.jpg,dr_2_2739.jpg,Nagabandham Augmented,45.06462807993048,32.646488812664536,40.92001946596688,24.13089322450966,50.97891174751393,23.70746882048213,34.934323314618155,25.772090896271862,11.11378375223805,4.498804578371761,14.03177019726269,24.219527954263164,0.2758690200848371,12.776700499869388,26.28893040229201,0.0470382303346161,11.994132866981538
/content/drive/MyDrive/Bharatanatyam_Digital_Twin/dataset/posture_images/extracted/new_Dataset/Nagabandham Augmented/dr_2_2989.jpg,dr_2_2989.jpg,Nagabandham Augmented,85.65540309857997,68.58321388017144,11.02253281806412,5.69549810712325,20.316119852946965,12.730967762381464,12.44127963512895,56.41012870139036,43.714633134608775,12.69757398076372,69.80080594302204,47.15690266523987,0.0530992051442714,21.65025618458793,56.0340314265906,0.1972137888234004,8.719523338349802
/content/drive/MyDrive/Bharatanatyam_Digital_Twin/dataset/posture_images/extracted/new_Dataset/Nagabandham Augmented/dr_2_3119.jpg,dr_2_3119.jpg,Nagabandham Augmented,44.616335756632715,16.407994505563067,126.57051846759155,39.21792010591182,9.889917310197362,34.707722722236475,52.59651965148431,14.044030900931972,7.051903552683598,17.329222596813622,8.93957485801067,37.01009659382293,0.2048208453164493,19.27516379845777,26.36976760288173,0.1557014458844157,31.30002234660716
/content/drive/MyDrive/Bharatanatyam_Digital_Twin/dataset/posture_images/extracted/new_Dataset/Nagabandham Augmented/dr_2_3158.jpg,dr_2_3158.jpg,Nagabandham Augmented,57.84114263926699,69.71831924282341,14.56036082200663,6.101358396728648,106.19027984719172,3.812664649100296,32.666165928756826,59.9685069251652,72.23094803945497,56.25596645659997,66.9430036982117,75.32913971293823,0.0973005406570477,19.77494098461892,44.20920213947122,0.160210730133145,14.955410084252389
/content/drive/MyDrive/Bharatanatyam_Digital_Twin/dataset/posture_images/extracted/new_Dataset/Nagabandham Augmented/dr_2_3384.jpg,dr_2_3384.jpg,Nagabandham Augmented,35.05549996977767,22.479609098670878,116.38726324682844,25.66532160633461,0.7814331615357483,16.600543436195387,39.85864036272354,5.056548076206478,5.795871839662012,2.0499718561471143,2.987850800620198,47.99303241686707,0.221160916627528,14.849853203974206,23.95180162593527,0.1025217200338309,20.49523626595352
/content/drive/MyDrive/Bharatanatyam_Digital_Twin/dataset/posture_images/extracted/new_Dataset/Nagabandham Augmented/dr_2_3388.jpg,dr_2_3388.jpg,Nagabandham Augmented,16.184821284350953,49.61762902132246,22.559209793746785,24.48010839746974,93.5527889672104,23.43691657548194,41.00725593347722,19.7039161326328,5.807504409484807,17.40168765141533,12.993676981445171,54.3280161481368,0.2700506172477481,13.489871568882364,25.96165730387846,0.0497053937184544,14.45825200905018
/content/drive/MyDrive/Bharatanatyam_Digital_Twin/dataset/posture_images/extracted/new_Dataset/Nagabandham Augmented/dr_2_3666.jpg,dr_2_3666.jpg,Nagabandham Augmented,48.25882893180838,16.51572949406131,5.215862674220249,31.163322357555742,21.41928106512841,29.1613402684633,21.739951591341924,45.18017095746532,38.8186255922948,0.2981410404294745,50.66363068332513,13.876335701465171,0.2347327535776102,15.280001963087372,27.43440469007863,0.1068734526314414,18.298727746552046
/content/drive/MyDrive/Bharatanatyam_Digital_Twin/dataset/posture_images/extracted/new_Dataset/Nagabandham Augmented/dr_2_3878.jpg,dr_2_3878.jpg,Nagabandham Augmented,31.537705239550277,23.451979079516217,93.85332940583558,45.484777505566434,18.739507075946367,11.879553480593655,42.48929186698551,1.4498450922817088,8.790411712743326,8.525099133553773,0.194440033596013,28.908919763587186,0.2476931470201859,14.30980415646619,25.565822594340776,0.0381823127606904,17.325407562297105
/content/drive/MyDrive/Bharatanatyam_Digital_Twin/dataset/posture_images/extracted/new_Dataset/Nagabandham Augmented/dr_2_4045.jpg,dr_2_4045.jpg,Nagabandham Augmented,41.739565445046324,27.272914698765767,93.01396111712452,17.092537529018546,104.26098391027256,22.80351230513413,59.29274871538743,35.940895106731546,23.244230269716184,14.249252694762845,26.17685745181235,23.10604877798945,0.2576603166534508,17.620285568835204,27.49734012296933,0.0229173105290703,25.34059927300721
/content/drive/MyDrive/Bharatanatyam_Digital_Twin/dataset/posture_images/extracted/new_Dataset/Nagabandham Augmented/dr_2_4209.jpg,dr_2_4209.jpg,Nagabandham Augmented,11.907748399388726,42.573878103354076,52.53975105494213,11.187933239811946,30.598526104731764,9.370503827346887,25.924178556708185,53.217747821600426,56.19411144292914,85.67177713112214,62.34508543416536,15.857718090013709,0.2178332498228182,9.551873906109918,22.688208629353948,0.0507217571251893,5.916691331850617
/content/drive/MyDrive/Bharatanatyam_Digital_Twin/dataset/posture_images/extracted/new_Dataset/Nagabandham Augmented/dr_2_4491.jpg,dr_2_4491.jpg,Nagabandham Augmented,30.920483086624408,37.28953287178646,67.80292509692028,12.109211500442392,98.60490325854008,0.6577792910914659,44.79370478674856,35.42593202596879,18.619723523550675,21.899076031244903,19.004532105982776,16.900930401544734,0.3020870810902482,14.821488282632416,24.151361391220888,0.013233611721312,20.299869844955047
/content/drive/MyDrive/Bharatanatyam_Digital_Twin/dataset/posture_images/extracted/new_Dataset/Nagabandham Augmented/dr_2_4506.jpg,dr_2_4506.jpg,Nagabandham Augmented,21.185859839986172,18.072448936595407,1.5387107568949654,21.74812414862575,24.0939969843285,19.047466955024955,16.607074711218544,35.60157253358211,37.74113905144361,33.45869755796864,44.30921010494132,48.61279218894545,0.2710359939299163,10.962759327878551,18.716938270924004,0.0924950041029956,14.07884470860866
/content/drive/MyDrive/Bharatanatyam_Digital_Twin/dataset/posture_images/extracted/new_Dataset/Nagabandham Augmented/dr_2_4549.jpg,dr_2_4549.jpg,Nagabandham Augmented,39.86335177489303,2.9120071374713703,78.14211806761031,8.172494087555672,11.388085377855084,53.061921797256886,37.69115483256949,10.3878291935238,3.880770834074213,16.160844288851592,3.634657162809876,47.01205580742119,0.3231497467488192,14.214190714468131,18.92333171526033,0.0271082314603723,23.69213219668369
/content/drive/MyDrive/Bharatanatyam_Digital_Twin/dataset/posture_images/extracted/new_Dataset/Nagabandham Augmented/dr_2_4555.jpg,dr_2_4555.jpg,Nagabandham Augmented,57.89798429553033,36.05043036957953,20.67042492201841,12.694673628036456,8.343546762968215,4.744531805979177,11.613294279750566,33.74242043897893,53.17639371431622,32.83095336749833,35.014184239191664,40.63029728065328,0.1233577258910053,13.817834497050034,33.90146683200478,0.0795789445030745,7.472457714642244
/content/drive/MyDrive/Bharatanatyam_Digital_Twin/dataset/posture_images/extracted/new_Dataset/Nagabandham Augmented/dr_2_5067.jpg,dr_2_5067.jpg,Nagabandham Augmented,45.948534871490025,33.08778479402169,64.93721830241074,26.25691227543981,101.80271466824831,34.865269955094334,56.9655288002983,41.31231752806736,28.144291219096036,21.49344857054524,27.994941211523933,20.120098215551003,0.2612762797440731,19.588049005396744,31.49979807977589,0.0769018072513596,27.187447129162987
/content/drive/MyDrive/Bharatanatyam_Digital_Twin/dataset/posture_images/extracted/new_Dataset/Nagabandham Augmented/dr_2_5324.jpg,dr_2_5324.jpg,Nagabandham Augmented,29.482885371932063,16.871855584307355,59.151009610504055,4.278830543118363,42.97489016607384,7.434203987472332,28.459733576792143,2.594071843911962,11.959094455670254,3.341266305879344,4.854020421439853,53.150708947118034,0.2360339418437341,11.137759816282824,21.854582545814885,0.1169050873843126,11.441791815649276
/content/drive/MyDrive/Bharatanatyam_Digital_Twin/dataset/posture_images/extracted/new_Dataset/Nagabandham Augmented/dr_2_5510.jpg,dr_2_5510.jpg,Nagabandham Augmented,54.77071014056112,24.07349434231243,16.443986371738394,23.8874631704387,37.77934024616144,20.647766292014,24.68963902008813,5.263587292043461,4.978250018817047,12.473569831043427,0.0079080141277108,39.65789664079864,0.2946312753607257,11.515154278532288,28.096182070553635,0.0559364448056907,6.39334432023754
/content/drive/MyDrive/Bharatanatyam_Digital_Twin/dataset/posture_images/extracted/new_Dataset/Nagabandham Augmented/dr_2_5667.jpg,dr_2_5667.jpg,Nagabandham Augmented,38.65528123717308,13.985332289947344,123.66727381659794,21.869335336995952,6.569436462485015,18.498903739367435,42.651237338861584,17.600695031931195,4.789061285931609,3.0842220128109545,9.863416277838498,40.92876215932996,0.2274306892314709,13.354972061573209,18.996835510899466,0.0656501652052671,21.002430508614893
/content/drive/MyDrive/Bharatanatyam_Digital_Twin/dataset/posture_images/extracted/new_Dataset/Nagabandham Augmented/dr_2_5912.jpg,dr_2_5912.jpg,Nagabandham Augmented,25.508588859145426,22.63870837826429,27.032632771864503,6.641280857697623,89.50636108237127,15.25842555928278,34.60967506780405,38.775896592439295,22.99742850799308,19.22256593588949,23.04722235169908,44.63155261305906,0.2988115313711872,11.524602438722658,22.506539723778964,0.0749872787078172,11.992280313681192
/content/drive/MyDrive/Bharatanatyam_Digital_Twin/dataset/posture_images/extracted/new_Dataset/Nagabandham Augmented/dr_2_5955.jpg,dr_2_5955.jpg,Nagabandham Augmented,30.925574666745838,14.7130727963332,118.86491635602115,11.110403647618035,17.882584506726733,29.124256219713647,44.245540182519896,37.86471410613117,25.96474918993661,29.02832836353244,34.23322818872634,20.46433938625059,0.2886059535406304,11.803798918359648,16.927658713705746,0.0567192724323738,18.42701876894082
/content/drive/MyDrive/Bharatanatyam_Digital_Twin/dataset/posture_images/extracted/new_Dataset/Nagabandham Augmented/dr_2_6057.jpg,dr_2_6057.jpg,Nagabandham Augmented,21.309886842860607,17.536820273576048,79.93643468541352,28.079373278453616,14.732074663755586,13.99918116896066,34.186765949145844,16.03700265104695,4.124019866216788,4.875367041597723,6.145474622211711,45.15540537119311,0.2758623619166877,7.491194621985072,14.29546551436393,0.0375056907721561,8.140612660819132
/content/drive/MyDrive/Bharatanatyam_Digital_Twin/dataset/posture_images/extracted/new_Dataset/Nagabandham Augmented/dr_2_6734.jpg,dr_2_6734.jpg,Nagabandham Augmented,36.21380497582563,5.819605593536309,68.21578963490771,10.719237996344647,13.315313991874651,36.20823791278266,32.11464488397742,13.380933028989036,2.6488708498478486,7.718095865937593,7.483514877320438,41.22834691565176,0.2718834998572223,11.07303114365254,16.331906903793037,0.0217919360172649,16.865394591147318
/content/drive/MyDrive/Bharatanatyam_Digital_Twin/dataset/posture_images/extracted/new_Dataset/Nagabandham Augmented/dr_2_7168.jpg,dr_2_7168.jpg,Nagabandham Augmented,21.271651282227804,25.389747988441666,70.39883481961463,45.45048448775368,18.44174457477212,9.588794985947684,35.96996471702203,21.656619951435765,16.703180790193606,12.896972866201104,28.805127931736912,26.109842972870386,0.2005228051797541,10.490379621544944,16.573821801042588,0.1134631478044106,14.783853915787835
/content/drive/MyDrive/Bharatanatyam_Digital_Twin/dataset/posture_images/extracted/new_Dataset/Nagabandham Augmented/dr_2_7229.jpg,dr_2_7229.jpg,Nagabandham Augmented,43.984641224152966,11.834131469941914,125.80937987245736,27.132074654902976,15.65875585905892,12.395400745991548,45.24890278310271,8.637172321424163,4.170880430375636,10.504638545536196,1.04906614124747,35.8387714238523,0.2307581410496982,13.87490562458999,19.00257993772435,0.0973664531382614,22.52477048290736
/content/drive/MyDrive/Bharatanatyam_Digital_Twin/dataset/posture_images/extracted/new_Dataset/Nagabandham Augmented/dr_2_7460.jpg,dr_2_7460.jpg,Nagabandham Augmented,53.50801406976324,16.492101400393643,132.8310265259274,34.86131326070414,23.12302178375125,7.578764900498084,49.59853161772022,21.44078545877161,9.973061907459396,16.168832600295445,9.143097565701607,33.163695261678754,0.2190015861406361,17.139975156169037,20.909639322207163,0.1030898078395395,30.40719633846041
/content/drive/MyDrive/Bharatanatyam_Digital_Twin/dataset/posture_images/extracted/new_Dataset/Nagabandham Augmented/dr_2_748.jpg,dr_2_748.jpg,Nagabandham Augmented,23.69627884626285,5.18215755931049,59.60618966808633,8.788386229443466,35.141632950867674,7.785640885678492,27.83046243351899,20.364229389793792,5.630809357754401,1.539504756448764,10.191147008456182,34.53457912214227,0.2325267875269968,8.020865876781825,11.805061628546902,0.0524144947030971,12.205121507095477
/content/drive/MyDrive/Bharatanatyam_Digital_Twin/dataset/posture_images/extracted/new_Dataset/Nagabandham Augmented/dr_2_7480.jpg,dr_2_7480.jpg,Nagabandham Augmented,34.86911885396088,5.209285628545061,98.31204813918582,13.449798287341078,27.174465394126635,1.858533548141948,35.19871134219887,10.722093057558242,0.3862390191832416,4.76827839389399,2.4708670357363696,39.73418235031967,0.2804317174000758,10.838861743597455,14.727417005426268,0.0348271473530661,17.754341078013034
/content/drive/MyDrive/Bharatanatyam_Digital_Twin/dataset/posture_images/extracted/new_Dataset/Nagabandham Augmented/dr_2_7780.jpg,dr_2_7780.jpg,Nagabandham Augmented,16.599977188604715,13.08757797656407,40.56290749643934,8.880430331948125,46.6590464920525,23.53119793742184,29.90839556446545,36.30634658192777,27.290796590384637,44.53613488161595,34.17573833521069,30.4934783950403,0.2723568544101069,6.945945871841254,14.508478970306404,0.0759447093267678,6.2534139358905945
/content/drive/MyDrive/Bharatanatyam_Digital_Twin/dataset/posture_images/extracted/new_Dataset/Nagabandham Augmented/dr_2_7820.jpg,dr_2_7820.jpg,Nagabandham Augmented,21.56470115748583,59.45500967361629,20.757804972023983,18.007518995556644,71.87121796958706,30.50808150697582,35.28615586103588,23.916548161144767,8.953796617572214,8.944038715450827,13.8257017865906,13.509172929762885,0.2996781331475656,14.125599213281888,29.196472138867986,0.0572543586850513,13.123071142292629
/content/drive/MyDrive/Bharatanatyam_Digital_Twin/dataset/posture_images/extracted/new_Dataset/Nagabandham Augmented/dr_2_8052.jpg,dr_2_8052.jpg,Nagabandham Augmented,13.814558223086607,5.6034113750287275,54.68182910109029,4.51155240350319,59.04076670840951,4.816113461777645,30.76256541869516,34.20764549279866,22.41794271132304,28.01609404686323,21.2695385001502,14.682106769152458,0.2779243624351554,7.383181273627817,11.083071924880931,0.0250751736961405,11.041396722306375
/content/drive/MyDrive/Bharatanatyam_Digital_Twin/dataset/posture_images/extracted/new_Dataset/Nagabandham Augmented/dr_2_8285.jpg,dr_2_8285.jpg,Nagabandham Augmented,18.977047730287175,10.883132267836274,31.764024990133365,24.01755725754765,22.27659353171201,13.485171456035792,22.885836808857203,18.10231032055546,4.732511106632899,1.5703753303365318,15.060595862854091,32.88074839142937,0.221556430466104,6.006391824171453,12.551993167286842,0.0482244884324803,5.418957816795038
/content/drive/MyDrive/Bharatanatyam_Digital_Twin/dataset/posture_images/extracted/new_Dataset/Nagabandham Augmented/dr_2_9169.jpg,dr_2_9169.jpg,Nagabandham Augmented,36.70941504478122,28.030550652868406,58.69216116935824,20.90983925261502,25.68242819184775,29.10953178291039,33.59849009918285,24.155726351541944,13.707464423965888,7.002530617166826,15.428027387474891,26.99011981406137,0.2464895141994698,12.864180526248605,22.651625660542862,0.0412708152795786,15.899645102923373
/content/drive/MyDrive/Bharatanatyam_Digital_Twin/dataset/posture_images/extracted/new_Dataset/Nagabandham Augmented/dr_2_9246.jpg,dr_2_9246.jpg,Nagabandham Augmented,97.83844025259152,74.70250744269248,1.2154180940614527,1.1455733281276366,34.49540168930921,5.015130419116361,10.467880882653668,27.23737843210679,20.76389010178675,20.41843422930761,0.9771717416522556,70.271918074913,0.0666802343462328,20.461396824545627,47.412724238993874,0.1409508851486481,13.830515349494354
/content/drive/MyDrive/Bharatanatyam_Digital_Twin/dataset/posture_images/extracted/new_Dataset/Nagabandham Augmented/dr_2_9315.jpg,dr_2_9315.jpg,Nagabandham Augmented,44.23918597145992,10.110673522438375,126.78905777122031,17.12596054093414,7.101068362005357,10.636272249807496,40.41308973099183,14.389265988975012,0.809415491491194,17.472729934718956,6.254392670547776,35.69166954539827,0.248587113973197,13.913078652897848,18.75184115344247,0.1255744027943797,22.861820402456694
/content/drive/MyDrive/Bharatanatyam_Digital_Twin/dataset/posture_images/extracted/new_Dataset/Nagabandham Augmented/dr_2_933.jpg,dr_2_933.jpg,Nagabandham Augmented,13.471577696281187,10.930145374332795,18.90755603996179,23.385864910661088,39.08141421155492,25.891462957036318,26.816574529803525,32.51304958255281,22.14588210175509,8.707495270869146,28.47941709144001,12.135245175705077,0.2183980635501127,7.578878108417629,12.787713410195328,0.0858947790152498,9.863026136042308
/content/drive/MyDrive/Bharatanatyam_Digital_Twin/dataset/posture_images/extracted/new_Dataset/Nagabandham Augmented/dr_2_9344.jpg,dr_2_9344.jpg,Nagabandham Augmented,42.682008329013854,2.9222143016453828,100.89991632886546,8.320718982658768,34.82522656371086,18.14192792646789,40.54694745042574,33.4922500434781,24.040937488516008,36.739955892466334,37.19642470017634,18.378896707336743,0.2276232668902562,13.053486967252695,18.729555008368937,0.1099697123190468,20.3209361810701
/content/drive/MyDrive/Bharatanatyam_Digital_Twin/dataset/posture_images/extracted/new_Dataset/Nagabandham Augmented/dr_2_9464.jpg,dr_2_9464.jpg,Nagabandham Augmented,49.826408338571454,15.957525797426577,98.43635457427996,9.211054150989098,2.420615716592708,25.315602496735405,33.8459067346493,23.57106507581437,8.688520021146587,1.8052267643372488,20.74423663031532,47.23153668985276,0.2425874254228304,17.01118148516869,26.413640266383595,0.0351293179264276,24.58477487119605
/content/drive/MyDrive/Bharatanatyam_Digital_Twin/dataset/posture_images/extracted/new_Dataset/Nagabandham Augmented/dr_2_9677.jpg,dr_2_9677.jpg,Nagabandham Augmented,55.90684174484652,17.24824469163596,165.3478266221852,39.76775457492721,50.95524785042063,5.897519178749805,65.49208705657071,73.43760503674595,42.33896801840865,42.19948446493677,57.59813225860072,58.5978191592295,0.1341998579738909,19.779298113680465,27.307135553262206,0.1208412701006102,31.909917517678576
/content/drive/MyDrive/Bharatanatyam_Digital_Twin/dataset/posture_images/extracted/new_Dataset/Nagabandham Augmented/dr_2_9774.jpg,dr_2_9774.jpg,Nagabandham Augmented,43.643072154734,17.436384841832457,120.6599336109768,32.017906086373856,18.881320127143315,11.003520527791668,45.64067008807141,23.06487011800672,14.12072519469332,16.322899649079787,16.51179857726569,27.790494707187317,0.2396219157471096,14.581353489389295,21.06932637941961,0.0887949026643929,22.585939186083884
/content/drive/MyDrive/Bharatanatyam_Digital_Twin/dataset/posture_images/extracted/new_Dataset/Nagabandham Augmented/dr_2_9874.jpg,dr_2_9874.jpg,Nagabandham Augmented,53.7383683366229,12.302680547995893,123.96575124438634,11.632918753111804,8.173626696539245,20.23139749251112,41.000923546637125,15.223019578434254,6.155818908799065,11.20595531518822,3.9424584940704777,39.16814423171494,0.2070362216401218,17.537315094818037,22.78196229248552,0.1785501493624667,29.65143284260613
/content/drive/MyDrive/Bharatanatyam_Digital_Twin/dataset/posture_images/extracted/new_Dataset/Nagabandham Augmented/dr_3_1030.jpg,dr_3_1030.jpg,Nagabandham Augmented,56.16067842108836,70.5620052141104,6.648130880669056,4.444376494210534,50.666292608221056,25.487946053387027,21.81168650912192,43.85444385034484,48.44463195435159,72.50851154728431,32.99492654005656,88.95037959584138,0.1472876692447631,17.14654564914279,40.663206211915565,0.198914984332566,10.577515751180236
/content/drive/MyDrive/Bharatanatyam_Digital_Twin/dataset/posture_images/extracted/new_Dataset/Nagabandham Augmented/dr_3_1100.jpg,dr_3_1100.jpg,Nagabandham Augmented,14.42072755849178,5.989716635269389,23.00783973018786,14.46265435297103,40.70460200537519,17.311969296046083,23.871766346145044,17.23495656984599,2.4515017995793755,15.440372871822802,9.92528700713571,20.437572066947425,0.204611037187737,5.67666621829794,11.37365972841973,0.0663296252861801,5.59000930118791
/content/drive/MyDrive/Bharatanatyam_Digital_Twin/dataset/posture_images/extracted/new_Dataset/Nagabandham Augmented/dr_3_1335.jpg,dr_3_1335.jpg,Nagabandham Augmented,37.809774421893984,12.448195237247317,100.32125173938944,30.55870739372643,9.316553667729965,23.617952125221795,40.9536162315169,8.685478149391656,7.361124326567648,18.08918510302485,3.0952000101762187,47.75832481181215,0.2428320484682419,13.507898175834924,16.859337358247515,0.1451193786752729,23.519237790581982
/content/drive/MyDrive/Bharatanatyam_Digital_Twin/dataset/posture_images/extracted/new_Dataset/Nagabandham Augmented/dr_3_1383.jpg,dr_3_1383.jpg,Nagabandham Augmented,98.6265139399917,72.20287885922583,1.2155357849794264,3.614734979876102,45.40902483622802,50.51070492138023,25.187500130615945,31.319134426148253,48.0607392567625,47.95743096867827,40.72870567169476,60.246608330580685,0.1219399764103538,23.610299034108483,53.383831924888405,0.0726939786915598,17.374371198745493
/content/drive/MyDrive/Bharatanatyam_Digital_Twin/dataset/posture_images/extracted/new_Dataset/Nagabandham Augmented/dr_3_1527.jpg,dr_3_1527.jpg,Nagabandham Augmented,90.51079666172734,71.093077273085,1.5468981365893977,3.5071289684386358,3.128560781236118,24.0650612519922,8.061912284564087,39.99861548908841,23.135132284512792,13.357775765166505,40.168177050754245,52.31315867431189,0.1141201036154476,20.404003588434,44.88733422167001,0.0318233156039187,16.29285322802807
/content/drive/MyDrive/Bharatanatyam_Digital_Twin/dataset/posture_images/extracted/new_Dataset/Nagabandham Augmented/dr_3_1822.jpg,dr_3_1822.jpg,Nagabandham Augmented,19.855150720465126,27.469878248805905,29.76364585684233,13.59408390773567,136.27095395956434,17.17332524454179,49.20050224217103,40.35652653709339,24.377031180821536,0.8850054945614597,35.836754873799244,10.835704782540656,0.2090695349836807,10.362768067852112,23.50336861389948,0.0943435171748412,7.490592072482013
/content/drive/MyDrive/Bharatanatyam_Digital_Twin/dataset/posture_images/extracted/new_Dataset/Nagabandham Augmented/dr_3_1851.jpg,dr_3_1851.jpg,Nagabandham Augmented,99.70863817563686,65.4827541513421,0.4256239649312022,1.552743772361253,75.01820854438019,28.01774816484611,26.25358111162969,29.210205160024632,2.754906539821001,45.58987969072038,32.47825380625885,80.8225875754789,0.1208457678774315,22.805761482973804,51.18420092766502,0.2266854572118927,17.006398064044497
/content/drive/MyDrive/Bharatanatyam_Digital_Twin/dataset/posture_images/extracted/new_Dataset/Nagabandham Augmented/dr_3_2163.jpg,dr_3_2163.jpg,Nagabandham Augmented,20.016756137809196,52.70731782930484,81.93632285216815,41.95288071322524,33.988216713417266,16.41503347319263,43.57311343800082,59.81907809813013,87.92341203316633,70.57375165736117,72.01321477331453,83.03598832498999,0.134439519007408,11.373508668470867,25.98688083739204,0.0757621362703184,8.057883031750247
/content/drive/MyDrive/Bharatanatyam_Digital_Twin/dataset/posture_images/extracted/new_Dataset/Nagabandham Augmented/dr_3_2724.jpg,dr_3_2724.jpg,Nagabandham Augmented,33.379669593206884,14.570713641278944,25.75923058269697,24.41642492015543,24.290266857373933,17.375791615145392,22.960428493842933,33.68250736081254,10.47090959987304,5.9660421664525245,16.381317407974652,20.685397781580058,0.2523604931831171,7.726716207381472,18.706668643016748,0.0673862753995475,4.406093703728119
/content/drive/MyDrive/Bharatanatyam_Digital_Twin/dataset/posture_images/extracted/new_Dataset/Nagabandham Augmented/dr_3_2888.jpg,dr_3_2888.jpg,Nagabandham Augmented,23.542815597491227,36.57281058726841,98.39849618015155,16.975518842190336,8.973867904978833,44.4065542007948,42.18860928202888,23.050350021772715,9.859433911128974,6.29416804819428,18.692649546790125,42.655001106082445,0.2283648616054701,14.532495190526657,25.54900365633672,0.0489554910032418,17.999526424240006
/content/drive/MyDrive/Bharatanatyam_Digital_Twin/dataset/posture_images/extracted/new_Dataset/Nagabandham Augmented/dr_3_2964.jpg,dr_3_2964.jpg,Nagabandham Augmented,13.45775040940168,8.104084035940161,47.40595321526284,19.870635141943147,4.465979055641162,8.821779942283934,20.14108683878277,12.592055288235724,7.807097279791063,5.136811674809159,7.35071898138981,17.17147705155177,0.1753989704137752,6.96395765749761,11.560326433147576,0.1030682928398972,9.228478246505356
/content/drive/MyDrive/Bharatanatyam_Digital_Twin/dataset/posture_images/extracted/new_Dataset/Nagabandham Augmented/dr_3_3033.jpg,dr_3_3033.jpg,Nagabandham Augmented,55.036248077352866,43.75364065629822,17.701113562606228,8.98078275684131,82.64766401538512,22.677850177459277,33.00185262807298,84.32930484071174,85.21550026791984,74.18069327677924,73.64109497281426,71.25981193364504,0.0704915806510864,14.189796415865054,32.42748471598486,0.2029751288952614,9.93892940271504
/content/drive/MyDrive/Bharatanatyam_Digital_Twin/dataset/posture_images/extracted/new_Dataset/Nagabandham Augmented/dr_3_3211.jpg,dr_3_3211.jpg,Nagabandham Augmented,18.738986620581358,6.656228181074611,54.414701550192376,14.725226468332648,7.106962505972122,21.423877876391742,24.417692100222222,20.313358891346184,4.199920566222147,8.672817438873352,9.464797610340236,34.79280710145137,0.2150128516889852,8.633299923353388,15.681786037043858,0.0212261906986115,10.196887542317691
/content/drive/MyDrive/Bharatanatyam_Digital_Twin/dataset/posture_images/extracted/new_Dataset/Nagabandham Augmented/dr_3_3256.jpg,dr_3_3256.jpg,Nagabandham Augmented,41.07032946565375,11.797064378107045,13.249649991551534,10.231825814319876,27.019816970202893,12.86602656933828,15.841829836353146,40.746679722888864,31.04875564888724,10.595276060144588,37.524370082515496,22.064699673534196,0.2306056172752491,9.851919409625989,20.96272944151408,0.1044726783888167,8.488556108975068
/content/drive/MyDrive/Bharatanatyam_Digital_Twin/dataset/posture_images/extracted/new_Dataset/Nagabandham Augmented/dr_3_3291.jpg,dr_3_3291.jpg,Nagabandham Augmented,59.97824436231419,39.009543154139365,0.6950578988338331,10.530463940413204,40.62797371847518,1.3799615406141923,13.308364274584102,25.490690545613766,15.594707981661472,41.83842693155794,7.179370000732578,40.22446701440481,0.1522864987361075,16.795369596463043,38.30960353619407,0.1989956539689371,11.87750959922613
/content/drive/MyDrive/Bharatanatyam_Digital_Twin/dataset/posture_images/extracted/new_Dataset/Nagabandham Augmented/dr_3_3298.jpg,dr_3_3298.jpg,Nagabandham Augmented,57.799967787875964,39.885599829008484,8.869169153151235,3.3259670504352314,88.31272619112612,29.421307315076184,32.48229242744719,81.54243451928943,56.34525619495839,71.56800956549579,72.10156061503244,49.9267178749103,0.0895830582313153,17.2751144947843,35.98973703394558,0.2207022042533622,15.614904246153952
/content/drive/MyDrive/Bharatanatyam_Digital_Twin/dataset/posture_images/extracted/new_Dataset/Nagabandham Augmented/dr_3_3596.jpg,dr_3_3596.jpg,Nagabandham Augmented,34.76660174676837,2.9844201757709,100.11744578345822,2.4432239503319595,70.24997500784163,17.663053030313165,47.61842444298624,23.31846248553019,4.84175431053211,2.127649391181186,12.177414575552405,23.06441877755034,0.2350210666644815,12.39754005949302,17.113006889152842,0.1302460668011218,19.94936722252509
/content/drive/MyDrive/Bharatanatyam_Digital_Twin/dataset/posture_images/extracted/new_Dataset/Nagabandham Augmented/dr_3_3931.jpg,dr_3_3931.jpg,Nagabandham Augmented,97.75613458612418,71.59140212612988,4.042411101277706,10.232272781015892,40.33444107389293,6.673439636070885,15.320641148064354,30.96971051117408,22.94606552442924,15.125935280198313,65.81579454610376,44.87752285198626,0.1123643692408643,21.369912294176515,54.596551743332455,0.1341336081429096,9.379051531054186
/content/drive/MyDrive/Bharatanatyam_Digital_Twin/dataset/posture_images/extracted/new_Dataset/Nagabandham Augmented/dr_3_3963.jpg,dr_3_3963.jpg,Nagabandham Augmented,99.51958272475173,72.35060774287196,4.00942959298815,2.0233297447935583,54.83223476052138,23.066763647650664,20.98293943648844,24.91103708427627,24.794796803186056,15.31432248170958,55.17701021327892,25.129676735757474,0.0990162127590663,22.409440479388792,51.986199917383374,0.1053197475267502,15.136801773256249
/content/drive/MyDrive/Bharatanatyam_Digital_Twin/dataset/posture_images/extracted/new_Dataset/Nagabandham Augmented/dr_3_4075.jpg,dr_3_4075.jpg,Nagabandham Augmented,23.954477583710563,29.815883908080206,7.839882948186701,17.547577123162956,54.13612725909105,0.0217220707362233,19.88632735029423,13.908081418016366,3.822806084979163,5.875948190579891,10.061621675500003,10.99738034067062,0.2353597608369659,12.785275763812365,26.59004581687367,0.0730663926974502,11.692715081865972
/content/drive/MyDrive/Bharatanatyam_Digital_Twin/dataset/posture_images/extracted/new_Dataset/Nagabandham Augmented/dr_3_4169.jpg,dr_3_4169.jpg,Nagabandham Augmented,14.765953890788872,24.721379760236395,52.57067383408559,5.404214711551555,31.29959587309789,33.64078080950901,30.72881630706101,27.56853869348953,10.841803184659229,15.107507002700515,24.744234997009357,10.507359081710954,0.1967517062931644,8.401024644603792,16.9291411164519,0.0876956813008255,8.186237136058654
/content/drive/MyDrive/Bharatanatyam_Digital_Twin/dataset/posture_images/extracted/new_Dataset/Nagabandham Augmented/dr_3_4636.jpg,dr_3_4636.jpg,Nagabandham Augmented,25.559714600493436,14.66646668685162,48.10493534909537,11.964263532950032,9.455754435317996,15.422226716669496,21.236795008508224,22.09443303303739,13.72364434247039,2.91953221922768,21.861858060482497,13.79297140378818,0.2477690660603196,7.586570478089635,16.04750032246939,0.0453408573870106,6.666870254412505
/content/drive/MyDrive/Bharatanatyam_Digital_Twin/dataset/posture_images/extracted/new_Dataset/Nagabandham Augmented/dr_3_4835.jpg,dr_3_4835.jpg,Nagabandham Augmented,29.740791340752594,23.454226554422846,35.125866957629114,19.63112029655981,21.8470499830289,15.736089966757715,23.085031800993885,26.17496513962503,3.317613642256134,15.17250176936493,13.358334581227432,24.74433353041532,0.2574252916309554,8.063780832170528,17.70965824106284,0.0277621243451902,6.453922131103552
/content/drive/MyDrive/Bharatanatyam_Digital_Twin/dataset/posture_images/extracted/new_Dataset/Nagabandham Augmented/dr_3_5118.jpg,dr_3_5118.jpg,Nagabandham Augmented,30.559679702405354,46.20838920234566,53.213798493033146,0.2221471540790991,8.631496505259957,30.26741430467201,23.08371411426105,36.11531504789082,17.643624785133426,16.834125814726548,28.69800152787029,15.805457306041356,0.1889221468376473,15.011977802884028,31.70919909437792,0.0682087064238106,13.258525607850348
/content/drive/MyDrive/Bharatanatyam_Digital_Twin/dataset/posture_images/extracted/new_Dataset/Nagabandham Augmented/dr_3_5288.jpg,dr_3_5288.jpg,Nagabandham Augmented,21.823287236116705,25.778721607349297,7.642387014025333,9.971761868384698,83.97261827796316,5.028433947817538,26.653800277047683,29.01827100458495,22.3645948928629,35.7697577687083,23.70728198371182,12.212337438840004,0.1862899071699477,11.402638000612267,22.71916242041488,0.1041862483284405,11.384565333093484
/content/drive/MyDrive/Bharatanatyam_Digital_Twin/dataset/posture_images/extracted/new_Dataset/Nagabandham Augmented/dr_3_554.jpg,dr_3_554.jpg,Nagabandham Augmented,61.01520340760315,42.66211746703051,7.989065191478289,35.97863474930219,3.006269529906788,12.564048353516991,14.884504456051063,63.32438496239244,73.05380884323172,50.89153489128871,83.93793848666338,71.4155198278838,0.1278270669755654,16.77824704732261,31.35216668297972,0.1603764681983136,18.82219799078979
/content/drive/MyDrive/Bharatanatyam_Digital_Twin/dataset/posture_images/extracted/new_Dataset/Nagabandham Augmented/dr_3_5561.jpg,dr_3_5561.jpg,Nagabandham Augmented,17.66111886146632,13.179784914970561,52.22806226114699,2.8884477446774843,20.137197005680623,12.37261961517122,21.90658165666908,34.58971951927191,14.504812984425485,18.40831323542397,25.95358100645433,10.880669258734915,0.1867940433395234,7.307269119158511,14.65886118359652,0.0419279450996087,7.221018228779404
/content/drive/MyDrive/Bharatanatyam_Digital_Twin/dataset/posture_images/extracted/new_Dataset/Nagabandham Augmented/dr_3_5690.jpg,dr_3_5690.jpg,Nagabandham Augmented,94.31545274074779,49.804600808936556,9.843836639349536,1.067433047937015,11.442511148705416,10.072905399785858,8.106671558944456,46.81926091067402,54.61849570043968,12.099272343543106,45.484662914361536,74.92678530436912,0.1368760921073571,18.63496461658707,44.304718824927285,0.1622274467259159,11.437947578108004
/content/drive/MyDrive/Bharatanatyam_Digital_Twin/dataset/posture_images/extracted/new_Dataset/Nagabandham Augmented/dr_3_5815.jpg,dr_3_5815.jpg,Nagabandham Augmented,3.367764689997294,16.42442037044188,7.818310084363361,22.953052326424945,89.36745161646586,3.742127755568855,30.970235445705757,12.070687875408746,3.221587520277767,27.65571440454174,11.273256394311924,37.1732491984457,0.2627330743192186,9.876860586004168,14.831939762782858,0.0388747258383251,14.759767269391322
/content/drive/MyDrive/Bharatanatyam_Digital_Twin/dataset/posture_images/extracted/new_Dataset/Nagabandham Augmented/dr_3_6337.jpg,dr_3_6337.jpg,Nagabandham Augmented,20.085080179990577,20.49755340670299,37.862699501691246,6.54981931934462,28.228587468207863,27.758732786741877,25.0999597689964,20.210592796036536,1.0189158516840762,0.9772382070957422,13.612683750942406,6.274258115834845,0.1852613898512634,8.275952567616416,16.20015317014623,0.0575731101823943,8.570131422520628
/content/drive/MyDrive/Bharatanatyam_Digital_Twin/dataset/posture_images/extracted/new_Dataset/Nagabandham Augmented/dr_3_653.jpg,dr_3_653.jpg,Nagabandham Augmented,32.53650319482725,60.54942605886758,15.314531967542043,9.380252233935025,3.9445111625837943,6.141843214284421,8.695284644586321,51.56893973761577,51.20424413425697,15.738426390671492,89.7843732920814,37.052016134011005,0.1762931314233068,19.2713438011708,44.56466032275906,0.0597945041423949,13.189576576610946
/content/drive/MyDrive/Bharatanatyam_Digital_Twin/dataset/posture_images/extracted/new_Dataset/Nagabandham Augmented/dr_3_6556.jpg,dr_3_6556.jpg,Nagabandham Augmented,30.271822567784724,12.454640977171898,47.55038113227684,4.239838814820279,64.24332642044648,2.147381093373248,29.54523186522921,6.369781129542673,8.98510566264045,21.878932785289635,0.9241221162853888,46.09945693941486,0.2310232006388031,11.38476690917772,19.20032275275396,0.0115439805569986,14.9424339942222
/content/drive/MyDrive/Bharatanatyam_Digital_Twin/dataset/posture_images/extracted/new_Dataset/Nagabandham Augmented/dr_3_6723.jpg,dr_3_6723.jpg,Nagabandham Augmented,89.62851633855186,60.236820949932095,6.344151299631911,0.4079251405498465,30.145675026269743,31.404845231958397,17.075649174602475,46.30498804906313,51.72399302949515,76.99698698952035,59.265445633101045,64.64224997101962,0.1994457964837513,19.67658424533543,44.00579813889094,0.0362146436835328,14.987739953431811
/content/drive/MyDrive/Bharatanatyam_Digital_Twin/dataset/posture_images/extracted/new_Dataset/Nagabandham Augmented/dr_3_6905.jpg,dr_3_6905.jpg,Nagabandham Augmented,79.34014022516686,61.850636878272766,18.9470485253681,3.6827658883019248,122.5766011058266,7.272718054499899,38.119783393499134,53.80254303801645,68.91748581221846,67.89751829103284,54.2079106686969,80.0633534072515,0.131583102613981,24.58085120919104,52.23990023577579,0.0433159213957034,21.459337470401625
/content/drive/MyDrive/Bharatanatyam_Digital_Twin/dataset/posture_images/extracted/new_Dataset/Nagabandham Augmented/dr_3_7172.jpg,dr_3_7172.jpg,Nagabandham Augmented,18.929358542877413,49.760098913979036,18.32901867931252,23.575810702759963,2.362831837865895,7.729870221780692,12.999382860429767,36.82110291363326,29.71688365624839,24.64039000372771,30.27738784882404,12.46918444547821,0.1465391013797279,12.758023640089034,25.232377772217266,0.1194675925111528,12.922225555538684
/content/drive/MyDrive/Bharatanatyam_Digital_Twin/dataset/posture_images/extracted/new_Dataset/Nagabandham Augmented/dr_3_7821.jpg,dr_3_7821.jpg,Nagabandham Augmented,11.565337035323555,22.475781172960964,44.914189006344,40.35217003833605,43.789637604603634,14.3340607465066,35.84751434894757,19.0884600585342,63.14843818413424,26.367310683574075,31.072272693988293,41.00912472318831,0.1195420735828641,8.830937605487897,18.60579926644191,0.0797661455330161,7.8072474044887645
/content/drive/MyDrive/Bharatanatyam_Digital_Twin/dataset/posture_images/extracted/new_Dataset/Nagabandham Augmented/dr_3_7957.jpg,dr_3_7957.jpg,Nagabandham Augmented,39.820526685524754,51.44933344708642,27.71319858367306,2.7075591284298324,16.347347315122544,24.06333321144348,17.70785955966723,43.334130761657896,25.606330778558856,30.010815943107367,30.8518244111665,8.00776277414515,0.2242935140449205,14.541532568290007,31.292280407198326,0.0417733828146866,12.290543914857016
/content/drive/MyDrive/Bharatanatyam_Digital_Twin/dataset/posture_images/extracted/new_Dataset/Nagabandham Augmented/dr_3_8477.jpg,dr_3_8477.jpg,Nagabandham Augmented,10.834493322686498,36.135217066100026,47.346841132781535,13.351030823461793,6.849018768530707,10.934632677806636,19.62038085064517,51.56876485982144,63.465722815374576,49.7421536772741,56.702216207307245,64.99610714530404,0.1408913458016562,7.95313114803065,15.91480558192308,0.1178688730644782,7.826718989104391
/content/drive/MyDrive/Bharatanatyam_Digital_Twin/dataset/posture_images/extracted/new_Dataset/Nagabandham Augmented/dr_3_8671.jpg,dr_3_8671.jpg,Nagabandham Augmented,23.491625351744503,65.35560139799843,0.2260992040086387,11.066616444592103,119.0157951033252,18.105552701754355,37.10351586342008,18.674285827008877,8.2038822283167,2.33914192393064,13.540270497697795,3.2331195272692086,0.2332605318714012,15.69247700332511,33.52447233998167,0.1171211254347424,13.435837544558916
/content/drive/MyDrive/Bharatanatyam_Digital_Twin/dataset/posture_images/extracted/new_Dataset/Nagabandham Augmented/dr_3_8710.jpg,dr_3_8710.jpg,Nagabandham Augmented,36.92338902441536,6.389003858259074,98.57247783995044,12.639516835130197,12.344744294603718,40.751173650709454,41.07697815509846,20.561984737838458,0.4556390798298082,4.177026333433446,12.92509936681938,30.71412768102041,0.2385348508181501,13.947587566427808,17.14549156108333,0.1205048736850079,24.57676626451509
/content/drive/MyDrive/Bharatanatyam_Digital_Twin/dataset/posture_images/extracted/new_Dataset/Nagabandham Augmented/dr_3_8852.jpg,dr_3_8852.jpg,Nagabandham Augmented,35.609705383904725,4.188671687568096,105.8171312288083,5.646069644566269,28.11491474771489,2.077727458899524,35.413960769997246,11.820368291316669,7.323994098649621,3.236079973069593,7.797869189233938,46.75804537686168,0.2543173131045046,12.634167937046069,17.267773152524775,0.3577000579635984,20.277030600649827
/content/drive/MyDrive/Bharatanatyam_Digital_Twin/dataset/posture_images/extracted/new_Dataset/Nagabandham Augmented/dr_3_931.jpg,dr_3_931.jpg,Nagabandham Augmented,50.891939494776835,43.17106188444079,29.07327493484885,10.093174219905858,19.806698707640084,49.28584010966505,27.064746993014964,26.40565281587536,14.759432366331254,9.869428943055766,21.731258136109023,44.0765017400639,0.2490075750888751,16.515518313757408,32.07808893384867,0.0869103549769165,17.381555652446636
/content/drive/MyDrive/Bharatanatyam_Digital_Twin/dataset/posture_images/extracted/new_Dataset/Nagabandham Augmented/dr_3_9736.jpg,dr_3_9736.jpg,Nagabandham Augmented,18.99058300015791,18.92195825227686,82.99855619294104,27.013812645012926,1.5091975228549184,21.61603443601755,33.28440019920661,34.68667590866704,15.6199648254036,21.763593818653305,24.506520260463912,6.2849098168745705,0.2610002744735151,10.680430776040287,19.22748783480557,0.1048355683080918,12.708968925007202
/content/drive/MyDrive/Bharatanatyam_Digital_Twin/dataset/posture_images/extracted/new_Dataset/Nagabandham Augmented/dr_3_9841.jpg,dr_3_9841.jpg,Nagabandham Augmented,19.464062613773958,31.492244287759455,34.67246090452241,2.875004439089933,28.669594541400063,12.073847602973924,19.572726871996583,8.737402603040698,4.437871987618372,15.40122152695102,7.189888738096465,32.72255357217872,0.2069734761797614,8.349869396961312,17.6090507884534,0.050676847615586,7.389880554814951
/content/drive/MyDrive/Bharatanatyam_Digital_Twin/dataset/posture_images/extracted/new_Dataset/Nagabandham Augmented/dr_3_9940.jpg,dr_3_9940.jpg,Nagabandham Augmented,20.189729452560464,36.484399851237704,50.46502836728614,6.259691287991642,4.6250506005854986,26.06678091322484,21.854137792272027,11.16882595776124,6.685894249661385,17.47345477347941,4.798591987557616,39.10161025773701,0.2215736067753681,11.735225721908732,23.654029698215638,0.0747390591923134,11.476908408318248
/content/drive/MyDrive/Bharatanatyam_Digital_Twin/dataset/posture_images/extracted/new_Dataset/Nagabandham Augmented/dr_4_1035.jpg,dr_4_1035.jpg,Nagabandham Augmented,21.741409134480534,26.936197291130497,33.53307600197628,8.241621718446355,17.3226422033243,0.0714193369687444,14.79218981517892,32.95062649274982,21.803476550285158,27.641275473254467,26.72243561202911,24.673536874897657,0.2715991250382282,9.207334233162502,15.762344431488046,0.097678449280263,11.761979818719198
/content/drive/MyDrive/Bharatanatyam_Digital_Twin/dataset/posture_images/extracted/new_Dataset/Nagabandham Augmented/dr_4_1184.jpg,dr_4_1184.jpg,Nagabandham Augmented,100.92557451232446,75.95403369181415,0.0083972118064079,0.0904807105839046,12.353219937246225,31.107463892216277,10.889890437963205,20.717717351749563,16.525138684033383,27.79373379080042,0.6150175191538085,26.71804560989957,0.0925037805855191,23.183106650037136,49.96099614561635,0.1560637519219753,19.43226005257308
/content/drive/MyDrive/Bharatanatyam_Digital_Twin/dataset/posture_images/extracted/new_Dataset/Nagabandham Augmented/dr_4_126.jpg,dr_4_126.jpg,Nagabandham Augmented,39.84135557354135,17.10672152943416,1.8438206166503075,3.064999681810644,14.581147557018468,1.5320670336227282,5.255508722275537,35.315205718132574,26.303178252382423,24.574879863193395,33.7588592308787,26.9111177092613,0.2353805362969293,11.802014924075834,18.125414752557862,0.0720132870412859,17.208616732628347
/content/drive/MyDrive/Bharatanatyam_Digital_Twin/dataset/posture_images/extracted/new_Dataset/Nagabandham Augmented/dr_4_1341.jpg,dr_4_1341.jpg,Nagabandham Augmented,38.13383047821206,30.049771210434802,132.34530083860582,23.912584165194477,11.31352792968367,9.62721208585987,44.29965625483596,0.8036128445196482,5.620771934242896,43.42678309613828,2.198672553385816,44.60299386933264,0.3832069845220197,13.737335836917344,28.54241373699258,0.2191994469168128,12.45039432684264
/content/drive/MyDrive/Bharatanatyam_Digital_Twin/dataset/posture_images/extracted/new_Dataset/Nagabandham Augmented/dr_4_1511.jpg,dr_4_1511.jpg,Nagabandham Augmented,23.09890581332117,17.987878091204763,31.38458215156397,20.376924790050587,39.05624399194232,14.027300699535605,26.21126290827312,30.939059765038763,21.962267044302024,14.969791096509027,34.00860763121021,37.23995432607475,0.2886577939684743,7.866472245317408,16.781150312157468,0.2329917726985587,6.585274651096201
/content/drive/MyDrive/Bharatanatyam_Digital_Twin/dataset/posture_images/extracted/new_Dataset/Nagabandham Augmented/dr_4_1744.jpg,dr_4_1744.jpg,Nagabandham Augmented,22.834529223222503,33.70981692522004,60.63715038388431,9.991006582307394,53.82988087904989,27.57135357663094,38.00734785546813,1.6180900124636206,6.318256017135247,36.104897933593165,5.431812431114526,39.500952340644325,0.231741142535002,10.577093828207529,28.35784852873701,0.120500830244209,3.25293212564137
/content/drive/MyDrive/Bharatanatyam_Digital_Twin/dataset/posture_images/extracted/new_Dataset/Nagabandham Augmented/dr_4_1749.jpg,dr_4_1749.jpg,Nagabandham Augmented,53.22199253666784,59.63939963313853,36.71591766207781,36.567725848617776,6.723006291350425,2.914873467840482,20.730380817471623,52.08064790120061,38.56148801132829,48.75201664177936,56.39655480217884,54.487472529846656,0.1552844422420539,15.292578840492432,33.63641427598204,0.146744908002002,12.094577337493256
/content/drive/MyDrive/Bharatanatyam_Digital_Twin/dataset/posture_images/extracted/new_Dataset/Nagabandham Augmented/dr_4_2246.jpg,dr_4_2246.jpg,Nagabandham Augmented,18.48086461487998,10.76047484335632,34.52232438515477,24.42604043517554,23.257810010147395,19.76055787813384,25.491683177152886,13.389263050896703,10.725594032416652,20.249959204577856,21.17048186826557,34.46376788447145,0.238300606036995,6.366428549963644,12.565465686295742,0.0687061908641766,6.465113772731011
/content/drive/MyDrive/Bharatanatyam_Digital_Twin/dataset/posture_images/extracted/new_Dataset/Nagabandham Augmented/dr_4_2297.jpg,dr_4_2297.jpg,Nagabandham Augmented,8.516129723903703,20.121716244498046,24.8220503291534,2.612867773738332,12.42991822329526,6.021346615125211,11.47154573532805,26.75828350546385,14.116276148836874,21.438001921730688,19.29698583180741,20.814742289595472,0.2907809904765838,7.516705564292475,10.143907154860482,0.0876466442107346,12.31856289380621
/content/drive/MyDrive/Bharatanatyam_Digital_Twin/dataset/posture_images/extracted/new_Dataset/Nagabandham Augmented/dr_4_232.jpg,dr_4_232.jpg,Nagabandham Augmented,34.84418889959467,1.7478910756883863,2.281651426610434,1.389194208833247,19.2565271418009,31.07669743210516,13.501017552337435,0.4634408256269167,5.37626914613923,1.9629246927337285,1.9887344584271107,47.53694305016912,0.2413054105037891,12.298962715261936,20.999223747992275,0.0768066051143737,15.820857792679153
/content/drive/MyDrive/Bharatanatyam_Digital_Twin/dataset/posture_images/extracted/new_Dataset/Nagabandham Augmented/dr_4_2344.jpg,dr_4_2344.jpg,Nagabandham Augmented,24.408658600547852,28.916886196372843,70.12706319826523,83.1076581394537,102.21080133744113,7.855388929295426,65.82522790111386,2.8534242888929384,25.70443054202022,8.652199242255023,19.750383882258756,34.31897922930342,0.0996996588641217,18.199790751820373,22.58976049571711,0.0390440249745499,31.970567734769457
/content/drive/MyDrive/Bharatanatyam_Digital_Twin/dataset/posture_images/extracted/new_Dataset/Nagabandham Augmented/dr_4_2723.jpg,dr_4_2723.jpg,Nagabandham Augmented,16.80340080578046,38.47617880515561,28.415037762078956,3.1556626040766456,82.34706671087667,10.91349583927421,31.207815729076614,3.153435100278955,2.126790072622896,3.988405743777889,7.815668804516412,15.489695189373816,0.3380607879453153,14.297542337775504,31.43531413679603,0.0913328979826183,11.365979978547866
/content/drive/MyDrive/Bharatanatyam_Digital_Twin/dataset/posture_images/extracted/new_Dataset/Nagabandham Augmented/dr_4_3193.jpg,dr_4_3193.jpg,Nagabandham Augmented,91.91563821345238,68.07372628181459,4.827633632130973,1.9631723946546435,20.479299071807745,35.13782926483976,15.60198359085828,22.719055250463565,38.57357390310098,3.638134365485393,39.123943270160815,63.11484153110168,0.1518401511714826,21.77633488601852,49.00879244339414,0.0647533454906542,16.255458869170777
/content/drive/MyDrive/Bharatanatyam_Digital_Twin/dataset/posture_images/extracted/new_Dataset/Nagabandham Augmented/dr_4_3667.jpg,dr_4_3667.jpg,Nagabandham Augmented,8.886554874197557,21.617682971978496,40.11717638524951,22.77063528743713,62.34335687224306,1.985177619440008,31.804086541092428,2.3688459891314024,2.4334715980374275,11.299548848535837,3.713471611648313,13.76014911341268,0.3273234825108371,10.527238864448318,22.078274714457574,0.079916249010367,9.423525629877007
/content/drive/MyDrive/Bharatanatyam_Digital_Twin/dataset/posture_images/extracted/new_Dataset/Nagabandham Augmented/dr_4_450.jpg,dr_4_450.jpg,Nagabandham Augmented,18.31945155918217,9.964298796031215,38.97873329608487,18.422838095102072,19.94587237777563,24.14204373694785,25.372371876477608,5.957040678860532,4.379334259030774,26.972174776189554,15.500218138733178,53.70658681568579,0.2186674586669796,6.584437110340361,13.91110778840453,0.1026401288935818,5.739563413722972
/content/drive/MyDrive/Bharatanatyam_Digital_Twin/dataset/posture_images/extracted/new_Dataset/Nagabandham Augmented/dr_4_4643.jpg,dr_4_4643.jpg,Nagabandham Augmented,10.650765040029125,23.498450801459093,44.39921592977628,6.942424610061937,46.51306503682989,4.206459753619627,25.51529133257193,11.47142288745536,0.0273719246852408,2.201246245180016,11.678785105823136,32.11234639093314,0.228213318713417,9.922230640949516,17.34359648481164,0.0600834758717372,12.363011962165174
/content/drive/MyDrive/Bharatanatyam_Digital_Twin/dataset/posture_images/extracted/new_Dataset/Nagabandham Augmented/dr_4_469.jpg,dr_4_469.jpg,Nagabandham Augmented,33.8885732096861,40.878900332441724,59.86814159715925,22.840777647022843,6.271074308356496,3.531904774553918,23.127974581773124,4.839452850691479,3.075550513938544,26.73565983613634,5.4536308362424055,37.27661768798905,0.2599436294572402,12.062163067724075,26.694267944485176,0.2562999392010877,9.235921319485964
/content/drive/MyDrive/Bharatanatyam_Digital_Twin/dataset/posture_images/extracted/new_Dataset/Nagabandham Augmented/dr_4_47.jpg,dr_4_47.jpg,Nagabandham Augmented,38.57226971179822,20.392305205680028,20.663295627827598,15.378334736176049,25.63741851546842,4.9781561215949415,16.66430125026675,36.12258129461074,29.185958009125784,19.115710336044003,35.72627676234792,33.43867852858048,0.2350143758182836,10.523980946049956,21.247772489204657,0.0281685576894079,10.296001791255804
/content/drive/MyDrive/Bharatanatyam_Digital_Twin/dataset/posture_images/extracted/new_Dataset/Nagabandham Augmented/dr_4_4845.jpg,dr_4_4845.jpg,Nagabandham Augmented,26.012490716751405,8.314821247750736,73.76481421035463,13.678811845390308,7.781955437419226,8.570439542401289,25.94900525889136,19.791344961856407,11.115998477954534,32.82524761311662,20.50045757900448,34.53166716169462,0.340703442834153,6.934350309021942,11.66004504217072,0.2792132457583756,8.863792639136733
/content/drive/MyDrive/Bharatanatyam_Digital_Twin/dataset/posture_images/extracted/new_Dataset/Nagabandham Augmented/dr_4_4851.jpg,dr_4_4851.jpg,Nagabandham Augmented,36.033341101028185,15.25859002837413,13.401786073545033,0.0214051726297812,9.523656122360713,1.964920766373808,6.227942033727334,18.78682155371554,18.352214201816302,11.091225703298448,22.597212258793174,34.23464713944402,0.2812378420006119,12.859892398800977,21.539445352902572,0.0856819343643081,16.95454990913604
/content/drive/MyDrive/Bharatanatyam_Digital_Twin/dataset/posture_images/extracted/new_Dataset/Nagabandham Augmented/dr_4_5032.jpg,dr_4_5032.jpg,Nagabandham Augmented,20.821374823308652,63.95110922317454,33.47678789569884,9.840059986397746,51.20416254515314,13.234124163751243,26.93878364775024,9.929319318217203,4.146380336860994,29.00544612094565,11.4397768273608,6.133953452293966,0.3464731008430434,10.871826908718164,30.98558847354073,0.0903090785767404,1.5395831740370225
/content/drive/MyDrive/Bharatanatyam_Digital_Twin/dataset/posture_images/extracted/new_Dataset/Nagabandham Augmented/dr_4_5571.jpg,dr_4_5571.jpg,Nagabandham Augmented,40.82695928985356,3.973636543563323,20.9194621550015,8.62668092701735,16.551528159179327,6.88327004705169,13.245235322062468,3.823636137074601,2.0532119707479524,35.1603003251052,6.534936110767026,35.7995782503532,0.2485797142370068,9.273243939541706,14.853758433786846,0.0815394127097228,12.884433972128544
/content/drive/MyDrive/Bharatanatyam_Digital_Twin/dataset/posture_images/extracted/new_Dataset/Nagabandham Augmented/dr_4_5624.jpg,dr_4_5624.jpg,Nagabandham Augmented,37.48998263450645,16.371315387048845,9.955399430908924,10.1570166721756,45.21368643091339,5.476443970033434,17.70063662600784,21.382327878077746,10.963933121972474,3.633261898643326,21.815434250859465,29.143997668361944,0.2390997258207952,10.36689839503648,20.05043658287091,0.0318108951730712,11.01844770706546
/content/drive/MyDrive/Bharatanatyam_Digital_Twin/dataset/posture_images/extracted/new_Dataset/Nagabandham Augmented/dr_4_5705.jpg,dr_4_5705.jpg,Nagabandham Augmented,28.104816276982064,9.336034493368373,87.91639272228751,15.466754538577844,43.42212855805903,0.6476346234988662,36.86322761060581,17.91792334558812,8.181111920647965,14.908852562310017,20.860903366356744,47.72518260782111,0.2322106833850124,7.543999864862364,14.92187002899144,0.0495140531618741,7.66061551243378
/content/drive/MyDrive/Bharatanatyam_Digital_Twin/dataset/posture_images/extracted/new_Dataset/Nagabandham Augmented/dr_4_6125.jpg,dr_4_6125.jpg,Nagabandham Augmented,32.825993897896154,46.40838663002383,36.61716565228412,9.848079990982358,67.98762394498635,43.85642442351368,39.57732350294163,18.84285965318652,12.602716786659208,20.29373824513361,23.174884457497917,33.219827426204894,0.224788357428786,14.850044563799472,33.08870812668792,0.0533081448733627,11.40811741983713
/content/drive/MyDrive/Bharatanatyam_Digital_Twin/dataset/posture_images/extracted/new_Dataset/Nagabandham Augmented/dr_4_6171.jpg,dr_4_6171.jpg,Nagabandham Augmented,18.774105008112564,20.290953179936984,54.21744956182438,39.43855505723594,36.481306675315125,3.5560737872463584,33.423346270405446,40.12071062360383,47.67408744505595,34.89891571234722,65.67601061950965,13.709962272325772,0.2527042007565918,11.108347648622464,18.548764214248493,0.0858802996280644,14.690398431990833
/content/drive/MyDrive/Bharatanatyam_Digital_Twin/dataset/posture_images/extracted/new_Dataset/Nagabandham Augmented/dr_4_6198.jpg,dr_4_6198.jpg,Nagabandham Augmented,28.254154785593286,40.558336668064854,15.903074807603158,28.13840822541902,24.987454067649605,12.97645611590852,20.501348304145075,32.673854435172146,21.89173452197484,0.9423057607724136,28.0523836097857,19.558492283909874,0.249974146971228,9.646559168894152,21.95794459876213,0.0573645547275507,6.924368353192778
/content/drive/MyDrive/Bharatanatyam_Digital_Twin/dataset/posture_images/extracted/new_Dataset/Nagabandham Augmented/dr_4_6450.jpg,dr_4_6450.jpg,Nagabandham Augmented,44.18022783517713,40.12212662353528,24.595308791820976,27.34350623422704,22.86877308587366,6.86624530061841,20.418458353135023,12.46134717519277,2.4057574257760166,19.43674595465677,10.373682656356564,30.200546297934345,0.2807603166514287,13.039711712329924,31.02126410185677,0.0326447133265131,8.065226321806497
/content/drive/MyDrive/Bharatanatyam_Digital_Twin/dataset/posture_images/extracted/new_Dataset/Nagabandham Augmented/dr_4_6526.jpg,dr_4_6526.jpg,Nagabandham Augmented,24.571063799741914,23.37470736013111,109.40906457884849,9.263341970399564,47.71034931162742,7.682462738645332,43.5163046498802,0.2088802726228889,6.546602291764125,35.03633215863269,2.225456938159376,43.9128277501301,0.2601696814093983,9.608601365971692,19.291445747036263,0.0654651227523377,9.468893228126472
/content/drive/MyDrive/Bharatanatyam_Digital_Twin/dataset/posture_images/extracted/new_Dataset/Nagabandham Augmented/dr_4_6617.jpg,dr_4_6617.jpg,Nagabandham Augmented,29.195855009194414,20.340809882102313,82.10360149052617,20.82302072425056,9.64008960856371,5.879246143377055,29.61148949167937,6.862625394845837,5.121921392323547,43.40156526489455,10.328681889862525,37.81232690787885,0.2838211278942872,9.650107998548002,18.6813417756074,0.2641327825661491,10.004849437470456
/content/drive/MyDrive/Bharatanatyam_Digital_Twin/dataset/posture_images/extracted/new_Dataset/Nagabandham Augmented/dr_4_6679.jpg,dr_4_6679.jpg,Nagabandham Augmented,37.34797728897747,31.011716678549714,20.77139310733141,18.13255865008211,13.423404442379264,10.393180690061504,15.680134222463572,22.638045869678223,13.118560477017722,1.0978472913964328,19.83248977895311,32.67453909902589,0.2866954359334818,10.494763772929325,20.58196796468537,0.0263786393366832,10.875944714765923
/content/drive/MyDrive/Bharatanatyam_Digital_Twin/dataset/posture_images/extracted/new_Dataset/Nagabandham Augmented/dr_4_6698.jpg,dr_4_6698.jpg,Nagabandham Augmented,97.01146549162934,68.68695788776485,3.449022554621324,12.389441789640989,71.32516346927171,66.11398192815192,38.31940243542149,20.364336592320047,13.320518402225431,20.875817200876572,3.2389140916070724,82.20029099647871,0.1166137276793547,25.03823822385144,56.05771942844296,0.0598027020831972,18.997192541028152
/content/drive/MyDrive/Bharatanatyam_Digital_Twin/dataset/posture_images/extracted/new_Dataset/Nagabandham Augmented/dr_4_6990.jpg,dr_4_6990.jpg,Nagabandham Augmented,31.692792615782324,28.53729456623896,42.96405886676595,54.693507367527175,42.089930018182784,6.214423223767145,36.49047986906076,20.659788783796728,6.992928423007129,10.91716168119541,24.602126175794886,40.282779833739966,0.2415278299093201,13.845893096636132,25.92057064037263,0.0449222224659539,15.572186427069813
/content/drive/MyDrive/Bharatanatyam_Digital_Twin/dataset/posture_images/extracted/new_Dataset/Nagabandham Augmented/dr_4_6994.jpg,dr_4_6994.jpg,Nagabandham Augmented,44.573107690482644,15.459361086864973,0.4090954713369544,8.002361590043105,16.618976129686807,3.14408211274717,7.043628825953509,11.032916469023808,3.450409612842468,2.4919048095416856,10.455884912966416,39.71758510242901,0.2758783903949448,11.21761275846348,18.487814611125707,0.0567967006885409,15.108226963576191
/content/drive/MyDrive/Bharatanatyam_Digital_Twin/dataset/posture_images/extracted/new_Dataset/Nagabandham Augmented/dr_4_7167.jpg,dr_4_7167.jpg,Nagabandham Augmented,50.44180059065246,26.577072311061023,3.569118353149428,4.271477907795084,9.587467434281464,11.003571558160903,7.107908813346721,16.769230316688777,10.552082449981668,12.728011880851769,17.547219517354886,55.23969011719947,0.2814827362339777,14.26007358972735,27.309202481014157,0.0715527753509463,15.399465512816956
/content/drive/MyDrive/Bharatanatyam_Digital_Twin/dataset/posture_images/extracted/new_Dataset/Nagabandham Augmented/dr_4_722.jpg,dr_4_722.jpg,Nagabandham Augmented,37.91665044811569,9.127159567487041,67.12214704240417,11.05931894985017,25.70441816889951,14.189816636950264,29.518925199526027,9.826996429862504,0.3778991696585763,28.812061889244745,12.367940722310555,39.76047490573252,0.2648104641380405,7.217364892576884,17.343161067981328,0.0527291867426358,4.256204423006691
/content/drive/MyDrive/Bharatanatyam_Digital_Twin/dataset/posture_images/extracted/new_Dataset/Nagabandham Augmented/dr_4_730.jpg,dr_4_730.jpg,Nagabandham Augmented,28.142800040337672,6.004507901985719,7.907359280081308,8.097532714545922,33.47849808130084,7.2663734707042655,14.187440886658084,25.408389200390012,16.836048316890704,20.888913342153703,20.40970955261993,25.25145953624006,0.3075122887128776,8.330465936108977,13.51666546794956,0.0909828239794226,11.383749516397945
/content/drive/MyDrive/Bharatanatyam_Digital_Twin/dataset/posture_images/extracted/new_Dataset/Nagabandham Augmented/dr_4_7638.jpg,dr_4_7638.jpg,Nagabandham Augmented,38.57960148955797,44.206095442453744,49.65386643217061,7.663536823526792,24.464893589621585,7.89115029470825,22.41836178500681,35.906233430180954,21.28908656151191,29.653994678994565,24.338666951868788,11.54681458411817,0.2993946119147695,12.074094211365711,28.157713735647626,0.0701738249533652,7.994395073496152
/content/drive/MyDrive/Bharatanatyam_Digital_Twin/dataset/posture_images/extracted/new_Dataset/Nagabandham Augmented/dr_4_7795.jpg,dr_4_7795.jpg,Nagabandham Augmented,34.37831373420721,12.142532420247775,75.34713345651053,26.275777697100537,81.23840342542792,49.10842726441395,57.99243546086323,27.78710110779824,47.22289904741026,44.06202470200217,61.26736547038166,76.2737428860154,0.1401467835278376,15.160793790679907,26.866805054102837,0.1526366724778538,18.46293964545904
/content/drive/MyDrive/Bharatanatyam_Digital_Twin/dataset/posture_images/extracted/new_Dataset/Nagabandham Augmented/dr_4_8033.jpg,dr_4_8033.jpg,Nagabandham Augmented,32.34749715908977,76.23627946125157,71.91875296852689,14.00687932152342,86.15595156653399,17.02896158124856,47.27763635945821,82.99396249782603,60.85074313816092,27.39974585034185,35.2067971428742,82.15908428123069,0.1093000867810278,17.86687124139706,42.63723218891989,0.0413529469859854,10.9220285882853
/content/drive/MyDrive/Bharatanatyam_Digital_Twin/dataset/posture_images/extracted/new_Dataset/Nagabandham Augmented/dr_4_8216.jpg,dr_4_8216.jpg,Nagabandham Augmented,23.47645152243353,54.40337608120247,7.717599782395869,19.55139773530156,0.0903307888715461,18.74141293761532,11.525185311046071,5.656019006280843,2.544693312578687,17.85020549730305,5.364506602196769,21.95977466771614,0.2048927102946478,15.034850407662518,30.842076825457088,0.0356517578295016,14.226822639700965
/content/drive/MyDrive/Bharatanatyam_Digital_Twin/dataset/posture_images/extracted/new_Dataset/Nagabandham Augmented/dr_4_8404.jpg,dr_4_8404.jpg,Nagabandham Augmented,30.353704561447636,4.7768819790129555,74.77327828950322,11.91558319444818,7.741435245685565,6.50088060326109,25.232794333224515,22.77909312905953,15.616204804293716,27.66269752321801,28.19369924875569,32.60014668915748,0.2662907293912642,7.759614370163436,11.22096113484851,0.2003657626552269,11.85751621298657
/content/drive/MyDrive/Bharatanatyam_Digital_Twin/dataset/posture_images/extracted/new_Dataset/Nagabandham Augmented/dr_4_8514.jpg,dr_4_8514.jpg,Nagabandham Augmented,20.34152994100252,15.504022179830374,15.038545226761157,38.945570505315565,18.04536329090564,14.241107829015364,21.567646712999437,29.62216676566933,18.828576754758103,18.68521015828141,32.33354670377823,35.297590849406745,0.3097220229111878,8.72495525207204,13.505856063225917,0.2484683966819932,12.420541296308208
/content/drive/MyDrive/Bharatanatyam_Digital_Twin/dataset/posture_images/extracted/new_Dataset/Nagabandham Augmented/dr_4_8576.jpg,dr_4_8576.jpg,Nagabandham Augmented,22.581992684732512,18.262574389765966,98.53334198585785,6.892546377804607,46.55596261779383,0.058838396400629,38.01017234446422,28.040054697402866,15.732155996659545,9.164434369932591,32.31168740568147,33.90813601953597,0.2392769765121017,10.39271882189123,17.877119174314863,0.0500826804337141,13.25095461092511
/content/drive/MyDrive/Bharatanatyam_Digital_Twin/dataset/posture_images/extracted/new_Dataset/Nagabandham Augmented/dr_4_8927.jpg,dr_4_8927.jpg,Nagabandham Augmented,21.86808233901823,9.223642929836558,90.48564218253784,17.913953670854816,34.44997063698722,38.5979764225428,45.36188572823066,19.852089909542,12.209396529,10.916738058869914,24.293108407396964,43.33780411942034,0.2416814685353706,10.313624763791523,21.32766429917146,0.0248927973309431,9.58831719487217
/content/drive/MyDrive/Bharatanatyam_Digital_Twin/dataset/posture_images/extracted/new_Dataset/Nagabandham Augmented/dr_4_9340.jpg,dr_4_9340.jpg,Nagabandham Augmented,34.575342942410614,51.74861514948522,58.67464688045679,32.80023801423679,8.253890437438658,56.58951010324316,39.07957135884385,3.793509753680862,7.681857424416311,19.492785488553736,6.105030526529521,40.11076384097038,0.218732771354044,15.493237515532924,36.29924941502844,0.021718446194729,10.158744685375613
/content/drive/MyDrive/Bharatanatyam_Digital_Twin/dataset/posture_images/extracted/new_Dataset/Nagabandham Augmented/dr_4_9342.jpg,dr_4_9342.jpg,Nagabandham Augmented,41.401890841149786,39.483452255089524,9.24624802596631,16.858901783293398,14.298794781329908,61.78742137540078,25.5478414914976,25.17920188013751,28.571311936589147,40.63189160595277,42.49407750332468,37.39502992282417,0.2336590879654401,17.25013070472572,35.09866528777519,0.1178322173888492,16.533894609013114
/content/drive/MyDrive/Bharatanatyam_Digital_Twin/dataset/posture_images/extracted/new_Dataset/Nagabandham Augmented/dr_4_9562.jpg,dr_4_9562.jpg,Nagabandham Augmented,46.72218408997785,42.038547169523724,15.6304407893317,3.3531712377137173,138.2539934967452,0.4151870849083264,39.41319815217474,43.12076593948074,73.3148354900815,84.35713495493734,76.53572932444102,75.05112889195104,0.2540187092689895,21.29269029305137,35.734492222733344,0.0823908355338107,28.061187820886957
/content/drive/MyDrive/Bharatanatyam_Digital_Twin/dataset/posture_images/extracted/new_Dataset/Nagabandham Augmented/dr_4_9643.jpg,dr_4_9643.jpg,Nagabandham Augmented,48.142215512467374,36.21774305495926,11.847768222088796,1.3381207321242443,168.98085832514732,24.90412833228424,51.76771890291116,46.29537501408001,74.38662195377916,86.54840550551685,77.71728690253624,74.46190204654732,0.2710508359687528,23.30198190739724,38.43128999605321,0.0999789890334398,31.374676737105062
/content/drive/MyDrive/Bharatanatyam_Digital_Twin/dataset/posture_images/extracted/new_Dataset/Nagabandham Augmented/dr_4_9752.jpg,dr_4_9752.jpg,Nagabandham Augmented,24.386467179150102,14.504957722217654,106.12904142418438,11.60978502937288,68.74347138458413,4.750069996823903,47.80809195874132,26.72738396080348,15.977096651740055,7.798767394423208,38.0213099755389,45.1389367347452,0.2488073115923124,11.288377100324809,20.186990135429,0.0261394332087194,13.652001732336709
/content/drive/MyDrive/Bharatanatyam_Digital_Twin/dataset/posture_images/extracted/new_Dataset/Nagabandham Augmented/dr_4_999.jpg,dr_4_999.jpg,Nagabandham Augmented,10.478687884490839,11.135988718230116,39.86134853328716,24.352584201979838,26.27458560497713,0.6396335412972198,22.78203797038534,30.687400929509675,20.055591431860623,22.12085615488692,20.4011155003452,22.35380940324332,0.2836730870782367,5.967139207317533,10.376020664782368,0.0260419268881859,7.499355030282048
/content/drive/MyDrive/Bharatanatyam_Digital_Twin/dataset/posture_images/extracted/new_Dataset/Nataraj Augmented/dr_0_1059.jpg,dr_0_1059.jpg,Nataraj Augmented,12.764689345470268,19.454529534019947,31.776280988170058,9.2656369974406,8.719782438417974,1.072301364385197,12.708500447103455,9.52912858029047,1.2005240242422428,39.95967345151305,6.243033385415214,16.084717725194555,0.2867458675152442,12.178213710839056,20.36747466878517,0.0972371803924717,16.069929283339523
/content/drive/MyDrive/Bharatanatyam_Digital_Twin/dataset/posture_images/extracted/new_Dataset/Nataraj Augmented/dr_0_1321.jpg,dr_0_1321.jpg,Nataraj Augmented,22.416649741740372,30.673940898778778,6.87385317419588,24.00821552036064,15.059702434083617,5.467552983056003,12.852331027924034,16.603967171885166,6.103809288981172,81.07349989205095,16.62913069506689,28.37543482678705,0.2381353665569321,12.88103310373433,26.243761510793497,0.0913567719506328,12.307981028458858
/content/drive/MyDrive/Bharatanatyam_Digital_Twin/dataset/posture_images/extracted/new_Dataset/Nataraj Augmented/dr_0_1706.jpg,dr_0_1706.jpg,Nataraj Augmented,9.203742077611722,25.39315175872735,8.428215491829837,36.68140176583419,15.781406524407688,2.9525639900130805,15.9608969430212,10.059779715563709,12.374092957602471,77.48890559284362,1.3032535154813216,19.31817433550009,0.2248594910913406,10.116907512757937,17.19066337057817,0.0978741491879722,13.062185018507664
/content/drive/MyDrive/Bharatanatyam_Digital_Twin/dataset/posture_images/extracted/new_Dataset/Nataraj Augmented/dr_0_1799.jpg,dr_0_1799.jpg,Nataraj Augmented,9.328324134841793,22.81633083217039,22.820582505931192,31.555264491816388,28.608543275242205,4.588525542251256,21.893228953810254,0.8944868520914959,22.64294007783817,73.34016880519377,6.671598442852734,27.87447940417536,0.2474257710673592,7.41491068849058,16.8075079669049,0.0476185279271514,5.389605570639687
/content/drive/MyDrive/Bharatanatyam_Digital_Twin/dataset/posture_images/extracted/new_Dataset/Nataraj Augmented/dr_0_203.jpg,dr_0_203.jpg,Nataraj Augmented,28.792269720988486,27.556860944671804,4.621217400035897,42.781910219104965,11.182675360502632,13.57108553401434,18.03922212841446,12.97495386328855,42.29994750657896,49.783125062529166,27.498424818103768,31.677514013192567,0.2435895743300856,10.70694262190968,19.394186352584946,0.0676445642167121,12.658996948927388
/content/drive/MyDrive/Bharatanatyam_Digital_Twin/dataset/posture_images/extracted/new_Dataset/Nataraj Augmented/dr_0_2052.jpg,dr_0_2052.jpg,Nataraj Augmented,10.596816767667988,13.124053766953153,26.197378664060256,23.68412882659698,17.289278251301923,4.935016350654704,18.026450523153464,11.956038584404922,2.753426952199078,53.24212970644648,2.116112001092353,18.440388627870817,0.2813432760259665,6.8874855883552994,11.802027479103495,0.1226996225628432,8.737729663399557
/content/drive/MyDrive/Bharatanatyam_Digital_Twin/dataset/posture_images/extracted/new_Dataset/Nataraj Augmented/dr_0_2056.jpg,dr_0_2056.jpg,Nataraj Augmented,18.354113586065026,18.056916504633037,24.564757221437805,16.47230660071749,26.230456144073237,2.3186083078630104,17.396532068522884,2.6462705831260305,16.36147618438359,80.48260655607544,5.092076509843343,26.78879058685496,0.2232809832922711,9.534881045284353,18.34431553676549,0.0874246264517876,10.17290297263578
/content/drive/MyDrive/Bharatanatyam_Digital_Twin/dataset/posture_images/extracted/new_Dataset/Nataraj Augmented/dr_0_2275.jpg,dr_0_2275.jpg,Nataraj Augmented,7.499177853807275,32.874138609386655,3.0812175149212946,56.75865970874714,0.9636983221227956,3.042079694408832,15.961413810050017,1.6610392781330314,6.930061484467949,68.30100358835614,3.147304370038822,13.276405250326398,0.3025202984865732,12.0278951056667,14.294857686674478,0.353002961176569,21.435824669149053
/content/drive/MyDrive/Bharatanatyam_Digital_Twin/dataset/posture_images/extracted/new_Dataset/Nataraj Augmented/dr_0_230.jpg,dr_0_230.jpg,Nataraj Augmented,7.215461917918062,12.389555950149195,3.333394175533301,22.255242440329106,12.318470863458106,6.7863080503660775,11.173353882421647,19.570546184113606,4.661538733535861,46.92351767156357,7.921302920415266,25.76712125813636,0.3014356531289578,8.586138185701978,10.46995907052999,0.0620306542110902,15.226424832364856
/content/drive/MyDrive/Bharatanatyam_Digital_Twin/dataset/posture_images/extracted/new_Dataset/Nataraj Augmented/dr_0_243.jpg,dr_0_243.jpg,Nataraj Augmented,7.033552994749741,36.35104583048431,17.627754964545915,56.71751793873656,22.99499052041478,0.7912905767389325,24.53288850010905,1.730336947154326,8.509290007167783,66.91945220521305,6.667809334644972,13.269745329470672,0.2706675803570967,11.285115426939395,17.871666258782696,0.2700155594982709,15.71366446253722
/content/drive/MyDrive/Bharatanatyam_Digital_Twin/dataset/posture_images/extracted/new_Dataset/Nataraj Augmented/dr_0_2489.jpg,dr_0_2489.jpg,Nataraj Augmented,15.822102490369929,27.56972002268065,6.535007723423044,39.250895979038425,24.04405090042409,4.377026782631415,18.55174534637925,3.323871886354072,13.026514036162178,73.77052340394887,4.870770410872317,11.654978490532962,0.2695621802783968,11.114705203192978,20.198581688595997,0.1556740962986451,12.9898598246843
/content/drive/MyDrive/Bharatanatyam_Digital_Twin/dataset/posture_images/extracted/new_Dataset/Nataraj Augmented/dr_0_2924.jpg,dr_0_2924.jpg,Nataraj Augmented,13.914003260523812,26.259302261820423,6.837948304445694,34.89148668280372,37.5415030103992,6.137000669018274,21.35198466666672,4.876544780657449,16.761734703238783,68.34885310080475,1.7935343379417366,23.297488219229997,0.2715215495145209,9.428944574209552,18.313222330746317,0.2144735631063595,9.759137828775982
/content/drive/MyDrive/Bharatanatyam_Digital_Twin/dataset/posture_images/extracted/new_Dataset/Nataraj Augmented/dr_0_295.jpg,dr_0_295.jpg,Nataraj Augmented,1.2987809222282465,27.619430328723844,5.730657547480079,39.140449665646656,15.385830196981276,4.023244060305293,16.070045367603328,12.689891163308529,20.473377073846898,56.6647366964838,17.080248522404297,16.298524012500938,0.242748528519504,10.559674039470933,16.40936609393529,0.1736641183294468,15.09599190614806
/content/drive/MyDrive/Bharatanatyam_Digital_Twin/dataset/posture_images/extracted/new_Dataset/Nataraj Augmented/dr_0_3300.jpg,dr_0_3300.jpg,Nataraj Augmented,26.29645104519495,11.21559955036544,11.666786654057384,20.551276176131143,6.35124297118969,6.237090692641235,11.201599123504865,15.208080443729898,7.70426211110609,43.530449031275566,6.106459845461349,14.588589215025335,0.2883722030790699,9.720800325265094,13.366437590115025,0.1211609070641397,15.67480247861612
/content/drive/MyDrive/Bharatanatyam_Digital_Twin/dataset/posture_images/extracted/new_Dataset/Nataraj Augmented/dr_0_3301.jpg,dr_0_3301.jpg,Nataraj Augmented,5.224969251690062,25.70133171375452,15.07108281312349,39.81731627701476,18.75757037848964,4.269566806301374,19.47888406873232,3.804810002216029,21.542094052704037,76.19449257014381,11.724739955742947,17.94957283019668,0.2311703472955096,8.199019971642436,14.19496282934325,0.0748020194458854,10.327295066138172
/content/drive/MyDrive/Bharatanatyam_Digital_Twin/dataset/posture_images/extracted/new_Dataset/Nataraj Augmented/dr_0_3361.jpg,dr_0_3361.jpg,Nataraj Augmented,5.057611004931118,21.958307944840314,1.8919834598589824,23.79071377350089,0.5653207102243792,0.7602218725492289,6.752059954033371,2.487822142524095,20.70377005412206,68.75801347436911,10.05909820974068,17.72694138081377,0.2557333535983593,11.822411426858494,17.323997995958386,0.0602668368086099,18.082969447808487
/content/drive/MyDrive/Bharatanatyam_Digital_Twin/dataset/posture_images/extracted/new_Dataset/Nataraj Augmented/dr_0_337.jpg,dr_0_337.jpg,Nataraj Augmented,30.650995330163155,35.91259106648827,6.816435575752343,0.4740449967522519,64.0520583755581,6.949871265724382,19.57310255344677,66.91847883335267,58.14038914686186,50.65033990967305,31.55913913761517,22.394891769413416,0.1660429261428276,18.07398403146132,34.14476462022697,0.0629419414629707,20.014245532694016
/content/drive/MyDrive/Bharatanatyam_Digital_Twin/dataset/posture_images/extracted/new_Dataset/Nataraj Augmented/dr_0_3405.jpg,dr_0_3405.jpg,Nataraj Augmented,17.903062465868857,25.34238309240768,26.36957713136431,38.602282924649536,23.197033394696227,4.724086933438147,23.22324509603705,0.8206109033222617,15.693326809419148,66.14174281743705,8.235448630970092,29.330978821649385,0.2269936159911273,8.740299355002334,18.771446423183598,0.1487261270739703,7.300725514749433
/content/drive/MyDrive/Bharatanatyam_Digital_Twin/dataset/posture_images/extracted/new_Dataset/Nataraj Augmented/dr_0_3741.jpg,dr_0_3741.jpg,Nataraj Augmented,13.34589346022341,29.04904663145699,19.569250114059056,42.66379550723264,0.8115794451028135,2.6662673033998474,16.427723092448588,14.467862995301545,5.039031978730179,77.10965065204529,3.396750507871329,15.990754520695946,0.2722705979960038,11.285069597238625,18.981789805781283,0.1298210071710371,14.74359797876355
/content/drive/MyDrive/Bharatanatyam_Digital_Twin/dataset/posture_images/extracted/new_Dataset/Nataraj Augmented/dr_0_3749.jpg,dr_0_3749.jpg,Nataraj Augmented,33.901616305967735,27.47411325119838,60.72109493908589,57.77967249590402,14.416881644160206,7.608600921886191,35.13156250025908,44.60900413173667,48.08621040080212,52.61199150982584,33.82574982365125,27.242570950644563,0.1837499212447349,13.269771282125577,20.40734559519316,0.2574996162182005,19.14446863496537
/content/drive/MyDrive/Bharatanatyam_Digital_Twin/dataset/posture_images/extracted/new_Dataset/Nataraj Augmented/dr_0_3793.jpg,dr_0_3793.jpg,Nataraj Augmented,30.175178881374208,27.73259691079243,29.16444562797686,43.16442149693135,19.870929583216416,8.376246499514938,25.14401080190989,7.6642020285686385,20.23910776764299,74.93843851029878,2.550850675319017,23.455095907054503,0.2210078148168432,9.660869808958106,19.2850319606709,0.0664873100194348,9.631090156183983
/content/drive/MyDrive/Bharatanatyam_Digital_Twin/dataset/posture_images/extracted/new_Dataset/Nataraj Augmented/dr_0_4111.jpg,dr_0_4111.jpg,Nataraj Augmented,2.4518676160689523,23.868682430886466,3.160378678977117,38.3000872095732,25.719073889171096,3.8577990105451994,17.75933469706665,9.099064375392317,1.910600799493068,83.57603009377904,1.300510793487908,15.457698975992106,0.2703163161353704,8.72948960364526,13.463848904597594,0.2286892073189462,12.495930699019237
/content/drive/MyDrive/Bharatanatyam_Digital_Twin/dataset/posture_images/extracted/new_Dataset/Nataraj Augmented/dr_0_4268.jpg,dr_0_4268.jpg,Nataraj Augmented,9.472115978704423,12.695830559622912,1.0913222233863118,22.055614072369668,8.727789377278404,8.56481732866858,10.10988575042574,9.235072041326674,2.028385783041614,38.702031525323605,0.0021549889812867,15.497608497192331,0.2575200499925582,8.469503516840476,8.965849343007877,0.104858428001222,16.33780277951233
/content/drive/MyDrive/Bharatanatyam_Digital_Twin/dataset/posture_images/extracted/new_Dataset/Nataraj Augmented/dr_0_4363.jpg,dr_0_4363.jpg,Nataraj Augmented,19.643077062796657,13.567838764520936,22.34074926810547,23.54580708008943,33.376940155569834,1.67175655442981,20.23381326454864,5.817291261180145,13.050108047940768,82.12646810827876,13.818411369786585,16.87547890333373,0.280086456997169,8.487232605925676,15.7860411479248,0.2200277466123993,9.455628923239829
/content/drive/MyDrive/Bharatanatyam_Digital_Twin/dataset/posture_images/extracted/new_Dataset/Nataraj Augmented/dr_0_4670.jpg,dr_0_4670.jpg,Nataraj Augmented,16.359211333452492,18.023639960490307,18.59042583429736,25.716781477359923,17.183771074881964,8.328826258508037,17.454951161261818,24.303316489384603,13.92350942929724,27.32677490094697,13.302371909962089,21.853286845132484,0.282016022075929,7.687712218413274,13.199156562071956,0.0202307904852152,9.843749302682651
/content/drive/MyDrive/Bharatanatyam_Digital_Twin/dataset/posture_images/extracted/new_Dataset/Nataraj Augmented/dr_0_4716.jpg,dr_0_4716.jpg,Nataraj Augmented,6.089901834548158,25.873745685016857,13.445218002643072,37.27402260072504,12.862710129116431,1.4339029619226575,16.2539634236018,2.64362782036946,19.69330376112612,64.68698522617882,6.695033286417063,15.93321211270336,0.228737262985495,10.088386213175909,16.625624976156253,0.0954850999216849,13.544048563449785
/content/drive/MyDrive/Bharatanatyam_Digital_Twin/dataset/posture_images/extracted/new_Dataset/Nataraj Augmented/dr_0_520.jpg,dr_0_520.jpg,Nataraj Augmented,6.706074981354042,27.1530244630762,2.1877918094165283,19.347194969118384,9.442526246806509,5.987845163425541,9.24133954719174,9.360399379128822,14.47772059832436,84.18641607824658,11.220367329990276,15.777399514797375,0.2217783109441168,13.556172694513398,24.23103913539166,0.1662995213665128,16.271179426782023
/content/drive/MyDrive/Bharatanatyam_Digital_Twin/dataset/posture_images/extracted/new_Dataset/Nataraj Augmented/dr_0_5443.jpg,dr_0_5443.jpg,Nataraj Augmented,17.684582342498757,9.714380416294446,29.714649671312525,18.897517940374804,23.20664942261591,1.0654373664509722,18.221063600188558,3.824612103188315,12.353746769969518,86.44630634874632,11.147732075314792,15.936381558123994,0.283166337911324,8.045112580651969,13.840261172960274,0.1567568307410125,10.13831973825462
/content/drive/MyDrive/Bharatanatyam_Digital_Twin/dataset/posture_images/extracted/new_Dataset/Nataraj Augmented/dr_0_5750.jpg,dr_0_5750.jpg,Nataraj Augmented,17.867158987858588,21.344392578024674,5.649367324904102,31.27605171100161,5.995973690251547,4.017015284537013,11.734602002673569,5.802789644977935,17.570010743505605,75.56624686660051,0.1022509382348986,24.389553787930744,0.2241585247948869,10.58781090319996,18.84531408554448,0.0632983736066907,12.854820250448713
/content/drive/MyDrive/Bharatanatyam_Digital_Twin/dataset/posture_images/extracted/new_Dataset/Nataraj Augmented/dr_0_5941.jpg,dr_0_5941.jpg,Nataraj Augmented,47.78479050673491,33.46901905079268,28.84775296198342,30.265511272019356,28.93030059481661,18.57465597221984,26.654555200259807,27.425631509691332,28.067044872560544,36.38524676564381,37.466897853938455,68.94392920166064,0.0555331692532631,14.167545103661835,31.97366358178545,0.3495441849998416,10.179427544200212
/content/drive/MyDrive/Bharatanatyam_Digital_Twin/dataset/posture_images/extracted/new_Dataset/Nataraj Augmented/dr_0_6051.jpg,dr_0_6051.jpg,Nataraj Augmented,8.38738699583211,21.603460390567108,1.6455707756853728,38.92208949210059,1.627181811363328,3.3913619941867577,11.396551018334012,0.5258438737330771,9.383162257683155,86.14605645505517,7.625153859863295,12.120359851322666,0.281178585448452,9.217487989126036,12.360679934659132,0.1079218593804991,15.183862173338472
/content/drive/MyDrive/Bharatanatyam_Digital_Twin/dataset/posture_images/extracted/new_Dataset/Nataraj Augmented/dr_0_6554.jpg,dr_0_6554.jpg,Nataraj Augmented,18.480108268385848,31.169194518944607,9.953199790603083,23.638115170081143,29.99781966975628,5.2832686786910905,17.2181008272829,7.143826666548506,8.167814531759149,71.30838958712447,1.56830323959517,22.9063304696134,0.2130846918776342,11.197679138925553,23.891463277491017,0.0233337512019698,9.678240388083664
/content/drive/MyDrive/Bharatanatyam_Digital_Twin/dataset/posture_images/extracted/new_Dataset/Nataraj Augmented/dr_0_6863.jpg,dr_0_6863.jpg,Nataraj Augmented,7.029232756615308,22.19158759544435,6.958275331034343,35.652959724680414,16.606081224572712,1.0071485741148998,15.056116213600593,10.795920632953308,3.943926752960067,77.27372749515065,1.7395314387305263,16.3855163738872,0.2941350739346746,9.50199658174085,14.821992359410906,0.2570815240861867,13.426915861725458
/content/drive/MyDrive/Bharatanatyam_Digital_Twin/dataset/posture_images/extracted/new_Dataset/Nataraj Augmented/dr_0_7105.jpg,dr_0_7105.jpg,Nataraj Augmented,9.47168610767789,24.198783584775562,20.882099280766,28.970446421230665,16.87744397743641,6.69418683970046,18.356044129783385,12.132446701721593,32.823497827645866,52.43950491486454,21.749746153733994,24.90303773338184,0.2273191267920888,8.28405912771579,18.932533797836065,0.1775655234956412,5.742078061815661
/content/drive/MyDrive/Bharatanatyam_Digital_Twin/dataset/posture_images/extracted/new_Dataset/Nataraj Augmented/dr_0_7401.jpg,dr_0_7401.jpg,Nataraj Augmented,14.366351859287782,13.170661195586646,28.91049291530744,20.66872890036887,6.861689413004125,5.115516360763257,15.389106897360922,9.133208066345745,19.8228737794874,61.693949602897085,18.722970490651257,16.64547334745234,0.2664038094932809,7.764316837281207,11.82191822736522,0.0761141067358948,11.394918177742507
/content/drive/MyDrive/Bharatanatyam_Digital_Twin/dataset/posture_images/extracted/new_Dataset/Nataraj Augmented/dr_0_7607.jpg,dr_0_7607.jpg,Nataraj Augmented,12.842076087394688,18.90110957627688,17.287515282139836,36.03283862728986,2.6231604662081325,4.752000116260745,15.173878622974645,5.6463043263783055,10.175547895388297,61.895180447677234,9.798982626410767,7.645440839267772,0.3048670452075677,7.720275622457244,12.385713518182982,0.093450595418281,10.681662753770471
/content/drive/MyDrive/Bharatanatyam_Digital_Twin/dataset/posture_images/extracted/new_Dataset/Nataraj Augmented/dr_0_7686.jpg,dr_0_7686.jpg,Nataraj Augmented,18.301135788134054,35.57033491180502,14.61156436080842,24.35705955242482,27.1746710003178,3.3403889845629706,17.370920974528502,9.23286644902248,7.990507340338578,75.98713265220509,5.92472351097755,22.83356399176317,0.2195196057613836,11.281637183497702,24.87955573600392,0.1078122474860147,8.857543567003173
/content/drive/MyDrive/Bharatanatyam_Digital_Twin/dataset/posture_images/extracted/new_Dataset/Nataraj Augmented/dr_0_7776.jpg,dr_0_7776.jpg,Nataraj Augmented,17.973901668695206,16.226338680202367,41.35892703458431,1.8315705102524245,6.358954160121351,1.294532265705546,12.710995992665907,6.907818962600486,5.503643087923519,20.21575160526717,11.441362488543447,8.460348865639746,0.2794253959555253,11.90855696220485,14.443247844280853,0.1589854511164376,21.123437591217257
/content/drive/MyDrive/Bharatanatyam_Digital_Twin/dataset/posture_images/extracted/new_Dataset/Nataraj Augmented/dr_0_7823.jpg,dr_0_7823.jpg,Nataraj Augmented,13.002547450830242,17.970689607983005,2.356360425545632,33.74258735764002,1.378877462706939,4.546732923348592,10.506139542310295,7.2104426294560255,2.386491176726992,62.53912405952029,2.791709219430448,10.798085807401984,0.2748500326057379,9.234396843720967,11.936250512440845,0.0739800146541368,15.692960004067924
/content/drive/MyDrive/Bharatanatyam_Digital_Twin/dataset/posture_images/extracted/new_Dataset/Nataraj Augmented/dr_0_7907.jpg,dr_0_7907.jpg,Nataraj Augmented,9.116634660607687,8.185023501732651,11.255485770089436,13.980480568722577,18.37697986217118,2.821949623703077,11.608723956171566,18.327523221294257,10.874978584188996,68.07062658933394,9.58924162986802,29.391225363614083,0.2840758414348033,9.5101196130483,12.334468402904294,0.0872454788791803,16.108644957361424
/content/drive/MyDrive/Bharatanatyam_Digital_Twin/dataset/posture_images/extracted/new_Dataset/Nataraj Augmented/dr_0_8198.jpg,dr_0_8198.jpg,Nataraj Augmented,65.67698960420906,17.20684261950639,10.620334129645952,36.37953495109107,7.788077196265933,1.4841829992766036,14.06803231906989,10.21466387241793,6.799814174983993,85.6941557124476,5.285923467531242,14.684880623094909,0.2808069499487732,14.271876797273586,27.780087962547,0.1241657564455546,14.911376672828208
/content/drive/MyDrive/Bharatanatyam_Digital_Twin/dataset/posture_images/extracted/new_Dataset/Nataraj Augmented/dr_0_8307.jpg,dr_0_8307.jpg,Nataraj Augmented,6.9899181278873215,32.429033285395825,6.515236603004468,15.785348727729684,28.423625161350568,6.806608483519788,14.382704743901126,1.020812107253449,20.818366579591824,61.61970360176747,14.383758010304136,24.69874523560229,0.2246048025169528,12.09001228153877,22.50786057987103,0.0373159711305148,13.72486029361477
/content/drive/MyDrive/Bharatanatyam_Digital_Twin/dataset/posture_images/extracted/new_Dataset/Nataraj Augmented/dr_0_8380.jpg,dr_0_8380.jpg,Nataraj Augmented,15.806534302929926,14.788767664713617,33.91182386410262,18.72900433501564,4.7844332690226095,5.050583354941386,15.618961205770564,7.226702051015906,19.29688014888606,84.76230430500858,15.094090365897973,18.114911807344782,0.2514305651145644,10.348789777857952,17.455149962490275,0.135897091629138,13.455322279454442
/content/drive/MyDrive/Bharatanatyam_Digital_Twin/dataset/posture_images/extracted/new_Dataset/Nataraj Augmented/dr_0_8430.jpg,dr_0_8430.jpg,Nataraj Augmented,8.567900244687984,13.368325175915686,6.678523478367065,9.873474917721872,132.86549041089953,9.339473848980036,39.68924066399212,38.01682027424541,41.40605173426469,26.912779595696215,41.68616032470643,52.41004538247833,0.0656936542609646,15.116493852337122,23.00993709875693,0.3523607574900035,21.987183700764437
/content/drive/MyDrive/Bharatanatyam_Digital_Twin/dataset/posture_images/extracted/new_Dataset/Nataraj Augmented/dr_0_8479.jpg,dr_0_8479.jpg,Nataraj Augmented,11.089031589292816,13.299316152682458,14.656008958116054,13.26195903490528,19.44540015186605,0.2237037704280227,11.896767978828851,17.237932348095676,7.73980320128307,67.82397778631471,10.406136034624796,23.30371499652668,0.2873115513850611,10.636775422700897,15.558001837846414,0.081834635897786,16.270489794358483
/content/drive/MyDrive/Bharatanatyam_Digital_Twin/dataset/posture_images/extracted/new_Dataset/Nataraj Augmented/dr_0_9.jpg,dr_0_9.jpg,Nataraj Augmented,21.80129086435135,8.030771984550526,38.70942737685725,15.482541426634333,10.827597669196054,2.4498565021134038,16.86735574370026,9.811117361171704,15.582267991656623,66.8280515526062,15.138729450636168,17.28615766847105,0.2991654538340374,10.06344679122161,15.290699793191806,0.1027485259873484,14.796892054485674
/content/drive/MyDrive/Bharatanatyam_Digital_Twin/dataset/posture_images/extracted/new_Dataset/Nataraj Augmented/dr_0_9154.jpg,dr_0_9154.jpg,Nataraj Augmented,11.048021562964081,40.38232171512533,25.522541721241986,65.81929697587097,4.080557937269543,2.8130698778592804,24.558866628060443,14.087573174527604,20.10781221774185,58.21548989246209,15.050635187775272,11.428376575347368,0.2852744347315768,12.545478254058663,18.929561047055955,0.4081181122215581,18.298755602898478
/content/drive/MyDrive/Bharatanatyam_Digital_Twin/dataset/posture_images/extracted/new_Dataset/Nataraj Augmented/dr_0_9525.jpg,dr_0_9525.jpg,Nataraj Augmented,13.672244497104124,27.402806288639926,10.802697141178273,39.262740897145534,16.299293249819353,4.5170207724807705,17.72043801515598,17.815527155234008,2.662939984887174,83.97143548131817,11.014537029759325,26.49237884244168,0.2325710850011743,10.303345047309376,18.231385625175754,0.0133100377955705,12.665339478956804
/content/drive/MyDrive/Bharatanatyam_Digital_Twin/dataset/posture_images/extracted/new_Dataset/Nataraj Augmented/dr_0_9750.jpg,dr_0_9750.jpg,Nataraj Augmented,15.562329299608628,21.15605254846225,19.796260746693644,32.14251883719057,25.55349619251822,8.492250273048404,21.496131512362712,1.6976787483806808,19.517355834053674,60.62634573532205,10.77093123228411,22.02804105611199,0.273181490816939,7.265741310087203,17.346184707262495,0.2451281088362834,4.205911114162829
/content/drive/MyDrive/Bharatanatyam_Digital_Twin/dataset/posture_images/extracted/new_Dataset/Nataraj Augmented/dr_0_9814.jpg,dr_0_9814.jpg,Nataraj Augmented,11.672382483808704,9.908815243098637,14.209515305892584,11.625368654768565,24.28752185574264,1.0354669352147647,12.789468187904635,5.985420224622857,3.4503619885891226,89.93439905692543,3.969531023795879,21.94697271308504,0.2607904323591607,9.743362754309508,13.592224458527827,0.0752698414834276,15.56259396291727
/content/drive/MyDrive/Bharatanatyam_Digital_Twin/dataset/posture_images/extracted/new_Dataset/Nataraj Augmented/dr_1_1360.jpg,dr_1_1360.jpg,Nataraj Augmented,52.66439216999045,54.948145634960156,8.793274826974937,71.78876518343733,15.15864769564347,44.45222219560112,35.048227475414215,59.38426195654932,58.201539331253215,67.67636039675338,19.939014142202744,34.89770976805189,0.0511415831932785,23.79919364603114,55.54766353749813,0.0519468646281944,15.797970535967092
/content/drive/MyDrive/Bharatanatyam_Digital_Twin/dataset/posture_images/extracted/new_Dataset/Nataraj Augmented/dr_1_1368.jpg,dr_1_1368.jpg,Nataraj Augmented,25.783302146832128,25.630845635005116,27.935619644348165,46.08802696408908,12.077072512554317,2.93579173891592,22.25912771497687,15.541753130089246,25.02049348700328,87.86864392414499,10.840342165153483,36.80899176557202,0.2741006011712725,9.587165048639108,17.955184115958936,0.2632853323746207,10.543025697583763
/content/drive/MyDrive/Bharatanatyam_Digital_Twin/dataset/posture_images/extracted/new_Dataset/Nataraj Augmented/dr_1_1425.jpg,dr_1_1425.jpg,Nataraj Augmented,19.905939496600226,37.07115657700189,6.730000888218116,84.12345974000665,8.111675839849648,3.425571228756727,25.597676924207786,2.874910073756341,11.414467551381064,85.29525682205097,11.083009601998766,51.35286354462542,0.2310037345700501,14.962565935520187,24.76684300081803,0.1418243954676084,19.979030410274923
/content/drive/MyDrive/Bharatanatyam_Digital_Twin/dataset/posture_images/extracted/new_Dataset/Nataraj Augmented/dr_1_1457.jpg,dr_1_1457.jpg,Nataraj Augmented,22.03605603574149,34.4862264092443,22.515448556120077,50.911655752154914,95.9624882796175,30.995671400625696,50.09631599712955,7.758533613085109,9.516291226624515,82.88450821658114,2.957864949371879,43.454516741601786,0.2877235129643091,17.659628046021552,27.596857476371067,0.1927956728801163,25.189230988813478
/content/drive/MyDrive/Bharatanatyam_Digital_Twin/dataset/posture_images/extracted/new_Dataset/Nataraj Augmented/dr_1_1619.jpg,dr_1_1619.jpg,Nataraj Augmented,20.682684391393046,32.97246511006201,32.47182669588674,64.63894285158958,18.10946401691437,20.652488031006204,33.96818039884922,10.767262123823656,13.565623547678314,76.3662848275611,3.797744740139183,53.256377357038296,0.2903687726114461,11.27526092443042,21.638420902123585,0.2824408388120953,11.90492103235558
/content/drive/MyDrive/Bharatanatyam_Digital_Twin/dataset/posture_images/extracted/new_Dataset/Nataraj Augmented/dr_1_173.jpg,dr_1_173.jpg,Nataraj Augmented,19.07847978396253,43.305331591520726,16.21827496696029,84.76809929768581,14.04924262114712,5.726784098562692,30.19060024608898,12.610060616889273,29.684309549942427,79.10828584775344,18.89155104988832,49.58373410472687,0.2566924579710022,15.536497827644991,27.08135151005452,0.3382109441927008,19.189931028687766
/content/drive/MyDrive/Bharatanatyam_Digital_Twin/dataset/posture_images/extracted/new_Dataset/Nataraj Augmented/dr_1_1768.jpg,dr_1_1768.jpg,Nataraj Augmented,10.502792676848053,20.21151418338669,5.686480769254179,34.62179274588892,43.09863294713785,8.637782110673415,23.01117214323859,9.90200521110978,28.94368778514206,83.43023572292779,16.536345629589345,53.74522420715964,0.264299943413008,8.018677751437481,14.279431663917034,0.0441632721710026,9.73243831822441
/content/drive/MyDrive/Bharatanatyam_Digital_Twin/dataset/posture_images/extracted/new_Dataset/Nataraj Augmented/dr_1_2097.jpg,dr_1_2097.jpg,Nataraj Augmented,15.084676406346397,30.01245416361401,13.673011628698015,44.28726797782526,79.0538768551072,2.9783019310550194,34.99811459817138,19.57262153291279,1.8026278805584752,80.06300311865195,10.646977867896457,49.53426780000056,0.2869582988546749,13.967442538176938,20.061975234179545,0.1701102569316307,21.67024212341964
/content/drive/MyDrive/Bharatanatyam_Digital_Twin/dataset/posture_images/extracted/new_Dataset/Nataraj Augmented/dr_1_2112.jpg,dr_1_2112.jpg,Nataraj Augmented,22.628384696388437,36.2406823098101,46.82139764880902,71.4406349932758,23.98942892323511,8.787123231803653,37.759646199280894,9.507370525611805,10.130152722515732,85.70176288267884,11.31510806717299,52.472051891140666,0.2195380475085735,12.60289304127815,22.042910241776568,0.2037526728336309,15.562016209224254
/content/drive/MyDrive/Bharatanatyam_Digital_Twin/dataset/posture_images/extracted/new_Dataset/Nataraj Augmented/dr_1_2167.jpg,dr_1_2167.jpg,Nataraj Augmented,20.024425744931882,38.33995335382453,6.02157844683325,86.37820839074934,7.344390552285701,4.0050132975353145,25.9372976718509,18.292059129149955,18.559963772092868,63.19498706976687,17.59367834306753,56.11713578836775,0.2295953759358296,14.961568090299089,23.846589290169835,0.1714538843345163,20.86666109639291
/content/drive/MyDrive/Bharatanatyam_Digital_Twin/dataset/posture_images/extracted/new_Dataset/Nataraj Augmented/dr_1_2277.jpg,dr_1_2277.jpg,Nataraj Augmented,30.230725630880244,35.74786264390409,29.604823767564906,56.73133220637291,28.792395245077312,12.33381016134877,31.86559034509097,2.477588886546073,7.134329109104641,88.94309368088888,2.8404027432245584,46.65165846336808,0.255892181026886,10.441288788444048,21.942142658633472,0.1877366661759771,9.193987040522696
/content/drive/MyDrive/Bharatanatyam_Digital_Twin/dataset/posture_images/extracted/new_Dataset/Nataraj Augmented/dr_1_2631.jpg,dr_1_2631.jpg,Nataraj Augmented,46.42638015254114,68.84572187411587,14.336372730883824,46.36378123566279,33.6321581180483,52.60184188420457,36.73353849219987,15.45731152750657,13.93002812757354,67.33139158435407,2.440981270643869,16.33190739629169,0.2080607183989471,22.932630089191576,42.91179217330786,0.1488631522476818,25.737234942019192
/content/drive/MyDrive/Bharatanatyam_Digital_Twin/dataset/posture_images/extracted/new_Dataset/Nataraj Augmented/dr_1_2684.jpg,dr_1_2684.jpg,Nataraj Augmented,22.045950889133167,27.803245379165904,38.102374039979495,64.41382977782469,24.472173426833084,4.4941581009370655,32.87063383639358,9.32773004018344,30.3935282784536,82.42986479098695,18.58613494573004,47.25027894143459,0.2448876944756558,11.591012627142293,24.74548267727954,0.1627507003767315,9.864804503770603
/content/drive/MyDrive/Bharatanatyam_Digital_Twin/dataset/posture_images/extracted/new_Dataset/Nataraj Augmented/dr_1_272.jpg,dr_1_272.jpg,Nataraj Augmented,25.37432048599164,36.22702076246455,11.198187240442651,86.08979938107353,12.533541689545064,2.8819288887462142,28.175864299951865,6.5385581714620855,23.731054988456947,89.86653389143409,10.308791961607293,51.36037173835925,0.2333402820909126,15.90517478979398,29.20683188843087,0.2076538885783344,18.30103859237273
/content/drive/MyDrive/Bharatanatyam_Digital_Twin/dataset/posture_images/extracted/new_Dataset/Nataraj Augmented/dr_1_3003.jpg,dr_1_3003.jpg,Nataraj Augmented,18.817464264369256,31.9926219080682,35.81609948834857,55.21491746710192,27.958125147442058,15.552609442830889,33.635437886430864,19.348220530607023,1.0597385723116872,74.36263065282438,9.184208991044024,53.74513136251814,0.2688219373081206,10.621608449395088,19.941053197936327,0.3396071928921913,11.584164957356748
/content/drive/MyDrive/Bharatanatyam_Digital_Twin/dataset/posture_images/extracted/new_Dataset/Nataraj Augmented/dr_1_3107.jpg,dr_1_3107.jpg,Nataraj Augmented,11.375831634787822,61.37947944706903,13.137596035331317,120.82889797260808,3.501022755396154,7.464509680834606,36.23300661104254,17.49021908550702,1.7001610293188492,82.1145019433919,6.310355992683599,43.17757834040789,0.2909806721827236,20.090341325895,30.59724852112444,0.3711522870695677,29.302623169490992
/content/drive/MyDrive/Bharatanatyam_Digital_Twin/dataset/posture_images/extracted/new_Dataset/Nataraj Augmented/dr_1_3188.jpg,dr_1_3188.jpg,Nataraj Augmented,11.671957440401641,25.507256702338644,17.0650148960248,8.61619737482009,121.10310200322014,5.284354071275203,38.01716708633506,89.83599455913665,80.815901357942,82.15971803848485,33.79154436697818,57.37909296866165,0.1165994022143686,19.602601909306387,24.72715806383075,0.1492180353178466,33.93142962877056
/content/drive/MyDrive/Bharatanatyam_Digital_Twin/dataset/posture_images/extracted/new_Dataset/Nataraj Augmented/dr_1_3358.jpg,dr_1_3358.jpg,Nataraj Augmented,23.90061922252405,29.788542559755825,20.76687609486529,62.64121771463133,19.03886015819416,5.401740236051742,26.96217355093563,8.387827310541525,15.652810436195496,74.44325158767153,0.7497634176058388,54.36945022448185,0.2467024995614454,11.153898604323638,22.43344159564093,0.1862283831609288,10.842025834169055
/content/drive/MyDrive/Bharatanatyam_Digital_Twin/dataset/posture_images/extracted/new_Dataset/Nataraj Augmented/dr_1_3532.jpg,dr_1_3532.jpg,Nataraj Augmented,15.140374489871782,24.798845679022023,27.77543205369268,40.13826190173883,61.10049149759757,12.983580023732422,35.49944136919037,22.604459328056947,8.793837706110452,75.62366714421658,11.761818401813311,52.663779391842745,0.3074569053245511,10.478965927907012,19.199087026982436,0.3745715067800338,11.863239249958571
/content/drive/MyDrive/Bharatanatyam_Digital_Twin/dataset/posture_images/extracted/new_Dataset/Nataraj Augmented/dr_1_3694.jpg,dr_1_3694.jpg,Nataraj Augmented,38.58500470623905,43.433349197869866,9.005631111219408,0.911295375823016,2.896395461927411,2.9116218948873023,3.931235960964284,40.65541582700532,61.43784211021094,57.290481587101226,87.90842568275659,78.91609256196531,0.0627986746719372,16.050323472056533,26.373076782105414,0.3087737664421248,21.46911986762205
/content/drive/MyDrive/Bharatanatyam_Digital_Twin/dataset/posture_images/extracted/new_Dataset/Nataraj Augmented/dr_1_4444.jpg,dr_1_4444.jpg,Nataraj Augmented,27.790154764857604,27.72299373771945,34.76532435198599,60.99406765319535,12.262321178615766,7.263259444048334,28.82124315696136,8.644358715436937,29.402669417333925,89.01094287821947,13.416817929148422,51.67689635884748,0.290243779742704,10.606346268519925,23.347128530104047,0.2960573376817818,8.17585293777394
/content/drive/MyDrive/Bharatanatyam_Digital_Twin/dataset/posture_images/extracted/new_Dataset/Nataraj Augmented/dr_1_4510.jpg,dr_1_4510.jpg,Nataraj Augmented,35.283340564753644,51.12760388863982,15.628089728683738,74.65671430889557,6.003740142287755,5.732710696736019,25.50531371915077,6.678102949315814,10.918954649394893,71.23854517549347,2.511362741014253,37.24171354310992,0.2559672932653158,14.979441240095076,33.592391262675264,0.0915108923048216,11.254421565305137
/content/drive/MyDrive/Bharatanatyam_Digital_Twin/dataset/posture_images/extracted/new_Dataset/Nataraj Augmented/dr_1_4918.jpg,dr_1_4918.jpg,Nataraj Augmented,16.857399224902238,28.361481883625466,40.14683279195571,58.47143928909334,3.343990816592282,3.35160564776126,26.32846713635065,1.777369759827514,8.524808338721057,81.90418894932151,1.5170892202773856,54.13547752343466,0.2447140593129415,11.475686844887148,21.932657098317385,0.1088374580578804,12.385565978286175
/content/drive/MyDrive/Bharatanatyam_Digital_Twin/dataset/posture_images/extracted/new_Dataset/Nataraj Augmented/dr_1_502.jpg,dr_1_502.jpg,Nataraj Augmented,31.453514251314353,23.16339962219258,58.22497516764245,41.67884607400519,28.567830334081947,0.4285429195859126,32.22504862382888,14.57950843845626,40.92905090808552,83.3259380032328,21.41809673864882,49.98760296657558,0.2455857691247388,11.71258536507933,21.03138939614261,0.2709371925114589,13.835429506583916
/content/drive/MyDrive/Bharatanatyam_Digital_Twin/dataset/posture_images/extracted/new_Dataset/Nataraj Augmented/dr_1_5446.jpg,dr_1_5446.jpg,Nataraj Augmented,11.732776155114152,38.47921085469999,0.6119954990929857,60.6875544189837,6.605902988944632,6.867995822538046,18.69336218238984,7.251885827938196,45.66125197825375,58.98590683020031,5.98302543907523,64.98808995583775,0.2127325498215624,14.465959028709582,21.39252682240144,0.0250417559468076,21.980308507780496
/content/drive/MyDrive/Bharatanatyam_Digital_Twin/dataset/posture_images/extracted/new_Dataset/Nataraj Augmented/dr_1_5552.jpg,dr_1_5552.jpg,Nataraj Augmented,12.74029877707678,22.920250868260844,11.72491500546714,42.684263002294784,58.34861979065009,16.129473230552588,32.221817757241155,14.422927255982444,16.7782483005451,81.50076319244997,3.6047727476819302,41.32752780081056,0.2725622881596198,10.14241358805522,17.175621427657525,0.0465615654428632,13.20505777106527
/content/drive/MyDrive/Bharatanatyam_Digital_Twin/dataset/posture_images/extracted/new_Dataset/Nataraj Augmented/dr_1_5725.jpg,dr_1_5725.jpg,Nataraj Augmented,25.42403305645977,34.309224094124545,25.11096297196927,81.09898017694925,4.161732916493039,5.969971906266277,29.08541199291946,14.94451404371164,8.58491753901493,62.64366826693119,12.338597113321264,56.15827871623584,0.2325305718927676,13.082812598457735,25.40812337701126,0.1575572798494074,13.682757138512546
/content/drive/MyDrive/Bharatanatyam_Digital_Twin/dataset/posture_images/extracted/new_Dataset/Nataraj Augmented/dr_1_7184.jpg,dr_1_7184.jpg,Nataraj Augmented,14.173256486631885,35.66526551551574,7.325758470280923,64.89856902741835,24.14431868529497,16.008384098348934,28.09425757033579,20.184582383251357,9.444975993781044,75.95865178397013,10.994566958650603,53.5949541904268,0.2413122575474695,11.910720143803193,21.16217904320897,0.2206406154699413,14.34934077273066
/content/drive/MyDrive/Bharatanatyam_Digital_Twin/dataset/posture_images/extracted/new_Dataset/Nataraj Augmented/dr_1_7283.jpg,dr_1_7283.jpg,Nataraj Augmented,28.206050065178793,35.81882082195001,47.00323728098088,68.27969197991972,5.03533137836321,3.403752028435892,30.93050316692492,16.830259672247763,34.52725214730549,79.26710383362798,19.54042845823991,54.472013598561496,0.2587005349029638,14.95244079096116,23.831025663723107,0.385603510519188,20.640693198641184
/content/drive/MyDrive/Bharatanatyam_Digital_Twin/dataset/posture_images/extracted/new_Dataset/Nataraj Augmented/dr_1_7335.jpg,dr_1_7335.jpg,Nataraj Augmented,27.64759168567199,30.20624383865028,11.412284498292273,52.64000378908487,18.97815923510482,3.680758826043544,21.677801587131373,16.350225277964945,17.81809646369833,89.86081955234698,12.467482680213502,52.87498571861245,0.2548838488778401,10.973365448827726,18.702468094724797,0.1675419041256048,14.050086347632776
/content/drive/MyDrive/Bharatanatyam_Digital_Twin/dataset/posture_images/extracted/new_Dataset/Nataraj Augmented/dr_1_7392.jpg,dr_1_7392.jpg,Nataraj Augmented,34.08473634723687,72.27804513480692,12.9741636636898,180.5391983938781,43.847965728609765,0.3262404978436555,59.42189207100535,62.78320241886725,87.58034552124427,48.18925388871014,53.7057138851499,62.589707204086295,0.1049789643812137,19.935562260671592,38.64495865638753,0.0707776216558205,21.090950503971428
/content/drive/MyDrive/Bharatanatyam_Digital_Twin/dataset/posture_images/extracted/new_Dataset/Nataraj Augmented/dr_1_7452.jpg,dr_1_7452.jpg,Nataraj Augmented,22.722024238923495,22.733687470687016,19.055686829225127,51.41437438543194,26.28390375444787,28.304015874566407,31.26449521091784,10.576267589628156,24.10426201549716,73.85431088796771,3.5904560222302697,48.87940928508964,0.2565651616673382,10.523924832326804,20.4386536979182,0.0539287558674605,11.079192043194748
/content/drive/MyDrive/Bharatanatyam_Digital_Twin/dataset/posture_images/extracted/new_Dataset/Nataraj Augmented/dr_1_7747.jpg,dr_1_7747.jpg,Nataraj Augmented,31.03830270416779,34.01261967895415,57.02507904359646,77.06939742773811,8.097002031582196,5.07275244201434,36.81605773623278,3.13314596044944,14.62438608763469,78.40441201733115,3.321524798302622,58.44053410621078,0.2586390468613008,15.748172638764856,30.026459287608997,0.3257328640019515,16.892325764683626
/content/drive/MyDrive/Bharatanatyam_Digital_Twin/dataset/posture_images/extracted/new_Dataset/Nataraj Augmented/dr_1_7840.jpg,dr_1_7840.jpg,Nataraj Augmented,28.903492825939352,41.56718565010185,56.56319434824214,95.35871367815238,13.753825398440805,16.76730754510856,45.61076024248597,10.05623008864476,0.2091769439570361,84.96511185165247,9.723059020001426,28.035715356880047,0.2966216703641079,15.274424371084718,26.86370112522969,0.1953561179405039,18.76421587008396
/content/drive/MyDrive/Bharatanatyam_Digital_Twin/dataset/posture_images/extracted/new_Dataset/Nataraj Augmented/dr_1_7866.jpg,dr_1_7866.jpg,Nataraj Augmented,1.739108551789279,18.009753835832008,3.368444639716517,29.99557357552469,68.95991645297666,33.64089861061126,33.99120831970728,1.160337127772149,31.84853199402477,86.67838788563505,10.180540986971538,48.76558663585051,0.220354493078007,13.249196428366451,17.062475566754344,0.0685037994895759,22.616609918855435
/content/drive/MyDrive/Bharatanatyam_Digital_Twin/dataset/posture_images/extracted/new_Dataset/Nataraj Augmented/dr_1_7932.jpg,dr_1_7932.jpg,Nataraj Augmented,23.55371141476131,31.631677644116337,33.3349806096623,50.71636163711853,36.51594103472157,8.58537057810686,32.28816346490231,1.716747896009906,12.722155900563422,81.8247347702483,1.255995979952332,47.28259248245174,0.2731093171657859,10.249547334861104,21.060301345107924,0.3109915544092902,9.3773491050661
/content/drive/MyDrive/Bharatanatyam_Digital_Twin/dataset/posture_images/extracted/new_Dataset/Nataraj Augmented/dr_1_8160.jpg,dr_1_8160.jpg,Nataraj Augmented,52.642410011518805,59.012322761067196,28.1989247597586,5.937134880199413,7.757304740715861,0.5864339887138807,10.619949592346938,16.098085479797543,30.34286791474922,41.90393851794817,19.10714877492038,28.22669394005944,0.1864840489224216,18.292074213857,34.91061477925946,0.0864040177321972,19.87920384457933
/content/drive/MyDrive/Bharatanatyam_Digital_Twin/dataset/posture_images/extracted/new_Dataset/Nataraj Augmented/dr_1_8176.jpg,dr_1_8176.jpg,Nataraj Augmented,17.102891291324063,25.523736190142678,21.623912088651,47.86860666743983,26.523069852185383,12.205874194688352,27.05536570074114,11.379897775182258,21.87828297853926,86.49439453466147,10.760457930523556,42.1400024764468,0.2675775859803125,7.299624786669621,16.363664317358378,0.1450465830652643,5.390163459585216
/content/drive/MyDrive/Bharatanatyam_Digital_Twin/dataset/posture_images/extracted/new_Dataset/Nataraj Augmented/dr_1_821.jpg,dr_1_821.jpg,Nataraj Augmented,28.090720496758344,22.322941033182943,25.93510418881707,41.91493294999154,29.86057209978753,0.1329448071468094,24.460888511435734,18.107678544740764,0.4142138661663921,63.369393323965625,12.096583090922897,45.93454972895788,0.254422161136058,9.562437108179653,19.853931694635765,0.121157963061212,8.712221666841977
/content/drive/MyDrive/Bharatanatyam_Digital_Twin/dataset/posture_images/extracted/new_Dataset/Nataraj Augmented/dr_1_8486.jpg,dr_1_8486.jpg,Nataraj Augmented,13.72377848802708,30.1174811043486,4.42557913031578,45.96733876993369,42.516305004667295,2.87023939133005,23.944865574061705,3.231010881451907,8.580469464307832,88.55531403804642,0.0903506444237573,49.65766505212967,0.2882494338025342,10.792809152124486,15.83626707608709,0.2410713193725416,16.30108906091383
/content/drive/MyDrive/Bharatanatyam_Digital_Twin/dataset/posture_images/extracted/new_Dataset/Nataraj Augmented/dr_1_9117.jpg,dr_1_9117.jpg,Nataraj Augmented,54.88817665296709,44.85958241429574,12.258218816077148,6.839306086501409,11.4292530132442,0.3224078556435118,7.712296442866567,36.804423077754215,16.1261730045079,3.1478622730283687,26.862344306991368,30.252252486640977,0.1285551181238117,15.474766232408284,28.93091224622716,0.3209549444010555,17.172431506596638
/content/drive/MyDrive/Bharatanatyam_Digital_Twin/dataset/posture_images/extracted/new_Dataset/Nataraj Augmented/dr_1_9172.jpg,dr_1_9172.jpg,Nataraj Augmented,42.72686077218402,56.490832847582496,20.418593334282345,29.895975343627047,119.23586328980012,90.85151983329284,65.10048795025058,9.154023406462237,17.12470012325255,61.818461927841405,1.1512587653790023,38.03477386973725,0.0229867010662727,30.003353757450995,45.88694414945648,0.3869278648318299,43.73618925806467
/content/drive/MyDrive/Bharatanatyam_Digital_Twin/dataset/posture_images/extracted/new_Dataset/Nataraj Augmented/dr_1_9180.jpg,dr_1_9180.jpg,Nataraj Augmented,17.86980911515407,26.671804635575683,21.050671009728475,45.332688884484575,47.83394704205608,4.789052203959836,29.75158978505724,18.40524514906831,3.0037809009025733,78.89856743723516,10.922972579195903,47.50859182591471,0.2925928881741529,9.797194990295,17.589221757180947,0.3096765215191848,11.492686692184868
/content/drive/MyDrive/Bharatanatyam_Digital_Twin/dataset/posture_images/extracted/new_Dataset/Nataraj Augmented/dr_1_944.jpg,dr_1_944.jpg,Nataraj Augmented,34.49764574372034,39.17088625912732,12.746070958506497,16.281003612833846,12.749502651889424,6.264525538307673,12.010275690384358,79.50559778516904,77.44526043813921,80.63707019980029,86.658680553821,65.70523300489657,0.0989177337825849,17.099213745790376,37.83169218325332,0.2621592736075328,13.203789780510274
/content/drive/MyDrive/Bharatanatyam_Digital_Twin/dataset/posture_images/extracted/new_Dataset/Nataraj Augmented/dr_1_9563.jpg,dr_1_9563.jpg,Nataraj Augmented,14.854851785549286,28.415866565988452,3.3906873845847216,45.26238569659971,30.75654037692267,2.76336619271409,20.543244912705298,17.843591412031888,24.32161894383196,79.31900795560598,16.929738998319262,46.06155268928292,0.2596335556244818,9.808221447158372,15.173001312222608,0.1568209138744341,14.094842115378077
/content/drive/MyDrive/Bharatanatyam_Digital_Twin/dataset/posture_images/extracted/new_Dataset/Nataraj Augmented/dr_1_9570.jpg,dr_1_9570.jpg,Nataraj Augmented,36.39967506367449,29.18061411080473,64.5865272031665,69.8545030136105,9.87335701253703,0.1674565442077383,36.12046094338044,17.618753359467288,1.392835217761614,62.448485501809785,7.851564996221574,56.37510929030822,0.2443838888337718,16.534090707706174,28.007541376862285,0.3330718250538858,21.26165892120235
/content/drive/MyDrive/Bharatanatyam_Digital_Twin/dataset/posture_images/extracted/new_Dataset/Nataraj Augmented/dr_1_9899.jpg,dr_1_9899.jpg,Nataraj Augmented,28.424298112751877,59.2052886864676,41.03555566034188,44.9428638245446,6.22115383668253,6.463154480133396,24.6656819504256,15.245788056361311,10.391058892164514,70.12864788020016,12.754420562103803,48.52648492651289,0.224252627440698,15.931050352147452,36.75177663740856,0.1305151550407869,10.910859263993018
/content/drive/MyDrive/Bharatanatyam_Digital_Twin/dataset/posture_images/extracted/new_Dataset/Nataraj Augmented/dr_1_9939.jpg,dr_1_9939.jpg,Nataraj Augmented,17.943398803111776,40.88126632282877,3.0476550842117813,93.0313913519359,16.244698451835227,5.812627929202743,29.53409320429641,16.18342575188204,14.980780752667613,83.3035680266784,17.493817257971077,57.08861392819695,0.242134656774692,15.00847137776953,25.10472394216326,0.2281693113271738,19.692520879818147
/content/drive/MyDrive/Bharatanatyam_Digital_Twin/dataset/posture_images/extracted/new_Dataset/Nataraj Augmented/dr_2_1321.jpg,dr_2_1321.jpg,Nataraj Augmented,47.77958871295007,23.07646183549,21.82323816997528,28.96056036769665,100.16320416361908,43.189832447392696,48.534208787170925,78.65379734585521,74.8442023907434,83.9712788937276,64.6871953864356,66.09764896649573,0.1638446418674638,19.276417417923582,33.06670811083509,0.1940000922701463,24.56854405066552
/content/drive/MyDrive/Bharatanatyam_Digital_Twin/dataset/posture_images/extracted/new_Dataset/Nataraj Augmented/dr_2_1499.jpg,dr_2_1499.jpg,Nataraj Augmented,9.998455970145208,21.655972993975055,11.974904662248026,42.67741170206802,12.33951697917098,5.482602012601926,18.11860883902224,19.652561826474116,15.635294397481855,52.88377586125294,19.15681996733869,42.235485215166406,0.288271619579277,7.578809417934086,13.351314956802828,0.0838415095716312,9.301271787427805
/content/drive/MyDrive/Bharatanatyam_Digital_Twin/dataset/posture_images/extracted/new_Dataset/Nataraj Augmented/dr_2_1697.jpg,dr_2_1697.jpg,Nataraj Augmented,37.67325387053387,55.39675908480999,9.97928589799495,36.61112078159097,10.141677535065398,9.288607764009374,16.505172994665173,10.157553991761034,38.00880642043634,70.96029739561926,34.093513594948845,74.28305957185225,0.2571187060235115,18.18596760548788,43.35056409150805,0.2954831035854535,10.91185562137013
/content/drive/MyDrive/Bharatanatyam_Digital_Twin/dataset/posture_images/extracted/new_Dataset/Nataraj Augmented/dr_2_2021.jpg,dr_2_2021.jpg,Nataraj Augmented,18.330815252376695,82.9739871424456,14.625585715007253,0.7463120820372404,31.14252741481017,18.35740980537488,16.217958754307386,28.136044717340724,16.499196149204295,10.059919185159345,0.0348608105001862,26.38353067375965,0.0911429991147991,22.645635581165998,48.55096412489688,0.3665874947779398,19.01935512382317
/content/drive/MyDrive/Bharatanatyam_Digital_Twin/dataset/posture_images/extracted/new_Dataset/Nataraj Augmented/dr_2_2222.jpg,dr_2_2222.jpg,Nataraj Augmented,23.057923588395035,14.213157352162327,43.87771999955083,27.333917430991168,41.06992556499807,99.95132652751842,53.05822238076462,25.23620098871058,6.525858336728106,24.772246028115205,67.96559985986072,32.90698532661319,0.0312742182852499,24.589062036930745,34.42671293832891,0.3438560076771398,38.99661716478619
/content/drive/MyDrive/Bharatanatyam_Digital_Twin/dataset/posture_images/extracted/new_Dataset/Nataraj Augmented/dr_2_2256.jpg,dr_2_2256.jpg,Nataraj Augmented,28.5230520272748,50.63807205786769,18.09552549674798,4.657187609910013,57.76012921194098,89.09282140704637,42.401415931411336,64.01889130145449,66.10965291516177,81.78883214680964,70.20620566016011,74.1216965843322,0.635687044441631,22.94982644123802,37.840161661813305,0.0876682123331055,30.92164944956765
/content/drive/MyDrive/Bharatanatyam_Digital_Twin/dataset/posture_images/extracted/new_Dataset/Nataraj Augmented/dr_2_2331.jpg,dr_2_2331.jpg,Nataraj Augmented,47.72819858182504,28.448677893280923,17.594000193248526,42.82347865538132,36.95597192558106,8.683020544225997,26.514117829609223,56.329881655510285,60.74377806907997,13.96293977034589,77.59027326028486,86.57295161579526,0.1046313970873919,11.343089418515136,27.26295668222953,0.3110884004875177,6.455223172828356
/content/drive/MyDrive/Bharatanatyam_Digital_Twin/dataset/posture_images/extracted/new_Dataset/Nataraj Augmented/dr_2_2378.jpg,dr_2_2378.jpg,Nataraj Augmented,26.192136867815805,36.662874278474774,24.523792196045704,98.57497977629946,89.00369536104057,11.297528113886802,55.849998861818136,31.523006269194003,46.162187666840815,50.14993432683258,43.4333828288285,72.14551385011694,0.0916666121604556,19.31998147672803,31.850886770504964,0.3036121675735658,25.80544549210556
/content/drive/MyDrive/Bharatanatyam_Digital_Twin/dataset/posture_images/extracted/new_Dataset/Nataraj Augmented/dr_2_2913.jpg,dr_2_2913.jpg,Nataraj Augmented,26.576131113071256,22.288317203908996,4.553066201496167,3.181560519289657,86.42905974492247,0.4507946284141272,23.653620273530606,82.58890326964556,81.40118057120176,77.93547975908146,81.54178510171731,79.02481422425883,0.2302310383908116,19.112547397909257,33.61421265299778,0.2822617076668394,23.441167833063155
/content/drive/MyDrive/Bharatanatyam_Digital_Twin/dataset/posture_images/extracted/new_Dataset/Nataraj Augmented/dr_2_4276.jpg,dr_2_4276.jpg,Nataraj Augmented,36.23672116956078,59.982278014989774,28.68799666920796,34.51066835953468,1.388106264045435,1.5908234298866846,16.54439868066869,11.437440868420303,5.1493477575489495,77.01807099262732,12.369002139524907,48.3126809424447,0.2602859597550097,18.91080993658406,38.86071176245252,0.1747820339614323,17.696936013338224
/content/drive/MyDrive/Bharatanatyam_Digital_Twin/dataset/posture_images/extracted/new_Dataset/Nataraj Augmented/dr_2_4525.jpg,dr_2_4525.jpg,Nataraj Augmented,45.77447287985615,38.428597043104915,6.56250932813361,2.603364084097176,60.99803173146846,0.4498019436707948,17.65342677184251,43.88610535612045,40.71501179014621,20.476246319628785,7.884916254438,73.75398915351761,0.1098931996384346,18.437275113316066,36.18454336622813,0.1492982741243711,18.977983699595704
/content/drive/MyDrive/Bharatanatyam_Digital_Twin/dataset/posture_images/extracted/new_Dataset/Nataraj Augmented/dr_2_4557.jpg,dr_2_4557.jpg,Nataraj Augmented,47.9057330426063,39.77741189417924,1.1133188597161512,45.24259253460357,6.633214357011319,17.99725091793734,17.746594167317095,22.131892417289592,12.052732814176364,0.1545257308835681,86.48531565660112,69.14005479570417,0.3706120109427542,19.333127385784337,45.3124453900195,0.2065374954899977,12.480399271843517
/content/drive/MyDrive/Bharatanatyam_Digital_Twin/dataset/posture_images/extracted/new_Dataset/Nataraj Augmented/dr_2_4625.jpg,dr_2_4625.jpg,Nataraj Augmented,24.860033568579688,36.500916549909505,36.85122334196068,28.48949483631713,89.77352637023115,11.541186603814802,41.66385778808095,88.83202682182154,81.09654835223104,75.08803924951141,83.91085336321979,51.451516102075104,0.1822576554161094,12.824461351580853,27.58793817231166,0.1761153432329815,10.709330539197914
/content/drive/MyDrive/Bharatanatyam_Digital_Twin/dataset/posture_images/extracted/new_Dataset/Nataraj Augmented/dr_2_4727.jpg,dr_2_4727.jpg,Nataraj Augmented,34.57068108301545,29.89873549475672,48.02434652291918,33.65366291670288,63.50326245011345,12.85833790443437,39.50990244854247,72.09006830492392,70.81147943849581,82.26702882486013,83.31809490916324,78.29136417182397,0.2239755562104919,16.320488276544495,35.81913974396919,0.2220861213835715,12.92023896428073
/content/drive/MyDrive/Bharatanatyam_Digital_Twin/dataset/posture_images/extracted/new_Dataset/Nataraj Augmented/dr_2_5050.jpg,dr_2_5050.jpg,Nataraj Augmented,28.72566458194956,46.531872143832466,12.097289755189523,52.12712742135184,22.552913906841823,2.5451855323078503,22.33062915392276,71.89764796134709,80.49163815255208,21.02796500921424,80.37120530623262,85.24443773070135,0.1784081405795372,16.150603006119244,38.8681113440299,0.247692790858898,9.336004883468942
/content/drive/MyDrive/Bharatanatyam_Digital_Twin/dataset/posture_images/extracted/new_Dataset/Nataraj Augmented/dr_2_5275.jpg,dr_2_5275.jpg,Nataraj Augmented,12.564109336471972,22.041238705025762,30.05661375000756,40.496064763010246,2.977562265616428,48.22606390899559,30.439076171907452,43.76040762920394,0.4168445554786121,25.907372665904592,62.17950093467044,64.41328834892298,0.0871420007231098,15.739836179816969,35.41239821361714,0.3319553887511537,11.475154937082603
/content/drive/MyDrive/Bharatanatyam_Digital_Twin/dataset/posture_images/extracted/new_Dataset/Nataraj Augmented/dr_2_5322.jpg,dr_2_5322.jpg,Nataraj Augmented,27.569702989058754,31.39993746607942,45.346385701280425,3.384281246964718,22.719817963031453,3.818111460366793,18.81714909291085,7.516247321818781,25.02776126135257,46.54605386977116,18.724978177506078,56.31247690657335,0.1973361953849432,15.309936730923988,24.290399837462097,0.2016933849038453,21.43771697040602
/content/drive/MyDrive/Bharatanatyam_Digital_Twin/dataset/posture_images/extracted/new_Dataset/Nataraj Augmented/dr_2_5326.jpg,dr_2_5326.jpg,Nataraj Augmented,48.967417516425115,15.323566151133313,7.843679921141147,17.11821144900039,5.501624041212802,1.097272229885752,7.8901969103100225,47.31932700388276,47.53286910682106,80.54628025596718,78.127122141423,66.22611625441871,0.0657225473597447,16.68282539360446,32.13390932653775,0.2043572874774576,17.710209566798174
/content/drive/MyDrive/Bharatanatyam_Digital_Twin/dataset/posture_images/extracted/new_Dataset/Nataraj Augmented/dr_2_5417.jpg,dr_2_5417.jpg,Nataraj Augmented,39.331679892821185,17.420285489260387,9.295409642864112,2.9442536941243875,128.5578371544153,18.42092827678918,39.804607192048245,86.26840244915407,82.18091346986871,82.64707865023215,79.04898740632392,82.080307025102,0.2406589905942234,15.781051974402246,26.64106777019821,0.2558034563067883,20.44628469670174
/content/drive/MyDrive/Bharatanatyam_Digital_Twin/dataset/posture_images/extracted/new_Dataset/Nataraj Augmented/dr_2_5427.jpg,dr_2_5427.jpg,Nataraj Augmented,29.419851819290052,48.56506646423838,52.880738085871634,49.48248789336215,85.29350750040844,28.45134352673149,54.02701925159342,86.06127918186004,77.62668237549855,55.35911469304637,86.27803504263841,79.63915422168387,0.4328624723910718,18.371111458255708,34.562690786392544,0.1346032503956933,20.416040337978885
/content/drive/MyDrive/Bharatanatyam_Digital_Twin/dataset/posture_images/extracted/new_Dataset/Nataraj Augmented/dr_2_5597.jpg,dr_2_5597.jpg,Nataraj Augmented,30.8445181885743,79.14259568675722,43.30090931744189,33.18151833266143,0.2423576767275898,6.5645165561961125,20.82232547075676,2.302343042027445,14.761928169661246,58.08290604490314,3.305432600787785,52.16631101293052,0.2487905818343112,22.55976502336549,44.95825931042144,0.1522545186699667,22.568781241005045
/content/drive/MyDrive/Bharatanatyam_Digital_Twin/dataset/posture_images/extracted/new_Dataset/Nataraj Augmented/dr_2_5733.jpg,dr_2_5733.jpg,Nataraj Augmented,31.999123353082393,70.99641481079647,60.84315318440265,27.9300285788181,40.00114312420227,6.175313012048817,33.73740947486796,57.711407731173445,83.48929182079178,75.97164836199553,68.04342047000726,88.02241221224754,0.1985345138180966,16.82471835196331,33.56365524321361,0.205220008773529,16.705279803902787
/content/drive/MyDrive/Bharatanatyam_Digital_Twin/dataset/posture_images/extracted/new_Dataset/Nataraj Augmented/dr_2_5771.jpg,dr_2_5771.jpg,Nataraj Augmented,27.65212462555715,76.52419503455593,11.510969683754412,26.402967649693824,3.893511581139449,15.58154696798658,14.347248970643566,16.604804283570815,7.72638839870001,62.97645404941926,38.62382181846517,51.4421356330755,0.3199961558911132,19.342858736239545,41.440891981581615,0.2167171343141893,16.370967092822823
/content/drive/MyDrive/Bharatanatyam_Digital_Twin/dataset/posture_images/extracted/new_Dataset/Nataraj Augmented/dr_2_6229.jpg,dr_2_6229.jpg,Nataraj Augmented,56.18788233175425,10.523639319713084,10.68072534562356,19.21847403087671,34.536892300066505,12.654329106457103,19.27260519575597,46.97862863429572,66.89795347095388,63.30738920572391,55.86884214145447,70.34823744262405,0.2553416288774104,11.960452380477053,26.20975606739665,0.3110215075142818,9.360579566520226
/content/drive/MyDrive/Bharatanatyam_Digital_Twin/dataset/posture_images/extracted/new_Dataset/Nataraj Augmented/dr_2_6476.jpg,dr_2_6476.jpg,Nataraj Augmented,13.034163695673925,22.45637877457586,16.006071397407805,17.87702137194119,33.607328396873754,57.99546608965333,31.37147181396902,8.45969278105531,18.336278347055043,2.81419469134147,12.933581156750204,52.53460434928771,0.0652589188344965,14.724322697545029,26.574001648059195,0.3573366367063918,17.241629807869494
/content/drive/MyDrive/Bharatanatyam_Digital_Twin/dataset/posture_images/extracted/new_Dataset/Nataraj Augmented/dr_2_6501.jpg,dr_2_6501.jpg,Nataraj Augmented,19.83051790054973,35.32380694246951,10.89881437043141,7.20526741577723,22.324008438314426,12.167605564611607,13.148923947283668,30.47380636936277,10.62621989979417,40.62399437440426,59.82722059037331,32.18134749159234,0.1025327415296013,13.49966592637896,25.23140620145912,0.3212686807548823,14.94632289692288
/content/drive/MyDrive/Bharatanatyam_Digital_Twin/dataset/posture_images/extracted/new_Dataset/Nataraj Augmented/dr_2_6642.jpg,dr_2_6642.jpg,Nataraj Augmented,30.333269978617256,39.34408683222753,50.14299689546474,5.447290006906022,24.146178140081524,9.47053466715055,22.30174992740071,11.25299832664566,48.90203354603237,33.544226148657,40.20439151199448,72.44636428476393,0.218818593477895,14.05373153636747,22.099006739097256,0.1198702308170323,19.94231763918812
/content/drive/MyDrive/Bharatanatyam_Digital_Twin/dataset/posture_images/extracted/new_Dataset/Nataraj Augmented/dr_2_6865.jpg,dr_2_6865.jpg,Nataraj Augmented,16.195270618334924,24.16181262613746,22.3465412459904,42.36700985055691,8.973319200245411,2.264893162011734,18.987940864701116,6.264763666382532,7.099231791403626,40.03631495343463,3.724263987397598,49.18696238773737,0.2395645858190136,8.367450284274852,16.194657086987895,0.197409918690461,8.710283847146203
/content/drive/MyDrive/Bharatanatyam_Digital_Twin/dataset/posture_images/extracted/new_Dataset/Nataraj Augmented/dr_2_6972.jpg,dr_2_6972.jpg,Nataraj Augmented,27.120108077045003,76.4188911357887,9.623471219327378,37.46480515097405,13.029857837466183,27.531963544499867,21.912524438066868,43.80748479199792,31.805066619742234,73.56811477035122,40.903738068118194,80.02421006425388,0.1189220941641414,18.27961330176645,39.2841627053806,0.3321331461743239,15.222544053744429
/content/drive/MyDrive/Bharatanatyam_Digital_Twin/dataset/posture_images/extracted/new_Dataset/Nataraj Augmented/dr_2_7104.jpg,dr_2_7104.jpg,Nataraj Augmented,52.887631145822596,21.495906047179993,7.851289317089942,36.96419636376418,39.30674557241603,28.207694442500213,28.08248142394259,37.04287799160815,62.81077441809691,85.51729360309832,82.03560570051091,57.52366753371642,0.3791026929362863,13.435639205034214,29.358777838021958,0.2146978532281102,10.73344192385258
/content/drive/MyDrive/Bharatanatyam_Digital_Twin/dataset/posture_images/extracted/new_Dataset/Nataraj Augmented/dr_2_7459.jpg,dr_2_7459.jpg,Nataraj Augmented,22.090628324274398,38.61905227828789,17.986536233169158,28.22366762318906,37.70388317055047,15.296148611742982,24.80255890966292,69.74167627570978,2.249464738908273,15.088114526177437,18.348349153610915,56.04157873234081,0.1545198446323741,11.456530815552057,24.77404029326372,0.1896492241988763,9.40590292919358
/content/drive/MyDrive/Bharatanatyam_Digital_Twin/dataset/posture_images/extracted/new_Dataset/Nataraj Augmented/dr_2_7603.jpg,dr_2_7603.jpg,Nataraj Augmented,21.742069669708613,11.169189972767398,50.39953552443207,20.92121815416082,13.700911529669924,41.77748265433912,31.699786965650485,66.47805326121289,70.84247345033073,82.08317889013117,70.88120593630651,76.68820043266707,0.1280160719153132,13.09031154243367,18.617965469055505,0.3144915270298718,20.338477631215632
/content/drive/MyDrive/Bharatanatyam_Digital_Twin/dataset/posture_images/extracted/new_Dataset/Nataraj Augmented/dr_2_8360.jpg,dr_2_8360.jpg,Nataraj Augmented,29.96692663063304,42.110832965621945,6.548547887817093,16.49124249661321,145.71142751889047,5.832256599228466,43.645868625637306,52.5586322223929,43.19358923948167,34.80675960404537,40.9018671447753,43.34094997929972,0.1345988148564094,24.20777404341017,42.32428200054336,0.3229139258427311,29.976126203844416
/content/drive/MyDrive/Bharatanatyam_Digital_Twin/dataset/posture_images/extracted/new_Dataset/Nataraj Augmented/dr_2_8525.jpg,dr_2_8525.jpg,Nataraj Augmented,22.186653287676375,36.522638992562186,42.288738906956944,81.89831005302501,12.443635834149594,10.989466357898378,36.90503778800748,83.56763900343923,85.30963059081714,58.2526266152545,86.94414988434653,45.76988601227636,0.1244453981621288,15.385999796792296,30.170617246173364,0.335437356456682,15.65194478774684
/content/drive/MyDrive/Bharatanatyam_Digital_Twin/dataset/posture_images/extracted/new_Dataset/Nataraj Augmented/dr_2_8813.jpg,dr_2_8813.jpg,Nataraj Augmented,26.298798143485982,14.655622816302099,15.158679955467258,28.790927662667183,13.175947895696329,0.9649277854085924,14.52262082480984,9.294969620825498,40.65801312726072,47.68156406152048,43.92616417392217,67.04554454060475,0.1454493257541024,9.238287919900518,16.159511594067073,0.2490049648875798,11.306347200746902
/content/drive/MyDrive/Bharatanatyam_Digital_Twin/dataset/posture_images/extracted/new_Dataset/Nataraj Augmented/dr_2_8843.jpg,dr_2_8843.jpg,Nataraj Augmented,20.967962863161446,15.997498181666245,6.574232665234976,24.67018405509849,8.91786690338272,7.144188610781191,11.826618058624344,11.867810836602011,26.912688102700308,27.798762448606613,24.4023339870716,53.78360662230872,0.2532684893189126,11.644816023487977,21.559543462639333,0.1932740712351139,13.181630536589486
/content/drive/MyDrive/Bharatanatyam_Digital_Twin/dataset/posture_images/extracted/new_Dataset/Nataraj Augmented/dr_2_9104.jpg,dr_2_9104.jpg,Nataraj Augmented,26.575419553080586,15.88170532704442,20.831774300663987,28.367761960588638,86.3224536717494,31.44238447621866,41.74109360230517,74.61200980845841,87.01509347653736,82.29799845515986,72.11409528391836,71.77675009151298,0.1884563269794059,12.57238554188694,21.643916205930964,0.1707705266131671,15.902469893116688
/content/drive/MyDrive/Bharatanatyam_Digital_Twin/dataset/posture_images/extracted/new_Dataset/Nataraj Augmented/dr_2_9445.jpg,dr_2_9445.jpg,Nataraj Augmented,30.163292708379036,59.853956593237235,56.14678563781821,7.015242402481209,10.06479154474692,5.128737658872519,19.58888931097972,23.433064479040063,56.900790616090525,42.31744361225282,50.36041533843782,79.26247638976821,0.2371321153041818,17.399089418395743,27.872834597320903,0.0825839271795306,24.2418497306868
/content/drive/MyDrive/Bharatanatyam_Digital_Twin/dataset/posture_images/extracted/new_Dataset/Nataraj Augmented/dr_2_950.jpg,dr_2_950.jpg,Nataraj Augmented,26.544449836852102,31.959249987058577,33.799248921195066,64.3586452186473,87.09205729727636,3.999824997609416,47.31244410868204,8.740088327318462,6.597964971961826,35.62543904794889,5.934203053792285,31.25413390269865,0.3876887451336686,13.440110342833924,28.23451826631852,0.0537207254853994,12.032092036697854
/content/drive/MyDrive/Bharatanatyam_Digital_Twin/dataset/posture_images/extracted/new_Dataset/Nataraj Augmented/dr_2_9512.jpg,dr_2_9512.jpg,Nataraj Augmented,14.132314330954074,20.53992788761728,19.06107049996788,18.86949897832945,36.44151055546672,5.563274479954298,19.98383862842958,82.84643878505683,78.02992602203365,71.9300201553424,87.94677391518374,57.20316428820567,0.1382753800086927,11.940082277569491,24.39835580149573,0.2055922977801294,11.21629873343262
/content/drive/MyDrive/Bharatanatyam_Digital_Twin/dataset/posture_images/extracted/new_Dataset/Nataraj Augmented/dr_2_9712.jpg,dr_2_9712.jpg,Nataraj Augmented,13.93833557740124,82.472260440257,8.814930359260236,154.68761230756397,4.196822837828354,102.38556209668764,67.52123190033505,73.66509469984557,82.46374439784805,4.248471296957831,71.51689258120344,66.40521382829411,0.2840439863631262,24.30392127657193,42.76779915718525,0.2371524698240276,29.90681220270651
/content/drive/MyDrive/Bharatanatyam_Digital_Twin/dataset/posture_images/extracted/new_Dataset/Nataraj Augmented/dr_2_9747.jpg,dr_2_9747.jpg,Nataraj Augmented,35.45720936752903,13.16047927480328,23.53385272656411,9.363141219741438,62.30410710529607,105.48884144748833,50.17248562477248,22.557760515890536,48.13362946899422,25.526336727882903,36.571442490860406,76.2696124270149,0.1281013165619679,20.73371096829061,34.38220479292666,0.3133339148005458,27.505594197144628
/content/drive/MyDrive/Bharatanatyam_Digital_Twin/dataset/posture_images/extracted/new_Dataset/Nataraj Augmented/dr_3_1064.jpg,dr_3_1064.jpg,Nataraj Augmented,4.75761503639545,32.59045261221958,2.7783182534725515,27.82055351445104,30.521499632465627,10.32598439631393,17.861588949175786,5.59228819472645,6.64600013108975,61.76267664771318,6.540017870034262,31.220234757122167,0.1720530750293122,7.379996777926974,14.516521639367124,0.1294041966456779,7.49406449776812
/content/drive/MyDrive/Bharatanatyam_Digital_Twin/dataset/posture_images/extracted/new_Dataset/Nataraj Augmented/dr_3_1085.jpg,dr_3_1085.jpg,Nataraj Augmented,9.224757231890969,35.43588351414732,8.29237035262768,31.10358826230063,19.78178798052235,0.0535404498278392,14.807821761319625,16.618272469193528,15.473674542016935,87.54700737861931,14.620181358744782,30.641643353027877,0.2255312367966789,10.398998673581088,17.65528144204921,0.1084432725670866,13.433271306126969
/content/drive/MyDrive/Bharatanatyam_Digital_Twin/dataset/posture_images/extracted/new_Dataset/Nataraj Augmented/dr_3_1223.jpg,dr_3_1223.jpg,Nataraj Augmented,20.230448138510482,36.821984489817396,43.09981780862995,58.22884558937533,20.6471182195921,4.107300872315967,31.520770622478334,7.937890273674078,9.90486901436791,70.56542831466821,6.089421588477771,23.03196211704641,0.2323854080334373,12.595017873808048,20.107349222681343,0.0654098950489541,17.61229450369384
/content/drive/MyDrive/Bharatanatyam_Digital_Twin/dataset/posture_images/extracted/new_Dataset/Nataraj Augmented/dr_3_1368.jpg,dr_3_1368.jpg,Nataraj Augmented,29.00752546805022,24.756481123727788,6.496756251269052,35.44740460583742,4.346126082770862,3.0549591360313464,12.33631151897717,8.46351900955364,6.230020970045512,63.84984685925755,8.179112500572035,30.12207403599441,0.1703634950636051,10.706610140555007,16.43529626341718,0.063460195927252,15.6210739623206
/content/drive/MyDrive/Bharatanatyam_Digital_Twin/dataset/posture_images/extracted/new_Dataset/Nataraj Augmented/dr_3_1443.jpg,dr_3_1443.jpg,Nataraj Augmented,8.161785767263666,45.51929733645536,1.794668096287988,0.7692098711487877,28.669327064917567,43.8837688432092,18.779243468890886,32.97282457362806,41.4858720181947,61.71840821557085,36.51464423270126,43.16265613595809,0.0532608852530545,18.464149866733575,28.76114824823493,0.3807986207029711,26.250502731262827
/content/drive/MyDrive/Bharatanatyam_Digital_Twin/dataset/posture_images/extracted/new_Dataset/Nataraj Augmented/dr_3_1597.jpg,dr_3_1597.jpg,Nataraj Augmented,20.75636714866952,24.581249709697445,2.222326029385816,41.48247553900626,10.54926060330147,8.703556373865187,15.739404636389684,6.599639592483192,7.281274325710772,79.14050038130534,6.785756693191619,34.27344603986475,0.1941835338087781,10.263839505116582,18.152161443722555,0.1073376222014847,12.532019449425707
/content/drive/MyDrive/Bharatanatyam_Digital_Twin/dataset/posture_images/extracted/new_Dataset/Nataraj Augmented/dr_3_2166.jpg,dr_3_2166.jpg,Nataraj Augmented,3.058235202279768,28.850159549591222,9.508073207643202,31.22179100296629,27.97907363268609,3.3062174525978936,18.00378882397337,9.30197412802532,6.240561637753939,79.88543440876194,6.44474682440269,29.22085430096152,0.2420170320658845,7.308424861107926,12.285667749993268,0.1182040905496473,9.52140274278086
/content/drive/MyDrive/Bharatanatyam_Digital_Twin/dataset/posture_images/extracted/new_Dataset/Nataraj Augmented/dr_3_250.jpg,dr_3_250.jpg,Nataraj Augmented,22.148951569889043,9.659559408312951,37.522977681254815,15.351185513804142,65.66973924234219,34.91966393277089,38.36589159254301,52.9429174592411,23.71393443264961,57.99109482364558,12.428227674718912,45.322263584476666,0.1250440605079348,15.379169484954474,26.3873843861964,0.2022806698512398,19.54784339881578
/content/drive/MyDrive/Bharatanatyam_Digital_Twin/dataset/posture_images/extracted/new_Dataset/Nataraj Augmented/dr_3_2546.jpg,dr_3_2546.jpg,Nataraj Augmented,20.054356063413785,9.11386508544922,30.582331018462728,17.196516704332893,94.01136106355868,17.79851515174222,39.89718098452413,35.306454414305506,79.42635625251863,84.65059836870952,64.42522364110108,28.773027879803205,0.2127783137881835,12.0300876233579,18.53965120665493,0.0654745439211618,17.485137119497605
/content/drive/MyDrive/Bharatanatyam_Digital_Twin/dataset/posture_images/extracted/new_Dataset/Nataraj Augmented/dr_3_2562.jpg,dr_3_2562.jpg,Nataraj Augmented,17.008425152406296,19.887594590308936,3.22956996663749,29.32112787006095,17.634954120287205,3.2165512664118823,13.350550805849382,12.975519232252283,17.509657328260435,60.186988227244655,13.61834211405642,28.171737878767694,0.2014397761550622,8.451141864783123,12.999571291011154,0.066126631668261,12.287727671669952
/content/drive/MyDrive/Bharatanatyam_Digital_Twin/dataset/posture_images/extracted/new_Dataset/Nataraj Augmented/dr_3_2822.jpg,dr_3_2822.jpg,Nataraj Augmented,17.641445483143656,26.651622417024416,16.158868295602105,30.418570296183827,15.49172507175004,0.0207150951546581,15.522469689672658,12.280552542964614,16.93033071156978,54.282893180954105,15.681249401132556,32.34887899337322,0.1899267014019213,8.963126785129731,15.757737244837289,0.1623918041547552,10.969251306397148
/content/drive/MyDrive/Bharatanatyam_Digital_Twin/dataset/posture_images/extracted/new_Dataset/Nataraj Augmented/dr_3_3056.jpg,dr_3_3056.jpg,Nataraj Augmented,12.486670771887823,27.976039137729217,29.083510269907336,43.438688883423005,4.710323065377274,8.088617533585255,21.33028493807322,5.958809717869826,2.893626006114971,75.3703295414829,5.18453313921002,29.205857377649075,0.2159188816946903,7.966854071912311,13.199029855180914,0.1120709016333356,10.58946145892268
/content/drive/MyDrive/Bharatanatyam_Digital_Twin/dataset/posture_images/extracted/new_Dataset/Nataraj Augmented/dr_3_3133.jpg,dr_3_3133.jpg,Nataraj Augmented,6.999756546443862,23.222160489008566,18.74926233482548,36.13369407590601,31.497110928498785,0.9284468515713784,21.82712854770041,15.409334871925044,8.82110328139749,86.64245007702323,10.143425011475289,28.432976238591067,0.1889089187112358,7.41814245734671,12.974310487065503,0.0988866567364248,9.1812302282382
/content/drive/MyDrive/Bharatanatyam_Digital_Twin/dataset/posture_images/extracted/new_Dataset/Nataraj Augmented/dr_3_3143.jpg,dr_3_3143.jpg,Nataraj Augmented,21.933661502827526,27.60051784859715,9.766550156402923,41.94255696871802,6.0433353081726215,3.4760617927622457,15.307126056513956,3.4871912837309686,1.0627863582929793,73.224966406381,1.7934267297339503,28.920635178787045,0.1728012630052317,10.347632375070967,15.379017246220949,0.0917767370052538,15.572103141986698
/content/drive/MyDrive/Bharatanatyam_Digital_Twin/dataset/posture_images/extracted/new_Dataset/Nataraj Augmented/dr_3_3279.jpg,dr_3_3279.jpg,Nataraj Augmented,16.951026186566267,22.19844641954071,37.309590009164495,36.02404372450107,36.87968795515826,2.305039433130178,28.1295902804885,18.44926945143737,15.19805656786221,88.10733569231452,11.289641289452362,25.636038043657127,0.2226583120446183,8.566233806323808,16.419062298949285,0.1137985192459342,9.165840600776209
/content/drive/MyDrive/Bharatanatyam_Digital_Twin/dataset/posture_images/extracted/new_Dataset/Nataraj Augmented/dr_3_3386.jpg,dr_3_3386.jpg,Nataraj Augmented,7.648825473831266,26.932107273359243,7.922799844996418,31.86187318308765,15.01121492444479,7.455663310239473,15.562887815692084,17.65488482299125,14.252284553980983,87.00469489903895,16.352563684517733,32.34446722513704,0.2139346971034657,7.854714501178644,13.019815437599949,0.1811184414581217,10.36320962447786
/content/drive/MyDrive/Bharatanatyam_Digital_Twin/dataset/posture_images/extracted/new_Dataset/Nataraj Augmented/dr_3_3536.jpg,dr_3_3536.jpg,Nataraj Augmented,22.233222266521693,37.28263032482277,34.9656789075555,58.12124680276606,16.415229806601182,2.3014204942705447,27.95089400279832,19.701362069284954,21.256383015261804,89.52761395688222,15.355604690001028,23.929506465851453,0.2280845015612053,12.075232449127896,19.921404029249832,0.0601651989198221,16.244128119214032
/content/drive/MyDrive/Bharatanatyam_Digital_Twin/dataset/posture_images/extracted/new_Dataset/Nataraj Augmented/dr_3_3589.jpg,dr_3_3589.jpg,Nataraj Augmented,10.270287218083688,24.636640147162012,8.08786355065135,21.7514665393018,47.76955384631916,10.825182596263296,22.108516633133902,18.10248372848397,15.75080369645272,89.2495799706151,14.696095285164098,30.02380370334405,0.2104201736370997,9.286783783129684,15.735557595403272,0.1572748226076745,11.967518931378104
/content/drive/MyDrive/Bharatanatyam_Digital_Twin/dataset/posture_images/extracted/new_Dataset/Nataraj Augmented/dr_3_375.jpg,dr_3_375.jpg,Nataraj Augmented,13.120282744023918,30.993945306028593,18.30406433391288,23.726156173623604,35.4734348876911,9.286763833403423,21.697604807157752,1.4094959155637146,4.741653513653584,66.69599336443291,1.11640647547511,35.72931650309573,0.1735017633467405,7.903547574431848,16.84752982635908,0.1403585846698024,6.722754312266665
/content/drive/MyDrive/Bharatanatyam_Digital_Twin/dataset/posture_images/extracted/new_Dataset/Nataraj Augmented/dr_3_3853.jpg,dr_3_3853.jpg,Nataraj Augmented,21.12855212844753,28.810489339873072,8.380732959912766,45.16326239571348,19.460159252649007,0.6638194724103774,18.41699352017141,20.397043096377747,16.825005383457018,88.80119564566236,13.198317416152864,26.1070138043415,0.22745561418384,10.796043526179398,16.22292870424038,0.1214445797516013,16.043757294546218
/content/drive/MyDrive/Bharatanatyam_Digital_Twin/dataset/posture_images/extracted/new_Dataset/Nataraj Augmented/dr_3_398.jpg,dr_3_398.jpg,Nataraj Augmented,16.187913009262473,29.23399327005965,24.65745808730391,14.9764685890788,14.979557130732807,17.925966353793072,18.134862540227147,12.162551944979128,8.238652061549342,81.16494054337237,11.506550665057452,32.36171647527777,0.1872368399673367,8.769477352735969,16.725470522646805,0.1051284005029861,9.477833135058113
/content/drive/MyDrive/Bharatanatyam_Digital_Twin/dataset/posture_images/extracted/new_Dataset/Nataraj Augmented/dr_3_4033.jpg,dr_3_4033.jpg,Nataraj Augmented,29.092852289792923,37.464739431163125,24.59342828647503,55.522978920478735,1.0920043233707533,0.907775926949036,20.52904686431839,4.178467561572222,5.053401549553465,69.7167103776115,1.8552918923100368,28.985089866414324,0.1971653133817839,13.611818021546307,21.23073305446263,0.1066440089345561,19.498077001241743
/content/drive/MyDrive/Bharatanatyam_Digital_Twin/dataset/posture_images/extracted/new_Dataset/Nataraj Augmented/dr_3_41.jpg,dr_3_41.jpg,Nataraj Augmented,25.72107552199897,18.504197149490174,16.235508081265245,28.49789314872021,6.356414866676306,3.0731507572849903,13.540741713486687,12.483593622002,8.654843630075554,83.55594144825909,12.017041283014162,31.68766249760325,0.1672167031564019,8.803282767732874,14.20526240272147,0.0695258677181918,12.13506003275896
/content/drive/MyDrive/Bharatanatyam_Digital_Twin/dataset/posture_images/extracted/new_Dataset/Nataraj Augmented/dr_3_4668.jpg,dr_3_4668.jpg,Nataraj Augmented,17.32595858476556,27.729061590374492,39.85311866498103,10.782382388605871,38.83561941262891,2.15432554082616,22.906361501760493,5.369830722916219,2.054963108297017,78.06562696521306,10.949747466785798,35.111786138035875,0.1699990071028974,11.627284316772654,20.99098019474213,0.0677396469651037,13.823133108610731
/content/drive/MyDrive/Bharatanatyam_Digital_Twin/dataset/posture_images/extracted/new_Dataset/Nataraj Augmented/dr_3_4705.jpg,dr_3_4705.jpg,Nataraj Augmented,23.81707668540311,30.13433785779152,10.458414010150117,48.60054677909682,3.1450668975262484,3.8428193013104286,16.511711747020904,17.932394647623347,24.23689110489233,87.99067147796535,22.085566518063565,33.15328630361461,0.171237215941989,10.957012722511053,15.649625703436886,0.0433969857354728,17.1780154783608
/content/drive/MyDrive/Bharatanatyam_Digital_Twin/dataset/posture_images/extracted/new_Dataset/Nataraj Augmented/dr_3_4797.jpg,dr_3_4797.jpg,Nataraj Augmented,5.059541559817539,25.960873137276238,3.305846234458908,16.94835775914575,17.04320694446449,0.8122881733068252,9.527424777843994,22.757485442884093,17.558758283829967,85.53821982628497,21.02045797132952,29.97436451720684,0.2257999399864634,10.208097211317837,12.972489696430356,0.0898029295222501,17.561999008000903
/content/drive/MyDrive/Bharatanatyam_Digital_Twin/dataset/posture_images/extracted/new_Dataset/Nataraj Augmented/dr_3_4798.jpg,dr_3_4798.jpg,Nataraj Augmented,13.074977628633043,33.458622418452336,12.996586557829527,57.52692678805802,9.86744697411448,6.390270282930631,21.695307650733167,9.460764267412172,0.9211400678854602,77.39032843589251,7.056713815145431,30.682575337978708,0.1747710917068899,10.93119189461666,17.275700980337085,0.082637417262533,15.435237286250366
/content/drive/MyDrive/Bharatanatyam_Digital_Twin/dataset/posture_images/extracted/new_Dataset/Nataraj Augmented/dr_3_4936.jpg,dr_3_4936.jpg,Nataraj Augmented,7.879591441191452,28.73330906524916,10.640935931001248,45.770238502915625,4.596221663770467,15.0446900214051,19.013021529773116,19.464788159408187,16.917143371140128,89.2530272273613,19.98066302635778,32.533951368009056,0.1852902878618369,8.969072630245549,12.777989483339194,0.1149606728690691,14.014267734528383
/content/drive/MyDrive/Bharatanatyam_Digital_Twin/dataset/posture_images/extracted/new_Dataset/Nataraj Augmented/dr_3_5379.jpg,dr_3_5379.jpg,Nataraj Augmented,11.385405324006285,26.97373025986233,15.66011910619154,23.686814759792785,33.13844502692907,8.074699241751384,20.140019533666194,6.717961612465754,10.279822809890806,61.98111812078004,9.323355792114851,29.606736324577405,0.1932118685619745,7.497128047513993,14.850822856032714,0.1249585891037647,7.515602697405501
/content/drive/MyDrive/Bharatanatyam_Digital_Twin/dataset/posture_images/extracted/new_Dataset/Nataraj Augmented/dr_3_6014.jpg,dr_3_6014.jpg,Nataraj Augmented,10.822015347251051,21.384931801773597,9.834023996248645,32.23221603159096,26.70500363341309,0.2605649789646481,17.257952160054337,21.21663632247399,15.899037963048077,88.80529382187841,15.291684880273388,30.112673712713164,0.2008787433996577,7.98362289832762,13.46597913652887,0.1458063957444268,10.339083162709564
/content/drive/MyDrive/Bharatanatyam_Digital_Twin/dataset/posture_images/extracted/new_Dataset/Nataraj Augmented/dr_3_6451.jpg,dr_3_6451.jpg,Nataraj Augmented,10.738542894414934,23.767492326258484,13.83871597670635,22.699525411384613,45.16179614919764,4.616652657981506,21.579172548817528,13.57129030443727,7.676553437847701,83.98808474742773,10.280645852586211,30.0667665583304,0.2326513417913673,9.074806590526295,15.206567111203675,0.1911552966184957,11.826697363756717
/content/drive/MyDrive/Bharatanatyam_Digital_Twin/dataset/posture_images/extracted/new_Dataset/Nataraj Augmented/dr_3_6759.jpg,dr_3_6759.jpg,Nataraj Augmented,26.482164105510954,26.462979661342427,0.790815417333609,37.74173362352345,25.047839401169963,8.276828031789574,17.964304118454148,15.973669319690488,9.707783629077484,86.11061905158714,15.354916262258522,29.09227615643368,0.1737903073105146,10.434294935234178,18.485848333671235,0.0567633858821446,12.760273086149152
/content/drive/MyDrive/Bharatanatyam_Digital_Twin/dataset/posture_images/extracted/new_Dataset/Nataraj Augmented/dr_3_6778.jpg,dr_3_6778.jpg,Nataraj Augmented,13.758760627762726,24.78527360807727,19.44915706514749,22.13440955666778,33.538305786337204,10.828515506125198,21.487596978569417,18.84343239087368,10.628981429565744,89.70073806783326,15.699102735788747,30.30416101781396,0.1759743309573988,7.356603427221579,15.539812850363688,0.1184646993228733,6.411532731978176
/content/drive/MyDrive/Bharatanatyam_Digital_Twin/dataset/posture_images/extracted/new_Dataset/Nataraj Augmented/dr_3_6828.jpg,dr_3_6828.jpg,Nataraj Augmented,7.460195085074013,37.003343928211486,19.55048306323716,63.092890830695694,30.14870733399863,2.305135873069057,28.77430427525013,0.9031825880899,2.7072161969495827,83.78242001919193,9.85213273910346,25.161342617612725,0.235160675852785,9.919953367131283,15.073298387425863,0.0610811232618327,14.625480590706152
/content/drive/MyDrive/Bharatanatyam_Digital_Twin/dataset/posture_images/extracted/new_Dataset/Nataraj Augmented/dr_3_7231.jpg,dr_3_7231.jpg,Nataraj Augmented,24.419272345668638,10.89658761605589,45.85056428825803,17.46745667193683,2.408540104572263,3.664446948337048,17.347752003276042,89.15316763215375,80.78305323688294,67.48424725283967,19.07392348679683,19.787054347548786,0.0335784304728397,14.72217922865044,23.900080823716024,0.1020675179842658,20.164389344251028
/content/drive/MyDrive/Bharatanatyam_Digital_Twin/dataset/posture_images/extracted/new_Dataset/Nataraj Augmented/dr_3_7527.jpg,dr_3_7527.jpg,Nataraj Augmented,20.055817713411365,28.565586208530384,12.474254794068958,34.950707540348006,1.128970835383605,9.799631741185577,14.588391227746538,2.372440533123239,3.1278446909807656,73.57348822696312,0.7891114756380787,25.29047449091047,0.2039916565322719,9.180542309032743,15.12622347957333,0.0740389767566976,12.341364470768204
/content/drive/MyDrive/Bharatanatyam_Digital_Twin/dataset/posture_images/extracted/new_Dataset/Nataraj Augmented/dr_3_7569.jpg,dr_3_7569.jpg,Nataraj Augmented,28.627149544617936,13.252333093418073,48.85850855182309,15.127393324813646,150.18993090137792,49.250775674698936,65.8566521131784,3.0251462305124903,39.62865244508484,69.65501170746927,9.878541815629232,54.69744278518536,0.1093814722192508,25.043436827339264,44.52395361204562,0.2400283457892119,30.366328524182958
/content/drive/MyDrive/Bharatanatyam_Digital_Twin/dataset/posture_images/extracted/new_Dataset/Nataraj Augmented/dr_3_7641.jpg,dr_3_7641.jpg,Nataraj Augmented,8.836673706819369,33.497109175532096,3.017055226209113,23.60280295708272,33.186664076970054,1.774918244245097,15.395360126126748,5.844177599641811,11.373250917009154,63.002717450365424,9.332394176535528,30.64768898282448,0.209893401670997,9.802857011571874,16.912282022311423,0.1754386666607399,12.32085034574346
/content/drive/MyDrive/Bharatanatyam_Digital_Twin/dataset/posture_images/extracted/new_Dataset/Nataraj Augmented/dr_3_7668.jpg,dr_3_7668.jpg,Nataraj Augmented,11.859347108370812,33.0951677107968,15.503825763060744,45.26057777582312,12.056456162438495,12.589068178378302,21.352481969925165,10.269102427969443,10.754305936100138,66.74773429459626,5.339835635281299,21.343523987350057,0.2316116362499889,11.428819065678368,21.489157502720666,0.0489564952470273,12.748343199067406
/content/drive/MyDrive/Bharatanatyam_Digital_Twin/dataset/posture_images/extracted/new_Dataset/Nataraj Augmented/dr_3_7865.jpg,dr_3_7865.jpg,Nataraj Augmented,16.475899789363197,23.35831197082706,23.599276858144485,26.070371482661976,11.858107011673331,13.24024052448226,18.691998969240515,4.934428874537852,0.5915617145159999,82.25159467356632,5.1666851394624285,26.262218251718963,0.1964983766630065,6.982307079973072,14.706210204359737,0.0830717637478021,6.15763927181168
/content/drive/MyDrive/Bharatanatyam_Digital_Twin/dataset/posture_images/extracted/new_Dataset/Nataraj Augmented/dr_3_8401.jpg,dr_3_8401.jpg,Nataraj Augmented,16.12393340241387,7.568816655056125,36.48758112943287,14.850445147253527,38.04227126313272,8.354288616583963,24.43364653910077,32.605924579130765,46.91942746420637,76.24703298526073,31.61751716334254,31.56396707647793,0.1369479721189507,8.483856883654886,12.199362391784495,0.2841353424298661,12.968072916750296
/content/drive/MyDrive/Bharatanatyam_Digital_Twin/dataset/posture_images/extracted/new_Dataset/Nataraj Augmented/dr_3_8537.jpg,dr_3_8537.jpg,Nataraj Augmented,16.4751393057385,26.517864151451136,35.09020027345608,41.53697245674911,25.77623839356047,4.70545616070758,26.77721682111831,20.676420610421435,16.638045233211677,89.56999072119385,14.411659253095264,28.959849010642586,0.2060175032767361,7.82186748413675,15.471984826587938,0.0863988897064073,7.907218736115905
/content/drive/MyDrive/Bharatanatyam_Digital_Twin/dataset/posture_images/extracted/new_Dataset/Nataraj Augmented/dr_3_8627.jpg,dr_3_8627.jpg,Nataraj Augmented,5.080150592929591,29.7598668242144,15.06155159673429,43.70595843838006,1.0325716029483794,1.8817616316903127,15.42046081743826,5.948374972869914,9.325275115380776,69.46328733625458,4.371061035104852,26.82043683941268,0.2287631679658317,11.18605960085003,17.044711213868922,0.215941529613414,16.297526059067756
/content/drive/MyDrive/Bharatanatyam_Digital_Twin/dataset/posture_images/extracted/new_Dataset/Nataraj Augmented/dr_3_8703.jpg,dr_3_8703.jpg,Nataraj Augmented,20.269760524254053,24.637750137632985,1.2103921045886743,37.1961613595112,4.517991213043391,2.187800790481589,11.278086366906216,18.02088923428313,18.195542010454933,87.23053496406543,15.547260028416966,30.41540580785896,0.1874134240909112,10.420414612751369,14.340992005019013,0.0594416517469199,16.860810181488176
/content/drive/MyDrive/Bharatanatyam_Digital_Twin/dataset/posture_images/extracted/new_Dataset/Nataraj Augmented/dr_3_9531.jpg,dr_3_9531.jpg,Nataraj Augmented,21.590856265352436,32.57254642032319,3.872632839100807,46.74745497429423,20.327963342506848,3.4465884454864835,18.59865990034709,17.892601793215793,14.040367434790284,86.21733715857185,15.878465382559662,28.39124570065164,0.1784323205454276,11.825547861679246,17.95167145146878,0.0587773138592804,17.466194819709678
/content/drive/MyDrive/Bharatanatyam_Digital_Twin/dataset/posture_images/extracted/new_Dataset/Nataraj Augmented/dr_3_9724.jpg,dr_3_9724.jpg,Nataraj Augmented,13.417457209553916,35.946398404681304,5.196020078211426,52.73938990295747,7.106747585376261,0.5130946947576909,16.388813065325714,3.428567916865603,5.777456206094627,73.00850170489393,1.4249576073350794,24.05633548929148,0.2479220656864844,13.759282392991258,19.23171224666669,0.1317672682646632,21.914367664042413
/content/drive/MyDrive/Bharatanatyam_Digital_Twin/dataset/posture_images/extracted/new_Dataset/Nataraj Augmented/dr_3_9862.jpg,dr_3_9862.jpg,Nataraj Augmented,11.176705330628323,22.110453878310622,15.522110529721042,23.49236614678462,47.666193195557504,4.86224250992143,22.88572809549615,18.943956544114823,10.86952704816531,89.13628637581908,12.870776113216571,28.064068446674263,0.2094578887954912,9.133404451918134,15.641487105004204,0.1486951732349814,11.610031077515211
/content/drive/MyDrive/Bharatanatyam_Digital_Twin/dataset/posture_images/extracted/new_Dataset/Nataraj Augmented/dr_3_993.jpg,dr_3_993.jpg,Nataraj Augmented,6.320360776152938,27.159211365124072,5.541387906578844,24.09893456380775,18.717955850178125,11.849991672942464,15.052067498376797,9.830607120363162,1.7827688558122692,80.30542131089862,9.781176511934738,33.68151640199655,0.171926106192773,7.574657124460377,12.842816470436128,0.0842408469229902,9.796914056022016
/content/drive/MyDrive/Bharatanatyam_Digital_Twin/dataset/posture_images/extracted/new_Dataset/Nataraj Augmented/dr_3_9956.jpg,dr_3_9956.jpg,Nataraj Augmented,13.426858846077884,26.78251497809883,29.434258013510533,28.982103794397045,20.644326387001044,2.0552018298996875,20.27897250620208,6.722008314221995,4.871940045929392,76.78784130453293,12.889097758237492,35.32718380591688,0.1835469478986837,7.9903662293898465,17.748821466891275,0.0765775315947148,6.145699689683548
/content/drive/MyDrive/Bharatanatyam_Digital_Twin/dataset/posture_images/extracted/new_Dataset/Nataraj Augmented/dr_3_9985.jpg,dr_3_9985.jpg,Nataraj Augmented,22.64013083800461,30.70163545334111,22.79880795283024,55.97797242941,10.69867347673467,11.132536430397218,25.151997572343028,0.3844692807539331,1.8754169542635,63.06552346312268,1.8022864497191209,36.57396839500812,0.1666820581062807,10.733752983780702,22.33846669149314,0.058976387248481,9.803815872600486
/content/drive/MyDrive/Bharatanatyam_Digital_Twin/dataset/posture_images/extracted/new_Dataset/Nataraj Augmented/dr_4_1341.jpg,dr_4_1341.jpg,Nataraj Augmented,15.128445584908548,31.926489639915964,6.027396006798551,22.724551408173607,23.44420116489725,18.11997541869968,17.579030999642274,5.192723938324747,5.713289572768417,53.38045164138141,1.9920567010583816,25.817013031117742,0.1972026813111468,11.736366247630611,23.428669480232323,0.1465804001655314,11.633848862493982
/content/drive/MyDrive/Bharatanatyam_Digital_Twin/dataset/posture_images/extracted/new_Dataset/Nataraj Augmented/dr_4_1792.jpg,dr_4_1792.jpg,Nataraj Augmented,21.094627579612954,30.370274875885386,24.733839216566768,49.39501125761498,27.88112056768595,28.847959964585584,32.714482751613325,23.13872929794809,40.65854777985993,14.774005178404508,40.65347395244832,56.01820478949231,0.2294971089691982,12.485661153656382,24.08718131519366,0.2058727570604899,13.163929388714998
/content/drive/MyDrive/Bharatanatyam_Digital_Twin/dataset/posture_images/extracted/new_Dataset/Nataraj Augmented/dr_4_1978.jpg,dr_4_1978.jpg,Nataraj Augmented,19.26605158819953,15.390848107260382,7.867552559982073,15.533288105333712,6.314138857878751,21.971495869664288,12.921618848214706,21.879672068423872,14.285605682083483,11.569741383599876,3.7224167983821546,20.21931647350202,0.2265156519789428,12.417016405955456,19.91662487457708,0.2423379981617386,17.092086345127555
/content/drive/MyDrive/Bharatanatyam_Digital_Twin/dataset/posture_images/extracted/new_Dataset/Nataraj Augmented/dr_4_2294.jpg,dr_4_2294.jpg,Nataraj Augmented,17.669245490937065,31.492310546512762,33.934426783176974,4.817776377788707,35.72262984302565,21.643629992069165,24.029615749015125,16.598038055556568,19.97517417435508,80.09720527999923,8.01365424697831,18.56054590345281,0.2161247924813045,14.637342623424026,26.637406331492464,0.3093105946260758,16.965310944153536
/content/drive/MyDrive/Bharatanatyam_Digital_Twin/dataset/posture_images/extracted/new_Dataset/Nataraj Augmented/dr_4_2334.jpg,dr_4_2334.jpg,Nataraj Augmented,13.245179583878915,27.590069754109102,5.848436039101889,8.123870788391267,45.12971609548462,4.818065244906204,15.980022041970994,15.91412623987327,28.48685605537176,47.86607619269341,30.741981790811334,57.28307560641395,0.2305788018977987,14.28014713510805,25.367295087260977,0.1543809359773611,17.31876538208581
/content/drive/MyDrive/Bharatanatyam_Digital_Twin/dataset/posture_images/extracted/new_Dataset/Nataraj Augmented/dr_4_251.jpg,dr_4_251.jpg,Nataraj Augmented,29.831574744315475,35.58073620989496,7.631997077425424,14.453235035202422,28.11659714380078,24.014993147693342,18.554205601030493,9.26459426222442,24.4091478206652,7.988899302637037,29.11311918773341,56.93150536241821,0.2172479447266851,15.887740600062662,31.47677665696612,0.2429390019350906,15.943506141286768
/content/drive/MyDrive/Bharatanatyam_Digital_Twin/dataset/posture_images/extracted/new_Dataset/Nataraj Augmented/dr_4_2700.jpg,dr_4_2700.jpg,Nataraj Augmented,19.837412242963204,14.510263734865532,13.109486597544334,25.57571943483097,3.70991967702376,15.729635457821969,14.531190291805258,6.3979268278354615,5.14885695176202,59.24396058300982,1.233173783326475,24.67259931630637,0.1920909834060814,8.440043740195557,14.42577874992138,0.2368274491685962,10.657525021496696
/content/drive/MyDrive/Bharatanatyam_Digital_Twin/dataset/posture_images/extracted/new_Dataset/Nataraj Augmented/dr_4_335.jpg,dr_4_335.jpg,Nataraj Augmented,34.369948465126484,37.60864669298658,84.66669553641447,32.484406993743136,14.11080097954606,21.97605928986373,38.30949069989185,9.06385816062999,9.977270847526311,69.83725925506415,0.4059815981280147,40.84507530717623,0.2263673149765822,17.076404739118743,30.46607231694333,0.1282774042355305,20.634864496177368
/content/drive/MyDrive/Bharatanatyam_Digital_Twin/dataset/posture_images/extracted/new_Dataset/Nataraj Augmented/dr_4_3404.jpg,dr_4_3404.jpg,Nataraj Augmented,26.759945897110697,13.792524639817877,52.73518246382993,25.9934517611906,12.14430852732893,19.49238754394075,27.591332574072556,5.620625438604474,6.79180861875123,38.45522708482632,2.039676703670217,22.503656107816926,0.20203400033458,10.834812338145662,15.813510104405347,0.1730850778225984,16.51784183220904
/content/drive/MyDrive/Bharatanatyam_Digital_Twin/dataset/posture_images/extracted/new_Dataset/Nataraj Augmented/dr_4_3972.jpg,dr_4_3972.jpg,Nataraj Augmented,47.75576200795024,18.45014634952244,5.684043481000976,32.07883159180085,42.786876163547575,7.808945358572601,22.0896741487305,8.517970955775624,6.22103284638603,16.40411696108136,1.4887559776066577,36.87525237720355,0.1984422553773909,11.716232875984318,25.08683107666365,0.1999419251542762,9.86192562613503
/content/drive/MyDrive/Bharatanatyam_Digital_Twin/dataset/posture_images/extracted/new_Dataset/Nataraj Augmented/dr_4_4062.jpg,dr_4_4062.jpg,Nataraj Augmented,11.845954797512618,21.550301960074215,26.08881212458777,23.09148078977357,7.836059234827513,23.87337852633195,20.2224326688802,10.43897224573096,5.575129788175835,54.13002237423051,0.5345632608404074,20.69274680468301,0.2495491337707289,10.439397558969064,20.44765705542296,0.1564824682045729,10.714053153279655
/content/drive/MyDrive/Bharatanatyam_Digital_Twin/dataset/posture_images/extracted/new_Dataset/Nataraj Augmented/dr_4_4130.jpg,dr_4_4130.jpg,Nataraj Augmented,23.681888917581915,21.33624302618459,55.66059979399996,6.955228916594098,32.142977411135085,47.78798849505841,35.636698654196884,47.29062541377266,10.33752027080169,38.21452001075491,55.15489329484964,76.68675559207989,0.1439146474604506,16.710563962820192,24.312309486580247,0.3051295361845747,25.51425286569576
/content/drive/MyDrive/Bharatanatyam_Digital_Twin/dataset/posture_images/extracted/new_Dataset/Nataraj Augmented/dr_4_434.jpg,dr_4_434.jpg,Nataraj Augmented,39.712824157331255,19.781918258099502,16.066741473771696,24.42599781731959,21.66012274539977,13.702443479395582,18.96382637897166,7.7348482095157856,1.1252022876474492,64.82020438846494,8.825856988454463,19.86921109982321,0.2578954528900614,10.086200301181504,21.582425280477743,0.0674578428802644,8.608717780186502
/content/drive/MyDrive/Bharatanatyam_Digital_Twin/dataset/posture_images/extracted/new_Dataset/Nataraj Augmented/dr_4_4717.jpg,dr_4_4717.jpg,Nataraj Augmented,21.248414332305757,15.7907196519064,9.33341293445998,28.25321647017504,13.496774312295202,12.064408644544644,15.786953090368716,10.16198019437556,8.718096489450431,51.65253763099565,7.401447433973723,22.48123553380427,0.2067287996052079,7.657729400746685,13.667081246703887,0.1555367323774395,9.150570223158727
/content/drive/MyDrive/Bharatanatyam_Digital_Twin/dataset/posture_images/extracted/new_Dataset/Nataraj Augmented/dr_4_4789.jpg,dr_4_4789.jpg,Nataraj Augmented,53.1342993042403,46.21758281019657,86.91386003633374,78.51255077812502,25.222601274515853,7.219763751797731,49.467193960193086,1.803338469821619,6.08042748701078,49.22371194819343,19.059587784437216,23.176950889529124,0.1603788542087694,19.604793278015425,34.8826351977196,0.2369173163563623,23.69482731997032
/content/drive/MyDrive/Bharatanatyam_Digital_Twin/dataset/posture_images/extracted/new_Dataset/Nataraj Augmented/dr_4_4893.jpg,dr_4_4893.jpg,Nataraj Augmented,18.951336697903535,20.799564039425512,10.206053041300327,33.58041155029529,7.081335865051465,26.03991416904642,19.22692865642337,15.204251505589385,12.560112635485638,48.17970383533515,2.461754881489948,30.722477029681063,0.1752669653558255,11.084929481644968,19.86196128592269,0.2484069351492292,13.144420223862983
/content/drive/MyDrive/Bharatanatyam_Digital_Twin/dataset/posture_images/extracted/new_Dataset/Nataraj Augmented/dr_4_5248.jpg,dr_4_5248.jpg,Nataraj Augmented,21.41900489560829,15.13975760786199,19.79332357387545,28.554079434671447,30.155184169386978,10.714418723296962,22.304251475307712,5.179403960451501,3.793788243426425,6.894034913843466,0.5152488472144114,33.57454566431572,0.2134442804599644,6.823356531284727,15.563991233240992,0.1977623450530705,4.708316015560117
/content/drive/MyDrive/Bharatanatyam_Digital_Twin/dataset/posture_images/extracted/new_Dataset/Nataraj Augmented/dr_4_5291.jpg,dr_4_5291.jpg,Nataraj Augmented,32.6233806088474,23.39286687011763,55.45906447614984,34.1062742416342,5.6550872008418125,4.606142042056595,24.956641990170613,12.819069696181543,10.110458757716115,29.69213103382083,15.949277874704428,36.1497122813714,0.1872724314334243,13.72305212303538,22.088234553408647,0.3007132955838454,18.780208520113646
/content/drive/MyDrive/Bharatanatyam_Digital_Twin/dataset/posture_images/extracted/new_Dataset/Nataraj Augmented/dr_4_5461.jpg,dr_4_5461.jpg,Nataraj Augmented,22.40976894961468,12.024155390140734,45.30907034387033,18.88924091729367,6.816945156609966,16.03336025623527,21.76215416850231,16.13925644453264,10.393930171610805,22.67811995644421,12.982034222325584,36.04533789477607,0.1905514802222032,9.971124617458283,14.89975082979976,0.1630338008434625,14.850589221731637
/content/drive/MyDrive/Bharatanatyam_Digital_Twin/dataset/posture_images/extracted/new_Dataset/Nataraj Augmented/dr_4_5524.jpg,dr_4_5524.jpg,Nataraj Augmented,18.429667830424044,24.4009641232535,15.229655389734992,32.036490948964584,9.139398797942256,23.89548939490547,20.075258632886825,23.818103161609884,23.8026724277062,18.055579543311723,36.88928321906872,53.05500751196159,0.1709875085471518,11.763379628899642,22.758144520805523,0.0756172286993222,12.456377137194083
/content/drive/MyDrive/Bharatanatyam_Digital_Twin/dataset/posture_images/extracted/new_Dataset/Nataraj Augmented/dr_4_6018.jpg,dr_4_6018.jpg,Nataraj Augmented,41.22175338645809,24.491272668312888,89.34779544948233,41.93772525322951,2.742761741910825,24.463111282903945,39.62284843188165,8.73793427213798,7.224433909061173,39.71066799428689,14.131983986833584,45.12167589349859,0.1874482905609764,13.956702452053278,22.21412668222677,0.1217930902778315,19.53418758365524
/content/drive/MyDrive/Bharatanatyam_Digital_Twin/dataset/posture_images/extracted/new_Dataset/Nataraj Augmented/dr_4_6032.jpg,dr_4_6032.jpg,Nataraj Augmented,16.19132190381724,11.10958036196402,32.986500490573164,9.894025771965609,3.783806849129813,6.233268229720052,13.22440033534716,0.8675242081079837,0.5639392274662048,44.27248072082314,0.3799093787321078,37.1898609584959,0.1689943568029497,10.204374505985417,14.283746795093652,0.1876319010424519,16.14174482182014
/content/drive/MyDrive/Bharatanatyam_Digital_Twin/dataset/posture_images/extracted/new_Dataset/Nataraj Augmented/dr_4_6056.jpg,dr_4_6056.jpg,Nataraj Augmented,49.25151504807027,34.749199882779656,16.370787379018203,32.30890519649748,6.1103605730513255,15.242382132988435,17.508108820388863,8.3768794901301,10.354005152275455,32.46108279362131,20.96269024008415,42.05519215661722,0.2304002427833801,14.58746517698342,32.0020494163129,0.0722726790323282,11.688073435605023
/content/drive/MyDrive/Bharatanatyam_Digital_Twin/dataset/posture_images/extracted/new_Dataset/Nataraj Augmented/dr_4_6058.jpg,dr_4_6058.jpg,Nataraj Augmented,15.075448764029886,26.951161200259996,15.678184430034412,8.974084864803505,4.071688530655653,1.2612567860151518,7.496303652877181,58.351063465846686,62.834871099329,65.81532327772997,53.97933735010063,45.519557536953165,0.1346241634217782,16.346943650416765,30.73239461336676,0.1464130263842505,18.162023311499293
/content/drive/MyDrive/Bharatanatyam_Digital_Twin/dataset/posture_images/extracted/new_Dataset/Nataraj Augmented/dr_4_6067.jpg,dr_4_6067.jpg,Nataraj Augmented,40.990179587430276,36.38037910742995,4.638439282364299,7.401712182267824,7.05818524791267,15.192437302437442,8.572693503745558,8.928857173728545,13.32756452508596,12.86688225601597,16.746227464456222,46.816387510021706,0.2315593797668929,17.25433918389722,33.151972268162545,0.2439868701453276,18.36705841338378
/content/drive/MyDrive/Bharatanatyam_Digital_Twin/dataset/posture_images/extracted/new_Dataset/Nataraj Augmented/dr_4_6408.jpg,dr_4_6408.jpg,Nataraj Augmented,12.569262588158253,34.1812510748662,8.140807894093955,27.34814621510997,8.56500189604463,19.29182421476873,15.836445055004322,22.32953248793288,15.020085416849668,60.755174368059954,6.309535343991432,10.215705810754518,0.2240403950174207,11.495849594661053,23.249005149006884,0.0970851857618879,11.141458449214388
/content/drive/MyDrive/Bharatanatyam_Digital_Twin/dataset/posture_images/extracted/new_Dataset/Nataraj Augmented/dr_4_6458.jpg,dr_4_6458.jpg,Nataraj Augmented,41.55552579147788,21.686389105917264,4.810385742288929,37.15381981445855,1.770616681697181,26.546391632194176,17.57030346765971,9.095722725543991,4.9895767841669,37.46799851515794,17.75186251881594,48.865932206672895,0.2085035740958275,13.582559870363554,23.800980051730196,0.2121186300965458,16.73458092926392
/content/drive/MyDrive/Bharatanatyam_Digital_Twin/dataset/posture_images/extracted/new_Dataset/Nataraj Augmented/dr_4_6463.jpg,dr_4_6463.jpg,Nataraj Augmented,23.43654684794882,28.860287693794113,5.714394334141941,29.47466977907923,14.996734362385087,14.811170202391793,16.249242169499514,4.870973705843852,8.05611366077796,15.57995519977998,9.76149769408904,29.03690429803643,0.2450911729803411,10.826757096979412,20.395084763197563,0.2555707960362223,11.829615731704449
/content/drive/MyDrive/Bharatanatyam_Digital_Twin/dataset/posture_images/extracted/new_Dataset/Nataraj Augmented/dr_4_6486.jpg,dr_4_6486.jpg,Nataraj Augmented,27.018902119099643,23.70309528103092,14.764993219000958,36.154405372337536,27.630894677630955,19.54127036623584,24.52289090880132,18.026608767303912,10.816729456517464,68.16684787081627,5.418202780063241,14.071836151663751,0.2200160907660694,10.958693002218835,22.36188332333093,0.1659842392724233,10.348211444053147
/content/drive/MyDrive/Bharatanatyam_Digital_Twin/dataset/posture_images/extracted/new_Dataset/Nataraj Augmented/dr_4_6649.jpg,dr_4_6649.jpg,Nataraj Augmented,74.59415748738986,53.72371536004185,73.42148786051797,79.29017484602696,2.40882246581462,16.311549329801426,42.85800862554024,2.639872836259116,0.2891240306075247,41.559292301818175,10.677099346665456,27.84277318090633,0.1746475110515925,17.906360440644637,46.42830029672453,0.1030330491532144,7.187747976056167
/content/drive/MyDrive/Bharatanatyam_Digital_Twin/dataset/posture_images/extracted/new_Dataset/Nataraj Augmented/dr_4_6863.jpg,dr_4_6863.jpg,Nataraj Augmented,41.635227306337015,26.88823145910004,1.3417083116846005,41.879939307085486,10.176200602691257,5.66895331708413,14.766700384636367,3.7486746294730153,0.0166383692544798,44.83475761750361,11.02694632251136,56.11985613882611,0.1722391507624008,13.125640190518174,22.32133429204238,0.1268137105416988,16.928772568970437
/content/drive/MyDrive/Bharatanatyam_Digital_Twin/dataset/posture_images/extracted/new_Dataset/Nataraj Augmented/dr_4_7280.jpg,dr_4_7280.jpg,Nataraj Augmented,30.00619457492182,17.776658237676244,7.63421779605735,23.1627992647392,4.418485717843184,25.95215676413633,15.291914885694016,7.931505289691557,4.531474054476519,45.94906741623382,1.179436176296779,27.695574162775596,0.2148295856226751,12.89933110429695,22.36285893606498,0.2283507925852749,16.106783584240596
/content/drive/MyDrive/Bharatanatyam_Digital_Twin/dataset/posture_images/extracted/new_Dataset/Nataraj Augmented/dr_4_781.jpg,dr_4_781.jpg,Nataraj Augmented,8.202914977790826,34.87100976485011,9.174723624921867,2.937186353255453,45.308804394599726,17.827397833014007,18.812028051447765,14.446798814535017,15.372026916584248,68.97963642387631,1.0459300402278369,17.86533428069113,0.2212083254486038,14.519836598400689,25.98224353236468,0.1157485271852211,17.461517735652162
/content/drive/MyDrive/Bharatanatyam_Digital_Twin/dataset/posture_images/extracted/new_Dataset/Nataraj Augmented/dr_4_8148.jpg,dr_4_8148.jpg,Nataraj Augmented,9.268900785586347,39.263959643344144,23.4563528667292,17.1061875701281,32.30046947721986,20.964287063804,23.45682424447029,2.236753691220628,5.506248836006193,41.931793070190594,19.49459313423636,45.19033678187071,0.218154335025566,12.292562679431464,26.62199328823482,0.1666690136032232,10.089025736456351
/content/drive/MyDrive/Bharatanatyam_Digital_Twin/dataset/posture_images/extracted/new_Dataset/Nataraj Augmented/dr_4_8203.jpg,dr_4_8203.jpg,Nataraj Augmented,18.813976084978677,35.87557476228086,1.275888027657183,39.08972304299987,23.74039685977753,11.80536684353893,18.97784369349338,4.7272800672065785,6.9778534648568495,75.00904891791521,1.3542550268613576,23.57627487155602,0.2554658607570585,11.817417287120378,21.41514575319951,0.191125411678745,13.84598069648288
/content/drive/MyDrive/Bharatanatyam_Digital_Twin/dataset/posture_images/extracted/new_Dataset/Nataraj Augmented/dr_4_8251.jpg,dr_4_8251.jpg,Nataraj Augmented,39.73274002713811,46.12740265223714,20.211836077675816,55.21523097632341,15.992806585478004,8.893624939336833,25.07837464470352,9.829728184437393,4.0663626555144825,39.61477510826021,3.387656785976367,35.462006231293614,0.1666677396775791,11.720917760834624,31.353860073541146,0.200264579126541,3.6086286298361903
/content/drive/MyDrive/Bharatanatyam_Digital_Twin/dataset/posture_images/extracted/new_Dataset/Nataraj Augmented/dr_4_8446.jpg,dr_4_8446.jpg,Nataraj Augmented,26.284686837001658,39.46906024544536,4.866711972815555,13.586933073634222,27.07003717965947,18.816672083387637,16.08508857737422,4.129251278961732,5.88930421166836,42.2733021166078,3.897381147814486,35.675713771135214,0.2302609350314206,15.484785564420996,30.65259385370229,0.2075163918096013,15.594246447751091
/content/drive/MyDrive/Bharatanatyam_Digital_Twin/dataset/posture_images/extracted/new_Dataset/Nataraj Augmented/dr_4_8636.jpg,dr_4_8636.jpg,Nataraj Augmented,41.64064530795645,42.143644750566985,99.61231506755207,23.104646818556446,0.1690214615238481,9.909791409882809,33.198943689378794,2.090519649961792,7.643903802202335,48.81580172965232,3.085224049435752,27.077586678870887,0.2065840238188021,19.579880767978512,31.54430597048468,0.113541352734297,27.08179498071656
/content/drive/MyDrive/Bharatanatyam_Digital_Twin/dataset/posture_images/extracted/new_Dataset/Nataraj Augmented/dr_4_8682.jpg,dr_4_8682.jpg,Nataraj Augmented,8.495841060230568,20.479257141596726,11.649365028480306,24.52194332447845,35.03888145819732,6.93600951284547,19.536549831000382,5.985182151235707,3.4437042311160537,45.66656870619541,1.574160999074684,23.0991997968658,0.2234314194533678,9.38009696134189,19.3229062954126,0.1662914026444359,8.651093185968632
/content/drive/MyDrive/Bharatanatyam_Digital_Twin/dataset/posture_images/extracted/new_Dataset/Nataraj Augmented/dr_4_8747.jpg,dr_4_8747.jpg,Nataraj Augmented,56.85252524697947,17.344989743681758,17.00723737072296,37.52045652049758,16.180932216198944,18.80416089953425,22.378196751738432,5.034849414575575,2.35071801203668,47.265524623614965,8.066294290120616,22.16605716805629,0.2212437807220811,10.9636466839207,22.702104402981497,0.2204676960943526,9.96836795268625
/content/drive/MyDrive/Bharatanatyam_Digital_Twin/dataset/posture_images/extracted/new_Dataset/Nataraj Augmented/dr_4_8785.jpg,dr_4_8785.jpg,Nataraj Augmented,43.207769913345,27.29136746526946,8.361261086620694,33.686476208163256,14.126260060570106,18.864128282484884,18.759531409459733,8.99076245702932,11.729981545002945,57.13937314631163,10.143161117138463,19.55027040560445,0.1932140154642887,12.904045059371066,27.59013423718627,0.1952456258647589,10.926755315062175
/content/drive/MyDrive/Bharatanatyam_Digital_Twin/dataset/posture_images/extracted/new_Dataset/Nataraj Augmented/dr_4_8940.jpg,dr_4_8940.jpg,Nataraj Augmented,62.759351493672085,18.780556332048235,57.5753938738642,10.80732414782922,14.513610269203523,14.245219401665716,24.285386923140663,3.992212051620081,16.906217396913448,11.387159190534938,20.004635907136198,63.79456599924195,0.1849981337512926,13.85931985032898,30.944076202014507,0.2090936009185064,10.424789748053923
/content/drive/MyDrive/Bharatanatyam_Digital_Twin/dataset/posture_images/extracted/new_Dataset/Nataraj Augmented/dr_4_8959.jpg,dr_4_8959.jpg,Nataraj Augmented,25.407002176446156,47.91560580407893,10.166580405705169,7.317561609314427,73.02497672360899,7.906924250034329,24.604010747165724,14.288431825848557,6.957062012296738,22.05528902036512,2.2785475288264405,22.977883915557083,0.186749903352397,15.840279503951338,33.48223786876177,0.2181565077260418,13.820444135366204
/content/drive/MyDrive/Bharatanatyam_Digital_Twin/dataset/posture_images/extracted/new_Dataset/Nataraj Augmented/dr_4_8984.jpg,dr_4_8984.jpg,Nataraj Augmented,21.087362398933372,19.657951761195143,40.80279433346335,18.11335767501811,13.825323558960656,8.497974446377276,20.30986250345485,6.162431949621878,7.719563389196884,56.29318700898264,5.694947907070807,28.307110645886155,0.1610919101804421,10.732197542308748,17.940416643274624,0.2648999707911982,13.99127601286042
/content/drive/MyDrive/Bharatanatyam_Digital_Twin/dataset/posture_images/extracted/new_Dataset/Nataraj Augmented/dr_4_9075.jpg,dr_4_9075.jpg,Nataraj Augmented,28.643924512750104,39.5178916959213,10.005789949117672,13.44249934242519,23.50076207739753,6.0038659530872005,13.238229330506895,11.233242178701577,2.8596418730009554,44.63353209656621,12.008332349223435,56.4870265005506,0.1463529186362132,15.101152334391378,30.99773825371089,0.1614802396056099,14.144238509857631
/content/drive/MyDrive/Bharatanatyam_Digital_Twin/dataset/posture_images/extracted/new_Dataset/Nataraj Augmented/dr_4_9396.jpg,dr_4_9396.jpg,Nataraj Augmented,48.277361032183464,21.09556325180386,16.322254405944317,19.718242478018137,14.203197237105966,13.803628293587764,16.01183060366405,7.256787882346231,4.804357759409243,43.8402633784587,2.603056197681141,27.63687754417686,0.2107140299935416,11.842388430743789,27.181215059356607,0.2133612120495222,8.132589020825229
/content/drive/MyDrive/Bharatanatyam_Digital_Twin/dataset/posture_images/extracted/new_Dataset/Nataraj Augmented/dr_4_948.jpg,dr_4_948.jpg,Nataraj Augmented,43.82126990902011,34.006735571937504,47.758413985145154,11.075628125906432,25.35194017545821,30.51770541556621,28.675921925519003,19.613871538125604,15.28495171811992,13.284837840538383,14.792058910562703,24.891207411808303,0.2883620131683018,16.517097394484548,33.88512404854692,0.1635523457857251,15.502615789120991
/content/drive/MyDrive/Bharatanatyam_Digital_Twin/dataset/posture_images/extracted/new_Dataset/Nataraj Augmented/dr_4_9783.jpg,dr_4_9783.jpg,Nataraj Augmented,45.12951342843111,47.473348494552226,0.4706407317590994,42.497803141337904,17.12419122554435,7.985470870114156,17.019526492188877,13.464635715663944,0.1422204640305722,33.25475927385597,2.688802229763517,29.75501822416769,0.1788073445237142,16.15057654012026,36.18467051908854,0.2409623729791801,12.02609672829306
/content/drive/MyDrive/Bharatanatyam_Digital_Twin/dataset/posture_images/extracted/new_Dataset/Nataraj Augmented/dr_5_1225.jpg,dr_5_1225.jpg,Nataraj Augmented,47.476809605200636,47.25949210245706,126.67052904782024,28.996590053485185,30.570018602105947,23.71081748396812,52.48698879684487,84.9084628457095,67.58192553111282,21.964925588884856,3.438685193866432,29.853328416053287,0.2354657695005723,18.05976273977957,30.987400137888013,0.0927409999290815,23.099147081521608
/content/drive/MyDrive/Bharatanatyam_Digital_Twin/dataset/posture_images/extracted/new_Dataset/Nataraj Augmented/dr_5_1279.jpg,dr_5_1279.jpg,Nataraj Augmented,25.65117788298929,35.27792596009047,32.74420245142664,53.336355045578735,34.64187130041519,9.248907056587868,32.49283396350211,85.91028185343501,86.27488024598844,84.35676188543297,10.5290648167538,21.70968477145788,0.216829196256439,15.396917663809845,29.252866405059414,0.0852084932314835,16.852678093138632
/content/drive/MyDrive/Bharatanatyam_Digital_Twin/dataset/posture_images/extracted/new_Dataset/Nataraj Augmented/dr_5_1659.jpg,dr_5_1659.jpg,Nataraj Augmented,18.30328462263001,23.077929595913346,26.844378934848013,37.3324398719638,36.54108007826948,42.29161237143135,35.75237781412816,39.88608660960613,59.669659706967465,87.91440506914272,24.81902998066572,36.41194166752439,0.1818247854984596,11.23933370841744,22.948653771912905,0.0565292635553617,10.712818089784058
/content/drive/MyDrive/Bharatanatyam_Digital_Twin/dataset/posture_images/extracted/new_Dataset/Nataraj Augmented/dr_5_1857.jpg,dr_5_1857.jpg,Nataraj Augmented,21.618841191678886,29.41452569866165,32.46330245995603,54.50548231697362,56.81212442318602,34.83599588056063,44.65422627016908,89.20371752708722,73.19767191670618,88.06559761163942,21.53354137740745,34.30963561791656,0.2055626015926012,16.77898646843636,31.24139976838904,0.09172204896341,19.00383758795665
/content/drive/MyDrive/Bharatanatyam_Digital_Twin/dataset/posture_images/extracted/new_Dataset/Nataraj Augmented/dr_5_2127.jpg,dr_5_2127.jpg,Nataraj Augmented,23.099389047380463,37.32520396710271,30.339664353675573,64.85995299049306,53.666699360302985,17.65700818421406,41.63083122217142,69.25630796551283,87.78144036132689,78.67590127908473,14.637854132426224,26.59504351275816,0.1935353424174782,15.158372931017556,29.33648725353041,0.1416793630164179,15.996952176505832
/content/drive/MyDrive/Bharatanatyam_Digital_Twin/dataset/posture_images/extracted/new_Dataset/Nataraj Augmented/dr_5_238.jpg,dr_5_238.jpg,Nataraj Augmented,20.45888883241363,43.26117696721876,25.830153543608187,78.50124973064204,68.18581561839778,14.118884003159016,46.65902572395176,65.29118259515036,52.88293464475568,56.816656316807,7.4851077564159745,28.93866020225863,0.1869647804144025,19.848485603266383,34.652100205351545,0.1464188762416747,24.746937728205943
/content/drive/MyDrive/Bharatanatyam_Digital_Twin/dataset/posture_images/extracted/new_Dataset/Nataraj Augmented/dr_5_2706.jpg,dr_5_2706.jpg,Nataraj Augmented,32.144856980908486,34.15330876996547,55.6556969924283,56.5818116077764,32.72233769172124,43.624420853060975,47.14606678624673,73.97818037795969,80.58083949454192,71.27120212796389,0.7004780044869859,21.163933529009636,0.2225494553139913,18.94968371239308,32.75552107731349,0.0977886687690068,23.99574139109675
/content/drive/MyDrive/Bharatanatyam_Digital_Twin/dataset/posture_images/extracted/new_Dataset/Nataraj Augmented/dr_5_2831.jpg,dr_5_2831.jpg,Nataraj Augmented,28.88439324488268,35.803731107148174,39.09802884010704,52.90223029281782,41.35063640383935,40.017644070393125,43.342134901789336,82.53890282529083,84.00070886679543,72.5173396746383,0.5433207560663981,19.52639851262169,0.2351696576179627,17.710089421025323,30.20245017173216,0.0768076878139453,22.851010403529862
/content/drive/MyDrive/Bharatanatyam_Digital_Twin/dataset/posture_images/extracted/new_Dataset/Nataraj Augmented/dr_5_298.jpg,dr_5_298.jpg,Nataraj Augmented,27.441999337241278,33.82999009903799,46.821331433591965,61.05665133391577,20.24398820276652,24.36337104865291,38.12133550473179,62.658262058284095,68.9239083768479,87.69061501989269,18.187023066131463,30.30907728171129,0.1946998770306398,15.75233002263109,29.24776492511681,0.0856247750658518,17.923600367710605
/content/drive/MyDrive/Bharatanatyam_Digital_Twin/dataset/posture_images/extracted/new_Dataset/Nataraj Augmented/dr_5_3020.jpg,dr_5_3020.jpg,Nataraj Augmented,28.523102677006968,40.00069189097527,50.56432906116467,70.17063508015922,53.38747273076786,55.94122252379169,57.51591484897086,59.78040289992889,88.46637053752664,85.82184948588235,14.57911586454616,25.23634413018328,0.2048962084585566,23.456591779750337,37.492826508479325,0.0924790283100404,32.78446980246164
/content/drive/MyDrive/Bharatanatyam_Digital_Twin/dataset/posture_images/extracted/new_Dataset/Nataraj Augmented/dr_5_3551.jpg,dr_5_3551.jpg,Nataraj Augmented,19.663043650312943,33.50191070094917,16.83612348942038,11.907734791212595,27.53324369953434,48.30576120540713,26.14571579639361,85.61291598596064,78.7103903326374,67.48484364596419,7.465486675485493,31.90345364954694,0.1990537339052555,15.499373061655582,27.421211812817766,0.156184646843917,18.920722725305065
/content/drive/MyDrive/Bharatanatyam_Digital_Twin/dataset/posture_images/extracted/new_Dataset/Nataraj Augmented/dr_5_3608.jpg,dr_5_3608.jpg,Nataraj Augmented,25.050078258854093,26.3233520433958,23.663761337387275,43.29330906271053,68.76305669379929,59.1853294551297,48.7263641372567,80.34184050578368,78.30898841926405,62.83328201162715,3.0150717716373068,27.32922630673426,0.1766042699255395,18.5990494443284,33.776705412117614,0.0927419251229999,21.92770099574458
/content/drive/MyDrive/Bharatanatyam_Digital_Twin/dataset/posture_images/extracted/new_Dataset/Nataraj Augmented/dr_5_383.jpg,dr_5_383.jpg,Nataraj Augmented,27.302205406370135,41.35877815763175,37.48491968528646,74.55548217766118,68.75202810069759,17.08934943569298,49.47044484983455,65.46683111874928,62.42782066754893,56.99997842278336,9.129038886471596,22.82153781281602,0.2180520056985793,19.89412370544009,33.51619755909346,0.1640991628649664,26.00207439436184
/content/drive/MyDrive/Bharatanatyam_Digital_Twin/dataset/posture_images/extracted/new_Dataset/Nataraj Augmented/dr_5_3842.jpg,dr_5_3842.jpg,Nataraj Augmented,5.357005945935548,14.623602061120215,14.81293995720662,30.68225596869881,45.37657475542005,14.353746124680672,26.30637920150154,44.80332327780624,33.40165669525649,48.69265276665146,3.961876866732651,14.72709860789184,0.2118340677383035,10.568890558632503,20.45050060970958,0.1232445087625681,11.132926557425368
/content/drive/MyDrive/Bharatanatyam_Digital_Twin/dataset/posture_images/extracted/new_Dataset/Nataraj Augmented/dr_5_4188.jpg,dr_5_4188.jpg,Nataraj Augmented,4.457639269724069,14.708038285785648,11.9713565121298,8.251301864328092,9.64178016640239,31.83704759120251,15.425371533515698,77.30115588401016,37.88619432938598,28.583635869995817,8.714672289727337,11.898870116656806,0.2191090247493199,12.486111318758423,20.001556981129035,0.2035375133005253,17.253239461845716
/content/drive/MyDrive/Bharatanatyam_Digital_Twin/dataset/posture_images/extracted/new_Dataset/Nataraj Augmented/dr_5_4428.jpg,dr_5_4428.jpg,Nataraj Augmented,20.344272562849014,33.61833166436157,32.62629395093932,64.23458435311996,59.40703530695552,42.38634665411266,49.66356506628186,89.92207027206746,85.83889976354658,71.73676458756614,7.573249694625176,26.222946042333483,0.1815750620133961,18.553440140119417,32.093357431364,0.1269073585170713,23.440055630477183
/content/drive/MyDrive/Bharatanatyam_Digital_Twin/dataset/posture_images/extracted/new_Dataset/Nataraj Augmented/dr_5_4705.jpg,dr_5_4705.jpg,Nataraj Augmented,30.165553480662,41.56334018047977,38.98999191700288,64.93065455846315,84.0624015568201,39.65879478539611,56.91046070442056,85.35475138099213,87.53521040157645,75.53971105128663,15.339003853261191,25.83430101036292,0.199821077380172,23.643584705302327,34.20187556820288,0.1431524419966984,36.5857261057074
/content/drive/MyDrive/Bharatanatyam_Digital_Twin/dataset/posture_images/extracted/new_Dataset/Nataraj Augmented/dr_5_5065.jpg,dr_5_5065.jpg,Nataraj Augmented,21.62614193401439,33.967506252745316,38.075524673998096,63.36272838845567,39.55221287685758,32.334055894659826,43.3311304584928,83.84341291355399,79.4184390376288,57.07179113849615,8.251132244413586,24.671384646832344,0.1908498168331934,15.41840508520339,28.63059899763126,0.099514026358177,17.525102231620732
/content/drive/MyDrive/Bharatanatyam_Digital_Twin/dataset/posture_images/extracted/new_Dataset/Nataraj Augmented/dr_5_5506.jpg,dr_5_5506.jpg,Nataraj Augmented,26.469098757002108,23.86197080127849,28.256369856632435,37.98599284011271,6.460762569815905,8.93901596437418,20.41053530773381,50.75580057013278,68.98750728088216,85.73673120513863,18.46725828566798,29.750275323085656,0.232321322195905,12.348283149562413,25.812399092643467,0.0857027167107946,11.146747639332974
/content/drive/MyDrive/Bharatanatyam_Digital_Twin/dataset/posture_images/extracted/new_Dataset/Nataraj Augmented/dr_5_5911.jpg,dr_5_5911.jpg,Nataraj Augmented,20.19718975489129,25.640162072326078,14.650180716408244,48.35493064919071,73.44635223406448,34.636916978518194,42.77209514454541,82.52725430230721,85.02998394367161,70.56047811642439,12.047641546850665,30.39775217081758,0.1792035595580299,16.600089826107222,31.65908055204084,0.1075237426855453,18.03366518359528
/content/drive/MyDrive/Bharatanatyam_Digital_Twin/dataset/posture_images/extracted/new_Dataset/Nataraj Augmented/dr_5_6072.jpg,dr_5_6072.jpg,Nataraj Augmented,20.924201672186385,34.751367298556865,32.87776690044092,64.69762055390083,57.32680307961222,33.64812903800015,47.137579892988526,89.94978292404213,75.92462424880773,68.16545055877226,6.661444894377375,26.752903320653942,0.2121550169887526,18.198499214537943,33.989142462381274,0.1166673952919934,20.48968778594056
/content/drive/MyDrive/Bharatanatyam_Digital_Twin/dataset/posture_images/extracted/new_Dataset/Nataraj Augmented/dr_5_6465.jpg,dr_5_6465.jpg,Nataraj Augmented,28.751721448342828,34.93454213100742,38.24313873720805,53.10358976523201,48.09498219789231,22.020906063014333,40.36565419083668,86.60926645753945,76.32626507353632,75.59041431903903,5.708565664473064,22.698368923135572,0.2396751468035515,17.053387384793883,27.508807096073827,0.0839853275697604,23.567369730738054
/content/drive/MyDrive/Bharatanatyam_Digital_Twin/dataset/posture_images/extracted/new_Dataset/Nataraj Augmented/dr_5_662.jpg,dr_5_662.jpg,Nataraj Augmented,29.575570738853273,52.348307774677124,41.02348053781967,88.35174802343893,64.29428899310197,43.76168467820658,59.35780055814178,51.94339149147655,47.18653988510045,47.48821158721526,15.021993094619068,29.24321130294743,0.2064808466732708,24.648805466753004,33.774933129841685,0.13434598456389,40.03713728585343
/content/drive/MyDrive/Bharatanatyam_Digital_Twin/dataset/posture_images/extracted/new_Dataset/Nataraj Augmented/dr_5_6699.jpg,dr_5_6699.jpg,Nataraj Augmented,22.27914484583495,40.4667240791194,28.91467597704841,68.8348801682882,76.57536757499857,28.50285878512441,50.70694562636489,88.17184993674886,63.88484172600873,69.08877554802068,8.487791390957094,29.776708336649083,0.2043664243502521,19.65668331881442,31.642105249447077,0.1621765485702723,27.165768158425912
/content/drive/MyDrive/Bharatanatyam_Digital_Twin/dataset/posture_images/extracted/new_Dataset/Nataraj Augmented/dr_5_6724.jpg,dr_5_6724.jpg,Nataraj Augmented,43.87481465325481,49.430841212985015,64.07287142938264,76.861989587228,56.05601567049519,16.656617757049315,53.41187361103879,80.10097331922783,89.88118072530578,68.53817063934626,0.9973953689796456,17.438281751451978,0.2371240114729186,23.748610339171563,36.55765842784059,0.1052393432578566,34.582933246416246
/content/drive/MyDrive/Bharatanatyam_Digital_Twin/dataset/posture_images/extracted/new_Dataset/Nataraj Augmented/dr_5_6985.jpg,dr_5_6985.jpg,Nataraj Augmented,27.585057404139306,44.83108279701573,37.44554181928494,75.31234967510952,84.97578197289266,47.71702983170382,61.36267582474774,75.26910363654865,62.220115094709904,63.68046410195568,3.7308121504728815,29.820098071692165,0.1985896265310457,24.645265668777427,33.72013350350598,0.1525101302279731,40.06315337259832
/content/drive/MyDrive/Bharatanatyam_Digital_Twin/dataset/posture_images/extracted/new_Dataset/Nataraj Augmented/dr_5_7316.jpg,dr_5_7316.jpg,Nataraj Augmented,27.43863821375455,22.98907013259275,49.680948637051664,38.694775213850114,33.69144322536775,32.77536481626736,38.710632973134224,78.09872303579014,86.3119282480087,63.79523461271828,6.081054054680748,20.445619394225105,0.2205942981259943,13.543222467439827,27.252984624328207,0.0676113205843493,13.309071457406928
/content/drive/MyDrive/Bharatanatyam_Digital_Twin/dataset/posture_images/extracted/new_Dataset/Nataraj Augmented/dr_5_7351.jpg,dr_5_7351.jpg,Nataraj Augmented,26.82237627506168,44.21579378702265,36.14482169905229,73.40730506129538,29.72671583295795,23.82091270460333,40.77493882447723,72.62059621924809,83.73729325543368,62.68424970473441,3.642891931463644,22.82181995967907,0.2237258047585392,17.424815955503636,34.18557753244433,0.1565774946351453,17.932292839431437
/content/drive/MyDrive/Bharatanatyam_Digital_Twin/dataset/posture_images/extracted/new_Dataset/Nataraj Augmented/dr_5_7580.jpg,dr_5_7580.jpg,Nataraj Augmented,4.119894673468359,22.273965181689796,2.407670668083075,2.327883293871522,31.62086517545857,26.06347679789593,15.604973983827277,67.64382608617737,54.20081029724241,52.38745112967216,18.433358898904896,44.08111018892488,0.1901885634545712,11.985154046217025,17.086564372688322,0.1989976632735247,18.669900102689223
/content/drive/MyDrive/Bharatanatyam_Digital_Twin/dataset/posture_images/extracted/new_Dataset/Nataraj Augmented/dr_5_7660.jpg,dr_5_7660.jpg,Nataraj Augmented,10.13723930838156,33.77380141585999,17.745127153369996,62.1808802549102,67.09294302611673,31.29903525093666,44.5794964213334,77.06790170489599,85.13837514123074,88.2333047782573,19.579983233518988,29.64084113036253,0.2050360346503821,16.69740462361173,31.47243567483637,0.1775760934348083,18.44220210256401
/content/drive/MyDrive/Bharatanatyam_Digital_Twin/dataset/posture_images/extracted/new_Dataset/Nataraj Augmented/dr_5_781.jpg,dr_5_781.jpg,Nataraj Augmented,7.739340109241027,31.66956274121892,4.635256545422299,5.954634661700528,64.11085404305858,35.06831615937506,27.442265352389114,53.11933786950816,71.77738805911896,67.02699058577609,10.021992476640998,44.76514402621997,0.1892907782124386,18.81358520884937,29.456746244936426,0.1457122282332186,26.838297153378463
/content/drive/MyDrive/Bharatanatyam_Digital_Twin/dataset/posture_images/extracted/new_Dataset/Nataraj Augmented/dr_5_8068.jpg,dr_5_8068.jpg,Nataraj Augmented,34.68656531680452,39.57892305914008,12.570521496325131,35.812688046674886,38.07982328939442,8.083864212007514,23.63672426110049,79.67514724202508,79.88307267482223,74.17293749598205,19.0637677595981,23.454656597370807,0.2256562306207802,14.11863136996449,27.875445282372468,0.1366261154661951,14.34382271205481
/content/drive/MyDrive/Bharatanatyam_Digital_Twin/dataset/posture_images/extracted/new_Dataset/Nataraj Augmented/dr_5_8119.jpg,dr_5_8119.jpg,Nataraj Augmented,0.6363087272566473,22.60299421139608,6.506866163340928,43.05960136840993,0.2444948195217135,14.203685586401823,16.0036619844186,67.08867477496541,37.770343277141706,58.6803774271487,7.7535662150454625,14.652595563203716,0.215586957236917,11.787125053457885,21.72887758243256,0.1158902679701976,13.516607309970894
/content/drive/MyDrive/Bharatanatyam_Digital_Twin/dataset/posture_images/extracted/new_Dataset/Nataraj Augmented/dr_5_8121.jpg,dr_5_8121.jpg,Nataraj Augmented,22.13420262827099,36.4844660389149,28.901515254437555,63.67917619849878,82.36116236239418,36.01566994437479,52.73938093992633,69.1587537852845,62.18648642368741,74.33691638320826,15.495553612646903,27.01157912291417,0.2037261853747721,19.91824173343089,30.90075636023893,0.158486258347022,28.69548258170672
/content/drive/MyDrive/Bharatanatyam_Digital_Twin/dataset/posture_images/extracted/new_Dataset/Nataraj Augmented/dr_5_8610.jpg,dr_5_8610.jpg,Nataraj Augmented,9.957546100516737,31.16297910964486,0.1506226382420405,32.67528814216749,35.15307386429292,43.326027107939616,27.82625293816052,88.01418457367177,36.16134871935373,46.33395357971229,21.35060583351244,41.09222335833172,0.2229593759146736,14.752740026502972,24.68671764422143,0.1420227314909632,19.42947970379652
/content/drive/MyDrive/Bharatanatyam_Digital_Twin/dataset/posture_images/extracted/new_Dataset/Nataraj Augmented/dr_5_8737.jpg,dr_5_8737.jpg,Nataraj Augmented,19.538469484447468,33.961759886275956,25.484307185209925,64.12711689530241,72.3188927850013,30.720578731450587,48.16272389924105,66.79542767809606,70.85680747832797,63.24715388482008,0.5806092274565348,29.70025935998012,0.1836630230400362,18.94869549229801,34.80049297579929,0.1179938697206865,21.92759963137406
/content/drive/MyDrive/Bharatanatyam_Digital_Twin/dataset/posture_images/extracted/new_Dataset/Nataraj Augmented/dr_5_8786.jpg,dr_5_8786.jpg,Nataraj Augmented,18.243125940072744,32.45171844888994,3.760612976320779,14.876383800757276,31.778808213534816,35.87890422629979,21.573677304228163,69.70102412534503,15.327661386735786,72.26047490846666,7.712630975232663,26.200950609079488,0.207843571549135,15.098875738319869,27.10093954657046,0.2079398471431517,17.987747821245996
/content/drive/MyDrive/Bharatanatyam_Digital_Twin/dataset/posture_images/extracted/new_Dataset/Nataraj Augmented/dr_5_8833.jpg,dr_5_8833.jpg,Nataraj Augmented,34.021912236807054,43.45712561037726,47.13939720137071,71.92877456999778,70.0427564851785,36.46308382322361,56.39350301994265,80.79660183297673,79.62051188673833,77.10612410706713,9.929877967610045,20.96054841939396,0.2392022952797034,23.50141584517287,33.24715057108276,0.1384323292890238,37.11866463514683
/content/drive/MyDrive/Bharatanatyam_Digital_Twin/dataset/posture_images/extracted/new_Dataset/Nataraj Augmented/dr_5_8985.jpg,dr_5_8985.jpg,Nataraj Augmented,21.86837213883083,26.34887515009879,37.23547123665705,42.81568554545146,33.167841259222335,34.225440355918415,36.86110959931232,21.996355452468084,54.9998104876145,88.59633623148,20.864339485341063,32.01784230642144,0.2240610163601502,12.914447682793057,25.90229364449457,0.0802647996350278,12.760784604249569
/content/drive/MyDrive/Bharatanatyam_Digital_Twin/dataset/posture_images/extracted/new_Dataset/Nataraj Augmented/dr_5_9309.jpg,dr_5_9309.jpg,Nataraj Augmented,24.53675775737466,30.77163274357519,29.365425016745174,45.47817594806671,40.14448256312427,19.22447287731968,33.55313910131396,65.26236129404987,61.63057321144828,59.54424144875921,7.20464575959905,24.53742519645444,0.1771906535147731,13.164121196389402,26.757793254150265,0.088243642969066,12.64632669204888
/content/drive/MyDrive/Bharatanatyam_Digital_Twin/dataset/posture_images/extracted/new_Dataset/Nataraj Augmented/dr_5_9435.jpg,dr_5_9435.jpg,Nataraj Augmented,26.49861575479462,42.94607152163428,35.96223880595904,74.84221015680806,68.80353058956679,2.2286400122660446,45.45915489114998,72.57986254189301,60.09191565618893,58.90624362907924,1.844225667889575,28.86339108929528,0.217027770792461,21.49630730893911,35.510877889938584,0.1314478975038273,28.84659613937492
/content/drive/MyDrive/Bharatanatyam_Digital_Twin/dataset/posture_images/extracted/new_Dataset/Nataraj Augmented/dr_5_9456.jpg,dr_5_9456.jpg,Nataraj Augmented,28.94027425687559,35.41388510350118,50.53250856945763,63.63574303426008,57.84837691783672,68.29922109630759,60.07896240446551,70.76075321453162,86.39713662336733,83.80458631817099,16.832958653069834,24.39673108453109,0.20155032700155,23.13199748166552,33.63522594709314,0.1064410990975538,35.65432539880587
/content/drive/MyDrive/Bharatanatyam_Digital_Twin/dataset/posture_images/extracted/new_Dataset/Nataraj Augmented/dr_5_9471.jpg,dr_5_9471.jpg,Nataraj Augmented,32.106511476828054,42.894062955498406,47.7613449783303,78.67360851096736,69.58009531950667,37.52940906621652,58.38611446875522,48.46983477015311,46.63656285415169,47.05154460882977,12.346920499337756,17.303730309004393,0.212187073158353,22.81952955165077,34.180793193015944,0.1586676836332826,34.119127778303074
/content/drive/MyDrive/Bharatanatyam_Digital_Twin/dataset/posture_images/extracted/new_Dataset/Nataraj Augmented/dr_5_9508.jpg,dr_5_9508.jpg,Nataraj Augmented,21.743388900450938,30.703210042431426,35.82173683770234,50.2642299864816,21.92937003367653,21.058419087375103,32.268438986308894,48.60766631771491,67.09841463057434,89.63760605652398,22.12643527450988,32.10143100710452,0.1864279327973772,12.658948520014537,25.10636558127356,0.081857816235105,12.788622162534944
/content/drive/MyDrive/Bharatanatyam_Digital_Twin/dataset/posture_images/extracted/new_Dataset/Nataraj Augmented/dr_5_9516.jpg,dr_5_9516.jpg,Nataraj Augmented,35.10783319143838,45.065561090864186,63.64572059474962,89.98934198876924,41.54261657731353,9.43216950153901,51.15246216559285,62.04348863061291,83.43224432338454,75.48365172512207,1.488287048490873,17.15377832979721,0.2327711531836539,19.993652791078084,29.493594368142595,0.0914396649527516,30.395924340138905
/content/drive/MyDrive/Bharatanatyam_Digital_Twin/dataset/posture_images/extracted/new_Dataset/Nataraj Augmented/dr_5_9585.jpg,dr_5_9585.jpg,Nataraj Augmented,30.656518846969725,43.65569816604874,43.05730456725336,73.91921212580749,78.58021920804245,51.31649713413301,61.718308258809074,67.28119304648288,67.42464404126446,76.23252925154138,18.034180923876644,25.804600744081775,0.1957557800882927,24.85834878857001,33.887449837408965,0.1540799415124292,40.53351658678862
/content/drive/MyDrive/Bharatanatyam_Digital_Twin/dataset/posture_images/extracted/new_Dataset/Nataraj Augmented/dr_5_9594.jpg,dr_5_9594.jpg,Nataraj Augmented,28.065269197950137,41.51139985092455,37.582407654851686,67.7186264250075,72.59265316631797,19.195447820749077,49.27228376673156,87.02492896476757,84.39359569603585,86.73699596068508,22.52258935841044,30.074679412512754,0.242339182020119,20.494739037407925,34.719903840322864,0.136814998116081,26.627498273784827
/content/drive/MyDrive/Bharatanatyam_Digital_Twin/dataset/posture_images/extracted/new_Dataset/Nataraj Augmented/dr_5_9690.jpg,dr_5_9690.jpg,Nataraj Augmented,27.368334339850023,27.05087219206512,24.297997087855567,46.75314483756744,74.66743157846267,53.77185256022753,49.87260651602831,80.50171970961664,89.95374519431554,68.92735376916423,0.5570814417564982,26.04708957631806,0.2144301560659081,19.03275861767798,34.18602495152407,0.0784050546176565,22.833845846892217
/content/drive/MyDrive/Bharatanatyam_Digital_Twin/dataset/posture_images/extracted/new_Dataset/Nataraj Augmented/dr_5_9797.jpg,dr_5_9797.jpg,Nataraj Augmented,15.784260067384494,34.30593795365725,7.774691612354943,49.14786555171599,4.212354182588647,23.00536485730592,21.03506905099137,74.5103006235395,73.63510827277003,79.04506705446764,1.7969010684147908,4.754060565447768,0.2303412679101608,14.164278164240008,24.805674770671864,0.1402601218999524,17.54689960014821
/content/drive/MyDrive/Bharatanatyam_Digital_Twin/dataset/posture_images/extracted/new_Dataset/Nataraj Augmented/dr_5_9899.jpg,dr_5_9899.jpg,Nataraj Augmented,23.390185472064296,30.498079040960967,40.77976675581118,51.21477734344747,68.50436188837878,33.29279870730977,48.4479261737368,81.68962995697927,85.11469489469582,69.44084002820934,1.227328795837448,23.4914042350585,0.1959164119173358,19.2746229453904,33.22018247236989,0.0710921022840481,24.532594261517254
/content/drive/MyDrive/Bharatanatyam_Digital_Twin/dataset/posture_images/extracted/new_Dataset/Nataraj Augmented/dr_5_9990.jpg,dr_5_9990.jpg,Nataraj Augmented,18.481426549815566,39.102191389456785,23.45598804660716,70.7659567945081,59.08937611272952,24.68354845054669,44.498717351097866,68.91118681838351,67.02800052685556,60.48101807954587,0.8296308424993026,33.13716616289606,0.1908122207576839,16.224220237910146,30.996211695382826,0.1472233978131717,17.529225620534444
/content/drive/MyDrive/Bharatanatyam_Digital_Twin/dataset/posture_images/extracted/new_Dataset/Nataraj Augmented/dr_6_1105.jpg,dr_6_1105.jpg,Nataraj Augmented,35.84501051924379,21.378059183865027,61.65946359297199,34.74813562199005,26.01264474259999,9.596074411093577,33.004079592163905,7.309708871879337,0.8168555698429998,52.65902133435864,4.450217978877673,66.1561253584433,0.219085401034877,11.29688352150661,22.40230557437026,0.2146896791621736,11.273655310987396
/content/drive/MyDrive/Bharatanatyam_Digital_Twin/dataset/posture_images/extracted/new_Dataset/Nataraj Augmented/dr_6_14.jpg,dr_6_14.jpg,Nataraj Augmented,13.151429488222377,33.30680359930824,0.8878539544352869,52.06447909373895,19.803281491135102,4.71323332891078,19.367211967055027,16.802554139875124,11.373018756426694,66.58237428465128,5.869023260871714,47.43938579523424,0.3047286845000667,11.815566684181205,17.18450086688899,0.3524221653290039,17.90977702032562
/content/drive/MyDrive/Bharatanatyam_Digital_Twin/dataset/posture_images/extracted/new_Dataset/Nataraj Augmented/dr_6_1690.jpg,dr_6_1690.jpg,Nataraj Augmented,72.38541712296966,81.27256565208363,8.335159677909598,31.46872880062512,1.370126465205826,3.478652791628414,11.16316693384224,5.953717844394987,8.161967260300827,20.353325222030065,1.4756295467976102,68.56844305334938,0.2076172471618493,27.94993919379218,61.86527963780286,0.1851564780354144,21.799381465538264
/content/drive/MyDrive/Bharatanatyam_Digital_Twin/dataset/posture_images/extracted/new_Dataset/Nataraj Augmented/dr_6_1695.jpg,dr_6_1695.jpg,Nataraj Augmented,17.096577388674568,24.641325047936498,35.60463717890834,35.32958161239141,54.37812868721437,8.389432126581847,33.42544490127399,1.8744715562721128,0.5034971839445745,66.72709123246034,1.4514133452677107,57.169357873105696,0.3213194805470592,8.706511682060997,16.580192616763497,0.288047025589088,9.251295403830404
/content/drive/MyDrive/Bharatanatyam_Digital_Twin/dataset/posture_images/extracted/new_Dataset/Nataraj Augmented/dr_6_1785.jpg,dr_6_1785.jpg,Nataraj Augmented,17.311598188540557,25.60560275972447,21.25872576091192,36.94126750212811,40.86145232826926,3.5391747661031814,25.65015508935312,13.038594290906984,31.295067027638083,15.022918647727463,34.43372815347291,50.18033608626445,0.2283394386305277,12.005146933647652,22.46649290926048,0.0818810203965156,13.467066871285954
/content/drive/MyDrive/Bharatanatyam_Digital_Twin/dataset/posture_images/extracted/new_Dataset/Nataraj Augmented/dr_6_2394.jpg,dr_6_2394.jpg,Nataraj Augmented,42.72165547457013,15.259890633357003,2.3299768456639667,24.777091183563464,25.14071217006143,5.005651758475467,14.31335798944108,78.98063097573359,75.14153703222287,75.48295347157843,81.37427573376797,51.38867389324277,0.1510782880795695,14.82028701825895,28.942106243324588,0.0843804248099719,15.434374386642288
/content/drive/MyDrive/Bharatanatyam_Digital_Twin/dataset/posture_images/extracted/new_Dataset/Nataraj Augmented/dr_6_2627.jpg,dr_6_2627.jpg,Nataraj Augmented,39.78648167382144,21.48500625168265,53.720435432649296,38.9151865365093,8.102115200274076,3.6844718526343625,26.10555225551676,13.094697584277515,12.088329888578038,26.97987635097408,22.833360123722937,69.50638194739895,0.2111166734347975,10.754884429428978,21.79371903694841,0.0448954062941649,10.42603884504436
/content/drive/MyDrive/Bharatanatyam_Digital_Twin/dataset/posture_images/extracted/new_Dataset/Nataraj Augmented/dr_6_3120.jpg,dr_6_3120.jpg,Nataraj Augmented,48.114933294619014,62.01166043060793,86.9079954158568,23.10186536351865,18.623595626387825,18.80883647544834,36.86057322030291,2.4523215335907653,8.606135938249935,7.060096563274589,4.3351622909772765,65.19333601529391,0.1780032989067417,24.78417015000761,44.837842603424654,0.1910559421666191,29.32361190443156
/content/drive/MyDrive/Bharatanatyam_Digital_Twin/dataset/posture_images/extracted/new_Dataset/Nataraj Augmented/dr_6_3612.jpg,dr_6_3612.jpg,Nataraj Augmented,54.47208160509224,93.97660690336002,9.892024755337422,10.086514333410207,29.26643129289048,8.45966300423823,14.426158346469084,86.02538356228689,72.47566249872595,73.0554079365653,70.67799785945292,80.32060869580737,0.1714422031454258,26.73427366764973,59.984710999338304,0.2705973494679812,19.94751265414292
/content/drive/MyDrive/Bharatanatyam_Digital_Twin/dataset/posture_images/extracted/new_Dataset/Nataraj Augmented/dr_6_3791.jpg,dr_6_3791.jpg,Nataraj Augmented,19.534680687792893,33.79371273244084,45.50355867613825,60.37736851081438,5.572635031886413,0.8818597326475169,28.08385548787164,5.701727736146421,4.350425801034132,63.1384861514258,0.960372384585026,53.95856871155128,0.230401173133438,13.866985346257676,22.68650121053551,0.2969858697320993,18.617468958505416
/content/drive/MyDrive/Bharatanatyam_Digital_Twin/dataset/posture_images/extracted/new_Dataset/Nataraj Augmented/dr_6_3879.jpg,dr_6_3879.jpg,Nataraj Augmented,40.33573296400895,8.648434958517285,84.49698575303618,13.20042721066702,20.876455050085337,7.569320347559044,31.5357970903369,18.745291040574863,16.005216125139363,70.7105362780037,16.665921085865108,68.63114860020548,0.2109403655126031,14.640837284598314,20.447237737734994,0.1034820209140353,23.371792095145917
/content/drive/MyDrive/Bharatanatyam_Digital_Twin/dataset/posture_images/extracted/new_Dataset/Nataraj Augmented/dr_6_3910.jpg,dr_6_3910.jpg,Nataraj Augmented,52.660145670660455,25.03469234754622,92.37096803215164,49.97780999974268,19.754442711168853,6.336232573285271,42.10986332908711,83.60622266716682,87.2968105565307,71.14212089353008,77.33039636208284,48.73445555054136,0.2218358010791559,17.364945218024822,28.50352495892813,0.1095171529048326,23.481793542241505
/content/drive/MyDrive/Bharatanatyam_Digital_Twin/dataset/posture_images/extracted/new_Dataset/Nataraj Augmented/dr_6_4072.jpg,dr_6_4072.jpg,Nataraj Augmented,37.18113110333245,19.566761866818908,76.40461025663681,32.87117174713944,19.203273523054097,2.475001559412884,32.73851427156081,0.3404649271096502,3.001422736303738,69.2982423820011,2.9558611337203784,65.03338440172902,0.248871443823705,13.708149336106992,22.619803144770376,0.2458718218638341,18.258773041686776
/content/drive/MyDrive/Bharatanatyam_Digital_Twin/dataset/posture_images/extracted/new_Dataset/Nataraj Augmented/dr_6_4132.jpg,dr_6_4132.jpg,Nataraj Augmented,18.113838066735745,45.230731738422094,37.64854024304746,50.4166844817847,54.01509914477065,43.66678172994775,46.43677639988765,2.651883919195029,20.892965721577863,38.75359981891893,20.843760589498807,17.547645588072672,0.1137096770590866,15.06146773909943,27.30848604751512,0.2089126240451887,17.66700454573798
/content/drive/MyDrive/Bharatanatyam_Digital_Twin/dataset/posture_images/extracted/new_Dataset/Nataraj Augmented/dr_6_4306.jpg,dr_6_4306.jpg,Nataraj Augmented,33.00242847226161,25.192712171580645,85.10014093960025,30.529150546612943,12.204420312982922,7.364050491338806,33.79944057263373,3.203496855878029,0.3391098548048887,81.40624945371862,1.7538361865992824,55.09734551519669,0.2224182678258013,15.8613433253406,29.747183024671745,0.1960210277407904,17.640825923609267
/content/drive/MyDrive/Bharatanatyam_Digital_Twin/dataset/posture_images/extracted/new_Dataset/Nataraj Augmented/dr_6_4471.jpg,dr_6_4471.jpg,Nataraj Augmented,4.915932297763419,20.252465219398637,10.268629510085328,32.79398772262034,11.492694715433316,13.02400427644759,16.894829056146644,2.2388059283091826,1.887544303102325,36.34587378696389,7.209807023161925,42.506465059735255,0.2725577650421527,6.76056242631407,12.183756446389006,0.0902042080253069,8.007726624527894
/content/drive/MyDrive/Bharatanatyam_Digital_Twin/dataset/posture_images/extracted/new_Dataset/Nataraj Augmented/dr_6_4546.jpg,dr_6_4546.jpg,Nataraj Augmented,38.696853425866124,28.485913875440776,61.64067102653779,30.592624775265055,63.74820564737836,1.244699643409001,39.30655027314755,8.25187041364998,1.0037488207965872,54.629841366742845,12.878598208939042,66.12540481292083,0.3055698810503935,12.911720778182186,27.44760074688537,0.187676786255982,11.099884801405208
/content/drive/MyDrive/Bharatanatyam_Digital_Twin/dataset/posture_images/extracted/new_Dataset/Nataraj Augmented/dr_6_4707.jpg,dr_6_4707.jpg,Nataraj Augmented,24.481739982742113,23.447902139693554,36.78148099077703,36.30140083141544,61.35891567852203,0.0122757358036123,33.613518309129525,8.48329319176284,9.897681691661944,64.34895435599886,1.909510937450508,59.44159227348123,0.3114049092996049,10.386741083182237,20.70393269392981,0.2656361250179982,10.190654430598904
/content/drive/MyDrive/Bharatanatyam_Digital_Twin/dataset/posture_images/extracted/new_Dataset/Nataraj Augmented/dr_6_4813.jpg,dr_6_4813.jpg,Nataraj Augmented,30.349770916385104,27.29766479364396,32.179632640953,47.32977363691919,10.477297545985708,11.205604116822013,25.298076985169978,1.7451258032947772,1.2988195746262232,55.99370472614452,4.244919217545824,68.40126972463375,0.3018229672504702,9.664301622467184,21.252775040000746,0.2396540786205495,7.500475748780253
/content/drive/MyDrive/Bharatanatyam_Digital_Twin/dataset/posture_images/extracted/new_Dataset/Nataraj Augmented/dr_6_4847.jpg,dr_6_4847.jpg,Nataraj Augmented,33.14316411326998,26.052542930750267,70.26815040238844,26.04342113445034,26.91293551064712,7.918911793011292,32.7858547101243,16.715071265601466,5.559977413282525,28.104685786956797,7.980161020642039,57.02699106164842,0.2554832641292234,12.35543132574318,21.88256894840442,0.0507639999049945,15.132961028920128
/content/drive/MyDrive/Bharatanatyam_Digital_Twin/dataset/posture_images/extracted/new_Dataset/Nataraj Augmented/dr_6_4989.jpg,dr_6_4989.jpg,Nataraj Augmented,31.550924030327142,18.655503921671546,71.05486323054706,31.96518537549528,17.743951098696947,20.877732131005477,35.41043295893619,79.2887180671305,84.4958355130167,71.69725762750272,80.21236075503435,69.56002134395752,0.2663784636205877,13.097824313963748,23.99997041307309,0.2073002505163272,15.086202278301824
/content/drive/MyDrive/Bharatanatyam_Digital_Twin/dataset/posture_images/extracted/new_Dataset/Nataraj Augmented/dr_6_5078.jpg,dr_6_5078.jpg,Nataraj Augmented,26.62840364357725,24.518607849551636,53.343074790585376,41.65004563413592,23.048951055505057,2.028463438918542,30.017633729786223,19.1636276708754,14.65274623932916,73.22662897216921,9.734216130624118,61.55093570169439,0.2980004929716591,9.844948818106724,18.40482107139193,0.1674602016950954,10.962565181233147
/content/drive/MyDrive/Bharatanatyam_Digital_Twin/dataset/posture_images/extracted/new_Dataset/Nataraj Augmented/dr_6_5254.jpg,dr_6_5254.jpg,Nataraj Augmented,19.542143516850174,9.339493708782179,8.674337309664768,16.732960053744396,65.55267411099824,76.11348027899128,41.76836293834967,84.50142840549675,79.34951305144754,84.6701970690502,85.93500115299997,77.43128938362949,0.1544181113009582,20.717403878986584,28.49763972123317,0.1862803769676294,33.46829153875895
/content/drive/MyDrive/Bharatanatyam_Digital_Twin/dataset/posture_images/extracted/new_Dataset/Nataraj Augmented/dr_6_5571.jpg,dr_6_5571.jpg,Nataraj Augmented,13.734667246952917,25.073158423746328,8.571300137679394,5.450636357498906,4.22381400852293,6.697192076905099,6.235735645151582,18.55013706493645,13.5680562492756,12.220585373573757,6.163987468353468,1.0630918013213282,0.2013972413284617,13.787650036991346,21.07733086855712,0.1651335875440528,20.120485654872876
/content/drive/MyDrive/Bharatanatyam_Digital_Twin/dataset/posture_images/extracted/new_Dataset/Nataraj Augmented/dr_6_5596.jpg,dr_6_5596.jpg,Nataraj Augmented,51.76288835439015,61.681565803835696,80.98080707887333,33.71825098151898,9.200552961080955,7.042697146070228,32.735577041885875,18.53065857691354,24.7562084747952,4.629561556817073,20.30078659670924,44.67520268024556,0.2198800754907446,21.38498117587088,49.30413718651273,0.1309237705381567,14.719882570561758
/content/drive/MyDrive/Bharatanatyam_Digital_Twin/dataset/posture_images/extracted/new_Dataset/Nataraj Augmented/dr_6_5644.jpg,dr_6_5644.jpg,Nataraj Augmented,26.685019031021028,72.48637202746806,37.30076144022699,47.77055347940789,7.626366521992156,8.433823454803566,25.282876224107653,2.304030959674768,9.862617350077729,18.095188091791176,3.254980535205455,38.77397657808001,0.1736431319050741,19.23366781190484,47.94783362970188,0.102746984381664,9.65042282163098
/content/drive/MyDrive/Bharatanatyam_Digital_Twin/dataset/posture_images/extracted/new_Dataset/Nataraj Augmented/dr_6_6387.jpg,dr_6_6387.jpg,Nataraj Augmented,20.8402809557645,41.815933475587904,39.24236210431548,118.76513592340538,70.07098085229337,9.782677232680744,59.46528902817374,18.59009215485216,16.377905996931588,23.296242304505995,8.272661346569816,79.2356386758278,0.0468263736539426,15.555085854940067,26.562579143048705,0.1984453940232297,19.904233027748266
/content/drive/MyDrive/Bharatanatyam_Digital_Twin/dataset/posture_images/extracted/new_Dataset/Nataraj Augmented/dr_6_647.jpg,dr_6_647.jpg,Nataraj Augmented,32.891417485880076,23.64394739861116,62.05553014403217,25.874488245687584,32.98258699607516,1.996948526691519,30.727388478121604,9.228301869185088,6.761324710270486,79.5028176860905,7.218505942594647,59.24867999414328,0.291710795391913,13.553366995504843,23.93014529894203,0.3150081604490939,16.414947527123417
/content/drive/MyDrive/Bharatanatyam_Digital_Twin/dataset/posture_images/extracted/new_Dataset/Nataraj Augmented/dr_6_6690.jpg,dr_6_6690.jpg,Nataraj Augmented,20.832789179575187,22.22968331483659,36.8773373123864,30.49060356690151,40.95940780337305,9.15146369768147,29.369703095085605,9.333852297477222,14.534663110259856,69.76066245717337,10.525328724161032,68.02826305800478,0.2126346436083147,7.924211235020324,19.364048259150422,0.1763780004433965,4.2322074454671545
/content/drive/MyDrive/Bharatanatyam_Digital_Twin/dataset/posture_images/extracted/new_Dataset/Nataraj Augmented/dr_6_678.jpg,dr_6_678.jpg,Nataraj Augmented,11.876008654080977,41.48685356145331,16.102161853435536,33.50738269318485,15.447052717180018,2.887701024808793,16.9860745721523,10.978004496836135,13.515411948561246,46.12666955828081,8.722611600761404,58.00138791132835,0.299619521186523,11.689081457429197,23.3543928144665,0.0220127350210617,11.690838822800025
/content/drive/MyDrive/Bharatanatyam_Digital_Twin/dataset/posture_images/extracted/new_Dataset/Nataraj Augmented/dr_6_6810.jpg,dr_6_6810.jpg,Nataraj Augmented,30.708717289634045,8.205797022393703,73.53287115420261,13.767608259103218,12.655716977568073,6.614713639659142,26.64272750763326,3.023151226251656,0.170333788787758,45.02612246943747,4.163323448929284,51.9859197344941,0.2286029947590819,12.441952694035791,16.607395796694014,0.0958508378493401,20.62261144756401
/content/drive/MyDrive/Bharatanatyam_Digital_Twin/dataset/posture_images/extracted/new_Dataset/Nataraj Augmented/dr_6_6884.jpg,dr_6_6884.jpg,Nataraj Augmented,12.469621588694629,29.01104268548588,14.64859034613939,54.44664402504756,9.227282907036171,3.2293318726144555,20.387962287709392,10.31936119899595,1.4483664728221015,55.90293418180387,4.952651403528802,35.46728486834197,0.2722942341139903,11.1566776436459,19.27007623375248,0.2813696518221638,13.91858704536306
/content/drive/MyDrive/Bharatanatyam_Digital_Twin/dataset/posture_images/extracted/new_Dataset/Nataraj Augmented/dr_6_7419.jpg,dr_6_7419.jpg,Nataraj Augmented,12.83193676873271,51.2656348214629,22.83804683878702,52.68511137199988,12.588435462498971,0.9384530158898714,22.262511672293936,21.711844235591133,23.50455523187924,35.90984974456406,31.260385441343264,51.00305343746388,0.2570540000578371,13.71637494203715,31.93146915641119,0.1012868816227001,9.116368788077564
/content/drive/MyDrive/Bharatanatyam_Digital_Twin/dataset/posture_images/extracted/new_Dataset/Nataraj Augmented/dr_6_7707.jpg,dr_6_7707.jpg,Nataraj Augmented,25.604827226772564,21.295001038217634,12.50362500269052,40.4528493697245,0.3450350282806327,6.678514117002949,14.995005879424651,2.63710574133766,9.682999106748952,23.14259507893215,10.245242652638208,57.45916433571246,0.2136551915052706,10.890214696602436,20.291385281103608,0.0525619303000284,12.326696878403672
/content/drive/MyDrive/Bharatanatyam_Digital_Twin/dataset/posture_images/extracted/new_Dataset/Nataraj Augmented/dr_6_7749.jpg,dr_6_7749.jpg,Nataraj Augmented,27.755374986062904,46.02742375368925,54.08661990469016,26.662463884052208,11.57882343940693,0.1220558199218542,23.11249076201779,2.649570399287427,0.23786087218852,36.03180064476504,2.101020085169046,57.95420231744097,0.2847805878574552,15.979795313365258,30.61984898761221,0.0635594276873029,17.255977524796265
/content/drive/MyDrive/Bharatanatyam_Digital_Twin/dataset/posture_images/extracted/new_Dataset/Nataraj Augmented/dr_6_7839.jpg,dr_6_7839.jpg,Nataraj Augmented,38.94357033317686,16.416699779456756,82.4818438575859,30.07335801837628,27.24252823151938,2.287371079963908,35.52127529686137,1.004221220321894,7.591042067341548,60.3186744297365,2.0320011651984915,64.754259893477,0.3102359442840131,12.53218723356789,21.22785485367656,0.2760172938150211,16.092689553212093
/content/drive/MyDrive/Bharatanatyam_Digital_Twin/dataset/posture_images/extracted/new_Dataset/Nataraj Augmented/dr_6_8239.jpg,dr_6_8239.jpg,Nataraj Augmented,31.8652008556163,41.87378728152905,65.30944705219103,59.44771175907068,7.821317862520619,4.983640175199993,34.39052921224558,22.752236279344856,12.49992968993388,44.41126260724678,10.964261964547934,54.80428408852261,0.2801084995580322,16.938744624604883,34.693646672404945,0.20303382843339,15.919553372976315
/content/drive/MyDrive/Bharatanatyam_Digital_Twin/dataset/posture_images/extracted/new_Dataset/Nataraj Augmented/dr_6_83.jpg,dr_6_83.jpg,Nataraj Augmented,32.7599663689539,17.70394266015399,15.670652566115242,31.714933460715017,4.8206052791588165,1.0963251570607224,13.32562911576245,5.9515333900810665,8.032497452339312,33.657497789139754,4.433261457494297,67.17539352029216,0.2042490013513065,9.494984349760877,15.012992986172002,0.1376657576931272,13.334294305417504
/content/drive/MyDrive/Bharatanatyam_Digital_Twin/dataset/posture_images/extracted/new_Dataset/Nataraj Augmented/dr_6_8494.jpg,dr_6_8494.jpg,Nataraj Augmented,39.34718159955588,37.430194955734,16.436795024759878,16.872250763402157,7.827755866411684,14.406175098955634,13.885744188382336,59.49814679024381,75.51940390914905,87.48198991237545,76.24240702081184,67.44308234773575,0.1969541135204159,14.73546868321018,34.016670159429594,0.1859029844364316,10.00383290576452
/content/drive/MyDrive/Bharatanatyam_Digital_Twin/dataset/posture_images/extracted/new_Dataset/Nataraj Augmented/dr_6_867.jpg,dr_6_867.jpg,Nataraj Augmented,32.48677031154162,23.89132889664431,58.89173319582195,37.00086962042382,30.270415769029054,8.230223329956075,33.598310478807726,11.659458777119513,14.283002354394226,71.55063925229034,7.729601999007076,67.19906271880026,0.2410548930211395,11.041747830717556,21.664422553068214,0.2987941303739859,11.162026808710472
/content/drive/MyDrive/Bharatanatyam_Digital_Twin/dataset/posture_images/extracted/new_Dataset/Nataraj Augmented/dr_6_8741.jpg,dr_6_8741.jpg,Nataraj Augmented,13.109263909441516,14.419044098741075,0.6316109366994302,12.017756579825308,26.64276218308447,31.149076241009443,17.61030148515466,66.09194844770143,89.1964029329704,52.15652339024206,60.497297130066215,84.5274375046194,0.0757480139990749,12.288433044896186,14.679582986339202,0.3624023828705482,21.8233137654788
/content/drive/MyDrive/Bharatanatyam_Digital_Twin/dataset/posture_images/extracted/new_Dataset/Nataraj Augmented/dr_6_8756.jpg,dr_6_8756.jpg,Nataraj Augmented,28.340699034574676,22.60485322919844,58.08568373291235,42.83609683510636,22.671417814897477,0.922547137660611,31.1289363801442,17.44745135591313,20.615589415806625,59.95151793056061,10.698009783821355,66.92125729766124,0.2258675322112257,10.174151997179056,18.56817666260102,0.22142309848163,11.73285623045452
/content/drive/MyDrive/Bharatanatyam_Digital_Twin/dataset/posture_images/extracted/new_Dataset/Nataraj Augmented/dr_6_8904.jpg,dr_6_8904.jpg,Nataraj Augmented,65.72847452971388,75.25080538743583,92.01466263643728,25.24398932308541,10.836344933764725,2.247718465374708,32.585678839665526,8.454992308861835,18.164234710874847,18.164879303350187,15.457909060628994,72.41000714672253,0.2130903134078983,25.15845362282319,59.08593701997472,0.1475076067775369,16.241916241717306
/content/drive/MyDrive/Bharatanatyam_Digital_Twin/dataset/posture_images/extracted/new_Dataset/Nataraj Augmented/dr_6_9117.jpg,dr_6_9117.jpg,Nataraj Augmented,19.38349639502949,20.362781408135284,45.6525449519179,29.93620633168032,46.17719766678316,6.963628837077369,32.18239444686469,18.812824206402848,16.076834630953964,67.24298409245401,15.056730020912209,55.860824198859405,0.2837646107633783,9.060468462017164,18.432086025621928,0.1786243313312164,8.57069502909835
/content/drive/MyDrive/Bharatanatyam_Digital_Twin/dataset/posture_images/extracted/new_Dataset/Nataraj Augmented/dr_6_9460.jpg,dr_6_9460.jpg,Nataraj Augmented,31.049278219691367,23.069725885615128,53.41848317772821,36.85178628049959,22.44247605984566,16.533813212170013,32.311639682560866,13.906183907871425,19.705454662027137,71.42613740040414,14.778903370203311,72.01129155595625,0.2153102189113573,10.60672847892994,20.255382288515374,0.2354799695416768,11.329323178732764
/content/drive/MyDrive/Bharatanatyam_Digital_Twin/dataset/posture_images/extracted/new_Dataset/Nataraj Augmented/dr_6_9685.jpg,dr_6_9685.jpg,Nataraj Augmented,34.846212775809896,16.01187299318505,80.50346921267574,28.723965137418496,15.78435770514004,3.174058254145666,32.04646257734498,0.9273172415521084,4.239012648555989,45.67860525134319,1.461198848059655,66.7036742792136,0.2726822576401956,12.104536661340864,20.13469867854784,0.126891586292279,16.052019719182468
/content/drive/MyDrive/Bharatanatyam_Digital_Twin/dataset/posture_images/extracted/new_Dataset/Nataraj Augmented/dr_6_9790.jpg,dr_6_9790.jpg,Nataraj Augmented,38.1028400970548,40.909512803324624,82.4383108254804,45.76435888383936,9.461517890056443,2.313883854329628,34.99451786342646,0.3033299261592878,5.196927529897558,47.589669064123264,1.490405566091361,66.33538687001047,0.2533963014674023,17.27107063398132,35.400520735441255,0.1715387471105868,16.241152419392115
/content/drive/MyDrive/Bharatanatyam_Digital_Twin/dataset/posture_images/extracted/new_Dataset/Nataraj Augmented/dr_7_101.jpg,dr_7_101.jpg,Nataraj Augmented,12.644073573298293,53.471051635906406,5.6165625212549335,99.83359276066275,100.88034631052378,16.372752034850173,55.67581340682291,56.86315662619309,77.84182381495494,43.66188718469503,86.8829123291386,41.26706115521377,0.1736758034636007,16.8175921159972,28.275316953700862,0.1071368170582282,22.070322577232503
/content/drive/MyDrive/Bharatanatyam_Digital_Twin/dataset/posture_images/extracted/new_Dataset/Nataraj Augmented/dr_7_1234.jpg,dr_7_1234.jpg,Nataraj Augmented,40.3419018698677,49.79536043175469,65.14927217358787,102.83269241285528,132.40986693874223,3.32495014283666,75.9291954170055,25.60112032282897,80.02597116866009,10.978415732230246,87.0513485097068,26.759337235586827,0.1743837734329356,28.81679949629526,34.82836677416962,0.4866626809108227,51.13536903380533
/content/drive/MyDrive/Bharatanatyam_Digital_Twin/dataset/posture_images/extracted/new_Dataset/Nataraj Augmented/dr_7_1358.jpg,dr_7_1358.jpg,Nataraj Augmented,20.64082449906067,15.043594600760422,31.31868952306634,24.88886845976071,57.78593891142793,50.544667626176384,41.13454113010784,8.00007714427347,11.128347677984255,28.37707533859161,11.078010757232365,10.000985473079108,0.5411354914926657,16.105056564298593,22.939738914560653,0.0921282560188048,25.28330252231633
/content/drive/MyDrive/Bharatanatyam_Digital_Twin/dataset/posture_images/extracted/new_Dataset/Nataraj Augmented/dr_7_1732.jpg,dr_7_1732.jpg,Nataraj Augmented,15.378663817470148,32.8302967750816,34.10648881152276,34.92136496687218,9.792316427644762,42.952894960786494,30.44326629170655,3.393339516498324,11.762899265898364,73.68210158813355,24.399823498684786,39.93921675664229,0.2160819312400549,13.502451507073047,22.31731231352773,0.0509904374291872,18.13905177026222
/content/drive/MyDrive/Bharatanatyam_Digital_Twin/dataset/posture_images/extracted/new_Dataset/Nataraj Augmented/dr_7_2738.jpg,dr_7_2738.jpg,Nataraj Augmented,16.60758042965125,22.288957733360398,24.210474125319053,36.120449869272,0.5329831516940313,4.855583096844341,16.429872560782357,28.418176103045884,34.487047199155086,67.42825669663905,26.414035540580887,47.37263942531746,0.2698932399747488,7.945119231716197,14.648253811230536,0.1382061296246498,9.048897754293408
/content/drive/MyDrive/Bharatanatyam_Digital_Twin/dataset/posture_images/extracted/new_Dataset/Nataraj Augmented/dr_7_2791.jpg,dr_7_2791.jpg,Nataraj Augmented,43.93097708583399,67.29075946694853,84.68478524153264,154.51189249667684,9.011447272761606,22.039424067704363,67.56188726966886,12.688546640432378,15.6668054087842,6.140577806602153,4.808940837366202,66.75470453210636,0.3421268333540359,18.97396071755176,35.191135473806106,0.1353094370505677,21.595437241798617
/content/drive/MyDrive/Bharatanatyam_Digital_Twin/dataset/posture_images/extracted/new_Dataset/Nataraj Augmented/dr_7_3190.jpg,dr_7_3190.jpg,Nataraj Augmented,15.282138398824365,14.787391692516458,19.441066818115058,31.9735632567431,48.69910945612849,10.043182632709154,27.53923054092395,27.265701954872725,48.33457671427792,65.98584227089835,29.62370140861682,44.40897564623357,0.2182448227393535,7.652030882239622,15.515503014091086,0.0672722879241357,7.373317344703642
/content/drive/MyDrive/Bharatanatyam_Digital_Twin/dataset/posture_images/extracted/new_Dataset/Nataraj Augmented/dr_7_3342.jpg,dr_7_3342.jpg,Nataraj Augmented,6.426778691796237,33.484691607786395,5.370267083545042,55.44767588793819,8.608241542258266,1.7093350370242373,17.783879887691434,11.474893231816672,16.9645840291939,88.10832198048111,3.87803892686674,41.912123205745104,0.263552706319993,12.239795871013568,16.661932809251432,0.1117558766668913,19.94569892712238
/content/drive/MyDrive/Bharatanatyam_Digital_Twin/dataset/posture_images/extracted/new_Dataset/Nataraj Augmented/dr_7_3405.jpg,dr_7_3405.jpg,Nataraj Augmented,36.69166971920309,54.07700900589102,0.052730517637603,1.956280237914972,8.581799865382925,24.45300814200454,8.76095469073501,87.51742717196088,82.82276065297937,74.20727867641268,79.84860502725907,79.47861252465472,0.8283462087305098,21.4516253742277,39.576240125029045,0.0531572647902733,24.725478732863778
/content/drive/MyDrive/Bharatanatyam_Digital_Twin/dataset/posture_images/extracted/new_Dataset/Nataraj Augmented/dr_7_385.jpg,dr_7_385.jpg,Nataraj Augmented,30.392912395954298,23.227529836293776,50.21980267505195,48.38617585200093,14.058251988013716,58.40126023616137,42.76637268780699,21.2971374982391,18.146961941017224,77.63962950757966,4.9838173874283225,49.14233893071062,0.2379170411209723,17.10916493640539,23.27066392804827,0.4023321307942805,27.654498750373616
/content/drive/MyDrive/Bharatanatyam_Digital_Twin/dataset/posture_images/extracted/new_Dataset/Nataraj Augmented/dr_7_4175.jpg,dr_7_4175.jpg,Nataraj Augmented,32.94827342811759,27.587012153938936,24.740128141267743,65.50767367441796,1.6356798242720172,2.3294405435018763,23.5532305458649,31.640063943784227,30.13040132701777,13.494331157150825,32.50915449997874,22.03807892233039,0.3958887700167423,12.317139583484757,21.959241313321243,0.1802759180676807,14.811901519065344
/content/drive/MyDrive/Bharatanatyam_Digital_Twin/dataset/posture_images/extracted/new_Dataset/Nataraj Augmented/dr_7_4261.jpg,dr_7_4261.jpg,Nataraj Augmented,38.09674292559322,56.495652703117514,15.71937223143491,3.608386731148203,81.05755525818722,118.15521506058953,54.63513232033996,66.94291434095194,74.58574596218762,89.06074970117339,74.20488304590687,79.50616575324665,0.5196625234139249,30.9827171721674,49.83869596040179,0.1748806884800986,42.9345748676203
/content/drive/MyDrive/Bharatanatyam_Digital_Twin/dataset/posture_images/extracted/new_Dataset/Nataraj Augmented/dr_7_457.jpg,dr_7_457.jpg,Nataraj Augmented,8.413351160856998,28.138268711889616,9.795037378531012,44.3311627779143,5.237226423372449,0.3529588122467668,14.929096348016133,9.571028986947056,7.152835014317702,89.68416750187666,0.0994685522114332,46.76573379787956,0.2320596347448279,10.503782811218306,14.31438840709944,0.0930258545002114,17.103934172055265
/content/drive/MyDrive/Bharatanatyam_Digital_Twin/dataset/posture_images/extracted/new_Dataset/Nataraj Augmented/dr_7_4692.jpg,dr_7_4692.jpg,Nataraj Augmented,36.68950867570503,10.55861760663732,5.543067451377111,1.6889551522307822,36.23627860326359,6.786796233383376,12.563774360063714,32.14624629022288,50.00639017272363,52.40297501405821,78.08350688252546,41.18719803778159,0.1813737759330806,16.35384599813494,26.39139276043964,0.2972403506356013,22.37290488332957
/content/drive/MyDrive/Bharatanatyam_Digital_Twin/dataset/posture_images/extracted/new_Dataset/Nataraj Augmented/dr_7_4698.jpg,dr_7_4698.jpg,Nataraj Augmented,8.634189033246372,23.341046982961593,10.02850285941391,42.29045923583588,31.461732863684382,4.0634369006934445,21.961032964906902,18.02270766080588,26.242191467639344,85.07463966291304,14.10203087454243,46.55714422504788,0.2547172289385775,8.128853117840402,14.384120590866228,0.1434838480501288,9.858954914604846
/content/drive/MyDrive/Bharatanatyam_Digital_Twin/dataset/posture_images/extracted/new_Dataset/Nataraj Augmented/dr_7_5194.jpg,dr_7_5194.jpg,Nataraj Augmented,8.681473986240142,48.16560846119969,4.209409100057994,13.738475240255385,72.43108697837579,38.849732014076125,32.30717583319132,31.64487140168816,22.3972328718093,11.164411640499209,26.94733055358236,15.95734513081062,0.8425707353396125,18.261788837718395,32.09765966446489,0.0733985043635958,22.61430834432669
/content/drive/MyDrive/Bharatanatyam_Digital_Twin/dataset/posture_images/extracted/new_Dataset/Nataraj Augmented/dr_7_56.jpg,dr_7_56.jpg,Nataraj Augmented,18.51512964101599,26.486130379969993,31.69301841800821,47.07735165868598,1.9241176476167208,24.14985084562016,26.211084642482767,10.167010960945264,17.10705579648483,88.581821415439,3.6005481872485814,39.91682052707026,0.2271608368860524,10.319288168894506,19.910499766336507,0.0581235456046348,10.989241194742377
/content/drive/MyDrive/Bharatanatyam_Digital_Twin/dataset/posture_images/extracted/new_Dataset/Nataraj Augmented/dr_7_6092.jpg,dr_7_6092.jpg,Nataraj Augmented,15.652826955065947,30.161993936770862,19.14973257486815,12.839240517110143,16.993624869248652,7.372528328584275,14.088781572452806,6.796140138053147,10.23681139667491,87.9583155124543,6.730997045952894,45.178977684558745,0.2211201241523535,12.102800924429587,24.349389531754017,0.2620185132178306,11.696994728316913
/content/drive/MyDrive/Bharatanatyam_Digital_Twin/dataset/posture_images/extracted/new_Dataset/Nataraj Augmented/dr_7_6384.jpg,dr_7_6384.jpg,Nataraj Augmented,60.88969913922736,24.52879926592525,3.300412206331036,5.376540156604246,68.41109504423372,35.242625355707936,28.082668190719232,50.724720208922086,26.281751026433994,7.709750319156925,9.11422335023166,21.89762625065193,0.2411956599166215,22.562525467379228,36.77734807127574,0.267612888730625,30.64261544213132
/content/drive/MyDrive/Bharatanatyam_Digital_Twin/dataset/posture_images/extracted/new_Dataset/Nataraj Augmented/dr_7_6535.jpg,dr_7_6535.jpg,Nataraj Augmented,11.015189784578219,14.178321889594123,16.36263711089158,22.61048448138193,1.4314605676550438,2.620712024282694,10.756323546052812,7.082832154311294,12.479514631664888,85.51773441640691,3.4719092739686244,51.019575870319656,0.2162059889419695,8.594676140917706,11.666285417899129,0.1967970828518408,13.920945922002147
/content/drive/MyDrive/Bharatanatyam_Digital_Twin/dataset/posture_images/extracted/new_Dataset/Nataraj Augmented/dr_7_6756.jpg,dr_7_6756.jpg,Nataraj Augmented,12.508687973156114,17.21363796293855,7.527098647093953,27.08140186024708,2.695350473665332,3.2931372206222256,10.149247050407146,25.23970311423208,30.066129971797064,66.69099413133986,21.36760411684812,46.701808130084224,0.2155540900322539,9.75531900834928,14.458777469925744,0.1238496527851869,14.683329902336904
/content/drive/MyDrive/Bharatanatyam_Digital_Twin/dataset/posture_images/extracted/new_Dataset/Nataraj Augmented/dr_7_7031.jpg,dr_7_7031.jpg,Nataraj Augmented,22.23078697988906,18.803939732504624,23.60630872593496,2.094801014002025,15.83625622323168,19.327389084182503,15.216188761837792,30.19508866417269,9.278795740519524,7.213036963273428,13.770253459422712,21.72849490456751,0.1750752138635997,11.588280116313802,19.040988677215235,0.1983745190018135,15.525477152724356
/content/drive/MyDrive/Bharatanatyam_Digital_Twin/dataset/posture_images/extracted/new_Dataset/Nataraj Augmented/dr_7_7132.jpg,dr_7_7132.jpg,Nataraj Augmented,52.80648375213009,7.335933404730221,6.713862683679473,11.316000098453518,42.53567635977987,7.59427664177863,17.039953945922875,23.41670461877669,21.53861900009653,29.13288702207945,9.208429004127431,64.68048898434938,0.1986321052530051,14.019226471069771,27.05858743598864,0.1996294471016116,14.799462530119069
/content/drive/MyDrive/Bharatanatyam_Digital_Twin/dataset/posture_images/extracted/new_Dataset/Nataraj Augmented/dr_7_7304.jpg,dr_7_7304.jpg,Nataraj Augmented,7.160458523322326,19.170307138157234,4.968926471549303,19.914000904154435,32.950741769759155,23.75767932710799,20.39783711814272,30.594388056822044,42.787312522988174,25.583889431055837,42.90598057054362,52.420879385569485,0.428796604085748,8.691762511388037,13.210437192373252,0.0718341627175944,12.793016179073266
/content/drive/MyDrive/Bharatanatyam_Digital_Twin/dataset/posture_images/extracted/new_Dataset/Nataraj Augmented/dr_7_7828.jpg,dr_7_7828.jpg,Nataraj Augmented,7.362434069471547,18.99444084057547,7.287073563599009,32.15227442472862,31.74796396223416,9.554586868494717,20.185474704764125,21.212087829646645,36.40040423792243,78.12351556423742,19.304488345356635,47.76393081187399,0.2173219541436907,6.2747251853908,11.800971100650656,0.1288137618227572,6.894390693698984
/content/drive/MyDrive/Bharatanatyam_Digital_Twin/dataset/posture_images/extracted/new_Dataset/Nataraj Augmented/dr_7_8223.jpg,dr_7_8223.jpg,Nataraj Augmented,22.229265839709434,25.991751033891667,15.302075110573496,7.2073177788973055,29.05734366086048,5.771437657020324,14.334543551837902,5.168586917644916,9.789742688098867,83.16264224084348,4.774680003665634,42.31593097192674,0.1966033877759875,12.145490803547814,22.767389148968874,0.1610961751774882,13.507987086497076
/content/drive/MyDrive/Bharatanatyam_Digital_Twin/dataset/posture_images/extracted/new_Dataset/Nataraj Augmented/dr_7_8418.jpg,dr_7_8418.jpg,Nataraj Augmented,9.852893294901435,42.44962087142657,21.942293744670216,4.36949325966989,37.65019509897754,24.956527786511742,22.229627472457352,69.48992505456692,73.63571587486071,83.21998030904638,70.01825497507784,75.6483490246179,0.4977694514258898,11.080541205863408,19.382359646034644,0.1238628745326671,13.735401097022915
/content/drive/MyDrive/Bharatanatyam_Digital_Twin/dataset/posture_images/extracted/new_Dataset/Nataraj Augmented/dr_7_8746.jpg,dr_7_8746.jpg,Nataraj Augmented,22.729909440066855,32.114819970029416,19.499149420019464,46.2931509671334,158.09409191149783,22.982977855734774,61.71734253859637,41.97218805629751,39.922255915658894,73.88058197933812,39.080622150677456,25.445157491653283,0.3774399970497359,14.805710313886893,31.54761557680844,0.1971646683740473,12.672350696478183
/content/drive/MyDrive/Bharatanatyam_Digital_Twin/dataset/posture_images/extracted/new_Dataset/Nataraj Augmented/dr_7_8919.jpg,dr_7_8919.jpg,Nataraj Augmented,36.68587569907534,25.346227199808993,28.28767316242017,24.996704888978947,1.50749390892917,5.459462931081167,15.062833722852364,9.299575378319645,11.5725121088185,19.284168321045318,15.098724254308244,12.38582190396917,0.489987826397304,13.00841328962485,26.82009923927704,0.0849223191013277,12.120218310496185
/content/drive/MyDrive/Bharatanatyam_Digital_Twin/dataset/posture_images/extracted/new_Dataset/Nataraj Augmented/dr_7_9367.jpg,dr_7_9367.jpg,Nataraj Augmented,11.159866525276897,11.09998136108208,25.527562868875687,14.768698709491144,24.15321952327581,10.570609729754908,18.75502270784939,66.13453157304971,78.67010021349192,66.35051099479088,52.3728963395234,66.86752223500002,0.5057914228632236,6.526355066941844,12.405098012065377,0.1769311790884405,6.997036009671716
/content/drive/MyDrive/Bharatanatyam_Digital_Twin/dataset/posture_images/extracted/new_Dataset/Nataraj Augmented/dr_7_9752.jpg,dr_7_9752.jpg,Nataraj Augmented,7.449987973467259,18.763721629661816,19.58534482749568,17.502625316322646,10.406063834814391,15.680646529932234,15.793670127141237,8.5450361424096,15.435537533544172,87.4995447924038,3.0037641913383406,46.71625365084594,0.2047949933281155,7.992512250757369,14.32260788427752,0.203486962796396,9.451441905198193
/content/drive/MyDrive/Bharatanatyam_Digital_Twin/dataset/posture_images/extracted/new_Dataset/Nataraj Augmented/dr_7_9921.jpg,dr_7_9921.jpg,Nataraj Augmented,6.219010466607798,12.81882536820023,13.780138230134934,6.823046777489308,26.305337546462205,21.94056050707302,17.21227076528987,9.322604551387856,23.153900744451448,82.48798820347179,6.047927112652614,45.69764980597736,0.2109410735187617,8.040751317773681,9.810869994069009,0.1895323157816052,14.121851643470432
/content/drive/MyDrive/Bharatanatyam_Digital_Twin/dataset/posture_images/extracted/new_Dataset/Nataraj Augmented/dr_8_1302.jpg,dr_8_1302.jpg,Nataraj Augmented,24.187689361490293,16.1145387949884,38.05053264802506,29.942744770729067,9.637045865262408,19.920293985104863,24.38765431728035,15.87269141095814,8.419834599900014,89.39875790913305,11.490192477340544,49.961414682900255,0.2234883251821847,8.200214441062432,14.062351068079389,0.0775813598779006,10.460710895230008
/content/drive/MyDrive/Bharatanatyam_Digital_Twin/dataset/posture_images/extracted/new_Dataset/Nataraj Augmented/dr_8_1417.jpg,dr_8_1417.jpg,Nataraj Augmented,27.679639786419294,19.477128285530576,55.318309293101166,34.36425396193499,11.106079770420948,15.217841052208136,29.001621019416312,14.536794188546263,9.150969422042651,87.0778104147373,16.494454597123198,45.26463531784474,0.2239912806475532,9.615696004621944,16.077833349984687,0.0630943915353616,12.70616027234578
/content/drive/MyDrive/Bharatanatyam_Digital_Twin/dataset/posture_images/extracted/new_Dataset/Nataraj Augmented/dr_8_1542.jpg,dr_8_1542.jpg,Nataraj Augmented,32.16690098898907,27.182151226525413,22.682389822293526,21.26867989161362,39.8925339487092,12.955479991523426,24.199770913534945,71.43098317455184,87.416982134904,22.90149458395988,86.92597352160612,31.397319812824705,0.2139338601926981,10.13080097822963,25.67020299976617,0.1322781349368865,4.589921799985834
/content/drive/MyDrive/Bharatanatyam_Digital_Twin/dataset/posture_images/extracted/new_Dataset/Nataraj Augmented/dr_8_1573.jpg,dr_8_1573.jpg,Nataraj Augmented,26.39650353325958,23.317046189361726,44.862844155771,40.49963159578895,9.625099092740395,0.3248902031689908,23.828116261867336,18.71305733760141,14.409748580780786,86.82615605144194,19.625317348282103,48.23961761319609,0.2797159716303796,11.188337956916172,19.395988308633765,0.1930880240058458,13.975937538108903
/content/drive/MyDrive/Bharatanatyam_Digital_Twin/dataset/posture_images/extracted/new_Dataset/Nataraj Augmented/dr_8_2044.jpg,dr_8_2044.jpg,Nataraj Augmented,30.70500078990309,22.896368819884707,56.8400041031368,38.25812798820192,9.603143316387955,1.501383784382104,26.5506647980272,1.6806823018212924,4.91177450117172,73.34961942815171,1.6788681174602829,49.62874562693652,0.2491801720372705,12.310275023964309,18.7690747636446,0.1651102777418502,17.996640030506477
/content/drive/MyDrive/Bharatanatyam_Digital_Twin/dataset/posture_images/extracted/new_Dataset/Nataraj Augmented/dr_8_2248.jpg,dr_8_2248.jpg,Nataraj Augmented,12.058657160422264,15.611149163349461,16.445130403142247,24.50813120949671,46.739879242593545,20.057605829864983,26.93768667127437,15.098501732063568,12.67641048509384,80.59968961141034,19.423931575981907,41.58122385269625,0.2807547440530158,7.762681426062453,13.426222246563787,0.0975007024344657,9.764321329189109
/content/drive/MyDrive/Bharatanatyam_Digital_Twin/dataset/posture_images/extracted/new_Dataset/Nataraj Augmented/dr_8_2310.jpg,dr_8_2310.jpg,Nataraj Augmented,19.856614797316226,36.23503286060094,39.25750704686628,53.81444636834851,33.63304194056689,3.0711131485981924,32.444027126094966,35.74528680510765,31.31439497574286,7.373247599235932,32.43622850202903,26.71936534122519,0.0526649766727008,15.328913619212242,34.280082844221695,0.3851244752431233,11.321533538171906
/content/drive/MyDrive/Bharatanatyam_Digital_Twin/dataset/posture_images/extracted/new_Dataset/Nataraj Augmented/dr_8_2861.jpg,dr_8_2861.jpg,Nataraj Augmented,36.67245509228954,24.35699622163738,59.65969158373197,42.48026810881256,10.137785815237883,11.353087910587291,30.907708354592422,5.585467605578998,5.911812429850471,73.94021293151093,5.12310780226084,51.2239945989747,0.2282449516489033,11.50864797695265,18.90121234441813,0.1986976840953713,15.42603390234444
/content/drive/MyDrive/Bharatanatyam_Digital_Twin/dataset/posture_images/extracted/new_Dataset/Nataraj Augmented/dr_8_316.jpg,dr_8_316.jpg,Nataraj Augmented,27.09385108496211,29.22658145863366,3.9454147729434736,51.17559986136917,46.70185172706095,30.23266981324329,33.01388404365422,52.85814630232402,21.63497176946228,2.552051495524473,49.039853733234736,44.518671170619086,0.0838763091028381,16.017633996904767,35.744222831647015,0.3063381587139117,12.00234100035338
/content/drive/MyDrive/Bharatanatyam_Digital_Twin/dataset/posture_images/extracted/new_Dataset/Nataraj Augmented/dr_8_3627.jpg,dr_8_3627.jpg,Nataraj Augmented,46.28815043127817,51.44358924463627,57.30210959442326,54.673914153812085,49.53778930713999,40.347771772990974,50.46539620709158,3.094747165029389,16.529922182494488,63.79006299272474,57.66219565879509,46.80609055686083,0.2861793078292418,21.333771387769133,41.05984622103794,0.1746812792473711,22.76678666302209
/content/drive/MyDrive/Bharatanatyam_Digital_Twin/dataset/posture_images/extracted/new_Dataset/Nataraj Augmented/dr_8_3798.jpg,dr_8_3798.jpg,Nataraj Augmented,32.575827334662684,19.294605016187113,60.38213986982067,33.29550932222764,0.3357204380906449,5.784724857454958,24.94952362189848,0.2855765769544202,4.679291768196256,78.40825915493404,0.5695078673458834,52.26580513544637,0.2392356559216477,12.882739922958471,19.890966095745817,0.0859321483701546,18.67132152475944
/content/drive/MyDrive/Bharatanatyam_Digital_Twin/dataset/posture_images/extracted/new_Dataset/Nataraj Augmented/dr_8_4008.jpg,dr_8_4008.jpg,Nataraj Augmented,14.880984667453271,17.152348144791688,22.711777014703294,4.760707368478974,8.604203598417302,18.203273476932168,13.569990364632936,2.6761366404876696,7.522681989954663,64.43573734499661,6.957163686905331,37.36356062018034,0.2833976657712972,11.118415457279406,18.49860443344695,0.1349352202135113,14.721706718177758
/content/drive/MyDrive/Bharatanatyam_Digital_Twin/dataset/posture_images/extracted/new_Dataset/Nataraj Augmented/dr_8_4505.jpg,dr_8_4505.jpg,Nataraj Augmented,25.97116411530432,5.626059767655171,12.667510054101088,9.51307815761462,49.846109117099445,125.53617678582609,49.39071852866031,22.63599368581124,30.119141779135667,34.42958701520564,43.10217587071218,69.0304020300253,0.1197394754237706,25.353278338631288,30.32664624548244,0.1840264320109703,45.549162338400464
/content/drive/MyDrive/Bharatanatyam_Digital_Twin/dataset/posture_images/extracted/new_Dataset/Nataraj Augmented/dr_8_4711.jpg,dr_8_4711.jpg,Nataraj Augmented,13.806880918701594,24.758065852748434,28.96175195823172,39.18683098255509,10.681773983366226,9.116842617464972,21.9867998854045,15.06633476783527,9.155109480788466,84.62669463784904,15.11437642874736,46.22557481703265,0.2701731605735678,7.672810936769902,15.699857557127464,0.08049528885946,7.23807996432278
/content/drive/MyDrive/Bharatanatyam_Digital_Twin/dataset/posture_images/extracted/new_Dataset/Nataraj Augmented/dr_8_4804.jpg,dr_8_4804.jpg,Nataraj Augmented,39.69627580734222,19.251772171901635,24.931145878326724,40.50758602810263,13.551103728856097,4.835573067578896,20.956352175716084,12.99911907922054,16.055576241741917,78.35711708159094,12.8314489854807,33.78529547309044,0.2953151705276339,10.610556028595209,24.135798413512557,0.2793897795805337,7.416479892692535
/content/drive/MyDrive/Bharatanatyam_Digital_Twin/dataset/posture_images/extracted/new_Dataset/Nataraj Augmented/dr_8_486.jpg,dr_8_486.jpg,Nataraj Augmented,31.33161733715665,8.624423763502158,60.01095351689267,15.239161308108477,6.2114697850315,1.1637136429711992,20.65632456325096,6.407059417245221,22.532782661237185,85.39957851113003,16.637717406192184,49.30886667283416,0.2379403654797166,13.379171998155732,16.048846779083476,0.1577762927053838,23.93089292267833
/content/drive/MyDrive/Bharatanatyam_Digital_Twin/dataset/posture_images/extracted/new_Dataset/Nataraj Augmented/dr_8_5234.jpg,dr_8_5234.jpg,Nataraj Augmented,16.58604074026264,21.719153768182935,27.098047077758302,34.34631022654223,2.63035078805144,1.259403150363237,16.333527810678802,4.852752358050253,2.1502006896975274,67.84402126886029,0.6218689791865176,45.29987135488833,0.254284070709193,9.416159536423844,17.710289193900095,0.0664945129201519,10.471694902451285
/content/drive/MyDrive/Bharatanatyam_Digital_Twin/dataset/posture_images/extracted/new_Dataset/Nataraj Augmented/dr_8_5918.jpg,dr_8_5918.jpg,Nataraj Augmented,26.638228677900273,23.307132464801384,50.81861642510387,39.51104454543837,0.9634142510429032,2.019105607680037,23.328045207316293,9.86448476032686,6.976384253055784,87.03985430884444,13.213872882526726,46.047594193440624,0.2359933479879326,12.45127175990497,19.65100773897429,0.1554092247660597,17.54739831597456
/content/drive/MyDrive/Bharatanatyam_Digital_Twin/dataset/posture_images/extracted/new_Dataset/Nataraj Augmented/dr_8_5993.jpg,dr_8_5993.jpg,Nataraj Augmented,24.188388294819404,22.880468848029146,39.68220194091421,37.25409566640593,6.5753866578941365,1.9691356497762904,21.370204978747644,9.244259299448863,13.197692945182617,59.99648334546032,6.901376311247765,46.84379378291308,0.2471869774917875,9.99421956136588,17.04588912855046,0.1708629150783129,12.765906640468872
/content/drive/MyDrive/Bharatanatyam_Digital_Twin/dataset/posture_images/extracted/new_Dataset/Nataraj Augmented/dr_8_6038.jpg,dr_8_6038.jpg,Nataraj Augmented,27.793527738708903,15.569624829310442,40.27222821337105,27.091072444613417,15.839549446466696,4.08767856348006,21.822632166982807,21.48648039856198,7.37605825659881,84.8927804950923,14.546987016966442,47.99230671569147,0.262095022473393,10.09775313598601,17.915625941596584,0.2008525936410929,12.176780872720355
/content/drive/MyDrive/Bharatanatyam_Digital_Twin/dataset/posture_images/extracted/new_Dataset/Nataraj Augmented/dr_8_6576.jpg,dr_8_6576.jpg,Nataraj Augmented,30.234517284402642,25.956891638038,47.25902566149443,42.79797620594183,11.688306488638366,2.5467570022013795,26.073016339569,2.8531703522005785,10.626232318749828,75.35584012360844,1.0839099602800613,43.92577722058604,0.3167003095477813,12.1939001615544,19.968676555265706,0.322981492734253,16.290042436663242
/content/drive/MyDrive/Bharatanatyam_Digital_Twin/dataset/posture_images/extracted/new_Dataset/Nataraj Augmented/dr_8_661.jpg,dr_8_661.jpg,Nataraj Augmented,32.15307999411424,21.178077455687514,52.21803899135641,46.25355440542009,0.1444954867685191,0.4511211371899142,24.766802505183733,24.44641448598071,13.348082189252892,71.91215594659278,16.29973350052776,48.66327667379457,0.2832187635195642,13.566467652213694,22.990016123784127,0.1796601252886523,17.529726707568297
/content/drive/MyDrive/Bharatanatyam_Digital_Twin/dataset/posture_images/extracted/new_Dataset/Nataraj Augmented/dr_8_6741.jpg,dr_8_6741.jpg,Nataraj Augmented,32.72098349715147,12.2561563278959,51.15607197417374,25.83316966666714,6.974657894175492,39.58714220600663,30.887760435255757,5.194733038228918,11.82983645791407,69.46232867342106,6.487875301751648,46.68176165404702,0.2960715956979612,14.786424663811369,21.48333826969529,0.1608544945936922,22.71508122714512
/content/drive/MyDrive/Bharatanatyam_Digital_Twin/dataset/posture_images/extracted/new_Dataset/Nataraj Augmented/dr_8_6851.jpg,dr_8_6851.jpg,Nataraj Augmented,11.513444906882981,23.765499419105815,24.30566649550528,37.06049743040544,5.887115088138595,5.734521925028998,18.246950234769574,11.132859715659954,6.102578790842205,78.6198119354839,11.175459779293016,41.03225575521592,0.2849580102257504,7.774923830772789,15.366621264426508,0.1061084461776708,7.852041781714189
/content/drive/MyDrive/Bharatanatyam_Digital_Twin/dataset/posture_images/extracted/new_Dataset/Nataraj Augmented/dr_8_6908.jpg,dr_8_6908.jpg,Nataraj Augmented,11.414147145454308,25.444609536173022,25.24653179609752,40.84366526762182,18.573467529977105,9.140207699956845,23.45096807341332,15.266780073205082,7.96507080562177,86.55984353429305,15.12954647225332,42.47515030855865,0.2687485270769069,6.902074387203968,15.861022161923568,0.0562432044392871,4.788957795249051
/content/drive/MyDrive/Bharatanatyam_Digital_Twin/dataset/posture_images/extracted/new_Dataset/Nataraj Augmented/dr_8_6989.jpg,dr_8_6989.jpg,Nataraj Augmented,35.506288456474536,16.33444854293483,27.842712229182343,34.99929523485753,8.236259200407783,31.350931006603084,25.60729941776268,3.461026618597043,17.091209277203248,78.13255375995503,11.973561659974084,29.687977873760097,0.231116040260543,11.238571460144763,21.25560346935656,0.1496441687771662,12.310466742300571
/content/drive/MyDrive/Bharatanatyam_Digital_Twin/dataset/posture_images/extracted/new_Dataset/Nataraj Augmented/dr_8_7020.jpg,dr_8_7020.jpg,Nataraj Augmented,28.066641861084285,21.980098185661895,41.41467466099893,47.95439903780368,30.46274396151933,9.05182508727479,32.22091068689918,0.6193138462544141,7.034517522397522,83.69478017061552,12.623928574789046,23.66987322164216,0.2042427320292745,8.86112083806494,19.666097817047465,0.1282246370755104,6.789040060071844
/content/drive/MyDrive/Bharatanatyam_Digital_Twin/dataset/posture_images/extracted/new_Dataset/Nataraj Augmented/dr_8_7213.jpg,dr_8_7213.jpg,Nataraj Augmented,22.22303023382763,27.949197458208367,48.06915079215754,45.29250917370441,7.041287824701621,4.75627951054121,26.289806825276195,20.233059243729883,18.23284793744276,87.28501527502914,27.862492700579665,44.98707753180143,0.2293548044214736,11.140906030419062,17.78807715852212,0.1345298492040435,15.500111083531024
/content/drive/MyDrive/Bharatanatyam_Digital_Twin/dataset/posture_images/extracted/new_Dataset/Nataraj Augmented/dr_8_7488.jpg,dr_8_7488.jpg,Nataraj Augmented,50.59422868679688,41.36891184763487,5.081088949110278,2.472905462638587,23.685916302258057,2.638616727010252,8.469631860254292,40.64024536157032,42.57706896065332,21.132531666660213,12.68225998654676,38.21306511440388,0.0660058609223225,22.586005159768614,45.483455105766495,0.3431190334157599,21.9314413401236
/content/drive/MyDrive/Bharatanatyam_Digital_Twin/dataset/posture_images/extracted/new_Dataset/Nataraj Augmented/dr_8_7747.jpg,dr_8_7747.jpg,Nataraj Augmented,19.9866705282683,24.503224117004997,8.512276768475564,46.52021232121471,24.48951584767104,10.267536849658288,22.447385446754897,11.008539966122942,6.384484494994856,81.37519424090698,6.080963008948959,43.78114807951806,0.2761799524746641,8.825745251117748,17.344172643323713,0.133115566780972,8.99994754324856
/content/drive/MyDrive/Bharatanatyam_Digital_Twin/dataset/posture_images/extracted/new_Dataset/Nataraj Augmented/dr_8_790.jpg,dr_8_790.jpg,Nataraj Augmented,27.803989117760285,16.83725470018183,56.90433174659365,27.7645559685457,2.233022566092852,13.590235173964937,25.123036363799287,8.537676671099538,4.97797828401231,87.76633075221382,8.661426672778992,46.96449469781447,0.2911064832218707,10.54090586554008,16.02652549098687,0.1101205853724987,15.48607152026087
/content/drive/MyDrive/Bharatanatyam_Digital_Twin/dataset/posture_images/extracted/new_Dataset/Nataraj Augmented/dr_8_81.jpg,dr_8_81.jpg,Nataraj Augmented,25.494616194105426,17.56474898240311,49.920616934679806,29.726343642066904,1.4462358520823306,15.88145733140414,24.24366344005829,4.767668111901269,9.70507182081601,73.42983991998307,4.226782079155507,48.98836667537434,0.2972261731897326,9.626705766752982,13.952432251414418,0.0984989304087113,14.829186118435814
/content/drive/MyDrive/Bharatanatyam_Digital_Twin/dataset/posture_images/extracted/new_Dataset/Nataraj Augmented/dr_8_8110.jpg,dr_8_8110.jpg,Nataraj Augmented,3.892095201577206,24.12522691362303,0.5351483421619755,39.25533988843722,14.908320993187596,5.789351096042976,15.122040079957442,4.197756318294052,1.8145664656831129,80.78358620764855,4.616219635450997,38.970043074538616,0.3249163884273571,9.310956842580254,14.271675097480664,0.2191272681078408,13.442068162152257
/content/drive/MyDrive/Bharatanatyam_Digital_Twin/dataset/posture_images/extracted/new_Dataset/Nataraj Augmented/dr_8_823.jpg,dr_8_823.jpg,Nataraj Augmented,26.4272606604112,19.526299905747948,52.1527672121287,34.13651707654468,5.4074756788416,4.1341551342267335,23.957728775435427,22.33881921586212,19.55069880736467,71.94681865811398,25.195467108893958,47.909449438204526,0.2496691269106161,11.179991952661004,18.35510270285884,0.0622938071627527,15.122579347961416
/content/drive/MyDrive/Bharatanatyam_Digital_Twin/dataset/posture_images/extracted/new_Dataset/Nataraj Augmented/dr_8_8262.jpg,dr_8_8262.jpg,Nataraj Augmented,13.996524947794718,6.102557034841915,16.896545558169755,12.649111462176863,59.90840850008191,1.3102461664001717,22.691077921707176,60.13349916961687,48.31934467713313,10.67360238309888,86.74050699169537,30.39817862715298,0.1448215316049641,12.544863882713534,22.974462023169654,0.1280216699638922,14.532107955007056
/content/drive/MyDrive/Bharatanatyam_Digital_Twin/dataset/posture_images/extracted/new_Dataset/Nataraj Augmented/dr_8_8336.jpg,dr_8_8336.jpg,Nataraj Augmented,26.51345117454177,18.268439092053995,60.36135746740741,21.41318279541099,2.9281219703790504,10.66006361937034,23.840681463141948,5.000112832796306,13.55496729996761,82.8318220525425,13.154634168036372,51.75482149065752,0.2551320737951067,12.455445643373878,19.62930444890074,0.1205758048505248,17.61645667637037
/content/drive/MyDrive/Bharatanatyam_Digital_Twin/dataset/posture_images/extracted/new_Dataset/Nataraj Augmented/dr_8_8545.jpg,dr_8_8545.jpg,Nataraj Augmented,36.454518154569655,35.21583457772225,13.062554540162273,86.95307602172035,64.94487146222934,19.209027698113783,46.04238243055644,86.80644378417729,70.29161024445541,25.94825653174044,86.83452849325322,43.64733025969469,0.1778568823541855,15.251193772172549,32.47369471991029,0.0633470739460509,13.216539522661307
/content/drive/MyDrive/Bharatanatyam_Digital_Twin/dataset/posture_images/extracted/new_Dataset/Nataraj Augmented/dr_8_8576.jpg,dr_8_8576.jpg,Nataraj Augmented,42.230976734396194,28.551548750532156,12.46912708191285,34.57787559724782,33.58947141508352,11.942208583825575,23.14467066951744,68.61887255294553,50.73225459563059,27.128198631267225,61.91973848829264,81.39057780347224,0.2885805780667742,14.89212989860838,33.55871927870063,0.1918747630221616,10.925795654102348
/content/drive/MyDrive/Bharatanatyam_Digital_Twin/dataset/posture_images/extracted/new_Dataset/Nataraj Augmented/dr_8_8975.jpg,dr_8_8975.jpg,Nataraj Augmented,21.84549273667266,17.516941448618837,35.251589740245656,34.85760701450612,22.82121899796232,25.96829473506088,29.724677621943748,21.79219431623533,12.227462444469404,71.05659672982392,11.014091772183653,44.20745925784366,0.2699463643447144,9.215564066164204,18.848063566821715,0.0882092433908496,8.710419388280052
/content/drive/MyDrive/Bharatanatyam_Digital_Twin/dataset/posture_images/extracted/new_Dataset/Nataraj Augmented/dr_8_9067.jpg,dr_8_9067.jpg,Nataraj Augmented,4.559932251819994,21.453817868307496,2.0564407426829345,33.8525528245185,4.104462471692093,4.193135128590156,11.05164779187092,5.646786315546237,3.1063093196292493,75.01304154906987,0.4324250684904411,14.479805950025677,0.2579775909689449,7.974209397441149,9.512408189542075,0.1060658347957008,14.304154167985672
/content/drive/MyDrive/Bharatanatyam_Digital_Twin/dataset/posture_images/extracted/new_Dataset/Nataraj Augmented/dr_8_9109.jpg,dr_8_9109.jpg,Nataraj Augmented,8.259728522081673,72.46368981351074,9.003108908230157,45.428836174897945,17.08062395147816,38.33051333100063,27.46077059140173,25.11236717299787,19.094935918235407,7.631084806111478,16.69431805192627,67.93591757096246,0.2602115605487791,18.088320235043696,33.99019016903694,0.1528529698498483,20.121917566244296
/content/drive/MyDrive/Bharatanatyam_Digital_Twin/dataset/posture_images/extracted/new_Dataset/Nataraj Augmented/dr_8_9192.jpg,dr_8_9192.jpg,Nataraj Augmented,34.3791865257312,21.66873796428702,60.101476759078906,37.17240970766751,15.67694881381914,0.6676332539470013,28.40461713362814,2.863596384627641,0.992804304188013,81.21584321728874,4.717548466133058,49.16942837495789,0.2728007409899141,12.226153406162204,20.27165120684901,0.1761689525093608,16.230640059128234
/content/drive/MyDrive/Bharatanatyam_Digital_Twin/dataset/posture_images/extracted/new_Dataset/Nataraj Augmented/dr_8_9345.jpg,dr_8_9345.jpg,Nataraj Augmented,29.443084728237075,9.968652703798455,27.39583611307632,19.939284296594952,79.97649718399944,62.56633237681174,47.469487492620615,81.95916966283342,74.76059108567931,12.560155498764118,76.69506331576386,68.74772751782662,0.19566688034562,20.977414010447863,27.73921976484801,0.1311774238890871,35.06184484260649
/content/drive/MyDrive/Bharatanatyam_Digital_Twin/dataset/posture_images/extracted/new_Dataset/Nataraj Augmented/dr_8_948.jpg,dr_8_948.jpg,Nataraj Augmented,28.61710498820824,35.27428309891325,44.106091312552415,29.53613083063084,25.126219460393656,38.60243370655484,34.34271882753294,2.648445178846828,20.74946261569363,67.57779653412084,9.508524407207233,40.05006705491477,0.2827320205196365,16.51252274516088,29.80899522974718,0.1068532153460816,19.62171979038938
/content/drive/MyDrive/Bharatanatyam_Digital_Twin/dataset/posture_images/extracted/new_Dataset/Nataraj Augmented/dr_8_9702.jpg,dr_8_9702.jpg,Nataraj Augmented,30.153511882607305,14.669326550403555,48.51588934376092,25.683497144007188,30.38329767533334,26.89395494125716,32.86915977608965,27.367182133473303,19.65704385293811,72.808968716816,23.880300625981143,51.460268142139306,0.2849578861309554,10.73704340793175,18.16874667884936,0.1372699731516563,13.90511357179424
/content/drive/MyDrive/Bharatanatyam_Digital_Twin/dataset/posture_images/extracted/new_Dataset/Nataraj Augmented/dr_8_9814.jpg,dr_8_9814.jpg,Nataraj Augmented,19.45080609923925,20.166900733091055,33.59356863821619,34.00903201714475,15.73854538408074,3.473437842889561,21.70364597058281,8.913334513763157,11.528381172183131,85.90147718414579,11.994150722145564,43.62148493758868,0.2998354525962308,8.103502236929772,17.638618929547278,0.2279484477548816,6.443939333487159
/content/drive/MyDrive/Bharatanatyam_Digital_Twin/dataset/posture_images/extracted/new_Dataset/Nataraj Augmented/dr_8_988.jpg,dr_8_988.jpg,Nataraj Augmented,28.81450224332226,28.68398123932161,42.94692179387007,34.11867981315005,7.086659513134514,25.187480604699505,27.334935431213538,27.962329758526693,60.8023756304445,69.67212258451762,40.36120809969046,46.78628231170439,0.310278933465642,12.913671457931502,23.298057827012062,0.109640823331623,15.33331572345082
/content/drive/MyDrive/Bharatanatyam_Digital_Twin/dataset/posture_images/extracted/new_Dataset/Prenkhana Augmented/dr_0_1147.jpg,dr_0_1147.jpg,Prenkhana Augmented,67.97080291892371,8.175215552674167,112.11482766240076,10.32462539123627,21.658051678829736,6.801243386445504,37.72468702972808,32.18668891159092,4.200265594201502,4.394127392965241,25.320204750005463,54.38802273008004,0.2644148969090133,15.213702271713066,24.151805010305743,0.0483976187550077,21.440904186078445
/content/drive/MyDrive/Bharatanatyam_Digital_Twin/dataset/posture_images/extracted/new_Dataset/Prenkhana Augmented/dr_0_1569.jpg,dr_0_1569.jpg,Prenkhana Augmented,28.819671206554027,2.282217857257976,41.51366109175965,11.319999120127992,13.908440452602816,11.265301746139134,19.501850602657395,24.547018017682237,2.5608204181951777,7.154243225014662,25.19897297817152,36.00267116748491,0.261029599448483,8.050759472466288,12.788978478564822,0.0431845235455429,11.320115415288496
/content/drive/MyDrive/Bharatanatyam_Digital_Twin/dataset/posture_images/extracted/new_Dataset/Prenkhana Augmented/dr_0_1746.jpg,dr_0_1746.jpg,Prenkhana Augmented,50.528109779163074,28.559562089341885,10.631349000760968,67.56243076472259,20.34179841429817,5.040274001246927,25.893963045257166,33.68878461042553,25.215792222742863,30.49360080255721,46.561235968067145,70.15285358572393,0.2113887042877538,15.82713022033723,25.192693780830112,0.0569052562505171,22.231791623931056
/content/drive/MyDrive/Bharatanatyam_Digital_Twin/dataset/posture_images/extracted/new_Dataset/Prenkhana Augmented/dr_0_1896.jpg,dr_0_1896.jpg,Prenkhana Augmented,35.37944192054054,20.889853783743167,82.89590189812148,45.4867412485652,4.74239750667348,8.962972922711188,35.52200339401784,24.232173768140395,9.96480191818192,0.9099442918320448,31.174142775229225,51.74564835515608,0.2321520948984344,8.578329997713523,16.395295237214185,0.1150720374589319,9.224622718467453
/content/drive/MyDrive/Bharatanatyam_Digital_Twin/dataset/posture_images/extracted/new_Dataset/Prenkhana Augmented/dr_0_1940.jpg,dr_0_1940.jpg,Prenkhana Augmented,26.4921653988509,5.407440595425506,44.86587033579262,3.642321311922301,18.34072859375248,7.761844721963413,18.652691240857703,41.64907111629103,23.85080274766417,13.904714279367598,40.38991980021827,29.073403723488504,0.2639783380926235,8.630863201299155,13.004887297067462,0.0274482111576555,12.860254095672344
/content/drive/MyDrive/Bharatanatyam_Digital_Twin/dataset/posture_images/extracted/new_Dataset/Prenkhana Augmented/dr_0_1975.jpg,dr_0_1975.jpg,Prenkhana Augmented,48.12844386531049,22.43827160331594,74.82500349127582,1.237013459884258,12.431036247511736,1.0075705276751643,22.375155931586747,18.574827325444485,4.324601272735028,3.544432165943815,29.75517674818198,50.60095636143019,0.2536493509371237,12.910646341140264,22.524697107447928,0.0833851440241298,16.12385677194873
/content/drive/MyDrive/Bharatanatyam_Digital_Twin/dataset/posture_images/extracted/new_Dataset/Prenkhana Augmented/dr_0_20.jpg,dr_0_20.jpg,Prenkhana Augmented,45.29147604569242,53.27592535137464,18.957812243198813,105.56283614205655,31.071774286452357,1.7074663110376915,39.324972245686354,32.97115578500458,14.510090574842604,8.092981224400232,49.356114082444286,56.95247731488063,0.2403477295642004,22.639366648823582,32.10999631943919,0.0876955771638301,35.72040804986773
/content/drive/MyDrive/Bharatanatyam_Digital_Twin/dataset/posture_images/extracted/new_Dataset/Prenkhana Augmented/dr_0_2146.jpg,dr_0_2146.jpg,Prenkhana Augmented,26.817790144020364,24.5422389719878,10.282647853247006,65.23389983173013,20.391554515978488,1.6460673632798688,24.38854239105887,38.32046136197954,18.52530227737799,12.269676512988411,46.84383547552383,46.77196404086098,0.2050394492848851,13.421092007164455,17.923885986541606,0.0356330533436773,22.30375698160809
/content/drive/MyDrive/Bharatanatyam_Digital_Twin/dataset/posture_images/extracted/new_Dataset/Prenkhana Augmented/dr_0_2356.jpg,dr_0_2356.jpg,Prenkhana Augmented,35.85856395604775,41.101714705058114,53.03024272373297,73.01704789952446,27.718978882840812,53.40129341002003,51.79189072902956,34.35651953701861,52.1841222578324,57.36829241688879,44.94081846303328,55.99783479063687,0.171610963525088,20.356728467220204,30.918743077198485,0.1978931116532678,29.953549212808856
/content/drive/MyDrive/Bharatanatyam_Digital_Twin/dataset/posture_images/extracted/new_Dataset/Prenkhana Augmented/dr_0_241.jpg,dr_0_241.jpg,Prenkhana Augmented,39.8282879542069,10.76476780336997,88.34449370704915,6.895548174762673,6.847031527199858,5.310374251399876,26.84936191510289,36.83035357039088,16.226223085830327,0.1124323726236014,48.79940162236607,61.41713974389275,0.2481979365915148,10.64051762270593,14.7699248824812,0.0563364607640153,17.09529152487258
/content/drive/MyDrive/Bharatanatyam_Digital_Twin/dataset/posture_images/extracted/new_Dataset/Prenkhana Augmented/dr_0_2448.jpg,dr_0_2448.jpg,Prenkhana Augmented,62.90289720878124,13.891082829734849,130.15317609672513,19.849410992343348,31.215056658686493,13.324822501890123,48.63561656241127,47.24049683355405,18.38849407554657,16.61135922820097,37.38288595992844,28.92766020900669,0.2512355531487661,18.22333911255058,25.72659100096042,0.0703174359103729,28.87310890078095
/content/drive/MyDrive/Bharatanatyam_Digital_Twin/dataset/posture_images/extracted/new_Dataset/Prenkhana Augmented/dr_0_2480.jpg,dr_0_2480.jpg,Prenkhana Augmented,38.2966311332349,12.177895707321781,54.89429888455008,35.46358845165729,0.6950582901589403,8.486587553434397,24.88488329495017,55.70380279267086,31.83540051014171,24.39689406136094,51.763981177741805,30.596668392549617,0.2313435563076725,7.230475797338353,16.233410825557993,0.0442855970005702,5.413730969456493
/content/drive/MyDrive/Bharatanatyam_Digital_Twin/dataset/posture_images/extracted/new_Dataset/Prenkhana Augmented/dr_0_2502.jpg,dr_0_2502.jpg,Prenkhana Augmented,43.28823199136903,26.61511372349836,11.999091165768071,59.98222561812872,1.2885982870454924,3.259657809143942,19.13239322002156,20.648385349589805,2.6709162716525974,6.07176493887812,24.1543560144201,44.83179962552012,0.2508484750777652,15.723110268453736,22.042183440041867,0.0555250757809577,25.071622289538382
/content/drive/MyDrive/Bharatanatyam_Digital_Twin/dataset/posture_images/extracted/new_Dataset/Prenkhana Augmented/dr_0_2983.jpg,dr_0_2983.jpg,Prenkhana Augmented,13.399516073752864,8.772117002730681,14.347821867238302,28.57538693624117,5.578957169043258,6.214158103159571,13.679081018920575,28.86355356885364,12.218178789078651,0.693320891602023,27.79006838855382,43.52602690385877,0.2712858273813349,8.597799116709927,8.444515998518682,0.0348381058136336,17.314043245797464
/content/drive/MyDrive/Bharatanatyam_Digital_Twin/dataset/posture_images/extracted/new_Dataset/Prenkhana Augmented/dr_0_3284.jpg,dr_0_3284.jpg,Prenkhana Augmented,63.64900802162337,15.966809743672897,136.8832447096663,4.527585006859911,9.069135097084915,16.167837117909606,41.66195048288018,52.30000644753122,26.22696556757256,20.930160548885773,49.67859061273121,27.828399459209983,0.2476329859063127,18.21625978204213,23.333691768802904,0.0197127276229634,31.295374849700504
/content/drive/MyDrive/Bharatanatyam_Digital_Twin/dataset/posture_images/extracted/new_Dataset/Prenkhana Augmented/dr_0_3294.jpg,dr_0_3294.jpg,Prenkhana Augmented,44.54600152166252,30.868363547834427,10.682911377754651,77.92237746054353,51.5955168146874,2.4667363288684485,35.66688549546351,18.686673213324813,18.471518425127066,17.13250344224549,38.7890219502969,75.07023801073416,0.2185728784464909,19.2334997816052,26.10303292439993,0.0704789315553194,31.526987488860357
/content/drive/MyDrive/Bharatanatyam_Digital_Twin/dataset/posture_images/extracted/new_Dataset/Prenkhana Augmented/dr_0_3301.jpg,dr_0_3301.jpg,Prenkhana Augmented,33.646806009561615,14.27196054230388,87.81507783794451,10.32712962735109,9.848528226470425,10.33788114187118,29.582154208409303,19.27782219506426,7.213348853788261,14.618881078740372,16.77034900117619,73.66421513593221,0.2417748476602914,8.689242049877466,14.25915311676724,0.0250856136374868,11.783487419227674
/content/drive/MyDrive/Bharatanatyam_Digital_Twin/dataset/posture_images/extracted/new_Dataset/Prenkhana Augmented/dr_0_3581.jpg,dr_0_3581.jpg,Prenkhana Augmented,53.632637530155776,56.10143802651341,20.07969796084692,108.85460013613834,22.470544068684344,6.290222202806826,39.42376609211911,32.28659466597139,20.279687521699003,8.925889358144845,49.51530206606196,60.43467768049699,0.249754931963672,22.017821015353054,33.598748219572975,0.1333536695191883,32.321361156967
/content/drive/MyDrive/Bharatanatyam_Digital_Twin/dataset/posture_images/extracted/new_Dataset/Prenkhana Augmented/dr_0_3823.jpg,dr_0_3823.jpg,Prenkhana Augmented,45.40815826978137,9.77845138113215,88.52185155133238,13.33395559535026,0.3761977795123569,7.391647140806304,27.40591301675033,29.039432167317784,9.848781951909956,0.5457529115714408,30.16415810865549,50.022444798020416,0.24763997462031,11.48467127359386,14.94075619908022,0.0393352038655201,19.47392241783584
/content/drive/MyDrive/Bharatanatyam_Digital_Twin/dataset/posture_images/extracted/new_Dataset/Prenkhana Augmented/dr_0_3832.jpg,dr_0_3832.jpg,Prenkhana Augmented,57.92777536513029,17.70993896265758,83.11395049584888,11.972579701230911,29.17612297293173,15.211345140645072,34.86849957766415,29.965141221250025,1.772568510327142,10.167166975584392,22.77004701763558,45.31424712264574,0.2753526685633865,15.56671492689912,26.675210795349457,0.0491727658696941,19.97576121947821
/content/drive/MyDrive/Bharatanatyam_Digital_Twin/dataset/posture_images/extracted/new_Dataset/Prenkhana Augmented/dr_0_3940.jpg,dr_0_3940.jpg,Prenkhana Augmented,40.138230870227396,6.167914504651392,102.89266570907752,15.589773324167256,0.1257934282190349,7.006530753904702,31.40369080384213,49.76134005364415,25.791165449459957,18.279848323181028,51.80403453639859,39.96228977906229,0.2228479267680886,9.751204508581305,12.700790358212352,0.0446308872731759,16.50819228025838
/content/drive/MyDrive/Bharatanatyam_Digital_Twin/dataset/posture_images/extracted/new_Dataset/Prenkhana Augmented/dr_0_415.jpg,dr_0_415.jpg,Prenkhana Augmented,43.47126066613043,1.6817014168184201,101.10972257354894,10.40002734466836,8.87373759167852,6.72231456616061,31.776450519014105,18.100244658256837,4.026794491470034,15.174237864465304,19.312759439056965,78.6565693585957,0.2484254495218963,10.49618756040956,13.97975223084828,0.0644560491863814,17.444354401194023
/content/drive/MyDrive/Bharatanatyam_Digital_Twin/dataset/posture_images/extracted/new_Dataset/Prenkhana Augmented/dr_0_4572.jpg,dr_0_4572.jpg,Prenkhana Augmented,56.22456500177201,9.897020939833496,88.09150979963024,30.032937342535043,4.699773096808634,2.9243458970114498,31.437141533996343,40.93680344547823,12.334754075793558,7.582750042364758,40.09785214048684,44.37009307709657,0.2450467611597084,11.698994853732506,19.91680593941185,0.020432443971863,15.159746177813798
/content/drive/MyDrive/Bharatanatyam_Digital_Twin/dataset/posture_images/extracted/new_Dataset/Prenkhana Augmented/dr_0_512.jpg,dr_0_512.jpg,Prenkhana Augmented,31.029293665375604,35.504533946945095,4.478591172950911,82.73147735713509,22.23274111774253,4.785377414944865,28.55704676569335,24.622541169542476,11.941032546777189,3.036668318672951,45.33550027351495,51.72953950320834,0.2596483836127145,17.97437616828687,24.61706650652637,0.069830061001625,29.23623193733261
/content/drive/MyDrive/Bharatanatyam_Digital_Twin/dataset/posture_images/extracted/new_Dataset/Prenkhana Augmented/dr_0_5155.jpg,dr_0_5155.jpg,Prenkhana Augmented,48.190032746442654,6.405431867986401,103.80237458455116,13.91069037288235,15.30751476273766,2.680424101832106,33.92525095550082,15.635116959005302,6.403561205492338,12.542996967970907,24.14128963666428,79.1542927169663,0.2495283218379019,11.962495288517855,17.58792144867113,0.0682964833153519,18.23126793356709
/content/drive/MyDrive/Bharatanatyam_Digital_Twin/dataset/posture_images/extracted/new_Dataset/Prenkhana Augmented/dr_0_5284.jpg,dr_0_5284.jpg,Prenkhana Augmented,22.512545003336975,4.829531564599073,34.2871937553564,19.183297705660245,4.299038309932064,4.530558207171247,15.575021994529989,33.98253748700789,20.367510155583485,12.305701057608562,38.47988732827695,28.20180393362385,0.2536803933513594,9.009738740243604,11.388324786462944,0.0180970012068476,15.622794433061015
/content/drive/MyDrive/Bharatanatyam_Digital_Twin/dataset/posture_images/extracted/new_Dataset/Prenkhana Augmented/dr_0_5584.jpg,dr_0_5584.jpg,Prenkhana Augmented,36.61217228851413,6.228644248220718,96.5558156093478,14.131365666269646,0.2897068268553416,8.33965265425633,29.82913518918228,25.36388026034529,0.2007354308002744,8.516785557859356,26.06375970916594,72.85980782464077,0.2101210557760945,9.585287744509516,14.032998132567164,0.0286939082399289,14.694171192721452
/content/drive/MyDrive/Bharatanatyam_Digital_Twin/dataset/posture_images/extracted/new_Dataset/Prenkhana Augmented/dr_0_5626.jpg,dr_0_5626.jpg,Prenkhana Augmented,51.017369875916245,14.528921895719815,65.71870785866312,30.187565763039487,24.561210127734807,14.822546930068045,33.822507669876366,54.28474717851721,29.872178208563497,26.336963281791384,42.66908161479569,40.96135756028613,0.2766355301012134,11.913522526985586,23.401591675686568,0.0513134483829313,12.287662456887256
/content/drive/MyDrive/Bharatanatyam_Digital_Twin/dataset/posture_images/extracted/new_Dataset/Prenkhana Augmented/dr_0_5642.jpg,dr_0_5642.jpg,Prenkhana Augmented,50.71245858734035,29.779777091488825,8.056487206453717,42.81802308106851,22.777109807056604,23.58395333930228,24.30889335847028,29.71074777697248,16.781338470392114,4.555262362334702,51.07704627355299,58.86112803190119,0.2101701855640569,17.161553426247306,27.24252131979027,0.0628095406701601,24.17932941828149
/content/drive/MyDrive/Bharatanatyam_Digital_Twin/dataset/posture_images/extracted/new_Dataset/Prenkhana Augmented/dr_0_5648.jpg,dr_0_5648.jpg,Prenkhana Augmented,39.025461954725344,19.454924179021642,59.73766215838359,16.19068937864091,7.880482444948836,2.1011258542378983,21.477489959052807,25.92398789494532,14.299352165062102,5.626943109800539,33.17005441991442,51.48296235114343,0.2145276231614073,9.708587802512294,19.22158269041937,0.0278124243427032,9.876368292774806
/content/drive/MyDrive/Bharatanatyam_Digital_Twin/dataset/posture_images/extracted/new_Dataset/Prenkhana Augmented/dr_0_5959.jpg,dr_0_5959.jpg,Prenkhana Augmented,43.15237934970655,6.485045494212713,104.9844678381546,21.37999837882212,2.2651558141450865,5.890899030311642,33.63013026535836,29.9919727362155,7.346435939683943,0.348131345912634,31.300727118107595,65.21629448871397,0.2357818627590018,10.545524555573484,14.960503921267126,0.0439512225921029,16.63211852286122
/content/drive/MyDrive/Bharatanatyam_Digital_Twin/dataset/posture_images/extracted/new_Dataset/Prenkhana Augmented/dr_0_6067.jpg,dr_0_6067.jpg,Prenkhana Augmented,21.87039819204447,23.300367379668014,25.054471793378823,34.63577819533447,58.67036707658344,10.60474595690134,32.24134075554952,10.387325184200629,5.1770540455434295,14.705958646887096,31.89806768007208,76.03772619466858,0.2216521409762851,13.05747437327061,19.27868859009693,0.0924102717148757,19.801324258000022
/content/drive/MyDrive/Bharatanatyam_Digital_Twin/dataset/posture_images/extracted/new_Dataset/Prenkhana Augmented/dr_0_625.jpg,dr_0_625.jpg,Prenkhana Augmented,50.62906715664746,8.753255645112354,107.94969066806075,6.947213527799416,13.276580360372565,6.290555354321267,33.616009977638505,26.172507208636542,2.57919049261233,11.397295066836648,32.51409553761556,64.74535267372254,0.2384474039489105,13.198091945248676,19.389804754196657,0.0339001774284487,20.17057090412092
/content/drive/MyDrive/Bharatanatyam_Digital_Twin/dataset/posture_images/extracted/new_Dataset/Prenkhana Augmented/dr_0_6274.jpg,dr_0_6274.jpg,Prenkhana Augmented,47.96936978165566,6.8652562858118245,32.90235884625699,7.343887971871303,48.999892689212686,25.664009623491147,28.72753728270803,34.11912746736641,11.776722606981425,3.4239827311840827,22.59630501860514,32.4925741441513,0.2794034831886295,18.04415552864709,23.68939317172156,0.1041295635404815,30.33894385067923
/content/drive/MyDrive/Bharatanatyam_Digital_Twin/dataset/posture_images/extracted/new_Dataset/Prenkhana Augmented/dr_0_6372.jpg,dr_0_6372.jpg,Prenkhana Augmented,56.251251347098375,14.81402893509604,97.09178262158044,27.70759507280363,6.928683416276546,13.141444822548316,36.21737648330223,54.62998770662168,27.56486207017892,22.3843019926542,50.945013397891216,19.58091064936416,0.2532749530022754,12.652118485386282,22.250361395453275,0.0616397393219632,15.644354321383602
/content/drive/MyDrive/Bharatanatyam_Digital_Twin/dataset/posture_images/extracted/new_Dataset/Prenkhana Augmented/dr_0_6559.jpg,dr_0_6559.jpg,Prenkhana Augmented,55.96015915136961,6.990005054348402,116.6340859056672,8.519146185266786,18.225050764543507,11.86286689488239,38.81028743758997,43.1249521473961,15.665134376352114,9.081912541850215,37.344376062903656,23.118679917526148,0.2811830078004095,14.03869744716078,19.459722439715726,0.0322758820466706,22.62409401971994
/content/drive/MyDrive/Bharatanatyam_Digital_Twin/dataset/posture_images/extracted/new_Dataset/Prenkhana Augmented/dr_0_6876.jpg,dr_0_6876.jpg,Prenkhana Augmented,20.03291681976508,14.387122894299473,22.313611229424023,40.709734315447946,1.691367826328908,11.049052724507236,18.94094152392703,45.26434653029631,27.948185797453878,20.446249565809893,48.38142039322169,47.36708057184184,0.2163594065847854,9.756813261371976,13.22975833606755,0.0310122672475459,16.009669180800834
/content/drive/MyDrive/Bharatanatyam_Digital_Twin/dataset/posture_images/extracted/new_Dataset/Prenkhana Augmented/dr_0_6957.jpg,dr_0_6957.jpg,Prenkhana Augmented,48.026668045858614,19.579368974863385,81.04785444239748,25.0982049998898,21.63074512134996,15.819701141836523,35.89912642636844,40.81400136758387,25.14926536270417,29.12591074541467,35.74194640096888,50.36809440613129,0.2623049701605535,12.094069888229097,23.85842456820501,0.1201485909639441,12.30363650551833
/content/drive/MyDrive/Bharatanatyam_Digital_Twin/dataset/posture_images/extracted/new_Dataset/Prenkhana Augmented/dr_0_7387.jpg,dr_0_7387.jpg,Prenkhana Augmented,63.80801878525604,14.489281567312776,149.78064928632648,45.17371711910098,1.2753163882994578,1.0801966508070546,49.32746986113349,54.678277371692886,29.97148586377955,17.680458908774227,54.19812830478927,40.92052215291048,0.2508095555101199,17.430649900569506,24.77162197287321,0.0827304337212724,27.43759729511404
/content/drive/MyDrive/Bharatanatyam_Digital_Twin/dataset/posture_images/extracted/new_Dataset/Prenkhana Augmented/dr_0_7567.jpg,dr_0_7567.jpg,Prenkhana Augmented,31.287491388040493,8.952269990073788,42.26974123055836,30.065986921977817,3.553032230722159,5.669552208296824,20.38957814788879,44.935021332688216,27.60034953984557,20.731159265748484,49.95074419197016,31.67658494750758,0.2235698292014625,8.039102534252637,15.190964658935272,0.0117784561961849,8.914564487626457
/content/drive/MyDrive/Bharatanatyam_Digital_Twin/dataset/posture_images/extracted/new_Dataset/Prenkhana Augmented/dr_0_7790.jpg,dr_0_7790.jpg,Prenkhana Augmented,45.22882058934559,6.359200520619474,114.04724801408676,22.62503722632688,5.650717615015987,1.1808665623626788,35.87596735444807,41.64642579053847,20.698556999572705,13.576599658247233,48.020578400508136,48.94499990943506,0.2219639989378045,11.257641731008189,15.280831566581629,0.0446523499250228,18.44744127651791
/content/drive/MyDrive/Bharatanatyam_Digital_Twin/dataset/posture_images/extracted/new_Dataset/Prenkhana Augmented/dr_0_7944.jpg,dr_0_7944.jpg,Prenkhana Augmented,39.56457068095956,18.487798615067533,27.170577494646675,29.640274389869397,25.26858500414805,14.63594103869898,24.178844481840777,23.778617920506637,11.095907632089888,12.955031240219286,21.74331300794329,23.02797742020324,0.3078108054463596,12.186748405842634,21.34457554605651,0.0920490101576079,15.12362066131378
/content/drive/MyDrive/Bharatanatyam_Digital_Twin/dataset/posture_images/extracted/new_Dataset/Prenkhana Augmented/dr_0_8.jpg,dr_0_8.jpg,Prenkhana Augmented,41.23907770734078,8.63544350638167,89.72776272412554,3.8231531948943855,8.968177740195655,5.970897786237959,27.122497861363385,22.816701955487787,3.2399519896979427,8.795948116070008,26.88720695850284,75.86119898831942,0.225931214370903,11.260043225996766,15.749848564125998,0.0398506859013494,17.99043042796295
/content/drive/MyDrive/Bharatanatyam_Digital_Twin/dataset/posture_images/extracted/new_Dataset/Prenkhana Augmented/dr_0_8372.jpg,dr_0_8372.jpg,Prenkhana Augmented,47.13768086640711,5.0450345567851755,98.63241487417692,18.878007871627467,0.2248149327761198,9.500187432909923,31.808856277872607,37.82262794282498,23.92229793156497,8.127479904284177,48.86014055095047,50.375978577957696,0.2520251223093939,12.349304949591192,17.575428862522024,0.0407716455752851,19.43171434067627
/content/drive/MyDrive/Bharatanatyam_Digital_Twin/dataset/posture_images/extracted/new_Dataset/Prenkhana Augmented/dr_0_888.jpg,dr_0_888.jpg,Prenkhana Augmented,26.451135500738978,17.924984770348892,33.08031936982847,43.97074205801035,4.810467650670824,12.237657856211042,23.524796733680173,21.81094902297815,1.340791003900165,5.348219095981392,20.89339108633628,48.86143257158104,0.2248794430162451,9.72152423232053,15.039855326730772,0.0328099840001877,14.091907386230629
/content/drive/MyDrive/Bharatanatyam_Digital_Twin/dataset/posture_images/extracted/new_Dataset/Prenkhana Augmented/dr_0_9027.jpg,dr_0_9027.jpg,Prenkhana Augmented,42.287564713004784,5.56735596717553,88.75420738239609,20.53967054894057,16.829246846523564,15.362569269325904,35.371423511796536,36.67409657509208,20.31641308310998,21.497149844026808,33.92699198586588,38.57052976303567,0.2799807870135837,10.552769079580624,16.44176780784211,0.1547081697237952,15.061831261175964
/content/drive/MyDrive/Bharatanatyam_Digital_Twin/dataset/posture_images/extracted/new_Dataset/Prenkhana Augmented/dr_0_9067.jpg,dr_0_9067.jpg,Prenkhana Augmented,59.18007871028183,14.956029126409526,94.18738591311282,0.9155984126132996,12.309785905938302,5.597413817751369,28.252546012353942,29.39842326925864,13.373141027444651,5.727181857193386,27.889008088224497,47.34549404809482,0.2928861491495476,11.443664704011644,20.57837823454414,0.1161641431370551,13.63645173435373
/content/drive/MyDrive/Bharatanatyam_Digital_Twin/dataset/posture_images/extracted/new_Dataset/Prenkhana Augmented/dr_0_9401.jpg,dr_0_9401.jpg,Prenkhana Augmented,58.11124423199233,9.206574065485462,134.23190713664104,32.529255892194584,0.2065749206750646,2.5923507150916105,42.39002216615057,51.804290763191005,28.8743959294566,19.502593946302227,51.02130633462615,34.62050408114824,0.2385386907354263,15.055435879197104,20.75575319967945,0.0690693293546645,24.341485108557205
/content/drive/MyDrive/Bharatanatyam_Digital_Twin/dataset/posture_images/extracted/new_Dataset/Prenkhana Augmented/dr_0_9527.jpg,dr_0_9527.jpg,Prenkhana Augmented,50.89960820241983,52.67209090897755,6.411051076185123,107.76638501686696,40.17660305931566,0.855422363165249,38.802365378883245,28.12446687100048,16.34659330110369,13.17916497182505,46.65483533500975,55.01599827847686,0.2109078473078929,25.50194903787656,33.628146090664494,0.1302083227868951,42.7474927001783
/content/drive/MyDrive/Bharatanatyam_Digital_Twin/dataset/posture_images/extracted/new_Dataset/Prenkhana Augmented/dr_0_9658.jpg,dr_0_9658.jpg,Prenkhana Augmented,48.14012023853063,5.650754020336741,103.57874591381986,5.1560448137896415,10.608726692166142,0.1926127386297965,29.88403253960136,35.43864232221026,14.33438402916201,4.3312773718060384,37.65494900868943,55.699027773329405,0.2292885834451771,13.12548459913301,16.460724134976054,0.0537469238428172,22.86198273858016
/content/drive/MyDrive/Bharatanatyam_Digital_Twin/dataset/posture_images/extracted/new_Dataset/Prenkhana Augmented/dr_0_9671.jpg,dr_0_9671.jpg,Prenkhana Augmented,35.435127285369916,27.18132066875471,3.519065100775124,65.20870275281997,4.457440883200666,5.808761963085826,19.7484926749704,50.241687316268816,34.316293852841035,24.07723694809262,56.74908329984216,52.899235185841874,0.2230008122271393,15.771143227032365,20.539677268747475,0.0460218976629809,26.72773051468664
/content/drive/MyDrive/Bharatanatyam_Digital_Twin/dataset/posture_images/extracted/new_Dataset/Prenkhana Augmented/dr_1_1310.jpg,dr_1_1310.jpg,Prenkhana Augmented,22.22059334625763,16.1928857005108,11.781818876493135,49.95167640208354,19.62022216375105,9.427428216869387,22.69528641479928,49.26678269974604,13.184397518268746,5.604380737047559,48.04660758892469,38.96114156454764,0.2245448997500468,10.118212143953796,14.95064425056454,0.0590311956634982,15.34496098563335
/content/drive/MyDrive/Bharatanatyam_Digital_Twin/dataset/posture_images/extracted/new_Dataset/Prenkhana Augmented/dr_1_1373.jpg,dr_1_1373.jpg,Prenkhana Augmented,48.697568733684996,13.250424480679882,76.30950613390117,29.5149286127146,44.81770372503862,4.288452058588992,38.73264763256084,26.646687496192413,0.9613656905231096,8.339608179472748,9.48730578292734,50.92016168842322,0.2407456293444039,11.978324813406962,21.90922601208324,0.0604467191115383,13.965301709026107
/content/drive/MyDrive/Bharatanatyam_Digital_Twin/dataset/posture_images/extracted/new_Dataset/Prenkhana Augmented/dr_1_175.jpg,dr_1_175.jpg,Prenkhana Augmented,58.52798638173062,42.9786774529494,127.40413275372232,34.32241516719362,11.558946590874076,16.073501724057415,47.33974905896186,23.467326548661404,8.439438551563711,11.556495089747358,19.43904420462865,64.13551219649845,0.2148929231831869,15.837567363358152,29.75943787472836,0.0517274467053112,17.701536768640786
/content/drive/MyDrive/Bharatanatyam_Digital_Twin/dataset/posture_images/extracted/new_Dataset/Prenkhana Augmented/dr_1_1924.jpg,dr_1_1924.jpg,Prenkhana Augmented,10.199286356695715,28.696068950304856,11.920544887753865,47.817093652799215,41.47399572235831,3.466317903376125,26.16948804157188,45.4861794702968,14.049485322371424,11.938755820644502,30.1325991880312,25.63541481921024,0.2545404643054503,14.22211586423428,18.2642866793196,0.0715110261401641,24.33054988724308
/content/drive/MyDrive/Bharatanatyam_Digital_Twin/dataset/posture_images/extracted/new_Dataset/Prenkhana Augmented/dr_1_2247.jpg,dr_1_2247.jpg,Prenkhana Augmented,38.188173403197865,41.21441368596763,1.9060783931586007,61.83297929588131,39.95768232269671,4.993027535459275,27.17244188679897,50.67638484033142,19.600342645137157,12.9227256184799,35.438061433487746,32.47883986751494,0.2802104585448631,19.48133418895021,24.93881515519404,0.0768814941783211,33.42830591747827
/content/drive/MyDrive/Bharatanatyam_Digital_Twin/dataset/posture_images/extracted/new_Dataset/Prenkhana Augmented/dr_1_2783.jpg,dr_1_2783.jpg,Prenkhana Augmented,30.306117499738452,27.793197935280094,63.66297939441993,59.910467848026094,10.57567264635528,5.547898502732929,34.924254597883554,34.579686418017644,13.258583644821442,17.88729529476646,40.75173694148857,47.25938223957112,0.2722103678896142,9.958795602614837,18.886725748476124,0.080569708275794,10.909091351092592
/content/drive/MyDrive/Bharatanatyam_Digital_Twin/dataset/posture_images/extracted/new_Dataset/Prenkhana Augmented/dr_1_2805.jpg,dr_1_2805.jpg,Prenkhana Augmented,73.88530435558008,34.33757576927235,149.40869738464443,4.796726332845303,11.4767536016406,8.109112819557051,43.44782253467184,36.03426172611249,12.63314301644724,2.5202427609574447,40.17020715197784,54.59327591979319,0.2174288982912674,19.093106504345144,31.184104697524248,0.0486667988729359,26.046548016638248
/content/drive/MyDrive/Bharatanatyam_Digital_Twin/dataset/posture_images/extracted/new_Dataset/Prenkhana Augmented/dr_1_2869.jpg,dr_1_2869.jpg,Prenkhana Augmented,48.09523492019092,43.965067596870355,62.811729716336885,58.56687374231549,54.3528049391404,16.42257761720702,48.03849650374995,22.86475496298948,0.5659353529162274,8.94282647008103,23.738100500113664,28.49272435223132,0.2218657216509175,16.097790436195723,31.012638553861265,0.0747395288157561,17.20599322591015
/content/drive/MyDrive/Bharatanatyam_Digital_Twin/dataset/posture_images/extracted/new_Dataset/Prenkhana Augmented/dr_1_2914.jpg,dr_1_2914.jpg,Prenkhana Augmented,50.72096590040011,10.725151934674585,101.55342447463852,35.0590948164102,31.35263639468985,8.548429471446898,44.128396289296376,22.72433778827417,2.3955732477272136,7.229799067115096,14.080035557317458,63.80845459173741,0.2563835656552826,10.511754524197036,20.87041144761213,0.0590036234363793,10.605848501542596
/content/drive/MyDrive/Bharatanatyam_Digital_Twin/dataset/posture_images/extracted/new_Dataset/Prenkhana Augmented/dr_1_2967.jpg,dr_1_2967.jpg,Prenkhana Augmented,20.72126415968041,32.7582259920579,28.69166918727313,58.90427101795367,22.47407488782522,2.7268299994878755,28.19921127313497,16.10858290194429,4.016608261422675,2.034194690024293,9.28114393991923,18.85163928282298,0.2498424453657605,13.221852188214884,21.323889680944948,0.0802511841590269,18.26141569954068
/content/drive/MyDrive/Bharatanatyam_Digital_Twin/dataset/posture_images/extracted/new_Dataset/Prenkhana Augmented/dr_1_2971.jpg,dr_1_2971.jpg,Prenkhana Augmented,31.887345780288243,18.680085585924175,42.699801595631406,43.76138162955304,43.6641308828408,7.8329120636242,34.48955654291236,24.50344838160004,9.35533252794156,22.64135361285937,10.02778833353388,46.57110889853296,0.260675050483235,11.600998405639851,21.121186983081067,0.0685233617749041,13.613284872063584
/content/drive/MyDrive/Bharatanatyam_Digital_Twin/dataset/posture_images/extracted/new_Dataset/Prenkhana Augmented/dr_1_306.jpg,dr_1_306.jpg,Prenkhana Augmented,38.95467151197211,19.393408701108136,77.72331832946236,32.32965651055007,32.85931298124666,8.355918962229469,37.81705169587214,32.10967546104835,9.302444367218618,13.578699774963322,20.411047982730565,40.14970471034153,0.2860426820704534,10.805378171784886,20.18662513036003,0.0633626819005187,12.16614670309411
/content/drive/MyDrive/Bharatanatyam_Digital_Twin/dataset/posture_images/extracted/new_Dataset/Prenkhana Augmented/dr_1_3202.jpg,dr_1_3202.jpg,Prenkhana Augmented,33.47076574076327,25.68700173361175,49.87112959924412,26.705394921104027,4.560675976523308,2.269381109481549,20.85164540158825,42.443726454253806,10.721110702734933,0.9791049139992936,41.9534989574228,26.64311372522325,0.2304065159241494,9.761617923769998,18.20712473504601,0.0540153224036791,11.023713713860309
/content/drive/MyDrive/Bharatanatyam_Digital_Twin/dataset/posture_images/extracted/new_Dataset/Prenkhana Augmented/dr_1_356.jpg,dr_1_356.jpg,Prenkhana Augmented,30.521931789010065,1.337289699864698,78.04619091709573,5.166739605639138,4.736439342157419,6.84153870044313,23.697727141333853,37.65571984836677,10.499486318224823,21.59487315538226,39.51784765438613,57.81471109195091,0.2230485880506678,8.729851013392688,12.828473278641292,0.0211506059287147,13.339929155608058
/content/drive/MyDrive/Bharatanatyam_Digital_Twin/dataset/posture_images/extracted/new_Dataset/Prenkhana Augmented/dr_1_3907.jpg,dr_1_3907.jpg,Prenkhana Augmented,48.515917948475476,28.611970967975047,103.60549725069204,59.21937872625336,18.92953647989702,1.6826652747533817,45.85926943289896,18.909069970079493,24.27228672634129,47.72007930799335,15.02272556713398,66.2155579654816,0.260327799788464,14.284841837592062,22.96438053668556,0.0452274300815519,19.84491754600907
/content/drive/MyDrive/Bharatanatyam_Digital_Twin/dataset/posture_images/extracted/new_Dataset/Prenkhana Augmented/dr_1_4361.jpg,dr_1_4361.jpg,Prenkhana Augmented,38.55687128505687,12.796685153057112,25.01526222127028,17.504262815117933,10.198692761921263,5.376929127345897,14.523786731413844,52.71244372519156,18.95476416596089,0.6699847557095762,48.84971047907481,40.485063322362805,0.3248000309545346,9.585505666244885,16.195348153748284,0.1553306458909767,12.405838199095392
/content/drive/MyDrive/Bharatanatyam_Digital_Twin/dataset/posture_images/extracted/new_Dataset/Prenkhana Augmented/dr_1_4508.jpg,dr_1_4508.jpg,Prenkhana Augmented,30.50527702856966,8.79941273087477,78.78788089872505,12.53403828758984,4.514203905476923,1.8753151709209568,24.42785956567819,21.639548677264617,5.9601880470203925,34.57045752919863,21.766782846523512,34.26865128912699,0.2403265333127829,9.83959662338945,16.237145328454844,0.0320881954404931,13.249556346273014
/content/drive/MyDrive/Bharatanatyam_Digital_Twin/dataset/posture_images/extracted/new_Dataset/Prenkhana Augmented/dr_1_458.jpg,dr_1_458.jpg,Prenkhana Augmented,49.7056953247406,19.294420006655926,108.59000039601528,40.89719263336606,15.273271292188564,0.9844182139317842,41.43622063387542,37.600114758930566,1.0965303492115344,25.30167203546262,32.216257364573664,67.17593301374387,0.2432126949621231,13.031808296804158,22.25657505180514,0.0655219759787278,16.77332786262861
/content/drive/MyDrive/Bharatanatyam_Digital_Twin/dataset/posture_images/extracted/new_Dataset/Prenkhana Augmented/dr_1_5241.jpg,dr_1_5241.jpg,Prenkhana Augmented,17.18970815963737,44.08060461320306,8.280497264486089,2.3969480763864706,4.991929305743076,14.976212961927969,7.6613969021359,35.10050949622436,15.276303049546613,13.046495152455575,27.58204537530653,8.990201284527638,0.2850294067878751,14.336099165310491,17.84839027496142,0.1597838756294355,25.00012334534061
/content/drive/MyDrive/Bharatanatyam_Digital_Twin/dataset/posture_images/extracted/new_Dataset/Prenkhana Augmented/dr_1_5267.jpg,dr_1_5267.jpg,Prenkhana Augmented,16.61331367075742,37.73487744073557,0.3910353121011445,30.49445264827793,7.050912878616936,1.1192590050187214,9.763914961003684,44.50838850328884,18.574174590627933,10.814149787589486,43.64088150590212,29.662391575075663,0.3278379896515839,12.983131141031553,15.621639397595509,0.0748100984442621,23.252943927054886
/content/drive/MyDrive/Bharatanatyam_Digital_Twin/dataset/posture_images/extracted/new_Dataset/Prenkhana Augmented/dr_1_5590.jpg,dr_1_5590.jpg,Prenkhana Augmented,57.3713795217082,33.19114727256198,94.127736734994,44.38596985868689,9.51640911684786,11.014822011201831,39.76123443043265,27.21750158628211,2.95733076916406,11.809583520012469,25.34939167742035,58.96563353101271,0.2212510783347897,13.026343361687635,25.0004506852559,0.0395782874577063,14.039001112349307
/content/drive/MyDrive/Bharatanatyam_Digital_Twin/dataset/posture_images/extracted/new_Dataset/Prenkhana Augmented/dr_1_5734.jpg,dr_1_5734.jpg,Prenkhana Augmented,28.17151567196926,21.445125041699118,38.39278208498014,73.81911734620707,3.2158744558710097,10.572319657848496,31.50002338622668,39.96499426190849,25.71948962854225,2.171740204288227,42.25980769610982,34.586113261350505,0.2593420037003295,10.014801033668505,15.319521528841868,0.0259720975382421,14.698909474625404
/content/drive/MyDrive/Bharatanatyam_Digital_Twin/dataset/posture_images/extracted/new_Dataset/Prenkhana Augmented/dr_1_5786.jpg,dr_1_5786.jpg,Prenkhana Augmented,30.29398035633948,55.41063478532058,13.729111359734231,12.079568642028358,34.134001655299514,2.150341880961244,15.523255884505836,46.77413493692649,34.30588308871592,20.64701993870837,42.73554902990567,34.37783085361436,0.2761271574909602,16.385889784114884,27.66587452115117,0.1592234613744191,21.332571369819064
/content/drive/MyDrive/Bharatanatyam_Digital_Twin/dataset/posture_images/extracted/new_Dataset/Prenkhana Augmented/dr_1_5827.jpg,dr_1_5827.jpg,Prenkhana Augmented,25.02105617888094,11.659341374771302,35.980564291563226,33.96395384918144,37.94727660042146,12.578812608283544,30.117651837362416,27.948679390018185,9.84600681745752,18.43116131685656,15.36304248980172,34.10899938463505,0.235634965776476,10.935791613685405,17.853869422672318,0.0278764728062542,14.925628945577635
/content/drive/MyDrive/Bharatanatyam_Digital_Twin/dataset/posture_images/extracted/new_Dataset/Prenkhana Augmented/dr_1_6083.jpg,dr_1_6083.jpg,Prenkhana Augmented,63.2154350422377,16.327550087225852,110.99249852545056,9.738653315562225,13.58738939502394,0.3828945699711084,33.67535895150196,37.500055717736274,25.63776761134324,14.079637572244678,36.55722189239162,30.62108081770641,0.214495902416355,15.250714722286151,23.399434056640253,0.0077799591286499,22.344930151089557
/content/drive/MyDrive/Bharatanatyam_Digital_Twin/dataset/posture_images/extracted/new_Dataset/Prenkhana Augmented/dr_1_6102.jpg,dr_1_6102.jpg,Prenkhana Augmented,41.40885782760283,8.715550210305544,79.16118452975525,6.314905898819304,31.794499985937403,16.135215641775797,33.35145151407194,23.77551203831661,6.26058595319347,19.71067361475613,19.70029756442813,73.99650837529273,0.3307503783904301,12.96521065018822,18.57548100709225,0.0976916147360754,20.22245932873633
/content/drive/MyDrive/Bharatanatyam_Digital_Twin/dataset/posture_images/extracted/new_Dataset/Prenkhana Augmented/dr_1_6231.jpg,dr_1_6231.jpg,Prenkhana Augmented,2.092779621454021,28.491588199522752,15.1867480332351,12.589155815504927,7.600812616125342,14.500596771879906,12.46932830918632,53.13312750680083,37.7377801071097,34.86781092004574,50.24016022387055,28.890717695597942,0.2611138823493296,10.134434868201426,10.571380003251832,0.1599503253361033,19.671974276016343
/content/drive/MyDrive/Bharatanatyam_Digital_Twin/dataset/posture_images/extracted/new_Dataset/Prenkhana Augmented/dr_1_643.jpg,dr_1_643.jpg,Prenkhana Augmented,32.902922051170265,23.40096540987804,15.555452727576164,37.78696281837576,7.738093526250002,5.766191962752569,16.711675258738623,25.781431944787386,1.5910852069296364,25.627981625418556,26.93252496610156,43.52645579939087,0.2421182637720603,11.071190149828563,16.501895692006435,0.0600934424366991,16.65158131504256
/content/drive/MyDrive/Bharatanatyam_Digital_Twin/dataset/posture_images/extracted/new_Dataset/Prenkhana Augmented/dr_1_6526.jpg,dr_1_6526.jpg,Prenkhana Augmented,32.94941261194366,45.47608088289826,30.434764284123723,95.58742964869008,23.82383757509605,11.086316126742888,40.23308690866318,48.79466325495778,18.653923868012924,0.4747869520193433,50.77046971802867,53.46267959590539,0.2418961602142793,16.221047935764012,29.002996896762447,0.1103884077103532,19.54975850281924
/content/drive/MyDrive/Bharatanatyam_Digital_Twin/dataset/posture_images/extracted/new_Dataset/Prenkhana Augmented/dr_1_6721.jpg,dr_1_6721.jpg,Prenkhana Augmented,7.816169930760729,33.565905571288496,3.068653038101808,20.45284914605759,4.129885530145992,6.129223686123707,8.445152850107275,15.572848735912402,3.0473766798025963,2.3988310926690417,13.474444972145768,38.512717583635805,0.2856203923895467,12.294713431299712,15.941416547387094,0.1272483739023129,20.815475372609733
/content/drive/MyDrive/Bharatanatyam_Digital_Twin/dataset/posture_images/extracted/new_Dataset/Prenkhana Augmented/dr_1_7003.jpg,dr_1_7003.jpg,Prenkhana Augmented,35.93513702322636,18.717494128929687,67.44069656810606,35.02215526311833,17.814176873623104,4.999208714180004,31.319059354756877,47.35945285355397,19.30857978094634,0.5073217641145719,40.52137281478579,27.398229067106605,0.2316271623377602,7.946001285450687,16.501603089691837,0.0390058340439152,7.2973949326163075
/content/drive/MyDrive/Bharatanatyam_Digital_Twin/dataset/posture_images/extracted/new_Dataset/Prenkhana Augmented/dr_1_7192.jpg,dr_1_7192.jpg,Prenkhana Augmented,42.2680574601035,41.135239374046805,26.72679806998132,70.24872601561964,11.444785863209004,1.9729365837445827,27.59831163313864,47.7505609677755,16.479434805885205,3.043784375534841,41.43468811287407,26.623776669326563,0.2143956904759992,13.689500178649707,24.90845776544037,0.0768708585383684,16.083171911970386
/content/drive/MyDrive/Bharatanatyam_Digital_Twin/dataset/posture_images/extracted/new_Dataset/Prenkhana Augmented/dr_1_731.jpg,dr_1_731.jpg,Prenkhana Augmented,26.184631964468956,23.478375961468394,59.13478839214815,24.242613552940472,33.426208969395915,5.6181946968245455,30.60545140282727,49.11468579445727,10.38943508071378,9.16545062922114,28.765943211521268,58.827873773914376,0.2431756154509941,9.632569835426173,19.639183268816357,0.0335176180158188,9.225008619446342
/content/drive/MyDrive/Bharatanatyam_Digital_Twin/dataset/posture_images/extracted/new_Dataset/Prenkhana Augmented/dr_1_7431.jpg,dr_1_7431.jpg,Prenkhana Augmented,57.21437370518724,40.31022288690762,135.12265857425703,12.37703874066596,18.25792503663115,14.629139629830044,45.096690495346046,23.618855535886667,3.9383327991477017,7.865360819885979,20.228234986213533,65.72571508198723,0.2200207367416551,15.39111352726149,28.426246447588355,0.0653699458132835,17.681724188382837
/content/drive/MyDrive/Bharatanatyam_Digital_Twin/dataset/posture_images/extracted/new_Dataset/Prenkhana Augmented/dr_1_7528.jpg,dr_1_7528.jpg,Prenkhana Augmented,13.576909049482566,30.83295580316888,29.003594957019363,19.241506475113564,22.303667245317172,10.095534914291992,20.16107589793552,14.60189079534782,2.44277107217535,13.997865294371596,12.199357323190991,32.36121183883855,0.3291534944937452,8.467072087311443,15.01910092834005,0.0404781330979587,10.34163720049632
/content/drive/MyDrive/Bharatanatyam_Digital_Twin/dataset/posture_images/extracted/new_Dataset/Prenkhana Augmented/dr_1_7750.jpg,dr_1_7750.jpg,Prenkhana Augmented,27.177171905486787,25.54145772376162,53.610849702522565,38.90110639098746,27.72434305082541,3.2248040046202604,30.86527578723892,48.9747226993151,27.45629813394101,49.906379331005766,56.6763436552548,25.17397480889404,0.2584989528516631,8.49016061840007,18.354297614304443,0.1454227717161033,6.970761469179665
/content/drive/MyDrive/Bharatanatyam_Digital_Twin/dataset/posture_images/extracted/new_Dataset/Prenkhana Augmented/dr_1_7761.jpg,dr_1_7761.jpg,Prenkhana Augmented,37.73110286550863,19.104548369547132,67.52525916139793,27.94104680841642,29.235568088664333,14.65815292522776,34.84000674592661,15.69181235091483,16.3053294056281,31.100791392803018,8.862494852680731,48.527019200160105,0.2679522950199818,10.652525411052135,19.89210962993635,0.0366890179457815,12.028777585274277
/content/drive/MyDrive/Bharatanatyam_Digital_Twin/dataset/posture_images/extracted/new_Dataset/Prenkhana Augmented/dr_1_799.jpg,dr_1_799.jpg,Prenkhana Augmented,15.697288325354267,40.49726950655642,6.395711556070348,75.39691319033093,11.13557730508102,9.371550332140105,25.5749380959056,34.36552984234016,10.903510032571331,17.54003525876789,30.704204750176096,42.45883415222855,0.2062884152935504,15.129387742899503,18.29965978802649,0.0829246551361272,27.005578785535896
/content/drive/MyDrive/Bharatanatyam_Digital_Twin/dataset/posture_images/extracted/new_Dataset/Prenkhana Augmented/dr_1_8065.jpg,dr_1_8065.jpg,Prenkhana Augmented,43.63158847182327,3.2615695466900263,102.82108407610362,3.825875489791297,18.90011075808385,15.792216725473583,35.33482176236309,46.01216415416695,14.18362605024825,9.97030880803635,43.61253633743762,49.9465353066965,0.2333532512863691,11.839570024058457,17.358829577329164,0.0123708620242115,18.147509632821997
/content/drive/MyDrive/Bharatanatyam_Digital_Twin/dataset/posture_images/extracted/new_Dataset/Prenkhana Augmented/dr_1_8229.jpg,dr_1_8229.jpg,Prenkhana Augmented,48.62479446426419,23.64084837440538,108.40117522424951,54.37847501945943,22.19392698102468,6.920476868214729,47.97351352323709,53.028551311778514,5.815741479354175,12.38401369083138,48.00781493462927,50.51009815982646,0.2553698846634639,12.79240444892015,22.1283457740363,0.0370059720249824,16.211861600699166
/content/drive/MyDrive/Bharatanatyam_Digital_Twin/dataset/posture_images/extracted/new_Dataset/Prenkhana Augmented/dr_1_8705.jpg,dr_1_8705.jpg,Prenkhana Augmented,18.493900961811228,2.4657387251151377,43.18000785501852,2.317166960526458,14.105771780492187,4.097022837510452,15.924992358386906,56.70771618232783,31.5804811372486,20.75704607813892,48.869233933645376,25.21078433212707,0.225323171778619,6.544787739089723,6.886425088822627,0.1473111958471367,12.600626932599404
/content/drive/MyDrive/Bharatanatyam_Digital_Twin/dataset/posture_images/extracted/new_Dataset/Prenkhana Augmented/dr_1_8874.jpg,dr_1_8874.jpg,Prenkhana Augmented,63.48575488155791,16.43577789980657,109.75136918420306,49.8968763962333,26.732860450941036,18.819836543170567,51.300235643637,35.31917959531063,1.3346064334403709,24.263754812499144,36.4735100752546,79.79365974812805,0.2694442439805684,15.529391287991713,25.649253448297777,0.0286377440233912,20.910282671653967
/content/drive/MyDrive/Bharatanatyam_Digital_Twin/dataset/posture_images/extracted/new_Dataset/Prenkhana Augmented/dr_1_8893.jpg,dr_1_8893.jpg,Prenkhana Augmented,16.53357561134718,34.84899570567718,16.63017526789409,54.10647912995733,22.70465899005997,13.227918487918496,26.667307968957477,55.71082426260986,31.711738230677504,6.439754692438564,50.89629496811744,20.849259259959844,0.232451418453278,11.403860901386295,20.239363489723186,0.1860905512014633,13.786128663234235
/content/drive/MyDrive/Bharatanatyam_Digital_Twin/dataset/posture_images/extracted/new_Dataset/Prenkhana Augmented/dr_1_9000.jpg,dr_1_9000.jpg,Prenkhana Augmented,34.256117587892966,14.053277598691771,49.50901006416876,38.78929290075533,5.043147539602223,9.928918617512414,25.81759228050968,45.572677351879065,19.96253217828556,5.844790126801001,47.96574577814888,75.51530706380929,0.2790486864551826,8.720255540070418,14.422150793344777,0.0869834132486717,11.651632413617804
/content/drive/MyDrive/Bharatanatyam_Digital_Twin/dataset/posture_images/extracted/new_Dataset/Prenkhana Augmented/dr_1_908.jpg,dr_1_908.jpg,Prenkhana Augmented,39.73181228575572,39.63068941132196,24.686668138685373,59.84573801888772,4.226625007292972,13.349677350081738,25.52717712873695,38.42824767594166,20.51182846194516,0.2443998215476028,39.45507129560239,41.16221242960597,0.3533430957832984,15.340293453875477,23.618267557021998,0.0756455999812111,22.326967204623227
/content/drive/MyDrive/Bharatanatyam_Digital_Twin/dataset/posture_images/extracted/new_Dataset/Prenkhana Augmented/dr_1_9127.jpg,dr_1_9127.jpg,Prenkhana Augmented,53.62081055508775,12.912761037678692,116.92103937573792,19.343502738499478,37.65531544212503,2.827446461341312,44.18682600442593,31.804678857535208,6.723099265711255,0.536891751282667,9.48044703634852,63.50614078445237,0.2610595735750264,14.281991211184147,23.348486672278,0.0172207155946926,19.48026624567975
/content/drive/MyDrive/Bharatanatyam_Digital_Twin/dataset/posture_images/extracted/new_Dataset/Prenkhana Augmented/dr_1_9183.jpg,dr_1_9183.jpg,Prenkhana Augmented,4.892401734366885,20.952034587405834,17.130103260803665,39.36736393660381,44.550811004428425,7.817080294279988,27.21633962402897,55.121497452897366,25.187302654076,12.07650068074527,47.42601530784937,8.323097532523217,0.2287527203804801,11.40077112488222,18.904970098954703,0.1163889666141267,15.18095430907783
/content/drive/MyDrive/Bharatanatyam_Digital_Twin/dataset/posture_images/extracted/new_Dataset/Prenkhana Augmented/dr_1_9362.jpg,dr_1_9362.jpg,Prenkhana Augmented,17.74514245891718,37.494593750749225,19.792432076644072,18.252600702590385,15.759899743080233,13.95699796315373,16.940482621367106,13.837427316352064,14.229551460281272,9.964449351550511,11.789948848889091,78.62675956739471,0.2198847568185288,12.944832120240171,19.48323430782446,0.1277647529193442,19.22349729997672
/content/drive/MyDrive/Bharatanatyam_Digital_Twin/dataset/posture_images/extracted/new_Dataset/Prenkhana Augmented/dr_1_9495.jpg,dr_1_9495.jpg,Prenkhana Augmented,54.13336728649867,13.111343343588587,41.171442924287646,8.998860594649813,38.86260775092577,2.119033290652118,22.78798614012884,44.90416468221068,17.609808857289295,2.4468802656244577,46.82420753168281,62.39419999070373,0.208625288654703,16.43439019715556,24.72674325908372,0.1708113566031008,24.40561597577987
/content/drive/MyDrive/Bharatanatyam_Digital_Twin/dataset/posture_images/extracted/new_Dataset/Prenkhana Augmented/dr_1_9776.jpg,dr_1_9776.jpg,Prenkhana Augmented,52.767225332026655,37.91658593786967,55.916461892155375,16.310238176093716,68.74922776089817,28.128167564521224,42.27602384841712,13.079829862743836,9.520397675807748,29.586031737869977,23.460584449230737,33.26699087528369,0.2007129029314856,21.19886981197288,33.837762942062646,0.1941520655194239,29.56469442833657
/content/drive/MyDrive/Bharatanatyam_Digital_Twin/dataset/posture_images/extracted/new_Dataset/Prenkhana Augmented/dr_1_983.jpg,dr_1_983.jpg,Prenkhana Augmented,49.579928425474876,4.358377851510689,131.4939377365762,8.758094637784051,8.569002877283099,3.002363851043079,37.95584977567161,33.83893706494325,1.7380507274388035,16.982638240434653,28.70758892805804,56.88083267737153,0.2400105802158733,12.721106601051291,15.937883280601993,0.0347511521130286,22.190685370438853
/content/drive/MyDrive/Bharatanatyam_Digital_Twin/dataset/posture_images/extracted/new_Dataset/Samapadam Augmented/dr_0_1580.jpg,dr_0_1580.jpg,Samapadam Augmented,46.109700846211,58.385437468145085,9.923047676668864,18.313981585290737,21.224402544851035,62.1284429960336,27.89746870071106,16.969001540660376,26.96938537915321,62.60240376598949,19.788923908466483,13.556201601441856,0.3641474814189639,16.401090050288943,36.14772312817482,0.0559489552124778,12.999598067479532
/content/drive/MyDrive/Bharatanatyam_Digital_Twin/dataset/posture_images/extracted/new_Dataset/Samapadam Augmented/dr_0_1863.jpg,dr_0_1863.jpg,Samapadam Augmented,22.778926052859596,74.8845107671351,29.836393121845468,5.107360592432592,10.99724464834846,21.317504998018467,16.81462584016125,32.09964743705211,32.02042502805037,41.54614302948232,38.88906270425809,29.01401866465047,0.6157523648293004,17.451031540113195,42.48523400270005,0.1220588821376477,9.745801735501889
/content/drive/MyDrive/Bharatanatyam_Digital_Twin/dataset/posture_images/extracted/new_Dataset/Samapadam Augmented/dr_0_199.jpg,dr_0_199.jpg,Samapadam Augmented,63.87211888319656,34.69769291538639,6.249588694420272,36.82371357402142,15.742459019058485,12.260169730172567,17.768982754418186,85.63961252682704,67.73174247656186,22.745902469224788,89.64150258191158,79.31479254977596,0.3923173526298087,20.01182944789201,51.81292352332237,0.1297283315003223,8.092836488853346
/content/drive/MyDrive/Bharatanatyam_Digital_Twin/dataset/posture_images/extracted/new_Dataset/Samapadam Augmented/dr_0_2712.jpg,dr_0_2712.jpg,Samapadam Augmented,41.41845393945054,78.82710621461688,28.515753734348188,57.36992353770914,0.178520375777696,2.197915416639605,22.06552826611866,14.96330143115431,13.899218724321358,38.99128265859664,13.499976888048533,11.10798381793775,0.451291116027653,22.723398215158863,56.75111806292472,0.12820144967934,11.290875132872532
/content/drive/MyDrive/Bharatanatyam_Digital_Twin/dataset/posture_images/extracted/new_Dataset/Samapadam Augmented/dr_0_2780.jpg,dr_0_2780.jpg,Samapadam Augmented,19.806571394585816,31.715203923728232,6.403718816351326,8.287559616334308,40.80944567071003,31.54784826688309,21.76214309256969,63.01105095718647,45.191571299301714,0.8756143902271576,19.00476473741081,17.740313733106273,0.4156651912116308,12.143621448507917,28.563469960677494,0.0674089193212516,7.7999854655249905
/content/drive/MyDrive/Bharatanatyam_Digital_Twin/dataset/posture_images/extracted/new_Dataset/Samapadam Augmented/dr_0_2807.jpg,dr_0_2807.jpg,Samapadam Augmented,50.893182301174534,74.88268865704536,6.465053230037348,0.8505032823112866,5.779227257030105,10.864127529795322,5.989727824793516,13.876399862756642,12.00884824234845,18.34819813690467,31.730846009971728,23.472134225343005,0.2026447891106724,21.454065071533588,52.71045446476587,0.0234090241136479,11.62833172572125
/content/drive/MyDrive/Bharatanatyam_Digital_Twin/dataset/posture_images/extracted/new_Dataset/Samapadam Augmented/dr_0_2984.jpg,dr_0_2984.jpg,Samapadam Augmented,47.56504616397234,22.43913601560935,35.94151084823937,30.489637424984927,11.949117575383756,23.73174028156009,25.528001532542035,16.185013416683123,25.34882654321017,18.46555343305602,0.4172323200862696,4.71967921996686,0.4466165703846574,13.438013100187652,35.78722823003177,0.0536050499615328,4.473206020569645
/content/drive/MyDrive/Bharatanatyam_Digital_Twin/dataset/posture_images/extracted/new_Dataset/Samapadam Augmented/dr_0_310.jpg,dr_0_310.jpg,Samapadam Augmented,36.975877089492386,27.738015321159317,9.798746918541836,42.00725356405086,57.387647351260576,28.881692061200216,34.518834973763376,2.8486805725375355,6.425361246232597,46.66534983907725,9.67650475447455,11.96957516549547,0.1097700847206288,18.16392508224389,39.41407539270371,0.1101843103349983,14.967515543692969
/content/drive/MyDrive/Bharatanatyam_Digital_Twin/dataset/posture_images/extracted/new_Dataset/Samapadam Augmented/dr_0_3491.jpg,dr_0_3491.jpg,Samapadam Augmented,56.99171955625103,46.205206500625025,4.854555345913408,41.41040374193714,1.7630949191696534,17.420670011858373,16.362181004719645,16.32611791480842,24.49129921827449,10.409236389787097,8.60850304261752,53.48053447901788,0.5974247292126917,19.743644019961277,52.13691965296017,0.1830169777024753,6.910995429221181
/content/drive/MyDrive/Bharatanatyam_Digital_Twin/dataset/posture_images/extracted/new_Dataset/Samapadam Augmented/dr_0_3575.jpg,dr_0_3575.jpg,Samapadam Augmented,54.860302223967956,76.62186690342372,12.663910482687864,12.80296643863284,3.788855297211048,0.1749463638396837,7.357669645592859,13.550137809058953,11.042907760906274,2.25141887897027,12.144125468979356,15.400991000194727,0.2772559915650062,24.86650356149237,59.67007651242055,0.0805678185036999,14.848866353552864
/content/drive/MyDrive/Bharatanatyam_Digital_Twin/dataset/posture_images/extracted/new_Dataset/Samapadam Augmented/dr_0_3602.jpg,dr_0_3602.jpg,Samapadam Augmented,62.8593548441903,64.11004665213983,12.3281541565646,0.5078067082506033,6.009487084114365,3.1510764266624247,5.499131093897998,7.695827088213747,4.78316623355235,3.648869808925383,5.057112449560202,26.876636264265255,0.2539617743036441,20.80921936861455,48.07656214495414,0.0628206825961939,14.288275278293316
/content/drive/MyDrive/Bharatanatyam_Digital_Twin/dataset/posture_images/extracted/new_Dataset/Samapadam Augmented/dr_0_3931.jpg,dr_0_3931.jpg,Samapadam Augmented,24.40094903478973,63.02328649121781,38.6636471091196,19.823679270625025,1.991418517777276,1.3557623209243772,15.45862680461157,21.885824119603285,12.84060529612762,11.943126150827254,13.719338252507695,18.745948400932576,0.4776159071338496,17.56994288249578,39.61195094467344,0.1116431767756321,12.986234526038274
/content/drive/MyDrive/Bharatanatyam_Digital_Twin/dataset/posture_images/extracted/new_Dataset/Samapadam Augmented/dr_0_3945.jpg,dr_0_3945.jpg,Samapadam Augmented,52.27597270053151,47.793666238699196,7.158035733666633,29.82268181725874,71.73974092989141,29.83346161591883,34.6384800241839,25.78804960868017,22.58110449576787,36.16154401567795,20.76688831021277,14.848829681637916,0.1742078440172742,18.489326284407383,38.70761009217298,0.0469298311666525,16.71343892988252
/content/drive/MyDrive/Bharatanatyam_Digital_Twin/dataset/posture_images/extracted/new_Dataset/Samapadam Augmented/dr_0_4089.jpg,dr_0_4089.jpg,Samapadam Augmented,29.03220030371845,24.91961461427926,77.63898026671954,58.77193448482956,5.006611962410112,5.007073749518096,36.606150115869326,20.88521750621223,11.061247190411962,14.097384728974276,9.36749362308188,6.448314512031846,0.5838560460029425,16.565651967531053,28.89565621309031,0.1203310998314093,20.68096858967144
/content/drive/MyDrive/Bharatanatyam_Digital_Twin/dataset/posture_images/extracted/new_Dataset/Samapadam Augmented/dr_0_4472.jpg,dr_0_4472.jpg,Samapadam Augmented,53.24090070580529,66.59418043289281,180.3736787216066,54.400844710476335,34.71623922678832,5.964298245964978,68.86376522620907,15.716877702244687,12.396917482806344,24.720619580652052,2.781842478451552,6.8333451434942045,0.2362110962811501,20.703321380439856,43.30777048982266,0.1207346694612582,18.68145898203565
/content/drive/MyDrive/Bharatanatyam_Digital_Twin/dataset/posture_images/extracted/new_Dataset/Samapadam Augmented/dr_0_4648.jpg,dr_0_4648.jpg,Samapadam Augmented,26.094819970732036,66.0032833650107,50.47828240396104,124.89992652169563,53.9969334307523,75.7772737105511,76.28810401674002,22.725639925043968,33.80679802688874,29.786909771863296,15.805834200913342,11.179170463347658,0.5289114604353107,21.581392972961808,41.36415858555891,0.1631047179951301,23.216915615331377
/content/drive/MyDrive/Bharatanatyam_Digital_Twin/dataset/posture_images/extracted/new_Dataset/Samapadam Augmented/dr_0_4678.jpg,dr_0_4678.jpg,Samapadam Augmented,51.41874430685287,60.83098816513743,4.080653672844246,12.624610512999896,2.8809219977830027,11.001490401748857,7.646919146344,4.540929851727981,7.812283984288484,5.82970904015508,0.6069084853476044,12.027565185766832,0.2510027585361685,19.788020753814923,47.64540578806126,0.0489274819782498,11.669728991405265
/content/drive/MyDrive/Bharatanatyam_Digital_Twin/dataset/posture_images/extracted/new_Dataset/Samapadam Augmented/dr_0_4808.jpg,dr_0_4808.jpg,Samapadam Augmented,50.462390087398575,83.06438025345298,44.003805132184674,59.12045097593287,0.142799834225569,13.390924966131092,29.16449522711855,6.866716868787705,11.878243667965336,36.036426155502994,12.658084498969524,9.909689220293778,0.547203709812819,19.82376591486536,52.03137815478354,0.1099564394419245,7.329963150370615
/content/drive/MyDrive/Bharatanatyam_Digital_Twin/dataset/posture_images/extracted/new_Dataset/Samapadam Augmented/dr_0_4871.jpg,dr_0_4871.jpg,Samapadam Augmented,16.15610386902881,50.98940002355786,22.36661240594438,25.15878970707291,4.467720978758046,19.11531532691045,17.77710960467145,15.88388027945024,21.884893777164308,49.66962599090476,2.400674248489043,6.702254508006673,0.3410008339773694,14.487323077537724,38.2834820008561,0.0782231218934109,5.100264109863658
/content/drive/MyDrive/Bharatanatyam_Digital_Twin/dataset/posture_images/extracted/new_Dataset/Samapadam Augmented/dr_0_4937.jpg,dr_0_4937.jpg,Samapadam Augmented,30.54622282116889,22.844396851407915,83.1947600667415,66.85442904682283,23.88487087288506,46.24209640321568,55.04403909741626,19.51909653805214,11.18409865144048,43.99699462153117,8.778697776563352,5.738778605704712,0.5176305552581917,15.569348051876384,25.653616970888287,0.0752493293640882,20.979177855376776
/content/drive/MyDrive/Bharatanatyam_Digital_Twin/dataset/posture_images/extracted/new_Dataset/Samapadam Augmented/dr_0_4946.jpg,dr_0_4946.jpg,Samapadam Augmented,31.142524598280318,77.57453527440275,59.6306253213159,12.035667514415689,0.1228321576525294,0.0813382653613185,17.967615814686358,13.541045839711638,7.933393366567847,0.8870614723703022,11.42149772202249,16.993394096698676,0.3610932942127471,20.562018958625192,44.037429048546215,0.0431071934387188,17.605520633890638
/content/drive/MyDrive/Bharatanatyam_Digital_Twin/dataset/posture_images/extracted/new_Dataset/Samapadam Augmented/dr_0_5005.jpg,dr_0_5005.jpg,Samapadam Augmented,86.17694614726781,75.90645171798387,52.97093795951968,54.17017296640134,2.4386947029061954,3.4414373962778613,28.255310756276263,13.086452478008283,9.748724160351722,32.49328884978756,10.21774019924454,16.466461995218655,0.5216407547396082,24.352700965680995,60.206235652366246,0.0887930553551193,12.76307418932162
/content/drive/MyDrive/Bharatanatyam_Digital_Twin/dataset/posture_images/extracted/new_Dataset/Samapadam Augmented/dr_0_506.jpg,dr_0_506.jpg,Samapadam Augmented,74.86838205764984,62.82439016940437,4.435359755849974,0.0143383314995293,38.32494452502226,38.94482389510278,20.42986662686864,32.90217293652854,32.09726445990883,0.7619614478795883,13.338538235512583,25.499029585207158,0.3673776899681708,19.53143546480945,43.52866396720705,0.0601443987984553,15.005498028422856
/content/drive/MyDrive/Bharatanatyam_Digital_Twin/dataset/posture_images/extracted/new_Dataset/Samapadam Augmented/dr_0_529.jpg,dr_0_529.jpg,Samapadam Augmented,32.64911608157442,36.08624780122085,44.27956067337615,30.0213817545866,45.73524476122613,63.30737021722671,45.835889351603896,7.059366925193046,6.688202889665945,48.43826894660441,7.389696363732476,14.213314660721451,0.4725424323517204,15.266505722042131,33.54174176690843,0.0342721582384214,12.223503240979545
/content/drive/MyDrive/Bharatanatyam_Digital_Twin/dataset/posture_images/extracted/new_Dataset/Samapadam Augmented/dr_0_5419.jpg,dr_0_5419.jpg,Samapadam Augmented,40.955896043665064,83.15339319985233,15.414222450006212,32.85360828814351,3.1703440951940096,1.1548026250770147,13.148244364605189,16.46614456368573,12.412416764392749,26.405091926269343,11.069809898540786,10.386062951859184,0.4097068693729274,23.78350075062849,57.76444386344005,0.0447418662457868,13.541316522199647
/content/drive/MyDrive/Bharatanatyam_Digital_Twin/dataset/posture_images/extracted/new_Dataset/Samapadam Augmented/dr_0_5480.jpg,dr_0_5480.jpg,Samapadam Augmented,32.80606582323671,45.49300776166353,7.875373628877281,20.614804069226565,26.50544150117294,3.4620287390025704,14.614411984569838,23.106548150041743,31.35201946641508,40.121340604282814,26.26052982956784,22.07070443417781,0.2640693155391305,12.257531063546594,25.713909417937245,0.0727104013701635,10.98597337133237
/content/drive/MyDrive/Bharatanatyam_Digital_Twin/dataset/posture_images/extracted/new_Dataset/Samapadam Augmented/dr_0_5502.jpg,dr_0_5502.jpg,Samapadam Augmented,21.498174795603692,73.8702163424671,35.1484194090243,11.099910945070487,39.74005208257735,17.6439728877524,25.90808883110613,52.18973296331163,59.03944166425861,89.88207308869194,7.994649865254893,24.291494565817032,0.1538150057595009,19.85479096261089,51.38829242469136,0.0409211629714054,8.13515930016991
/content/drive/MyDrive/Bharatanatyam_Digital_Twin/dataset/posture_images/extracted/new_Dataset/Samapadam Augmented/dr_0_5815.jpg,dr_0_5815.jpg,Samapadam Augmented,7.703991131647179,4.346198077184191,6.623705183175832,3.4103008705033653,30.82652388463898,25.34548842915241,16.551504591867648,1.1368871269220149,0.6215133431803221,5.543973210621686,5.666689703080462,14.017900664263284,0.4267223354446163,8.600518920230785,17.19266805564814,0.0472222476200378,8.561666457424174
/content/drive/MyDrive/Bharatanatyam_Digital_Twin/dataset/posture_images/extracted/new_Dataset/Samapadam Augmented/dr_0_5900.jpg,dr_0_5900.jpg,Samapadam Augmented,3.812050050431907,59.909039258757744,18.360216992159216,19.56962262796963,5.434559511996283,7.712956978566543,12.76933902767292,15.143191976726278,16.94353447351658,33.9473350561653,13.047292753737882,13.81913592178692,0.4640009672913028,15.148841288983329,37.71012143467709,0.1221566870520574,7.614245745220836
/content/drive/MyDrive/Bharatanatyam_Digital_Twin/dataset/posture_images/extracted/new_Dataset/Samapadam Augmented/dr_0_6648.jpg,dr_0_6648.jpg,Samapadam Augmented,52.735468578818825,60.636954771606696,36.6997408066923,34.216128577081726,0.0689236871154698,2.9705600991394654,18.48883829250724,2.4462312576100658,1.4456347547116764,5.846752470682276,5.996443966193344,14.066721887672646,0.3321619169232024,19.899971880623376,49.10310393119872,0.0317461537207301,10.565065556950673
/content/drive/MyDrive/Bharatanatyam_Digital_Twin/dataset/posture_images/extracted/new_Dataset/Samapadam Augmented/dr_0_6764.jpg,dr_0_6764.jpg,Samapadam Augmented,17.86655346468394,20.73732072216771,47.97971799713456,6.855516818688834,7.422447105699582,17.887388408309725,20.036267582458173,32.04522492394261,29.135885828570764,4.278564678146097,22.52142876147665,19.439425173915,0.4010022010968913,13.095694935347783,28.69522730355242,0.0684903196800061,10.523367182810922
/content/drive/MyDrive/Bharatanatyam_Digital_Twin/dataset/posture_images/extracted/new_Dataset/Samapadam Augmented/dr_0_6784.jpg,dr_0_6784.jpg,Samapadam Augmented,35.39741577302769,27.024344824362856,12.440978368324318,10.637807015826068,7.298609336830464,2.157762648493071,8.13378934236848,19.52131148420727,24.401065633433664,17.95090865347185,27.800441894488067,20.90539935688939,0.3983472328567098,16.050422566600435,40.70293213613972,0.0816928991773841,7.366642664484202
/content/drive/MyDrive/Bharatanatyam_Digital_Twin/dataset/posture_images/extracted/new_Dataset/Samapadam Augmented/dr_0_7034.jpg,dr_0_7034.jpg,Samapadam Augmented,59.176122295082635,57.207910964126654,91.06588729816109,81.62450894036792,1.989949712395064,0.1662451716995139,43.711647780655895,4.947303703428219,1.0822940768156002,22.095684870813955,2.467506096662913,15.079631398783045,0.4948127709253031,21.700578658551837,49.2082171751908,0.0513776177452444,15.842141182719455
/content/drive/MyDrive/Bharatanatyam_Digital_Twin/dataset/posture_images/extracted/new_Dataset/Samapadam Augmented/dr_0_7556.jpg,dr_0_7556.jpg,Samapadam Augmented,53.079799754664265,79.2787184140251,19.57055743715073,35.71178733226495,5.408253802598869,1.256861449240873,15.486865005313856,15.076373549513312,12.3281844996859,34.92368014271548,8.230153393214941,10.713731110229883,0.4072018624600262,23.99672086218987,59.61446886782036,0.0627029162586706,12.312990802490583
/content/drive/MyDrive/Bharatanatyam_Digital_Twin/dataset/posture_images/extracted/new_Dataset/Samapadam Augmented/dr_0_7809.jpg,dr_0_7809.jpg,Samapadam Augmented,70.08741798151581,76.46710374568926,8.762345322708539,53.3266660505132,1.2932794116734152,3.2297602633236493,16.6530127620547,24.18458796371718,24.0318717254691,45.56937077109024,22.98985615936896,18.05264345502108,0.3651526273146184,24.096282562498786,58.67927986450248,0.0439275361565503,13.565640286837311
/content/drive/MyDrive/Bharatanatyam_Digital_Twin/dataset/posture_images/extracted/new_Dataset/Samapadam Augmented/dr_0_8307.jpg,dr_0_8307.jpg,Samapadam Augmented,32.12581440048012,54.284959406689254,14.858756697852389,1.3220904088101004,13.600177571505304,0.3066212823059182,7.521911490118427,7.6754078945925315,19.97155760099152,87.40857935744233,15.827147239864027,64.4260610250061,0.2771121035375801,18.226489297138155,44.27566831442509,0.1242287391859697,10.279570837803409
/content/drive/MyDrive/Bharatanatyam_Digital_Twin/dataset/posture_images/extracted/new_Dataset/Samapadam Augmented/dr_0_8515.jpg,dr_0_8515.jpg,Samapadam Augmented,47.78402723238627,85.37502080344075,14.916006484977473,76.10568329991327,7.225505080979285,6.27023146682974,26.129356583174943,1.0225507624658758,6.426393401067127,30.86435700030834,3.666019962391002,14.349296931895324,0.4845549833287025,21.77004532896808,55.24194130217179,0.2029401988173635,9.86525448591508
/content/drive/MyDrive/Bharatanatyam_Digital_Twin/dataset/posture_images/extracted/new_Dataset/Samapadam Augmented/dr_0_8561.jpg,dr_0_8561.jpg,Samapadam Augmented,41.57334992280498,70.41507061709578,31.67997160126034,10.988414676663734,2.4841346765547563,3.576714822932959,12.182308944352949,15.08899403525136,11.311832992984796,0.8723022577587466,7.344610527322969,9.285738952769597,0.4363650686118084,21.14326072324384,52.11011910293351,0.0644485757118397,11.255214491086171
/content/drive/MyDrive/Bharatanatyam_Digital_Twin/dataset/posture_images/extracted/new_Dataset/Samapadam Augmented/dr_0_9038.jpg,dr_0_9038.jpg,Samapadam Augmented,40.89586219281861,35.83105893058342,34.13917080651228,2.138817152723001,10.68194746573424,33.391353467311525,20.087822223070265,1.274180367171006,5.197572984089314,6.471498507407194,2.308651453222782,1.892319376076835,0.4351901574955151,12.60853321557318,31.9552209883107,0.0505845554313871,5.819794102977456
/content/drive/MyDrive/Bharatanatyam_Digital_Twin/dataset/posture_images/extracted/new_Dataset/Samapadam Augmented/dr_0_9160.jpg,dr_0_9160.jpg,Samapadam Augmented,27.823985397073294,61.92330311024267,13.818082158202822,31.93538669578515,3.4581633619869225,4.293608510011977,13.376310181496718,1.918256502692796,2.3489062351751846,22.93511003385757,1.9982232953739727,14.82045085108304,0.4209687862696578,16.63894130602438,39.14486879026156,0.054150897258469,10.717804230553115
/content/drive/MyDrive/Bharatanatyam_Digital_Twin/dataset/posture_images/extracted/new_Dataset/Samapadam Augmented/dr_0_9434.jpg,dr_0_9434.jpg,Samapadam Augmented,15.75037793231219,15.481662286900942,49.16854482561645,45.2443725179227,4.382701368180849,38.93349074924133,34.43227736524033,1.697663964919741,9.569824035097696,88.13075942553668,11.671634070184718,4.1387621102831655,0.5047029240615944,12.783162785948129,23.665036625271217,0.0714664319244907,14.61298530064867
/content/drive/MyDrive/Bharatanatyam_Digital_Twin/dataset/posture_images/extracted/new_Dataset/Samapadam Augmented/dr_0_9538.jpg,dr_0_9538.jpg,Samapadam Augmented,26.781749453065572,31.560960880976033,24.676967166552657,18.347615161708717,79.96325996135958,50.12513498079605,43.27824431760425,69.74084599659467,80.57755307269757,86.63282298081688,81.0926850044247,83.62600710878124,0.0342513547124808,16.813611223346474,27.64232583855047,0.1968182239753432,22.601689607513613
/content/drive/MyDrive/Bharatanatyam_Digital_Twin/dataset/posture_images/extracted/new_Dataset/Samapadam Augmented/dr_0_9700.jpg,dr_0_9700.jpg,Samapadam Augmented,31.475801940706404,64.9020393245419,13.717323996307869,3.5356104616823245,2.1447885927699346,6.792349519473265,6.547518142558348,9.036539553014926,7.045211418451197,31.538745515334533,4.734791785802944,5.632179307580775,0.4752541654742631,11.917719751714523,25.64880004569683,0.0255913290460825,10.078767880400656
/content/drive/MyDrive/Bharatanatyam_Digital_Twin/dataset/posture_images/extracted/new_Dataset/Samapadam Augmented/dr_1_1509.jpg,dr_1_1509.jpg,Samapadam Augmented,10.07515791082048,3.544409677934439,30.190439140012412,15.22917070361347,2.7341288656124942,0.1547375064877129,12.077119053931522,11.44917189695667,8.228806735271915,3.524011835133135,8.410234365805017,1.8850649194401288,0.5097906819854974,11.104188910952194,21.370176738788576,0.0452874632460582,11.897102530821948
/content/drive/MyDrive/Bharatanatyam_Digital_Twin/dataset/posture_images/extracted/new_Dataset/Samapadam Augmented/dr_1_1568.jpg,dr_1_1568.jpg,Samapadam Augmented,3.4645885375890515,8.949460616492992,4.207698836725686,7.875080360049687,11.902515412527158,11.999698238938516,8.996248212060262,7.812410630241544,7.509893777692184,20.471784111023453,5.575311565315761,4.300488834246072,0.513630649236768,7.843196695940357,15.292534995205305,0.0546748027314103,8.182380289884353
/content/drive/MyDrive/Bharatanatyam_Digital_Twin/dataset/posture_images/extracted/new_Dataset/Samapadam Augmented/dr_1_1623.jpg,dr_1_1623.jpg,Samapadam Augmented,58.30966502798676,45.830128888385346,11.93161537916676,53.643673940908,0.7233356778268393,1.7536051834774549,17.013057545344765,3.3879929146579832,2.7850507620651785,19.09909774101652,1.7293179896031925,43.82373371188872,0.4060247400368189,19.54877485975641,43.445317759845,0.0552192222854459,15.145787597138789
/content/drive/MyDrive/Bharatanatyam_Digital_Twin/dataset/posture_images/extracted/new_Dataset/Samapadam Augmented/dr_1_1678.jpg,dr_1_1678.jpg,Samapadam Augmented,13.688098347858038,21.07845340346588,16.561288937166417,5.229387232109367,0.3739375495038504,5.22375470260172,6.847092105345339,7.607924613160592,7.271794271012431,17.255509264556025,4.419669586156323,2.0464888692388583,0.5229244036061904,14.658764564194746,32.02193971869146,0.0678108003969014,11.88654317349587
/content/drive/MyDrive/Bharatanatyam_Digital_Twin/dataset/posture_images/extracted/new_Dataset/Samapadam Augmented/dr_1_1863.jpg,dr_1_1863.jpg,Samapadam Augmented,82.29329742690462,75.76334436426315,1.492351465395097,4.85654161052471,30.699085750057154,15.148361848896563,13.04908516871838,32.73119455395286,35.37622981896595,3.4606113143793675,18.34447389497937,50.14713455115519,0.1019610356672656,19.72568153898093,52.1804427840951,0.0650893461413599,6.931512486706323
/content/drive/MyDrive/Bharatanatyam_Digital_Twin/dataset/posture_images/extracted/new_Dataset/Samapadam Augmented/dr_1_2113.jpg,dr_1_2113.jpg,Samapadam Augmented,68.6411679912736,44.23010572081641,7.273378134941423,9.215843100534132,39.06964726552301,59.17980617020417,28.684668667800683,37.26840471318368,18.895492883106964,58.71025282651448,34.476966824901275,5.118670857994059,0.1697347823015965,16.953721179505482,38.21711080513696,0.1272588022745502,12.51679393110494
/content/drive/MyDrive/Bharatanatyam_Digital_Twin/dataset/posture_images/extracted/new_Dataset/Samapadam Augmented/dr_1_2133.jpg,dr_1_2133.jpg,Samapadam Augmented,27.899509596881504,44.45464997456875,84.15444056542772,96.95480998278246,7.052225180120648,5.450629870050965,48.40302639959545,18.63002947895816,20.23127745248116,65.93952235912602,11.851137587194843,31.441821903933697,0.3830919379506299,22.72112740366653,29.851110741297116,0.465569714684264,37.84670175501821
/content/drive/MyDrive/Bharatanatyam_Digital_Twin/dataset/posture_images/extracted/new_Dataset/Samapadam Augmented/dr_1_2250.jpg,dr_1_2250.jpg,Samapadam Augmented,30.5466797761964,33.467147881028836,89.36557495156148,82.92239443987154,5.434988514379421,16.11473770625387,48.45942390301658,14.041769164136014,8.15888843519528,1.33737258560069,6.6194823044708375,12.091822359050052,0.2805626555666578,21.612525213828505,34.50747713102179,0.1702413479892708,30.15985716247446
/content/drive/MyDrive/Bharatanatyam_Digital_Twin/dataset/posture_images/extracted/new_Dataset/Samapadam Augmented/dr_1_2309.jpg,dr_1_2309.jpg,Samapadam Augmented,58.609678437849055,62.67294657234221,11.15355943890778,5.100197227584868,1.581191569771948,6.512201128549579,6.086787341203543,13.529965367539443,12.551791087026253,9.854051897544265,15.273946577047088,12.843351008480616,0.2820222698754872,21.794146893127564,51.34393085097095,0.0410861885629815,13.997423639848767
/content/drive/MyDrive/Bharatanatyam_Digital_Twin/dataset/posture_images/extracted/new_Dataset/Samapadam Augmented/dr_1_2313.jpg,dr_1_2313.jpg,Samapadam Augmented,28.02922464797144,31.618753580882007,26.746711362193707,27.96050203960176,2.497056018996406,7.345584632327497,16.13746351327984,7.04692815495045,6.493080258335652,9.532711217309044,2.6776861107170387,6.339379368824825,0.3741921967876761,13.237519596736655,23.87705452145865,0.0189371513516243,15.816567117399696
/content/drive/MyDrive/Bharatanatyam_Digital_Twin/dataset/posture_images/extracted/new_Dataset/Samapadam Augmented/dr_1_3209.jpg,dr_1_3209.jpg,Samapadam Augmented,12.760929671285105,14.229553108320673,34.74447377934566,26.508103462634995,2.505118759974361,6.330874683622438,17.522142671394363,19.04510399089246,9.343019324495147,4.736834334298163,11.27894251538369,7.436260454893919,0.4751939903016887,13.262660064999269,27.494391954408503,0.0369583697404769,12.256629870848824
/content/drive/MyDrive/Bharatanatyam_Digital_Twin/dataset/posture_images/extracted/new_Dataset/Samapadam Augmented/dr_1_3388.jpg,dr_1_3388.jpg,Samapadam Augmented,41.733059268162535,28.176907284700924,5.318835913698532,10.417109862175671,6.345553458486173,2.5606822749514904,6.160545377327966,19.398409577748307,10.150081476913664,20.142702501118546,13.552063286226108,19.275812210171768,0.3428288829021871,14.71727771673793,31.18143959339656,0.0430453735378651,12.927348183279369
/content/drive/MyDrive/Bharatanatyam_Digital_Twin/dataset/posture_images/extracted/new_Dataset/Samapadam Augmented/dr_1_3472.jpg,dr_1_3472.jpg,Samapadam Augmented,50.67388850850553,70.88531977199304,2.9972567360376954,15.8951053628353,1.6908490036930477,18.03490983654096,9.65453023477675,4.413967112739546,3.5304711002736204,26.27102474696285,2.4335414059067664,11.74106677558671,0.3060247507871313,21.627427937737725,54.03881065597622,0.042824761439653,10.800648395797298
/content/drive/MyDrive/Bharatanatyam_Digital_Twin/dataset/posture_images/extracted/new_Dataset/Samapadam Augmented/dr_1_3741.jpg,dr_1_3741.jpg,Samapadam Augmented,7.244653113168226,9.47696731289588,21.40342598453552,13.49294122884892,2.1899194895619964,17.82178355076603,13.727017563428117,14.387229169043264,10.978046390847435,1.9743345988483296,11.594533420893402,4.700240413581433,0.4897973744908535,7.844883102146032,19.216736421119688,0.027862417960477,4.290050467357933
/content/drive/MyDrive/Bharatanatyam_Digital_Twin/dataset/posture_images/extracted/new_Dataset/Samapadam Augmented/dr_1_3930.jpg,dr_1_3930.jpg,Samapadam Augmented,19.792133628111394,77.29119416804845,0.1625804831685988,91.30907241465198,1.139588859903795,1.326408577057001,23.48441258369534,11.437443336972647,10.601199189696104,33.05223079964222,9.089623101380528,15.48534499236799,0.4432525566353749,18.75454185372949,42.607186174914176,0.0799567080809208,13.576482678193369
/content/drive/MyDrive/Bharatanatyam_Digital_Twin/dataset/posture_images/extracted/new_Dataset/Samapadam Augmented/dr_1_4054.jpg,dr_1_4054.jpg,Samapadam Augmented,61.238731344225556,61.56568261209466,11.105956135508295,20.140718382299305,7.132259681934131,12.581698769298267,12.74015824226,13.995934810487654,13.074687810845717,11.452082378037405,8.01248595262253,27.639950550906736,0.2820470347624652,20.76215197380474,53.8696905468908,0.0825230019327722,8.334242372590658
/content/drive/MyDrive/Bharatanatyam_Digital_Twin/dataset/posture_images/extracted/new_Dataset/Samapadam Augmented/dr_1_4064.jpg,dr_1_4064.jpg,Samapadam Augmented,21.53826985621567,12.940582275580468,32.86885155549694,28.34027352912047,104.38185807539794,10.291581327341378,43.97064112183919,48.11998622823148,59.6552964646676,3.320339069528103,38.37430011351451,56.46089651757298,0.2194333295266637,15.243659581518653,27.620580439875404,0.138958856218867,17.971439448461688
/content/drive/MyDrive/Bharatanatyam_Digital_Twin/dataset/posture_images/extracted/new_Dataset/Samapadam Augmented/dr_1_4610.jpg,dr_1_4610.jpg,Samapadam Augmented,19.085650633569173,25.33661468260515,31.11487330049704,59.472489100598814,30.50066029138277,13.717955167148672,33.70149446490682,23.72065619301521,1.5178238067643095,15.38146930471108,29.584473166048998,15.174543420690506,0.230931163692567,12.34949196315461,25.23738569251232,0.0584988219115677,11.752591375039948
/content/drive/MyDrive/Bharatanatyam_Digital_Twin/dataset/posture_images/extracted/new_Dataset/Samapadam Augmented/dr_1_4951.jpg,dr_1_4951.jpg,Samapadam Augmented,28.132050422869426,15.789354870347864,38.84072895915693,31.05382167688477,34.69278576273132,5.537577837831739,27.531228559151188,9.017521463152178,2.4268145725377224,18.69378236900377,5.54764521440652,11.453003216097423,0.342017435378202,10.289746843777952,18.3002254206379,0.041903699591738,12.527111411104222
/content/drive/MyDrive/Bharatanatyam_Digital_Twin/dataset/posture_images/extracted/new_Dataset/Samapadam Augmented/dr_1_4967.jpg,dr_1_4967.jpg,Samapadam Augmented,47.349259768536115,51.6189895423981,2.129205855808165,19.185107407327763,10.825431173906225,31.148350502453336,15.822023734873872,0.9955803887824654,1.1629937021097358,3.131020793221152,2.151857086189253,8.325768725226373,0.2789165588656667,15.294937276857302,36.19177753764324,0.0420097842229073,9.651024508705756
/content/drive/MyDrive/Bharatanatyam_Digital_Twin/dataset/posture_images/extracted/new_Dataset/Samapadam Augmented/dr_1_4992.jpg,dr_1_4992.jpg,Samapadam Augmented,59.24509797096889,67.12212644472265,6.848770862543876,16.16340516075727,1.3228874748413924,0.2898907170207118,6.156238553790813,19.24058954121307,22.523298945740493,6.885295542596822,16.17634878347262,18.074439192936303,0.303579140595484,23.330738270592324,54.11195296907229,0.0349419371116364,15.845319905593044
/content/drive/MyDrive/Bharatanatyam_Digital_Twin/dataset/posture_images/extracted/new_Dataset/Samapadam Augmented/dr_1_5639.jpg,dr_1_5639.jpg,Samapadam Augmented,23.546679307791443,16.522887234463134,60.64008522393104,41.267965192701695,89.50467355870822,24.82909417225048,54.06045453689786,87.29549112853731,70.58591551406607,68.79875815059779,69.10776631260569,75.52691781937892,0.0298281987078859,15.203430805546668,20.348557817169112,0.1688484697714333,25.09288612969945
/content/drive/MyDrive/Bharatanatyam_Digital_Twin/dataset/posture_images/extracted/new_Dataset/Samapadam Augmented/dr_1_5836.jpg,dr_1_5836.jpg,Samapadam Augmented,30.09038207982062,35.55500587374611,20.677560578360897,15.545589801996517,26.88660694425589,14.718917820883586,19.457168786374226,17.421238010564934,12.562906623576026,2.298356273242661,11.497028329784214,16.61936472664443,0.2376443714422063,10.39612052769638,24.750193920047188,0.0482037220938851,6.389963940948071
/content/drive/MyDrive/Bharatanatyam_Digital_Twin/dataset/posture_images/extracted/new_Dataset/Samapadam Augmented/dr_1_6009.jpg,dr_1_6009.jpg,Samapadam Augmented,38.62321403555666,56.24128073825661,0.9102772981622426,24.64452910329032,3.1612584213214245,13.243614970551045,10.489919948331258,2.105837903138734,10.047447861307631,22.29944283368343,3.718621835942155,19.331196925921247,0.2561280687603689,17.407186450902625,42.22138728901416,0.0888646975310704,9.911307366162646
/content/drive/MyDrive/Bharatanatyam_Digital_Twin/dataset/posture_images/extracted/new_Dataset/Samapadam Augmented/dr_1_6290.jpg,dr_1_6290.jpg,Samapadam Augmented,53.401505661274065,76.63343029934362,0.5858500552889393,25.30612360979376,3.2024113439498354,1.026489335873302,7.53021858622646,8.143032463407906,14.51720286059654,21.856589373448344,10.580217024689002,13.47380606702096,0.2886476216827042,24.053923841519293,56.79902978719603,0.0323619256934251,15.330379811668436
/content/drive/MyDrive/Bharatanatyam_Digital_Twin/dataset/posture_images/extracted/new_Dataset/Samapadam Augmented/dr_1_6725.jpg,dr_1_6725.jpg,Samapadam Augmented,4.332839354770812,14.042145145130341,0.1726542363324055,1.5593381750732418,9.858183502493644,7.803216870413708,4.84834819607825,2.329715002281489,6.040759771438502,18.100396576938408,5.490008262765094,9.85064630291145,0.4580917773642718,11.460710495989575,22.50560078738486,0.0379698141748129,11.838560886409056
/content/drive/MyDrive/Bharatanatyam_Digital_Twin/dataset/posture_images/extracted/new_Dataset/Samapadam Augmented/dr_1_7003.jpg,dr_1_7003.jpg,Samapadam Augmented,51.72310047447012,64.27181304586775,19.82790135566967,3.5625869051739345,3.646645277142186,20.76138223511597,11.94962894327544,4.472292098992824,10.760402422280691,7.353113020567946,11.166300032340308,8.947708966794837,0.2775000377293069,18.58467372676834,46.461851836435855,0.0261221072570539,9.266047236612106
/content/drive/MyDrive/Bharatanatyam_Digital_Twin/dataset/posture_images/extracted/new_Dataset/Samapadam Augmented/dr_1_7090.jpg,dr_1_7090.jpg,Samapadam Augmented,15.711347095213902,8.261635660210665,7.217620389513418,9.647683036124704,7.9417995330636275,12.505096429026947,9.328049846932174,22.53442234906709,34.54413504831487,64.47502529216626,39.89544394625442,27.680100451686677,0.3644217820216109,10.83151936849884,25.670877708265785,0.0368421691485102,6.786838228082219
/content/drive/MyDrive/Bharatanatyam_Digital_Twin/dataset/posture_images/extracted/new_Dataset/Samapadam Augmented/dr_1_7156.jpg,dr_1_7156.jpg,Samapadam Augmented,23.155592402348667,30.232601070660465,26.05463710389716,27.9397077367401,86.42314104559551,20.785921207857434,40.30085177352255,4.020367159626886,3.4689167662300804,17.820486385042443,3.1958397376332317,3.3797027329926466,0.3083012907620464,16.826495769599447,27.80621216637706,0.022616418720809,22.650658723700477
/content/drive/MyDrive/Bharatanatyam_Digital_Twin/dataset/posture_images/extracted/new_Dataset/Samapadam Augmented/dr_1_7449.jpg,dr_1_7449.jpg,Samapadam Augmented,41.426636737249254,61.461648961658256,26.87675819566244,10.1307267690965,6.448766099529305,14.907477310575617,14.590932093715963,11.432066136056267,9.76453323148341,19.881343425985683,12.442015216571187,11.114249211050469,0.3597409761290058,16.617679492461992,43.26473452866579,0.0217057379707234,6.566598210749471
/content/drive/MyDrive/Bharatanatyam_Digital_Twin/dataset/posture_images/extracted/new_Dataset/Samapadam Augmented/dr_1_7467.jpg,dr_1_7467.jpg,Samapadam Augmented,40.721267660809346,61.281748065396215,19.73597979189698,12.886155471905248,6.363549417141408,13.231745303843637,13.054357496196818,6.715207409449634,1.5259334392791253,0.9381375683206364,0.7729532508811375,20.99291944833019,0.2906794411481197,17.632828160706588,45.15992467444338,0.049146170119644,7.689413637556739
/content/drive/MyDrive/Bharatanatyam_Digital_Twin/dataset/posture_images/extracted/new_Dataset/Samapadam Augmented/dr_1_7482.jpg,dr_1_7482.jpg,Samapadam Augmented,23.970507705883886,24.066856774390526,56.248756065004045,56.14657835332636,3.635982372465504,13.102477769498275,32.283448640073544,2.3590111548755,1.6154323244932978,13.46069767716672,3.172590073684692,9.18805548596327,0.3263094912013552,16.09239300534015,33.16627207606838,0.0301642825525142,15.080742657399554
/content/drive/MyDrive/Bharatanatyam_Digital_Twin/dataset/posture_images/extracted/new_Dataset/Samapadam Augmented/dr_1_754.jpg,dr_1_754.jpg,Samapadam Augmented,57.15961801188908,61.402913745771855,4.308539987326109,5.283210723935971,36.67078747482171,33.50760210906695,19.942535073787685,3.4652419445388376,5.24041398535055,25.101315899494224,0.2601578130134111,5.119964043743195,0.3989115575723817,18.46491671460836,41.21743861957287,0.0736085840208837,14.103702940231337
/content/drive/MyDrive/Bharatanatyam_Digital_Twin/dataset/posture_images/extracted/new_Dataset/Samapadam Augmented/dr_1_8214.jpg,dr_1_8214.jpg,Samapadam Augmented,68.65222490478607,45.29424944898497,15.699965047860188,17.517735036255612,8.959533065245322,8.460551109018665,12.659446064594947,36.06474771244012,34.6652676465867,68.53553197086993,27.56500244999116,27.39336908962875,0.1014943906555693,16.289673603951016,40.079351311565794,0.1450663006470046,8.644603199640251
/content/drive/MyDrive/Bharatanatyam_Digital_Twin/dataset/posture_images/extracted/new_Dataset/Samapadam Augmented/dr_1_8616.jpg,dr_1_8616.jpg,Samapadam Augmented,40.964940375139726,27.082891065379734,61.06151060161989,5.696274815923413,5.647961122565039,3.930971711738352,19.084179562961676,76.45747311857966,83.79046884429968,70.18436598049672,80.59380909631939,83.2698334135195,0.0429895818505689,18.463042550612617,29.80858916445644,0.1867017888294699,25.39383669855195
/content/drive/MyDrive/Bharatanatyam_Digital_Twin/dataset/posture_images/extracted/new_Dataset/Samapadam Augmented/dr_1_8651.jpg,dr_1_8651.jpg,Samapadam Augmented,46.774494618870534,39.94894402368125,19.93308201341793,25.07476012264226,4.10732123569241,1.2079433935401145,12.580776691323178,19.28376684334387,16.041345591957565,0.7844653333507949,8.042738701124001,27.65953368010297,0.3921735516875199,15.9579165032979,37.12637142412816,0.0720086305984838,10.675369455167058
/content/drive/MyDrive/Bharatanatyam_Digital_Twin/dataset/posture_images/extracted/new_Dataset/Samapadam Augmented/dr_1_8861.jpg,dr_1_8861.jpg,Samapadam Augmented,13.807519294631511,15.64074570760814,0.0794006135533273,0.3417267932534997,9.410044110189244,0.522697192260503,2.588467177314144,9.017790708226965,2.970650194927786,17.559114963665785,4.685686338853958,2.525678517037816,0.4500744115689405,10.255518840604518,15.5252825862648,0.0442629684192926,15.197010967129463
/content/drive/MyDrive/Bharatanatyam_Digital_Twin/dataset/posture_images/extracted/new_Dataset/Samapadam Augmented/dr_1_911.jpg,dr_1_911.jpg,Samapadam Augmented,58.643064864399335,57.08303768568541,6.715732827642494,4.670448726985703,0.7761576357524747,3.081708534231172,3.8110119311529607,2.306753689916974,3.8030673537550967,2.866428635098032,2.829276151659368,10.047436018877043,0.3377519993230605,21.17926659241181,47.669506584221615,0.0541640146493627,15.814129178364446
/content/drive/MyDrive/Bharatanatyam_Digital_Twin/dataset/posture_images/extracted/new_Dataset/Samapadam Augmented/dr_1_9110.jpg,dr_1_9110.jpg,Samapadam Augmented,55.36692736722503,64.9211244702672,3.3415790812705737,3.907763353991014,26.11750748745503,18.02941246804275,12.849065597689842,7.221988817516165,13.011971274479164,30.16193288315393,12.152795283649551,8.239123138015085,0.4668237588180164,15.3049939325577,39.75235927951066,0.048986880022805,6.113635638139639
/content/drive/MyDrive/Bharatanatyam_Digital_Twin/dataset/posture_images/extracted/new_Dataset/Samapadam Augmented/dr_1_9114.jpg,dr_1_9114.jpg,Samapadam Augmented,32.935290073096624,38.95155004409939,60.40418685670262,58.70049051277015,4.865335628836986,0.7472377843040051,31.17931269565344,7.367209401427857,5.047343477105358,3.045059704628585,4.6561751476298445,19.25520710368752,0.5822906296206974,24.06309788532459,40.489025465549794,0.2672279660505718,31.43304022437341
/content/drive/MyDrive/Bharatanatyam_Digital_Twin/dataset/posture_images/extracted/new_Dataset/Samapadam Augmented/dr_1_9122.jpg,dr_1_9122.jpg,Samapadam Augmented,1.8434292351445976,10.8819704322554,13.388972890805553,6.994052269737836,9.44321306457148,19.9125264004875,12.434691156400593,2.421323734938338,0.0067341878866002,8.221399911833997,0.0925478123035322,3.47880528088984,0.4853850006098744,5.768507938008649,12.151803708803776,0.0219095779322892,5.131810527289881
/content/drive/MyDrive/Bharatanatyam_Digital_Twin/dataset/posture_images/extracted/new_Dataset/Samapadam Augmented/dr_1_9150.jpg,dr_1_9150.jpg,Samapadam Augmented,29.449497569181872,66.60573448176048,18.107384943500684,5.114208969452963,34.58342591661384,30.70254359416755,22.12689085593376,40.769963856725525,21.307404089134053,24.176672986249685,25.053611503345003,19.75752121111941,0.0387234234265274,15.154043641373685,37.60596235819212,0.1976503586846051,7.658518207244331
/content/drive/MyDrive/Bharatanatyam_Digital_Twin/dataset/posture_images/extracted/new_Dataset/Samapadam Augmented/dr_1_9433.jpg,dr_1_9433.jpg,Samapadam Augmented,45.5854077176091,57.07975441675343,3.0431013274606418,0.6327610737559071,19.46309042351868,1.0110741860513712,6.03750675269665,6.657478870068212,7.473400895444906,8.978879688443747,11.645698584239485,18.02176381712197,0.214838200183242,16.12737153692444,33.69676241564103,0.0259711008865415,14.659381094245743
/content/drive/MyDrive/Bharatanatyam_Digital_Twin/dataset/posture_images/extracted/new_Dataset/Samapadam Augmented/dr_1_9456.jpg,dr_1_9456.jpg,Samapadam Augmented,54.37442746899785,75.258019568924,14.281320438528358,54.2577269263162,1.651339614416959,1.5929629945594337,17.945837493455237,3.2138576527740383,8.464489537458036,29.98555827371337,7.996810025365823,14.015566751223178,0.3037717649640526,22.362028579967237,54.1052916442873,0.0442219936434242,12.936572101970976
/content/drive/MyDrive/Bharatanatyam_Digital_Twin/dataset/posture_images/extracted/new_Dataset/Samapadam Augmented/dr_1_9750.jpg,dr_1_9750.jpg,Samapadam Augmented,52.16333004215294,53.867919870331654,24.172385339537183,3.0695192414214727,9.590047319483002,11.45866488503576,12.072654196369356,0.1448153392537326,0.2337860838382831,2.184815631842654,2.674428478715712,25.027654674428515,0.2666447669676504,18.26555836205014,46.61405040774817,0.0443851473238384,8.138239531078417
/content/drive/MyDrive/Bharatanatyam_Digital_Twin/dataset/posture_images/extracted/new_Dataset/Samapadam Augmented/dr_1_999.jpg,dr_1_999.jpg,Samapadam Augmented,59.31436699606331,71.2128313425313,9.968731473676426,3.6302015244068273,0.1840895263454838,4.540606821662844,4.580907336522895,8.425082331334522,6.407508600128864,10.644122298647376,8.969226959875664,18.637263961898007,0.3172715859111246,23.759088373597574,55.82838630373247,0.031343798819922,15.417535018240343
/content/drive/MyDrive/Bharatanatyam_Digital_Twin/dataset/posture_images/extracted/new_Dataset/Samapadam Augmented/dr_2_1255.jpg,dr_2_1255.jpg,Samapadam Augmented,40.352940251347206,54.41433242239321,11.014901474139162,25.9034279517748,59.15910377867443,15.919296114835133,27.99918232985588,6.258263699876774,5.464045816787095,19.690823007034396,4.586214240734101,7.456029498135001,0.2450996823755321,16.849208621400205,36.04499886740111,0.0398964079050106,14.46273058889449
/content/drive/MyDrive/Bharatanatyam_Digital_Twin/dataset/posture_images/extracted/new_Dataset/Samapadam Augmented/dr_2_1790.jpg,dr_2_1790.jpg,Samapadam Augmented,7.283870027912145,21.374313668502268,6.454431605538942,3.2923379973546365,16.020651944803326,37.35881008646295,15.781557908539964,17.272585561118365,13.407984672174011,62.41621255466014,13.786879593353875,17.224650195143727,0.4533091017767665,10.746926847910675,24.30608958210518,0.1647768507619134,7.769914110864938
/content/drive/MyDrive/Bharatanatyam_Digital_Twin/dataset/posture_images/extracted/new_Dataset/Samapadam Augmented/dr_2_1797.jpg,dr_2_1797.jpg,Samapadam Augmented,38.234711259378805,32.38582679107249,31.86094031083877,16.907267762998647,14.89375944672766,34.40656358926581,24.51713277745772,12.136436641105352,10.096279251691527,2.360180039094165,11.503712001658236,6.554304161603458,0.2254549136740184,12.270692138857257,33.028767176199445,0.0294801165255944,3.7538291238467183
/content/drive/MyDrive/Bharatanatyam_Digital_Twin/dataset/posture_images/extracted/new_Dataset/Samapadam Augmented/dr_2_1870.jpg,dr_2_1870.jpg,Samapadam Augmented,46.80594408366084,52.63723431219772,3.404003623410507,13.50051085002264,39.64502427015119,37.56265372611789,23.52804811742556,3.5106825389042413,6.091823177087715,7.943075163344485,2.4936876378434816,12.544984420305644,0.1890641324733981,17.327635593460172,39.197549152208985,0.0779611201890473,12.707396507982484
/content/drive/MyDrive/Bharatanatyam_Digital_Twin/dataset/posture_images/extracted/new_Dataset/Samapadam Augmented/dr_2_1883.jpg,dr_2_1883.jpg,Samapadam Augmented,69.40705120911912,38.70729265039017,1.769551221093271,3.949473829700175,10.412349477613208,15.843541709406685,7.993729059453334,19.04633006469218,10.993240483309338,16.542903091607478,17.25362577290194,20.187356703352144,0.2844877662940499,16.085396896137684,37.29650835598383,0.0559564638835251,10.903725868545706
/content/drive/MyDrive/Bharatanatyam_Digital_Twin/dataset/posture_images/extracted/new_Dataset/Samapadam Augmented/dr_2_1914.jpg,dr_2_1914.jpg,Samapadam Augmented,18.824638269016468,17.410063125944,11.01143270365242,34.240729191452346,11.476788561313525,40.14615045733957,24.218775228439466,14.00450710128514,8.845972775699504,15.046335389310943,10.012403053098394,11.84981210147699,0.2260526880728251,11.013376142579142,24.49253167234041,0.0529354234875011,8.494661331909512
/content/drive/MyDrive/Bharatanatyam_Digital_Twin/dataset/posture_images/extracted/new_Dataset/Samapadam Augmented/dr_2_2128.jpg,dr_2_2128.jpg,Samapadam Augmented,0.3909749475468515,34.74754033410888,9.035514742560029,7.070792921818592,8.523848444586912,32.804237988559755,14.35859852438132,14.030485351060094,4.444598141830824,24.050256830057062,10.09299242786173,7.533719865100592,0.2837356392168523,9.942841966763842,22.229572379395663,0.0562192803795298,7.542734240516335
/content/drive/MyDrive/Bharatanatyam_Digital_Twin/dataset/posture_images/extracted/new_Dataset/Samapadam Augmented/dr_2_2223.jpg,dr_2_2223.jpg,Samapadam Augmented,21.717279270218874,28.582585584442185,66.98582903625635,65.71060925750095,8.280249342358472,8.622015955813032,37.3996758979822,6.605162919483831,11.150412218588428,43.84746561684869,5.224385671531034,8.481979642126182,0.2537711914889006,17.118432580663793,23.74177385384359,0.2163777010047624,27.397146187143026
/content/drive/MyDrive/Bharatanatyam_Digital_Twin/dataset/posture_images/extracted/new_Dataset/Samapadam Augmented/dr_2_2426.jpg,dr_2_2426.jpg,Samapadam Augmented,77.35754451816187,11.627200340228413,1.7042978880214967,17.260722689625933,11.970526400994816,6.6590186794096144,9.398641414512966,0.9598344397170684,3.9169006017482655,9.21860142797535,1.9182887003297888,10.776946423055165,0.2788397802465033,12.9116631244321,29.82234956295656,0.0587026414479179,8.85393716889182
/content/drive/MyDrive/Bharatanatyam_Digital_Twin/dataset/posture_images/extracted/new_Dataset/Samapadam Augmented/dr_2_2502.jpg,dr_2_2502.jpg,Samapadam Augmented,30.582625382198454,17.782134043448572,56.22881577098605,21.50762363347147,14.19077363246824,7.699981755093553,24.906798698004827,12.848889742441951,23.41085398039722,47.14042551547085,16.775123794808568,12.379976489569032,0.1738379399790073,10.470460674533632,21.751810088796606,0.0993147135196089,9.560257221284685
/content/drive/MyDrive/Bharatanatyam_Digital_Twin/dataset/posture_images/extracted/new_Dataset/Samapadam Augmented/dr_2_256.jpg,dr_2_256.jpg,Samapadam Augmented,42.51499729832614,59.272269453557485,21.156812148144983,16.169969292581538,1.5974157792316694,10.950655080780368,12.46871307518464,13.530773814313417,12.814144089162776,31.23861981314841,7.923507906353321,19.937416034097613,0.3056019974360142,16.747188640091668,38.46855378499736,0.0481012036453097,11.724910931632344
/content/drive/MyDrive/Bharatanatyam_Digital_Twin/dataset/posture_images/extracted/new_Dataset/Samapadam Augmented/dr_2_2624.jpg,dr_2_2624.jpg,Samapadam Augmented,30.528027921840177,25.985557581987024,54.54978822184763,53.00015222795275,3.939622276560429,3.380026264569359,28.717397247732546,15.837024935615176,14.277489093653628,38.391417752183344,12.534560949623108,10.907348439712669,0.2782372452266577,16.88525333548291,32.73827718962335,0.1001594977402592,17.817323319085126
/content/drive/MyDrive/Bharatanatyam_Digital_Twin/dataset/posture_images/extracted/new_Dataset/Samapadam Augmented/dr_2_2716.jpg,dr_2_2716.jpg,Samapadam Augmented,25.145901130300444,39.69566302210579,34.82146565734556,67.84095092208139,51.38905583589354,12.535327604951863,41.64670000506809,14.732548616867843,18.72700309666913,7.261887831573425,20.961877453539746,26.028586313768024,0.1927368749959385,15.63942439841729,29.24300227951404,0.1207476547507895,17.554523260987047
/content/drive/MyDrive/Bharatanatyam_Digital_Twin/dataset/posture_images/extracted/new_Dataset/Samapadam Augmented/dr_2_3060.jpg,dr_2_3060.jpg,Samapadam Augmented,22.789329044675142,29.13914141813423,24.80092860572083,28.96322282055196,14.19910463787322,6.491086038279207,18.613585525606304,22.106826498708728,19.60413210972013,32.18212570993339,13.054367923416429,9.85712721166501,0.2813627496420951,11.714986343835784,27.31140667915619,0.0360962366850658,7.797456115666092
/content/drive/MyDrive/Bharatanatyam_Digital_Twin/dataset/posture_images/extracted/new_Dataset/Samapadam Augmented/dr_2_3301.jpg,dr_2_3301.jpg,Samapadam Augmented,14.099532616833905,50.38334448688438,13.777892913569328,1.4312982046115306,38.488835025355485,40.7871059500205,23.62128302338921,17.132444513268638,23.01517871559119,27.33527222573392,19.583347944220854,10.003825392242527,0.2271022724795686,13.558876654214451,29.401546202275973,0.0794589606584535,11.195624799708929
/content/drive/MyDrive/Bharatanatyam_Digital_Twin/dataset/posture_images/extracted/new_Dataset/Samapadam Augmented/dr_2_3570.jpg,dr_2_3570.jpg,Samapadam Augmented,38.6226145831105,14.667068555185397,68.47604378626302,40.47597408487665,10.662405414140231,49.88146294669558,42.37397155799387,3.568253174258899,4.769195804086252,41.39220598773883,1.8809840738536243,13.892506280395963,0.2594673111828232,14.418169961489932,26.96144779007384,0.2501641237139713,16.042897970681985
/content/drive/MyDrive/Bharatanatyam_Digital_Twin/dataset/posture_images/extracted/new_Dataset/Samapadam Augmented/dr_2_3603.jpg,dr_2_3603.jpg,Samapadam Augmented,43.66779692175882,22.52379693470929,30.19638640737029,5.312824232110478,8.557144949316323,27.110957316567724,17.794328226341204,15.78585161478668,15.543685319753251,31.040954603058,13.82909213945926,10.820951220241678,0.3740988336290737,9.367267069719164,22.23715560507157,0.0461479771298752,5.818497626956047
/content/drive/MyDrive/Bharatanatyam_Digital_Twin/dataset/posture_images/extracted/new_Dataset/Samapadam Augmented/dr_2_3656.jpg,dr_2_3656.jpg,Samapadam Augmented,24.664996761481525,29.339149170979297,83.69537444330723,65.36703568517939,22.972498549205472,21.582484480003316,48.40434828942385,12.897891237792408,13.352852188487986,38.92502405525508,13.061756515248302,12.103585880747628,0.3357314054729255,16.718458707749615,25.08575335153188,0.2324337408768312,24.83718903084014
/content/drive/MyDrive/Bharatanatyam_Digital_Twin/dataset/posture_images/extracted/new_Dataset/Samapadam Augmented/dr_2_3678.jpg,dr_2_3678.jpg,Samapadam Augmented,38.80112353094775,19.756382923629303,13.40128537208775,8.114703196547483,7.911929225122208,43.040036689654734,18.116988620853043,16.842511964344453,22.11856123715071,1.470099895239069,18.252874267974832,16.224949832769784,0.1891184158297098,11.36901397183082,22.859161506458555,0.0369156725110322,11.210964736522875
/content/drive/MyDrive/Bharatanatyam_Digital_Twin/dataset/posture_images/extracted/new_Dataset/Samapadam Augmented/dr_2_3851.jpg,dr_2_3851.jpg,Samapadam Augmented,43.79540497237991,36.1719263859372,30.336616032049648,13.711451809336456,30.262587144677205,47.738545768099634,30.51230018854073,23.055436541716887,25.00973774943444,62.11040549017078,18.78483638444493,15.683220649476231,0.3052592497097963,13.086674000619473,30.245025214170283,0.0317184913016826,8.983278296386448
/content/drive/MyDrive/Bharatanatyam_Digital_Twin/dataset/posture_images/extracted/new_Dataset/Samapadam Augmented/dr_2_3867.jpg,dr_2_3867.jpg,Samapadam Augmented,32.399280004451015,34.24678030021187,34.32864131697285,0.1161120357802354,27.46551438222524,62.27011956327513,31.045096824563363,17.273895673103503,18.32457465946369,1.7997882434499248,16.25355355437932,13.262861747894709,0.1904727364499187,13.905727447257576,27.60113945364134,0.0376430683545081,14.078399819776871
/content/drive/MyDrive/Bharatanatyam_Digital_Twin/dataset/posture_images/extracted/new_Dataset/Samapadam Augmented/dr_2_3940.jpg,dr_2_3940.jpg,Samapadam Augmented,8.25195961156151,23.320045480600864,28.815447505151496,62.35335821458131,6.108001665227997,4.850474351737798,25.53182043417465,6.489869586665463,8.981016881401331,38.644255691277664,4.105189048807762,8.94932222868243,0.3282668038737893,13.55078657949086,21.111772650646344,0.2839666539227259,19.256620433903507
/content/drive/MyDrive/Bharatanatyam_Digital_Twin/dataset/posture_images/extracted/new_Dataset/Samapadam Augmented/dr_2_3949.jpg,dr_2_3949.jpg,Samapadam Augmented,38.79610753793882,39.34459909173971,21.60309904140105,13.63746378794306,20.24804451380355,7.085216929637564,15.643456068196306,21.2431823889834,17.59669009526996,29.85782807798582,15.185336110943751,12.439318513540693,0.2451642053458048,14.077834405115505,33.597440365291554,0.0433018959383631,8.592760954116603
/content/drive/MyDrive/Bharatanatyam_Digital_Twin/dataset/posture_images/extracted/new_Dataset/Samapadam Augmented/dr_2_396.jpg,dr_2_396.jpg,Samapadam Augmented,27.27189965084021,2.8354941966230456,40.78561375903275,1.7733570158220997,21.3162987140386,21.151295188757786,21.25664116941281,10.339870105182827,16.117700266856772,82.47590766151961,14.58365616813554,2.027163055641604,0.3010442449037833,10.591161193141664,19.752909200173978,0.0748029962659267,11.945771382985086
/content/drive/MyDrive/Bharatanatyam_Digital_Twin/dataset/posture_images/extracted/new_Dataset/Samapadam Augmented/dr_2_4190.jpg,dr_2_4190.jpg,Samapadam Augmented,45.974358591856216,51.412875461606546,14.6784884723917,28.5171451555276,47.95110282730415,36.03032673798097,31.794265798301105,10.225274831722231,9.813267148415946,18.31363908916535,8.889935261872571,16.11554212773197,0.1682953511488476,15.4368691085768,37.18552591621928,0.0384567410897607,9.086624668421363
/content/drive/MyDrive/Bharatanatyam_Digital_Twin/dataset/posture_images/extracted/new_Dataset/Samapadam Augmented/dr_2_4209.jpg,dr_2_4209.jpg,Samapadam Augmented,40.1198168392224,8.680663540331594,8.791592871412416,10.384154115457374,12.774110425536117,39.93676764798872,17.97165626509866,15.285121421419312,14.037274951038407,17.90816261696968,12.306558074884569,8.177186644596949,0.2883211510578716,11.322445078965686,26.26768670784426,0.070129719777759,7.629518809275041
/content/drive/MyDrive/Bharatanatyam_Digital_Twin/dataset/posture_images/extracted/new_Dataset/Samapadam Augmented/dr_2_501.jpg,dr_2_501.jpg,Samapadam Augmented,9.84830533401192,9.100640603591984,34.2157628758932,25.34844088493259,9.402378815603402,3.9730060626136,18.2348971597607,13.6156858792763,13.723821668326307,34.90381560871583,7.768952314780399,12.883292832733542,0.3020370705670054,11.064927535976636,20.227497352043198,0.0254106750371992,12.941874580849518
/content/drive/MyDrive/Bharatanatyam_Digital_Twin/dataset/posture_images/extracted/new_Dataset/Samapadam Augmented/dr_2_5017.jpg,dr_2_5017.jpg,Samapadam Augmented,59.165638629283166,72.77718735411031,4.452893268685381,0.7528997906374578,23.38113876340683,0.8978361503192814,7.371191993262238,10.803907366249378,11.343378089799966,10.626939438142028,15.110187913211035,18.709804553362407,0.1703958019024147,21.229856181196844,49.94615458811796,0.0357237222657346,13.707690233206833
/content/drive/MyDrive/Bharatanatyam_Digital_Twin/dataset/posture_images/extracted/new_Dataset/Samapadam Augmented/dr_2_505.jpg,dr_2_505.jpg,Samapadam Augmented,36.88807707251155,6.161022025500166,14.842331683944618,4.960968032763366,0.9439757635500876,71.1698738102506,22.97928732262717,16.23961325696632,20.39887189285413,3.433809054435194,19.090399422046715,16.68096126317733,0.2009408771549388,11.93333077532884,18.18543451299145,0.0244959510035102,17.59006186199157
/content/drive/MyDrive/Bharatanatyam_Digital_Twin/dataset/posture_images/extracted/new_Dataset/Samapadam Augmented/dr_2_5114.jpg,dr_2_5114.jpg,Samapadam Augmented,32.47172519181366,27.396133480906318,9.4110568847127,53.9206724259402,15.626250588143137,51.46279277366096,32.60519316811425,17.541916376435694,28.600844250983897,42.59961491356128,26.19068871816932,10.192601224298098,0.2049561124154444,13.566722343180466,29.306122939062718,0.0745889419642989,11.319455148514384
/content/drive/MyDrive/Bharatanatyam_Digital_Twin/dataset/posture_images/extracted/new_Dataset/Samapadam Augmented/dr_2_5144.jpg,dr_2_5144.jpg,Samapadam Augmented,32.77412116340439,58.294684405813996,42.96983550643782,4.503725930368655,13.733481894788277,18.256753721128742,19.865949263180877,13.154268819222446,13.189553908858151,13.792826658004056,18.20631926337869,27.02569222566104,0.2897988746689255,13.531794529626174,33.26845493815151,0.0436744049382026,7.283254245788812
/content/drive/MyDrive/Bharatanatyam_Digital_Twin/dataset/posture_images/extracted/new_Dataset/Samapadam Augmented/dr_2_5392.jpg,dr_2_5392.jpg,Samapadam Augmented,31.73301129074257,44.08207783828122,5.240551050006145,4.52749072162851,28.23110864522555,13.222343387100397,12.805373450990151,12.411292616395286,11.873697201422544,13.263966248407542,8.835509939127295,6.830200039372915,0.2527437494502051,15.096526171439647,34.35528989395662,0.0659568259575392,10.86833179440478
/content/drive/MyDrive/Bharatanatyam_Digital_Twin/dataset/posture_images/extracted/new_Dataset/Samapadam Augmented/dr_2_5578.jpg,dr_2_5578.jpg,Samapadam Augmented,16.992107619475824,53.298922630179646,1.201547187502419,0.7591105259479087,16.52524047882693,28.990278458553263,11.869044162707633,12.089531692524064,20.385902449760614,23.469999097994283,19.15400170913963,18.22427033306305,0.2065005705989988,11.890104351960195,25.52707714116898,0.0548653689029335,10.088370545808669
/content/drive/MyDrive/Bharatanatyam_Digital_Twin/dataset/posture_images/extracted/new_Dataset/Samapadam Augmented/dr_2_5832.jpg,dr_2_5832.jpg,Samapadam Augmented,18.134031893924636,30.176754096719407,5.819864433990847,3.890270967107675,26.857072869201875,80.04624923865855,29.153364377239736,9.708312002893962,12.850977840301852,22.741577430358063,11.467301355958678,13.218723732683992,0.201429365031829,13.687074201664284,22.941938259852435,0.033754640762313,18.085529704378104
/content/drive/MyDrive/Bharatanatyam_Digital_Twin/dataset/posture_images/extracted/new_Dataset/Samapadam Augmented/dr_2_5891.jpg,dr_2_5891.jpg,Samapadam Augmented,35.42272839310764,33.307192344420585,19.06468109121777,32.025715852321866,43.43147139761899,25.31882439119803,29.960173183089168,16.78479000308809,21.860607327903324,54.66689318764037,18.873964822910757,15.48115806055647,0.2188779214771659,12.183323659922497,27.704618617644645,0.1287995523240631,8.716552809798777
/content/drive/MyDrive/Bharatanatyam_Digital_Twin/dataset/posture_images/extracted/new_Dataset/Samapadam Augmented/dr_2_6735.jpg,dr_2_6735.jpg,Samapadam Augmented,47.86728250142683,20.084805042316255,27.60001749276605,16.168919851210166,20.679015817827,20.45664045344392,21.226148403811784,3.8741898907734935,15.419270657717078,34.83062990990945,11.159630397697155,12.059611630018452,0.1679814207925367,10.883385482189396,27.3229090732998,0.0712269278988142,5.256020445369571
/content/drive/MyDrive/Bharatanatyam_Digital_Twin/dataset/posture_images/extracted/new_Dataset/Samapadam Augmented/dr_2_6954.jpg,dr_2_6954.jpg,Samapadam Augmented,24.079145648363138,33.177638097509714,65.34264529839328,61.54141100340213,5.952111058407144,46.21173902682569,44.76197659675706,3.667008583966914,0.6598002956067779,40.7944801763425,2.481759704952041,8.272873528322371,0.2455202056384507,19.42396281447876,27.742560637935966,0.2803405139891609,30.24898729151115
/content/drive/MyDrive/Bharatanatyam_Digital_Twin/dataset/posture_images/extracted/new_Dataset/Samapadam Augmented/dr_2_7069.jpg,dr_2_7069.jpg,Samapadam Augmented,18.689864962164798,31.11948014835395,49.813989614833496,41.84087564962216,3.864442255557975,16.41177585587469,27.982770843972084,9.290175778039828,2.374613776507882,16.19701407694247,6.223645312884831,8.545080470938355,0.2807755025627855,15.627752033078735,24.922555728960155,0.0490302069637448,21.911670163312305
/content/drive/MyDrive/Bharatanatyam_Digital_Twin/dataset/posture_images/extracted/new_Dataset/Samapadam Augmented/dr_2_7070.jpg,dr_2_7070.jpg,Samapadam Augmented,16.20411707237232,44.801929947759845,7.296517812728055,1.5896134592575737,42.18958258754751,63.96772814126005,28.76086050019829,13.369943078982123,19.6822240544616,30.205354012836462,15.079738033610942,5.213574450099381,0.2818270340347791,15.758012961105932,29.375797569517477,0.0823489615185596,17.815892352281764
/content/drive/MyDrive/Bharatanatyam_Digital_Twin/dataset/posture_images/extracted/new_Dataset/Samapadam Augmented/dr_2_7137.jpg,dr_2_7137.jpg,Samapadam Augmented,22.268275104754863,55.08485781963368,15.171131249413436,0.7625794222647377,47.707063015635256,67.05038066704968,32.67278858859078,7.0824888488801605,6.442860523410843,10.102037639821448,8.915560952748404,10.81664088957989,0.1834760518135774,16.535106969329508,31.0826255495078,0.0284931339578431,18.49420222452289
/content/drive/MyDrive/Bharatanatyam_Digital_Twin/dataset/posture_images/extracted/new_Dataset/Samapadam Augmented/dr_2_7355.jpg,dr_2_7355.jpg,Samapadam Augmented,32.97969119983042,35.432777460232835,11.46698402318693,10.755807932034244,17.370864315468353,47.87047212140653,21.86603209802401,8.104775407378826,11.235060995737252,3.767162652891217,11.463609092634975,8.076000983645443,0.1759706126194496,13.399469205193077,28.26303603584629,0.042619216060091,11.892752363672848
/content/drive/MyDrive/Bharatanatyam_Digital_Twin/dataset/posture_images/extracted/new_Dataset/Samapadam Augmented/dr_2_7880.jpg,dr_2_7880.jpg,Samapadam Augmented,16.278743900528347,55.56997662759093,26.530706224151928,0.0031951113577585,49.62363942219268,58.04207402857313,33.54990369656888,1.2467817671682753,3.598814754490916,13.762913113285617,1.97548094160054,10.778285181708767,0.1674686439546094,15.424536678992736,29.674549061977736,0.0259482979382797,16.573112677062202
/content/drive/MyDrive/Bharatanatyam_Digital_Twin/dataset/posture_images/extracted/new_Dataset/Samapadam Augmented/dr_2_7937.jpg,dr_2_7937.jpg,Samapadam Augmented,31.17769411906061,60.98221063277903,37.15625684082408,1.3401135502049129,63.204219133583614,60.28277798510284,40.49584187742886,14.744106538323138,13.155816054498644,20.37965796651073,11.83372082803028,15.550175576413954,0.1998499594196205,18.031585461701276,35.183840407990054,0.1207797918744339,18.790136185239337
/content/drive/MyDrive/Bharatanatyam_Digital_Twin/dataset/posture_images/extracted/new_Dataset/Samapadam Augmented/dr_2_868.jpg,dr_2_868.jpg,Samapadam Augmented,49.067971248643715,54.19113147540403,7.894753340896288,15.235699332605066,2.0146199344128,8.235845458810681,8.34522951668121,12.521043025024566,8.524216216294779,8.41985957288118,11.197631229584724,10.263901324435896,0.2463546041626487,18.304972742377466,41.149467344117085,0.0741837811080892,13.691267101907222
/content/drive/MyDrive/Bharatanatyam_Digital_Twin/dataset/posture_images/extracted/new_Dataset/Samapadam Augmented/dr_2_8803.jpg,dr_2_8803.jpg,Samapadam Augmented,28.120899294863285,27.096506341490123,10.827237136931933,16.471977891345414,33.95899857969905,29.031038415546963,22.57231300588084,1.862602792901916,0.9125901147544406,11.01139014096785,0.7237926451337467,5.56666962149257,0.2995725585784405,12.570880290696556,32.26799086667172,0.049850185031798,5.394799820386148
/content/drive/MyDrive/Bharatanatyam_Digital_Twin/dataset/posture_images/extracted/new_Dataset/Samapadam Augmented/dr_2_8888.jpg,dr_2_8888.jpg,Samapadam Augmented,25.32305517685098,40.32295414984925,1.057940532907423,1.629150349928818,4.294963412357183,13.883913023711392,5.216491829726204,3.385907998399972,4.929206319735442,14.577311989625883,1.0514306561827444,3.139263743409236,0.3161020986779722,14.24683980713102,29.532412857926246,0.0405573921985364,13.167549171268274
/content/drive/MyDrive/Bharatanatyam_Digital_Twin/dataset/posture_images/extracted/new_Dataset/Samapadam Augmented/dr_2_9474.jpg,dr_2_9474.jpg,Samapadam Augmented,74.28981972034894,58.121879925290315,2.7600070001192294,2.6251074896321938,34.16632325296574,27.78482074271727,16.83406462135861,11.272883812138817,13.510089512564662,68.56988284527804,37.87959327145316,4.040985469711025,0.212802735541677,18.269394694731076,41.963819146768046,0.1491127475612656,12.695252189863895
/content/drive/MyDrive/Bharatanatyam_Digital_Twin/dataset/posture_images/extracted/new_Dataset/Samapadam Augmented/dr_2_9649.jpg,dr_2_9649.jpg,Samapadam Augmented,42.92249838915293,26.981434442546238,36.13375288981478,0.1208992120424834,18.531159594143848,47.19907438212142,25.49622151953064,7.760798116164376,8.100392724358915,20.185880395879245,5.819032416967928,6.3012435442822365,0.228746652957578,11.658835850615835,28.10752916872786,0.0451737878706566,6.823804595248994
/content/drive/MyDrive/Bharatanatyam_Digital_Twin/dataset/posture_images/extracted/new_Dataset/Samapadam Augmented/dr_2_974.jpg,dr_2_974.jpg,Samapadam Augmented,48.07000749321351,57.82878772450972,17.73617437301684,16.699838905984013,54.18801108286421,22.72788586391828,27.837977556445832,14.200595265726465,15.066646562068088,33.47031712915958,15.10992465668427,11.715161436465229,0.1801162607631669,17.661617039040664,40.54197589160361,0.0435551915880794,12.399320033930303
/content/drive/MyDrive/Bharatanatyam_Digital_Twin/dataset/posture_images/extracted/new_Dataset/Samapadam Augmented/dr_2_9817.jpg,dr_2_9817.jpg,Samapadam Augmented,45.49249969122441,58.286300852134886,11.938561431355572,22.28890021123512,2.876440040866401,56.94741399784773,23.512828920326207,0.8750693716559296,6.972441695592227,14.083602403637572,0.655288374609555,14.993029982127286,0.1324919388607151,21.041933314833187,44.14647389327048,0.0493058234597467,18.930020227769333
/content/drive/MyDrive/Bharatanatyam_Digital_Twin/dataset/posture_images/extracted/new_Dataset/Samapadam Augmented/dr_2_9822.jpg,dr_2_9822.jpg,Samapadam Augmented,26.182734823139654,64.49835004806903,44.62816159359064,0.63054254945238,4.190242015889649,26.639337243552184,19.02207085062121,3.741869880060468,1.0365334122764651,22.9502046307492,3.578282972688404,13.419043024388618,0.1602410913527361,17.716545954335796,39.98519784370853,0.0526058082534756,13.111834211045384
/content/drive/MyDrive/Bharatanatyam_Digital_Twin/dataset/posture_images/extracted/new_Dataset/Samapadam Augmented/dr_3_1037.jpg,dr_3_1037.jpg,Samapadam Augmented,19.95504530556922,44.20501255647575,8.038996667466733,52.13706072867671,50.31437201902092,39.26603556333552,37.43911624462497,19.70584271667916,33.704943447059016,69.60551904463026,52.948104085543314,66.48264426379563,0.2721316685313195,16.306476606043788,34.36765808538122,0.1449367944506899,14.40683493829945
/content/drive/MyDrive/Bharatanatyam_Digital_Twin/dataset/posture_images/extracted/new_Dataset/Samapadam Augmented/dr_3_1138.jpg,dr_3_1138.jpg,Samapadam Augmented,44.207366800247115,38.98971064107713,10.699737235032462,16.43749757331804,1.5929821727459326,15.371090957069269,11.025326984541426,0.4427467771900808,11.0067348267535,13.590486601843082,3.5940475572264603,15.158986868477829,0.2651544636085234,13.154989697425512,31.78688223807952,0.0667008841292238,7.611385970067789
/content/drive/MyDrive/Bharatanatyam_Digital_Twin/dataset/posture_images/extracted/new_Dataset/Samapadam Augmented/dr_3_121.jpg,dr_3_121.jpg,Samapadam Augmented,25.51413941905882,61.56173144692589,38.9185475267268,6.950348630828593,45.05637348110878,14.077846557458033,26.250779049030548,6.1324538818836345,0.2315437133915452,8.430511342369101,2.7693505257393314,2.789997664795512,0.4900770730870508,21.161045390309145,46.16775391209365,0.0792312161098311,17.236151042723947
/content/drive/MyDrive/Bharatanatyam_Digital_Twin/dataset/posture_images/extracted/new_Dataset/Samapadam Augmented/dr_3_1322.jpg,dr_3_1322.jpg,Samapadam Augmented,13.094080354817349,23.46042305004716,27.274404062505464,23.812098114796655,6.537318790888618,9.707947421073664,16.832942097316103,19.257604275302928,18.545685844673372,26.252696348931277,16.87756161694817,16.973487488142347,0.26500122123436,11.03698688405211,22.718758663425547,0.0174086673261441,10.374793321404638
/content/drive/MyDrive/Bharatanatyam_Digital_Twin/dataset/posture_images/extracted/new_Dataset/Samapadam Augmented/dr_3_1403.jpg,dr_3_1403.jpg,Samapadam Augmented,36.12609097924256,73.07518609041405,4.26685162678919,0.0983651191516875,9.080029361563764,43.61570693660507,14.265238261027427,6.909033383943362,13.471975976678452,14.969849089670491,9.522183687609653,6.986095271297817,0.2336766930496814,21.455945237340416,46.25860103005143,0.0879471788803977,18.021287503089415
/content/drive/MyDrive/Bharatanatyam_Digital_Twin/dataset/posture_images/extracted/new_Dataset/Samapadam Augmented/dr_3_1408.jpg,dr_3_1408.jpg,Samapadam Augmented,66.99819646256465,21.183254360819582,7.7946063071590785,11.531767659922547,40.355441605102605,14.626905469620349,18.577180260451144,10.046696066154484,12.809896356641978,25.644120712377084,8.55253734591305,8.128602621227518,0.2379800471934215,13.14071721470962,35.46389434981313,0.0827356181892977,3.8755216761264335
/content/drive/MyDrive/Bharatanatyam_Digital_Twin/dataset/posture_images/extracted/new_Dataset/Samapadam Augmented/dr_3_144.jpg,dr_3_144.jpg,Samapadam Augmented,10.063553677521696,45.512215317401115,17.692213725622068,5.569226416092569,30.094709408472248,3.747697715338403,14.275961816381322,11.712827859786747,5.654392616788961,10.897035218634048,5.426905163544964,4.1417414582736845,0.3412079348379616,12.648300234777388,30.59816028895701,0.0280648597132885,7.318675555661862
/content/drive/MyDrive/Bharatanatyam_Digital_Twin/dataset/posture_images/extracted/new_Dataset/Samapadam Augmented/dr_3_1770.jpg,dr_3_1770.jpg,Samapadam Augmented,22.464834034242948,35.90874715631827,7.366238635611051,8.392950998002767,0.9125237232597632,78.57440333773596,23.811529173652385,13.02599713876466,7.586230605416619,5.47261154336141,11.011991873502494,11.712314815850991,0.245982601423771,16.617162582344687,32.096060832980456,0.0608881236032823,17.69453879045032
/content/drive/MyDrive/Bharatanatyam_Digital_Twin/dataset/posture_images/extracted/new_Dataset/Samapadam Augmented/dr_3_1888.jpg,dr_3_1888.jpg,Samapadam Augmented,62.177621883560306,58.18077465308454,2.913442907754776,3.6430559260650632,11.372857943888398,15.01650964767603,8.236466606346067,84.1797331787085,82.59180089004794,77.03113614159746,84.40875898481455,84.07917089463416,0.2679670817968952,20.993005799877626,51.83495478496022,0.1150154216715302,11.029047193001125
/content/drive/MyDrive/Bharatanatyam_Digital_Twin/dataset/posture_images/extracted/new_Dataset/Samapadam Augmented/dr_3_1938.jpg,dr_3_1938.jpg,Samapadam Augmented,21.782065419420853,73.99373772625854,21.365270050229537,1.915678858382997,8.304143977411554,13.924024483612683,11.377279342409192,0.8234961437884181,3.143126407484488,7.884616528320009,2.374878862703241,3.4460450132163207,0.4135428023925317,14.347602254938629,35.78568065542965,0.0342955762687607,7.222830533117474
/content/drive/MyDrive/Bharatanatyam_Digital_Twin/dataset/posture_images/extracted/new_Dataset/Samapadam Augmented/dr_3_2024.jpg,dr_3_2024.jpg,Samapadam Augmented,73.90718912350067,52.57429814145678,2.451955977779376,8.531464824591762,167.80354241602703,46.304138411565205,56.27277540749083,16.448660638338726,30.24547624408669,19.11508690577864,7.362526450755341,21.35999596324005,0.4450143943663066,23.096834962850306,53.42561726188682,0.029848795833354,15.83503883083074
/content/drive/MyDrive/Bharatanatyam_Digital_Twin/dataset/posture_images/extracted/new_Dataset/Samapadam Augmented/dr_3_2405.jpg,dr_3_2405.jpg,Samapadam Augmented,9.985261026524256,67.54986496708855,21.643145029662605,9.32467146288934,20.67025562949213,22.435561781246484,18.51840847582264,10.231937636770825,8.268642412093243,6.310787111800266,7.729064414784934,4.713183313660271,0.491151252556162,9.2785775291807,25.12594536143763,0.0485433058328065,2.661243920271668
/content/drive/MyDrive/Bharatanatyam_Digital_Twin/dataset/posture_images/extracted/new_Dataset/Samapadam Augmented/dr_3_2554.jpg,dr_3_2554.jpg,Samapadam Augmented,22.15037328150388,25.14289111059452,38.72701967952722,16.616490272230212,54.114405088681,22.771378954341603,33.05732349869501,0.4422250564732053,5.723805725165221,12.835597137414766,6.165214882789629,11.152359835609351,0.2576159773446803,14.322037994415115,29.66348151978554,0.0392837118062179,13.263348751653588
/content/drive/MyDrive/Bharatanatyam_Digital_Twin/dataset/posture_images/extracted/new_Dataset/Samapadam Augmented/dr_3_2571.jpg,dr_3_2571.jpg,Samapadam Augmented,27.139999091963084,77.51046773563165,0.8884071327466312,0.3281860096710575,2.349093770922404,42.2384572558153,11.451036042288846,1.4637765109393115,3.743474976570127,26.037839021116557,4.152430800310901,6.206047754353624,0.3239331490488279,17.392644840606813,39.81236960226611,0.0796464289201759,12.285918490634153
/content/drive/MyDrive/Bharatanatyam_Digital_Twin/dataset/posture_images/extracted/new_Dataset/Samapadam Augmented/dr_3_2578.jpg,dr_3_2578.jpg,Samapadam Augmented,12.503665425546082,15.520331866886423,6.290779656167525,24.478719954319416,30.396129877871648,67.25840886208732,32.106009587611474,35.01385813487522,46.45415281953749,28.12261126437358,45.91927104289656,45.52079614389699,0.2961419219479553,12.718556349834364,20.677663380358837,0.0429136322321512,17.43509203691211
/content/drive/MyDrive/Bharatanatyam_Digital_Twin/dataset/posture_images/extracted/new_Dataset/Samapadam Augmented/dr_3_2591.jpg,dr_3_2591.jpg,Samapadam Augmented,12.324792515254252,13.814716566863822,34.67850022250564,35.08720062008226,18.06310098734107,26.453250747399554,28.57051314433213,5.577802001212433,5.334157774018763,8.295244878747667,0.908772598551257,13.97442571128798,0.3148310566365972,7.54847014647222,13.23875444735386,0.0339481214663991,9.372707870596404
/content/drive/MyDrive/Bharatanatyam_Digital_Twin/dataset/posture_images/extracted/new_Dataset/Samapadam Augmented/dr_3_3036.jpg,dr_3_3036.jpg,Samapadam Augmented,28.76886752762845,41.9666506718514,8.19077923916011,5.481993890589963,4.638478300932947,12.350189906003326,7.665360334171586,20.789529733320578,20.825729416078374,25.320914747708517,21.46827101221569,15.783078090437424,0.2600684840297601,13.768781781679955,30.524390789973182,0.0788420285715336,10.703112526495154
/content/drive/MyDrive/Bharatanatyam_Digital_Twin/dataset/posture_images/extracted/new_Dataset/Samapadam Augmented/dr_3_4014.jpg,dr_3_4014.jpg,Samapadam Augmented,33.45836323634512,71.09063710409724,25.01359580280249,11.658320583175993,3.3750344803114487,7.099264195873191,11.78655376554078,1.6153660690133904,3.7110397501773775,15.103776165981031,3.944521621401714,17.81421958809316,0.3299415798405019,17.097258974108485,40.83415206584211,0.0570530677240261,10.400571788759317
/content/drive/MyDrive/Bharatanatyam_Digital_Twin/dataset/posture_images/extracted/new_Dataset/Samapadam Augmented/dr_3_4054.jpg,dr_3_4054.jpg,Samapadam Augmented,41.77288454926732,47.92272963547141,12.516184701973613,15.215641193496698,45.75214008062151,62.27367744348563,33.93941085489436,22.77669182424094,17.85154377902296,16.61603749537022,17.881829649582585,17.352086023931385,0.2844268414988426,18.47126704007582,41.35103545437264,0.0622412940827969,14.000524371772023
/content/drive/MyDrive/Bharatanatyam_Digital_Twin/dataset/posture_images/extracted/new_Dataset/Samapadam Augmented/dr_3_4171.jpg,dr_3_4171.jpg,Samapadam Augmented,32.89334210739775,74.44867484754847,3.856430581839068,5.464449648950585,10.541098692805065,5.992423178648803,6.463600525560879,10.133359768471015,6.5273528470354885,4.560671776537495,8.280052962615995,9.99178094142218,0.2644862338576807,16.568515114819718,37.758849292611046,0.0671866603271263,11.879509391520983
/content/drive/MyDrive/Bharatanatyam_Digital_Twin/dataset/posture_images/extracted/new_Dataset/Samapadam Augmented/dr_3_4445.jpg,dr_3_4445.jpg,Samapadam Augmented,53.930229385935505,46.69054368119147,39.87460105024506,16.52183665102908,131.82931130212862,15.935826078914806,51.040393770579385,10.227810989589091,26.704412495801897,25.48890903738182,28.044533168966957,11.939977556602514,0.3193274362631764,20.34873905679932,40.63377755981304,0.0298703684712989,20.382569242113625
/content/drive/MyDrive/Bharatanatyam_Digital_Twin/dataset/posture_images/extracted/new_Dataset/Samapadam Augmented/dr_3_4513.jpg,dr_3_4513.jpg,Samapadam Augmented,24.691720757188023,52.7378824014712,29.971633770140198,19.478945602744645,15.561893467872778,13.12395303389042,19.53410646866201,17.978486129637268,18.089923955178808,15.373309749465024,23.784537687588664,23.393470808493326,0.3654600174912232,12.99073292863614,28.836157523065992,0.0753742606805528,10.060667002161876
/content/drive/MyDrive/Bharatanatyam_Digital_Twin/dataset/posture_images/extracted/new_Dataset/Samapadam Augmented/dr_3_4706.jpg,dr_3_4706.jpg,Samapadam Augmented,40.496099152009066,79.07269496745324,3.034071003226161,1.653359129794849,0.2695083152563075,71.95063780557433,19.22689406346291,3.570483723231689,3.576679432050952,13.373837005328228,5.466329825973182,9.932728819519845,0.4082848498656615,20.02774539586028,40.855401274379474,0.046722309909436,19.181112603291933
/content/drive/MyDrive/Bharatanatyam_Digital_Twin/dataset/posture_images/extracted/new_Dataset/Samapadam Augmented/dr_3_4846.jpg,dr_3_4846.jpg,Samapadam Augmented,75.836111661581,68.82933538567238,0.07567837978511,8.170790071669606,51.271508818296574,97.80557417253142,39.33088786057068,48.592120259863634,31.199967481317582,21.694847129035207,24.993272057571083,22.37211604383394,0.3530743050190705,25.90177700426815,51.07612267510786,0.0991117724606047,26.530096565235983
/content/drive/MyDrive/Bharatanatyam_Digital_Twin/dataset/posture_images/extracted/new_Dataset/Samapadam Augmented/dr_3_4961.jpg,dr_3_4961.jpg,Samapadam Augmented,16.611140750016816,49.03648665512087,25.93959698657703,3.263886495714865,74.28029564953395,0.6823568486279231,26.041533995113443,58.00227356650271,65.50739532047838,80.08574328890806,80.753933120331,72.73043789843878,0.0862021938990029,14.84165584635904,23.52921614278389,0.0923993369846016,20.90335205930863
/content/drive/MyDrive/Bharatanatyam_Digital_Twin/dataset/posture_images/extracted/new_Dataset/Samapadam Augmented/dr_3_5026.jpg,dr_3_5026.jpg,Samapadam Augmented,40.39245146729688,65.15696828008944,53.06895687882876,131.4362874507063,36.76393526748812,51.80001188424983,68.26729787031825,45.76668901901981,40.39823419057923,15.751595867516466,2.169669886838241,6.946760900684349,0.2388931255416688,27.023748108019344,43.29780252044477,0.0768083828343796,37.69663342077888
/content/drive/MyDrive/Bharatanatyam_Digital_Twin/dataset/posture_images/extracted/new_Dataset/Samapadam Augmented/dr_3_5260.jpg,dr_3_5260.jpg,Samapadam Augmented,18.20445515491909,34.90401095417879,23.970273920436043,2.83535888805726,22.195923500170423,14.59695255133218,15.899627214998976,11.599341786566118,17.315435008030473,24.3845974653336,19.688091689304187,21.23140306001388,0.2338528104207482,11.018743105632298,27.707132327533373,0.0175923804437696,5.331504608919753
/content/drive/MyDrive/Bharatanatyam_Digital_Twin/dataset/posture_images/extracted/new_Dataset/Samapadam Augmented/dr_3_528.jpg,dr_3_528.jpg,Samapadam Augmented,70.345727242889,68.55120481117507,1.6735728159569192,8.463739355443115,1.136937174422045,36.27562061335842,11.887467489795124,13.046427158331198,1.5673237666391628,71.93917564249162,23.3451128223954,16.17953478216079,0.1760876508491265,20.003784761907266,47.75706857981112,0.0482778570713931,12.206007848839292
/content/drive/MyDrive/Bharatanatyam_Digital_Twin/dataset/posture_images/extracted/new_Dataset/Samapadam Augmented/dr_3_5416.jpg,dr_3_5416.jpg,Samapadam Augmented,27.414746579062594,56.95524153867126,3.031504342551015,2.1493833014889154,37.24984546329277,42.12928986842766,21.14000574394009,9.732386163963652,7.919042331589353,0.9060048525777628,8.816772578268177,7.243218076211776,0.2807625441769338,14.54683275269199,30.224797936153184,0.0229428525277034,13.392757469395084
/content/drive/MyDrive/Bharatanatyam_Digital_Twin/dataset/posture_images/extracted/new_Dataset/Samapadam Augmented/dr_3_5679.jpg,dr_3_5679.jpg,Samapadam Augmented,10.766964120945538,33.107022820466554,10.735815318074016,5.931830141294861,7.714783758838033,10.11208091419724,8.623627533101038,1.9354020666580996,1.7269921881516552,6.785139144353224,0.4006795900054421,8.77286365391403,0.2240569094991166,8.816943093247287,17.903016934651482,0.0700206886643339,8.47779165642605
/content/drive/MyDrive/Bharatanatyam_Digital_Twin/dataset/posture_images/extracted/new_Dataset/Samapadam Augmented/dr_3_5726.jpg,dr_3_5726.jpg,Samapadam Augmented,15.497936861066272,6.9918016654690405,14.354809325511368,9.542796718426438,6.133873496646808,4.118601986063816,8.537520381662107,6.949821984235866,6.055570104393627,2.833459000073379,11.371847124983486,8.844583854012857,0.2600123326725722,10.707588478495929,23.548247285653183,0.0647196077774405,8.509798542057156
/content/drive/MyDrive/Bharatanatyam_Digital_Twin/dataset/posture_images/extracted/new_Dataset/Samapadam Augmented/dr_3_5826.jpg,dr_3_5826.jpg,Samapadam Augmented,38.76554702005035,50.69360565133644,1.626522134486369,9.663808216128906,65.07877115947568,46.1163733496439,30.621368714933716,3.8058116865086298,7.50687510850698,9.38058015729838,3.2118792836524466,12.492154556696557,0.2895643996713594,16.922685866059293,36.00416621532421,0.0048421035341436,14.759049279319516
/content/drive/MyDrive/Bharatanatyam_Digital_Twin/dataset/posture_images/extracted/new_Dataset/Samapadam Augmented/dr_3_5953.jpg,dr_3_5953.jpg,Samapadam Augmented,13.424996579454834,22.71417645396611,4.422507264556273,0.5570479193572686,5.123809438821398,31.598348966315005,10.425428397262486,2.914618029112262,2.425569321518992,8.181555873620312,0.6723745813045513,5.737708968196693,0.2576485806165798,8.779271146788513,15.672848098717456,0.066633559477616,10.598331782170469
/content/drive/MyDrive/Bharatanatyam_Digital_Twin/dataset/posture_images/extracted/new_Dataset/Samapadam Augmented/dr_3_602.jpg,dr_3_602.jpg,Samapadam Augmented,54.099499634809874,61.36838194965435,6.949238305598687,1.3736577647485897,9.504772851774026,40.105814145011806,14.483370766783278,17.297528624299446,15.107344869375396,29.76257527055475,15.880810077741447,9.014163121027169,0.4127945995710872,16.524110066448888,42.02737413254074,0.0292275796828559,7.515728487123064
/content/drive/MyDrive/Bharatanatyam_Digital_Twin/dataset/posture_images/extracted/new_Dataset/Samapadam Augmented/dr_3_6052.jpg,dr_3_6052.jpg,Samapadam Augmented,77.00092722415519,38.04910024028709,0.1975868602473233,7.252129535251132,18.412046131913208,12.204217884402382,9.516495102953511,17.013380657167176,26.46097592016463,30.864155141367743,20.2913528224214,24.452157024975826,0.4800673365829484,13.871624590737287,33.203303214950786,0.0802723181289523,8.331298239132124
/content/drive/MyDrive/Bharatanatyam_Digital_Twin/dataset/posture_images/extracted/new_Dataset/Samapadam Augmented/dr_3_6309.jpg,dr_3_6309.jpg,Samapadam Augmented,38.781185642738755,2.5788136271564994,17.7952533712483,6.948461035376489,38.71640973440408,23.340595727937373,21.70017996724156,72.08414737002907,28.60442445539897,30.918609176469147,40.64286563807837,15.3685420389605,0.2978273542031384,12.423049953307585,30.23869005657921,0.087436866928546,6.943022936415001
/content/drive/MyDrive/Bharatanatyam_Digital_Twin/dataset/posture_images/extracted/new_Dataset/Samapadam Augmented/dr_3_6568.jpg,dr_3_6568.jpg,Samapadam Augmented,24.262686049715533,31.24853661619072,20.07742103860977,0.6267769354647725,53.07475098027671,12.29090062700956,21.517462395340203,2.5628990889714487,0.5243898084309535,10.980213873859014,0.0073065055645667,1.0832864088892538,0.4344526117602657,13.042776993117757,24.921549492685507,0.0404084019902966,14.16637308467746
/content/drive/MyDrive/Bharatanatyam_Digital_Twin/dataset/posture_images/extracted/new_Dataset/Samapadam Augmented/dr_3_7202.jpg,dr_3_7202.jpg,Samapadam Augmented,16.939251359667686,39.13590661073932,10.833563824320466,12.721673517539864,1.121785973179434,73.48444702876014,24.540367585949976,6.660376981373446,3.249407874408348,2.8961360262248945,3.0513744286212208,1.722532804649625,0.4639714848934219,12.57565015270572,23.167383748063152,0.0728866404578926,14.486680069596112
/content/drive/MyDrive/Bharatanatyam_Digital_Twin/dataset/posture_images/extracted/new_Dataset/Samapadam Augmented/dr_3_7628.jpg,dr_3_7628.jpg,Samapadam Augmented,20.4075630768275,64.35412137646183,0.2723462925772383,2.202396406746248,19.33257835187949,3.2424564168456285,6.262444367012153,4.018830335513526,3.012246484589298,6.266838616947125,5.336984036576928,6.1315633840877934,0.2645326016412538,15.456605409387173,32.588804059646144,0.0688423451589071,13.712169823356458
/content/drive/MyDrive/Bharatanatyam_Digital_Twin/dataset/posture_images/extracted/new_Dataset/Samapadam Augmented/dr_3_7789.jpg,dr_3_7789.jpg,Samapadam Augmented,30.162362839504087,24.674063522815686,10.456167043226952,15.620821059034828,10.920696953127468,12.611997916849782,12.402420743059755,13.07994008109652,18.532148018502337,16.997614735200727,11.09092374690184,27.48424972048196,0.3163541962447431,9.203981549539934,20.65847383624348,0.0434751462488326,6.9099956661274895
/content/drive/MyDrive/Bharatanatyam_Digital_Twin/dataset/posture_images/extracted/new_Dataset/Samapadam Augmented/dr_3_7988.jpg,dr_3_7988.jpg,Samapadam Augmented,70.46447585491006,70.1492208376526,6.363240010068026,9.071173839117256,46.663780462168766,21.501622735395447,20.899954261687373,18.33096073279536,24.09188527370754,46.45428410369775,15.908531970596869,25.100578229985025,0.2821294855960599,17.297548766059954,48.56491259770038,0.0873533398520019,3.240380360627485
/content/drive/MyDrive/Bharatanatyam_Digital_Twin/dataset/posture_images/extracted/new_Dataset/Samapadam Augmented/dr_3_8071.jpg,dr_3_8071.jpg,Samapadam Augmented,6.8290261107101315,34.21384012129447,9.895733881827198,2.0742718177376465,35.711804772608176,15.625590519790023,15.82685024799076,1.420405481112346,2.1994413448571324,1.8091665215094128,2.252177315809289,10.04401076995826,0.2812147706781188,9.536846570360678,18.82616224420499,0.0536806026232851,9.730696864253762
/content/drive/MyDrive/Bharatanatyam_Digital_Twin/dataset/posture_images/extracted/new_Dataset/Samapadam Augmented/dr_3_8237.jpg,dr_3_8237.jpg,Samapadam Augmented,20.372903990396363,25.39874249538434,56.51234939677131,45.715792647494766,12.980941373181617,23.98398338872314,34.79826670154271,4.216870099819062,1.9652469929253584,14.24096090558487,2.783086478320359,22.832761287164928,0.3978961565452438,13.608340897968413,20.55948415558717,0.0908866942917978,20.174651844026272
/content/drive/MyDrive/Bharatanatyam_Digital_Twin/dataset/posture_images/extracted/new_Dataset/Samapadam Augmented/dr_3_8456.jpg,dr_3_8456.jpg,Samapadam Augmented,18.962411244277305,37.61895710831806,14.347652051169607,13.134435720746495,75.83035735414227,40.24437211514188,35.88920431030006,3.757986133405681,0.5568104334416255,12.986129232226098,1.3373420759395298,10.19907627264069,0.366124818699802,14.248131928541213,26.566670840614684,0.0832835353596741,16.094441409649285
/content/drive/MyDrive/Bharatanatyam_Digital_Twin/dataset/posture_images/extracted/new_Dataset/Samapadam Augmented/dr_3_8598.jpg,dr_3_8598.jpg,Samapadam Augmented,14.153509237725629,69.36086390782945,8.777019534961813,2.0376197694677867,5.472157287968292,22.55424766812312,9.710261065130254,4.8822829081723,0.8380060552103714,0.0240800452948803,1.381368145537173,3.7549700396996206,0.2735871044116169,16.25183054372063,37.798049901062285,0.0273567699767579,10.930084960122844
/content/drive/MyDrive/Bharatanatyam_Digital_Twin/dataset/posture_images/extracted/new_Dataset/Samapadam Augmented/dr_3_8918.jpg,dr_3_8918.jpg,Samapadam Augmented,19.56212845223409,46.95911650353939,12.596212798711129,9.121530873046057,8.069005228135111,23.99776844903338,13.44612933723142,3.407421972875227,6.216103986745139,0.509262371669962,5.229358320266005,9.050769072907611,0.3002331213570718,13.654616024723447,34.38300742521187,0.0543529451594807,6.526487703798988
/content/drive/MyDrive/Bharatanatyam_Digital_Twin/dataset/posture_images/extracted/new_Dataset/Samapadam Augmented/dr_3_9037.jpg,dr_3_9037.jpg,Samapadam Augmented,11.044716095333614,70.57852933591838,28.54473172600631,0.7910518691675054,6.355999847657566,57.69336038836167,23.346285957798266,3.275975881238168,0.0855035184733878,5.11326507020604,0.3754534247779975,2.922117804115547,0.5019437852468835,15.271027039837442,31.47014867509291,0.07100076844056,14.271931675978855
/content/drive/MyDrive/Bharatanatyam_Digital_Twin/dataset/posture_images/extracted/new_Dataset/Samapadam Augmented/dr_3_9562.jpg,dr_3_9562.jpg,Samapadam Augmented,8.773140716541036,20.773645535143174,10.07403387781769,29.42826979348997,66.69355277208321,94.2088672950984,50.10118093462231,4.820345029069753,4.14907827422638,4.475290055018238,6.592377262545947,14.068935105544972,0.2129748061653849,15.797551986542349,29.634999030784726,0.0453546493290987,17.712302279513217
/content/drive/MyDrive/Bharatanatyam_Digital_Twin/dataset/posture_images/extracted/new_Dataset/Samapadam Augmented/dr_3_9916.jpg,dr_3_9916.jpg,Samapadam Augmented,5.484140589858548,41.9850681188692,20.559293435647817,18.71139348377605,33.92712494326746,67.36692945222087,35.14118532872805,2.781452623127886,3.7983276326663535,11.510959629194106,4.244841521375222,2.903877174437189,0.2764570090556807,13.762136014078772,24.543479963193533,0.0354201084315749,16.707507970611214
/content/drive/MyDrive/Bharatanatyam_Digital_Twin/dataset/posture_images/extracted/new_Dataset/Samapadam Augmented/dr_4_1018.jpg,dr_4_1018.jpg,Samapadam Augmented,12.436507975704558,25.025749393210585,8.122886020534427,5.51246291376904,20.531511122980504,63.199901999622114,24.34169051422652,16.553116213215958,20.18693626753796,28.039435267650333,19.574658452599586,17.441135282081007,0.2077346358474166,11.09972497906774,23.028112315376497,0.0539359482376997,10.21712667358902
/content/drive/MyDrive/Bharatanatyam_Digital_Twin/dataset/posture_images/extracted/new_Dataset/Samapadam Augmented/dr_4_1232.jpg,dr_4_1232.jpg,Samapadam Augmented,43.822399930864776,36.77102537811673,19.108275330050155,6.064458992627528,82.36898770887599,165.07074214597642,68.15311604438253,24.20716124694456,55.50181607157661,25.01146588742528,56.88837660529245,70.88589387619294,0.0900680579515756,23.547148699174684,56.17533902819408,0.1686644259579242,14.297442643372056
/content/drive/MyDrive/Bharatanatyam_Digital_Twin/dataset/posture_images/extracted/new_Dataset/Samapadam Augmented/dr_4_136.jpg,dr_4_136.jpg,Samapadam Augmented,26.358510383841747,31.708529863016295,46.15467317690212,8.005508536012906,96.46193107361142,29.67756040720876,45.0749182984338,68.07936817388817,88.16361501187767,68.19792927055413,57.28632461138777,66.94711337837462,0.1831749868160702,17.488411928398786,35.05410867266345,0.0725838410717539,17.33854327146115
/content/drive/MyDrive/Bharatanatyam_Digital_Twin/dataset/posture_images/extracted/new_Dataset/Samapadam Augmented/dr_4_1561.jpg,dr_4_1561.jpg,Samapadam Augmented,43.84202954663346,46.265742886860636,30.27256050671205,4.818018275632916,36.4669226456299,28.82073544402387,25.094559217999684,87.01622447274437,84.74584871658479,69.08256476512774,80.00724558364524,78.8150984299036,0.1124551328720442,14.787328161461716,34.332183734660234,0.0981589706462769,9.931641779078642
/content/drive/MyDrive/Bharatanatyam_Digital_Twin/dataset/posture_images/extracted/new_Dataset/Samapadam Augmented/dr_4_1618.jpg,dr_4_1618.jpg,Samapadam Augmented,33.29402526060396,30.564169758220928,16.05062495437358,25.37555378007482,23.1890070133208,13.013794276013805,19.40724500594575,11.94217208710424,7.594769008312227,21.54553075219775,7.53886543729846,11.341107989508776,0.2348528818037149,10.34972241365393,25.1162309599175,0.0242131806384956,5.908723100405798
/content/drive/MyDrive/Bharatanatyam_Digital_Twin/dataset/posture_images/extracted/new_Dataset/Samapadam Augmented/dr_4_1705.jpg,dr_4_1705.jpg,Samapadam Augmented,14.955387415538622,17.13378922106385,45.80999715524226,50.59299742936505,9.335830516380884,7.759921181393448,28.374686570595408,8.798457607523119,11.431672335366414,12.40467637369494,6.273525733220288,10.6674113280992,0.2136462583667856,16.466811218673666,30.11541255451322,0.038534219104557,19.24648688240322
/content/drive/MyDrive/Bharatanatyam_Digital_Twin/dataset/posture_images/extracted/new_Dataset/Samapadam Augmented/dr_4_202.jpg,dr_4_202.jpg,Samapadam Augmented,16.21191554271411,15.786872953262534,49.40266861332268,48.208680303198,4.486673411869066,8.533742852992834,27.657941295345644,6.156245928617977,6.703468854169074,2.633870604250916,5.054802992811696,5.755978537165984,0.2884847662340196,13.730411654244849,22.31072986814839,0.0568024555763601,18.823702639009795
/content/drive/MyDrive/Bharatanatyam_Digital_Twin/dataset/posture_images/extracted/new_Dataset/Samapadam Augmented/dr_4_2055.jpg,dr_4_2055.jpg,Samapadam Augmented,29.93951702895614,54.68568594351393,4.527181546035504,29.569403257039944,13.330160220426643,17.348583425542383,16.19383211226112,6.502565122419043,1.616060440157895,19.682870033471687,6.47385940765969,5.812659824786685,0.213965542615687,13.531334889759853,34.129291821522095,0.0566037420099629,6.4081091057475
/content/drive/MyDrive/Bharatanatyam_Digital_Twin/dataset/posture_images/extracted/new_Dataset/Samapadam Augmented/dr_4_239.jpg,dr_4_239.jpg,Samapadam Augmented,13.660985049187765,16.46169646158007,16.971853586710754,15.342800314631742,3.346761969198736,6.921168681080764,10.645646137905498,6.445525524994849,9.698878145248642,5.835070212504377,15.981822076964432,10.336885781346412,0.1608343893181596,7.033149070995663,13.878715562409516,0.0854605012822078,7.135271149295262
/content/drive/MyDrive/Bharatanatyam_Digital_Twin/dataset/posture_images/extracted/new_Dataset/Samapadam Augmented/dr_4_2544.jpg,dr_4_2544.jpg,Samapadam Augmented,27.774282099061196,48.16196640041905,3.2097648898942697,15.43978020816756,47.29380733899018,59.09719669002552,31.260137281769385,2.801777942075205,6.115866262765763,12.310817734776805,5.619500239079364,7.071268464386404,0.1781070298539089,18.865492539210766,32.765946004587605,0.0249729479358343,23.80555866510885
/content/drive/MyDrive/Bharatanatyam_Digital_Twin/dataset/posture_images/extracted/new_Dataset/Samapadam Augmented/dr_4_2577.jpg,dr_4_2577.jpg,Samapadam Augmented,12.823080510872167,12.790421316261735,29.55896531280256,36.845010330946685,10.709830524568748,6.734163451692375,20.96199240500259,9.13271409308004,5.95458698491268,7.654186502024544,5.775549566970535,5.12718764690667,0.2525561937211424,12.191548676077485,21.833701739805164,0.0247021799725107,14.716242108454772
/content/drive/MyDrive/Bharatanatyam_Digital_Twin/dataset/posture_images/extracted/new_Dataset/Samapadam Augmented/dr_4_2957.jpg,dr_4_2957.jpg,Samapadam Augmented,82.05341706411,67.09185303398704,3.031763123761501,2.6088098489383134,96.18827066422132,3.1333462055919274,26.24054746062827,49.37187034198081,78.19712235222127,50.55316944406536,83.87865781462651,42.37886069901587,0.0996277792042912,24.211355182446948,60.60609922343127,0.1276336837602832,11.9003326401493
/content/drive/MyDrive/Bharatanatyam_Digital_Twin/dataset/posture_images/extracted/new_Dataset/Samapadam Augmented/dr_4_3510.jpg,dr_4_3510.jpg,Samapadam Augmented,53.32313876127577,33.31618818212513,5.145313872817613,8.608951633113632,4.611362961647188,12.988224615720354,7.838463270824698,1.649642601327898,47.64928356146036,59.18321294860467,30.09309620652288,52.69850984866898,0.0894482486061314,13.142862782462911,31.570955591002964,0.145757935279899,7.711874821105867
/content/drive/MyDrive/Bharatanatyam_Digital_Twin/dataset/posture_images/extracted/new_Dataset/Samapadam Augmented/dr_4_3683.jpg,dr_4_3683.jpg,Samapadam Augmented,62.522927913806726,72.01894115575305,12.385363188716711,7.274224312839856,6.256359738720081,12.334369232477002,9.562579118188411,63.61043148379126,84.86929073755391,81.18903498014261,79.03360645017358,81.89909614964117,0.6200224125588544,18.07177906684769,49.308562097043726,0.1582653405423648,4.748509762956974
/content/drive/MyDrive/Bharatanatyam_Digital_Twin/dataset/posture_images/extracted/new_Dataset/Samapadam Augmented/dr_4_3834.jpg,dr_4_3834.jpg,Samapadam Augmented,84.66898876882262,64.56582651311723,2.8087199481228184,0.2167259323380397,120.54391067006344,39.15627490824396,40.68140786469206,62.96944812232418,57.1205145911814,50.55625673569016,60.49097142930551,35.83239745610645,0.0805574007072002,24.84084583370328,55.23338456211998,0.140534208502486,19.148618730487375
/content/drive/MyDrive/Bharatanatyam_Digital_Twin/dataset/posture_images/extracted/new_Dataset/Samapadam Augmented/dr_4_4348.jpg,dr_4_4348.jpg,Samapadam Augmented,19.557814389181843,30.94121488311552,1.010479213621134,6.693246418950234,33.43857666410199,42.92864816386302,21.01773761513409,0.0143058959436075,1.4008431160101225,7.509222575231121,0.5731648007877223,8.18374151650008,0.1954001355534273,12.46223330358014,26.43772638117336,0.0652238836870416,10.88374964588002
/content/drive/MyDrive/Bharatanatyam_Digital_Twin/dataset/posture_images/extracted/new_Dataset/Samapadam Augmented/dr_4_4350.jpg,dr_4_4350.jpg,Samapadam Augmented,18.790253863144073,17.834964686465824,27.43739424140987,33.36392732001405,0.0775513544749894,4.501973377581977,16.34521157337022,21.8008265135958,48.4984863966944,75.39805072628769,33.056004676057135,37.37207686069715,0.149331062843097,14.173222844313488,29.148584061721863,0.13881863896901,13.232265832249592
/content/drive/MyDrive/Bharatanatyam_Digital_Twin/dataset/posture_images/extracted/new_Dataset/Samapadam Augmented/dr_4_4372.jpg,dr_4_4372.jpg,Samapadam Augmented,38.61149317182936,51.028147092572596,5.637092855219505,8.167447569112621,29.084422722374317,150.75854139069145,48.41187613434947,57.59011605703262,53.32296216321186,31.30130614447942,45.84150754308185,55.54043563172674,0.1172271653495498,29.07110643157092,53.990086655201935,0.1297669410689859,33.09346569844184
/content/drive/MyDrive/Bharatanatyam_Digital_Twin/dataset/posture_images/extracted/new_Dataset/Samapadam Augmented/dr_4_441.jpg,dr_4_441.jpg,Samapadam Augmented,20.973875807526298,38.5823637518037,17.24046900448871,16.03441011467307,28.563615691243587,51.70048889876671,28.384745927293014,8.267970500155371,5.260560176539787,9.890264683458904,8.02957051924179,8.598907922181734,0.2419411668414197,12.428128177504808,29.421954390237588,0.0378472977756972,7.82458284450114
/content/drive/MyDrive/Bharatanatyam_Digital_Twin/dataset/posture_images/extracted/new_Dataset/Samapadam Augmented/dr_4_4445.jpg,dr_4_4445.jpg,Samapadam Augmented,26.120025998246163,46.80731065254302,2.0714536863135478,9.117673604354849,51.93337495215453,30.307021465974444,23.35738092719934,1.918064663011592,6.082282921197961,10.284870614509622,5.43841980876151,7.993938433380139,0.2119069569082521,15.606268262691904,33.178647410291944,0.0664781248167484,13.573679252967016
/content/drive/MyDrive/Bharatanatyam_Digital_Twin/dataset/posture_images/extracted/new_Dataset/Samapadam Augmented/dr_4_4601.jpg,dr_4_4601.jpg,Samapadam Augmented,15.172045055346032,18.22739042219081,32.72485650890735,32.77000267583907,25.147170688942573,33.66462022124111,31.076662523732526,8.34492760446746,4.071122576254239,0.8241336787348981,3.91225718895041,6.056301227761136,0.3097223854447401,10.37046537123854,17.157744539029117,0.0373176933304328,13.916333881356069
/content/drive/MyDrive/Bharatanatyam_Digital_Twin/dataset/posture_images/extracted/new_Dataset/Samapadam Augmented/dr_4_4826.jpg,dr_4_4826.jpg,Samapadam Augmented,14.97431046605896,14.057996518051056,43.0983109154492,42.7002946035117,15.511886432782646,11.32261512037073,28.158276768028568,1.1966366984237595,52.84750150728675,11.510133228469414,60.3156773368604,73.62731260224177,0.1874916068487883,10.352422357685484,17.908528074669107,0.058889351442375,13.089849646944977
/content/drive/MyDrive/Bharatanatyam_Digital_Twin/dataset/posture_images/extracted/new_Dataset/Samapadam Augmented/dr_4_4854.jpg,dr_4_4854.jpg,Samapadam Augmented,32.16469312529739,30.710166498664442,77.43758850283045,74.93598149966627,60.008343690437385,52.30734572251849,66.17231485386316,13.052150281381984,13.272998493087442,21.213245007014397,14.854823948970482,11.467317912142024,0.2618591949391868,24.60278236987038,35.97028741452709,0.1238931629743427,37.7141665321097
/content/drive/MyDrive/Bharatanatyam_Digital_Twin/dataset/posture_images/extracted/new_Dataset/Samapadam Augmented/dr_4_5001.jpg,dr_4_5001.jpg,Samapadam Augmented,55.98350309142165,16.56015871530535,25.439436445184118,25.59568318056008,8.166428536337007,26.43368186521224,21.40880750682336,66.40723967867932,46.80081493367254,29.09498320729182,62.56967540418312,66.49872838335253,0.0485199195778802,15.869824111072129,35.95425178372679,0.1920825552530356,11.463137994236565
/content/drive/MyDrive/Bharatanatyam_Digital_Twin/dataset/posture_images/extracted/new_Dataset/Samapadam Augmented/dr_4_5207.jpg,dr_4_5207.jpg,Samapadam Augmented,39.92850033683192,3.2925668638491814,1.3313183050907855,0.8068154650591506,14.233696250883114,40.03951205985137,14.102835520221104,77.32143682338891,85.36698231818656,23.093599558373057,60.56589514531608,70.99679525094723,0.1228704534857182,16.12686700272791,37.16079228714524,0.1800692432053074,11.039739477833184
/content/drive/MyDrive/Bharatanatyam_Digital_Twin/dataset/posture_images/extracted/new_Dataset/Samapadam Augmented/dr_4_5212.jpg,dr_4_5212.jpg,Samapadam Augmented,80.52715791604663,33.13985901616749,4.036199149770094,16.95859308958388,27.81382157505119,0.2361695199126292,12.261195833579448,17.121036470851656,18.035689917135617,9.763663524946883,35.51944565669017,6.114441610490965,0.2440628558289084,18.18494579050796,41.571846201487816,0.0678322963581704,12.915158873677882
/content/drive/MyDrive/Bharatanatyam_Digital_Twin/dataset/posture_images/extracted/new_Dataset/Samapadam Augmented/dr_4_5342.jpg,dr_4_5342.jpg,Samapadam Augmented,36.71451160381774,41.773090654114625,32.736515791860185,6.66158536415488,88.80255843854086,11.457185543650624,34.914461284551635,9.7170066895402,21.37865921783248,28.81407801720377,25.74277401624101,6.352386226293449,0.181989954960015,20.198699492517733,39.31993041732447,0.0391132086941926,21.23705485153453
/content/drive/MyDrive/Bharatanatyam_Digital_Twin/dataset/posture_images/extracted/new_Dataset/Samapadam Augmented/dr_4_6366.jpg,dr_4_6366.jpg,Samapadam Augmented,25.975972816478638,40.974197193816394,4.498802003890424,10.07943961965423,58.55407148488542,69.17563100661522,35.576986028761326,14.8145040043576,13.430933307013175,12.723368824375038,10.83924859287361,9.889902955659384,0.2580481794850545,16.627438499641425,31.752639767583258,0.0521475089023117,18.077528222438705
/content/drive/MyDrive/Bharatanatyam_Digital_Twin/dataset/posture_images/extracted/new_Dataset/Samapadam Augmented/dr_4_6569.jpg,dr_4_6569.jpg,Samapadam Augmented,37.680813814434714,43.682401957944855,6.955061029508834,5.229448632740088,28.86345977510472,5.334505957446298,11.595618848699983,11.62838720668799,9.560928813625566,1.1608110241083978,9.9392988139842,12.667161182044907,0.2162141414408638,14.522057918602655,28.35710721447034,0.0370488150729446,15.172017726264682
/content/drive/MyDrive/Bharatanatyam_Digital_Twin/dataset/posture_images/extracted/new_Dataset/Samapadam Augmented/dr_4_6576.jpg,dr_4_6576.jpg,Samapadam Augmented,10.921252991375177,60.39863758739446,10.524017034755504,1.660859490360843,2.472712639225155,4.264724043570472,4.730578301977994,15.83733558556969,23.53964000623091,24.45382794479454,26.744352136758383,18.896395686796858,0.2008046261598884,15.067190350886714,31.85563129737651,0.0720716283930224,13.273868126890612
/content/drive/MyDrive/Bharatanatyam_Digital_Twin/dataset/posture_images/extracted/new_Dataset/Samapadam Augmented/dr_4_6802.jpg,dr_4_6802.jpg,Samapadam Augmented,24.790093484956493,40.64449863238943,29.408959476523084,48.61962640470777,11.45276144128646,26.939886044334852,29.10530834171304,13.833077610598709,13.426869702363833,29.18195663056082,11.35271161794994,11.068346558026011,0.2529519422221103,12.155708201672985,29.98884803064893,0.067344349084446,6.410932225285571
/content/drive/MyDrive/Bharatanatyam_Digital_Twin/dataset/posture_images/extracted/new_Dataset/Samapadam Augmented/dr_4_6985.jpg,dr_4_6985.jpg,Samapadam Augmented,79.96755308549245,65.30631312017412,4.995390737106801,3.353459492545268,24.07221915615145,13.13166738828657,11.388184193522523,34.99394882019163,27.845391665353677,55.38004108932364,30.975810521321957,32.91367306966556,0.0680389255874528,22.780525004937704,58.90764393095863,0.1706239613393601,9.263307122515124
/content/drive/MyDrive/Bharatanatyam_Digital_Twin/dataset/posture_images/extracted/new_Dataset/Samapadam Augmented/dr_4_7044.jpg,dr_4_7044.jpg,Samapadam Augmented,37.21388798848554,31.348779641630845,24.277136561888472,33.2604032193845,4.755003361853257,21.82452194292481,21.02926627151276,16.872719418503408,15.107130657377894,24.37828183307872,15.32970332938548,18.364731635050248,0.2321927660560901,12.381935352614382,30.56524115186384,0.0550748869253119,6.525490019053992
/content/drive/MyDrive/Bharatanatyam_Digital_Twin/dataset/posture_images/extracted/new_Dataset/Samapadam Augmented/dr_4_7773.jpg,dr_4_7773.jpg,Samapadam Augmented,24.039647285913816,39.26467886128188,63.79243277529637,104.1234838098951,17.10060455562392,74.69752710137809,64.92851206054837,4.9399228618637245,6.16530320529143,2.501735002809027,11.65677164288143,49.33463407962837,0.0873885932226065,20.515161312347555,27.460389202385183,0.0991006355118566,33.98599409914563
/content/drive/MyDrive/Bharatanatyam_Digital_Twin/dataset/posture_images/extracted/new_Dataset/Samapadam Augmented/dr_4_8030.jpg,dr_4_8030.jpg,Samapadam Augmented,28.214468670743656,40.046726384131006,43.97740363492296,29.82018596555708,21.891868214446134,17.2483196175191,28.23444435811132,79.25037726887298,69.78295101118796,74.18160413160506,68.59487153356008,63.21235027548989,0.0836001576207012,14.440807423406037,26.19622186280693,0.1664786681919974,16.959721739219184
/content/drive/MyDrive/Bharatanatyam_Digital_Twin/dataset/posture_images/extracted/new_Dataset/Samapadam Augmented/dr_4_8179.jpg,dr_4_8179.jpg,Samapadam Augmented,75.09629790257911,65.86250322403785,8.999625892838568,3.64248190503424,13.562110424566905,57.49768951971204,20.92547693553794,9.569721801422132,3.5094045053275806,27.004713478434724,54.57945727443146,66.32255718771725,0.0886985294923558,25.31731863603632,59.66763411108536,0.1630880180744239,16.121233778949186
/content/drive/MyDrive/Bharatanatyam_Digital_Twin/dataset/posture_images/extracted/new_Dataset/Samapadam Augmented/dr_4_8402.jpg,dr_4_8402.jpg,Samapadam Augmented,6.7282513877496655,29.99429914367102,6.514547365919819,20.447311080362702,11.03289553186774,14.062757143420551,13.014377780392705,11.063226116098091,8.265220409391844,2.703199385736696,14.242965647331395,9.991282123348876,0.2284432947819192,9.065109104507457,19.29749862874446,0.0615828375521176,7.836245847225786
/content/drive/MyDrive/Bharatanatyam_Digital_Twin/dataset/posture_images/extracted/new_Dataset/Samapadam Augmented/dr_4_8646.jpg,dr_4_8646.jpg,Samapadam Augmented,79.67310262341249,57.61635722094303,0.9595692848254196,4.85791735355748,77.3449799130422,1.2729643021034454,21.108857713382136,31.344640293029443,28.27098652627029,28.463560834138548,29.645077603613437,88.19275100076412,0.1195156021555652,25.25174226323449,53.0513189394468,0.131711408805811,22.572196441450853
/content/drive/MyDrive/Bharatanatyam_Digital_Twin/dataset/posture_images/extracted/new_Dataset/Samapadam Augmented/dr_4_8673.jpg,dr_4_8673.jpg,Samapadam Augmented,10.320331856007101,10.296338372800896,7.871059358110205,11.327266886198943,11.460609537561396,17.596275685467702,12.06380286683456,19.1763550880662,12.648754880436371,19.630292607598307,13.339227192094803,13.074596086302291,0.2763224612589615,8.061400213503667,16.785005728273738,0.0653152668032665,7.333879645433997
/content/drive/MyDrive/Bharatanatyam_Digital_Twin/dataset/posture_images/extracted/new_Dataset/Samapadam Augmented/dr_4_8790.jpg,dr_4_8790.jpg,Samapadam Augmented,3.473902968982536,27.880916546796843,2.1209009825933345,6.867729802634774,7.952659980378739,16.063943441063397,8.251308551667561,5.440771838364872,1.1768763396192392,0.8537633880218873,5.1204485133441535,6.725179029631075,0.2212242890629528,10.025331533813244,18.711180505721774,0.070002237424387,11.294811858293569
/content/drive/MyDrive/Bharatanatyam_Digital_Twin/dataset/posture_images/extracted/new_Dataset/Samapadam Augmented/dr_4_9236.jpg,dr_4_9236.jpg,Samapadam Augmented,57.25105627695264,51.87049856658193,17.50013813429823,7.561704084500296,21.860059105077266,6.345672204462807,13.31689338208465,18.69980856274745,24.74444243873078,16.629724196002456,17.28919813589087,22.77763982768173,0.1309551392673232,22.14200686632601,57.0496488939858,0.1493515580327354,9.2270201469595
/content/drive/MyDrive/Bharatanatyam_Digital_Twin/dataset/posture_images/extracted/new_Dataset/Samapadam Augmented/dr_4_9394.jpg,dr_4_9394.jpg,Samapadam Augmented,13.488907928813944,23.854264491921402,42.61702954001005,55.60034674903231,2.9013615264850205,4.628467038981523,26.436801213627227,19.08736623617504,17.142793437043217,32.95112268473356,13.96863038585089,13.675622553179826,0.2625428599832719,13.240755371130222,20.950583053626666,0.0951690394394619,18.67651402032454
/content/drive/MyDrive/Bharatanatyam_Digital_Twin/dataset/posture_images/extracted/new_Dataset/Samapadam Augmented/dr_4_9550.jpg,dr_4_9550.jpg,Samapadam Augmented,36.2579652383792,50.2873717526484,4.68851548977302,14.234740209379204,46.564577217285226,46.64785288494482,28.03392145034557,1.051990773576106,0.2075742969287884,12.633056223975457,1.7651281481391854,7.832085362416464,0.2451135114935285,17.015994621881948,36.29583212403709,0.0675831356264658,14.684568605982292
/content/drive/MyDrive/Bharatanatyam_Digital_Twin/dataset/posture_images/extracted/new_Dataset/Samapadam Augmented/dr_4_9843.jpg,dr_4_9843.jpg,Samapadam Augmented,76.24659200066422,71.34686046428826,8.43925300314685,6.802328268207935,90.2620793105351,51.24158177417044,39.18631058901508,57.25004559401447,52.59242773350836,36.944999743018656,68.7478326686002,71.03562479779035,0.0716107609172017,22.33769210485941,52.95649833494635,0.1370798244859833,13.919498155145888
/content/drive/MyDrive/Bharatanatyam_Digital_Twin/dataset/posture_images/extracted/new_Dataset/Samapadam Augmented/dr_4_9893.jpg,dr_4_9893.jpg,Samapadam Augmented,29.39565508597711,27.55505365833774,36.8986847445608,31.047836964650017,4.053395201051353,17.52744378253101,22.38184017319829,17.251956242111476,13.471077060198922,10.45972119957358,13.574071336444575,7.110705128841211,0.2974536427060161,15.874403515232707,31.947403023955985,0.0215034357766598,15.654304085965482
/content/drive/MyDrive/Bharatanatyam_Digital_Twin/dataset/posture_images/extracted/new_Dataset/Samapadam Augmented/dr_4_9955.jpg,dr_4_9955.jpg,Samapadam Augmented,37.81118061149627,49.48880168581295,3.4367344684282277,12.122986970206467,48.56641160083476,64.8835287537213,32.25241544829768,10.790033067102089,6.883394693596642,2.692261940449896,9.478843630179233,10.651692988266396,0.2222366073875905,17.47466729092614,35.52813281521493,0.0468128672860007,16.849056190277487
/content/drive/MyDrive/Bharatanatyam_Digital_Twin/dataset/posture_images/extracted/new_Dataset/Swastika Augmented/dr_0_101.jpg,dr_0_101.jpg,Swastika Augmented,14.67065361782656,15.002467535666042,23.04938937002469,29.655371440218264,159.71278329664608,10.614346615830788,55.75797268067996,73.04428762814072,85.579751485065,78.27338191456154,78.05153012961765,35.82427705811634,0.1359247289453986,23.3443426555514,37.15132238420673,0.0800346441976276,32.80167093824984
/content/drive/MyDrive/Bharatanatyam_Digital_Twin/dataset/posture_images/extracted/new_Dataset/Swastika Augmented/dr_0_1107.jpg,dr_0_1107.jpg,Swastika Augmented,19.01152685193216,49.10477298243154,32.342712903954926,113.5579696425677,22.144355815692293,3.621618063140461,42.91666410633884,80.27700654864624,65.42618973388483,25.171312561156128,52.05385904407594,34.91345866505655,0.1457560359960057,21.00765938815105,26.687062882065696,0.1898976865065668,36.14601759588089
/content/drive/MyDrive/Bharatanatyam_Digital_Twin/dataset/posture_images/extracted/new_Dataset/Swastika Augmented/dr_0_1816.jpg,dr_0_1816.jpg,Swastika Augmented,12.50432214095774,12.643322638449531,20.27406220073486,10.391326140032072,24.61043526816721,16.58313119149657,17.96473870010768,84.85177195893014,76.51635801897982,30.923397753108627,76.60552361769611,35.7719139161371,0.1408207044137235,7.196541553712573,13.20963205060937,0.0309985578840936,8.348994052644258
/content/drive/MyDrive/Bharatanatyam_Digital_Twin/dataset/posture_images/extracted/new_Dataset/Swastika Augmented/dr_0_2286.jpg,dr_0_2286.jpg,Swastika Augmented,12.0541330523032,13.996210944852677,19.93627121822504,10.745608575044356,3.479484508356878,27.547517207851225,15.427220377369377,84.53726957925232,75.45957009273287,44.84849105960584,67.97972399441655,35.37819688104796,0.108127234292102,8.991589324382305,13.713116514371404,0.0663956923490308,13.19525576642648
/content/drive/MyDrive/Bharatanatyam_Digital_Twin/dataset/posture_images/extracted/new_Dataset/Swastika Augmented/dr_0_2389.jpg,dr_0_2389.jpg,Swastika Augmented,16.85176986603227,9.786271672579844,4.467098643830803,6.967364289548914,6.657600046362837,32.70249275001352,12.698638932439016,63.6015344183553,61.77327757610128,58.76863422174897,88.59247101111228,55.94063454004075,0.227137122079759,11.550546104262962,17.476155404053998,0.0801625046843445,17.09532040405054
/content/drive/MyDrive/Bharatanatyam_Digital_Twin/dataset/posture_images/extracted/new_Dataset/Swastika Augmented/dr_0_2395.jpg,dr_0_2395.jpg,Swastika Augmented,18.71287715405208,17.10637962925611,22.220487231992603,17.050768958239455,42.9841098460854,21.92362600932881,26.04474801141157,70.05185354927649,62.14775986659153,2.515947985886015,89.2696204084027,28.256305516831784,0.1833692017396324,8.2989843595925,17.972313021218163,0.1033257420090096,6.821314315550326
/content/drive/MyDrive/Bharatanatyam_Digital_Twin/dataset/posture_images/extracted/new_Dataset/Swastika Augmented/dr_0_2490.jpg,dr_0_2490.jpg,Swastika Augmented,42.82505096728982,58.24867813444095,66.22534141409463,114.18175777817665,14.594845887554952,2.0750567925080143,49.26925046808356,80.32794901483427,69.89311906853598,22.174532596834013,82.22829530751204,23.923287528283783,0.1581910384857432,25.112068576812053,30.94191352095324,0.1002924267986423,44.29399978268428
/content/drive/MyDrive/Bharatanatyam_Digital_Twin/dataset/posture_images/extracted/new_Dataset/Swastika Augmented/dr_0_2497.jpg,dr_0_2497.jpg,Swastika Augmented,9.090982698765316,4.019020172587062,16.174512876806357,12.513200885437737,9.900393243009484,11.584165999759856,12.54306825125336,88.17508193002124,83.11269577084238,45.62227072356821,84.13055585938584,40.34844625107921,0.0789661220786645,7.605701304434718,11.796025547158136,0.0821443925692812,10.938933973576738
/content/drive/MyDrive/Bharatanatyam_Digital_Twin/dataset/posture_images/extracted/new_Dataset/Swastika Augmented/dr_0_2656.jpg,dr_0_2656.jpg,Swastika Augmented,14.417918186035111,14.099735570124563,15.936820960049229,4.250964378842738,35.255852587072454,9.949154168504172,16.348198023617147,84.41349033832107,73.28627550329364,25.01088360715072,74.58768086516785,45.37628953318765,0.1395031033997472,8.25530559948656,15.729432606233884,0.0747471917023897,8.961737000523406
/content/drive/MyDrive/Bharatanatyam_Digital_Twin/dataset/posture_images/extracted/new_Dataset/Swastika Augmented/dr_0_2752.jpg,dr_0_2752.jpg,Swastika Augmented,10.692803741069298,13.00695473910895,6.638506772972559,11.056395617808748,48.81414178102259,29.600472062802087,24.027379058651498,65.34139895082411,57.53998872825045,28.660196062836206,87.95688074565066,22.24949119510436,0.1876881009158706,9.21517009444798,17.096478915532987,0.0432865651794946,10.505744802631453
/content/drive/MyDrive/Bharatanatyam_Digital_Twin/dataset/posture_images/extracted/new_Dataset/Swastika Augmented/dr_0_2823.jpg,dr_0_2823.jpg,Swastika Augmented,24.400274427111867,18.846932466777474,0.6039235140213577,2.0872448296403263,64.24329848919517,24.21411797216555,22.7871462012556,74.02423968140057,87.83229475826585,63.37454235487734,84.37115451289459,52.59031112372325,0.1709909561073872,12.49576240199501,21.66009438533621,0.0310020096284556,15.796190811020368
/content/drive/MyDrive/Bharatanatyam_Digital_Twin/dataset/posture_images/extracted/new_Dataset/Swastika Augmented/dr_0_3046.jpg,dr_0_3046.jpg,Swastika Augmented,6.3617397589306535,20.984322044865223,12.26332949687421,4.491579875436848,26.79954495450095,70.06207188369127,28.40413155262582,84.505432359231,72.06383080534903,53.374979461232215,73.20552489700246,50.650890478155176,0.0981328879469844,13.407002218282337,26.57514790743013,0.1076012763853071,13.538257471031567
/content/drive/MyDrive/Bharatanatyam_Digital_Twin/dataset/posture_images/extracted/new_Dataset/Swastika Augmented/dr_0_3224.jpg,dr_0_3224.jpg,Swastika Augmented,28.341064843947436,30.736955550182785,2.999080335530409,4.874475123956405,17.635125403634152,2.1047084931968927,6.903347339079464,64.45074439025593,61.70657829330257,33.392684205475035,78.2739868418248,32.91869252816717,0.1673997419023754,12.316718312000123,18.734881031888477,0.075044463312915,18.140229440798983
/content/drive/MyDrive/Bharatanatyam_Digital_Twin/dataset/posture_images/extracted/new_Dataset/Swastika Augmented/dr_0_3363.jpg,dr_0_3363.jpg,Swastika Augmented,26.020675409398322,22.768039110470326,0.4043988440229661,4.439222765189466,33.48258576789358,8.461822624727018,11.697007500458255,78.25614863275604,87.41950232796535,73.4105749191784,82.92365098283778,64.96365568963759,0.1587027931296994,11.766194217779637,20.66313297773896,0.0593342805164852,14.57611539508346
/content/drive/MyDrive/Bharatanatyam_Digital_Twin/dataset/posture_images/extracted/new_Dataset/Swastika Augmented/dr_0_3374.jpg,dr_0_3374.jpg,Swastika Augmented,15.395973328695712,13.936518735988697,20.01660066113955,11.68852832855606,33.11008378139585,24.939869937529707,22.43877067715529,65.75839179974018,80.73742915919192,39.53258061097792,86.04595794706619,17.02202425864982,0.1539206855774107,7.217162508182155,16.105917185676233,0.05806024501153,5.487510093858703
/content/drive/MyDrive/Bharatanatyam_Digital_Twin/dataset/posture_images/extracted/new_Dataset/Swastika Augmented/dr_0_3375.jpg,dr_0_3375.jpg,Swastika Augmented,19.498042156971863,28.081042581932234,4.414530038649486,4.910369644371153,66.50311482382394,25.068571249100195,25.2241464389862,75.84640954154764,82.97078933091215,54.66537296649928,82.67334637272204,38.14006191368097,0.1319601950414257,12.823226212565542,23.899760257926797,0.0319186536663495,14.537999726103484
/content/drive/MyDrive/Bharatanatyam_Digital_Twin/dataset/posture_images/extracted/new_Dataset/Swastika Augmented/dr_0_3386.jpg,dr_0_3386.jpg,Swastika Augmented,17.232038910207635,3.976305437618805,28.89802434411835,12.5464983940468,18.22483551098208,18.643292057161084,19.57816257657708,85.2888547606878,70.24899809262338,41.309342632984425,75.88702596785961,46.90951499941074,0.1338891891331332,8.418633846927127,14.564879912053923,0.1144731851886661,10.57654844353879
/content/drive/MyDrive/Bharatanatyam_Digital_Twin/dataset/posture_images/extracted/new_Dataset/Swastika Augmented/dr_0_3397.jpg,dr_0_3397.jpg,Swastika Augmented,60.448242594238366,60.09355751476283,118.06754153425652,122.42826549232142,159.79306445059103,9.61420988815955,102.47577034133214,88.7925733608631,73.59145575988501,53.29847877093229,78.56008712621431,72.26426269382601,0.1241424849339089,44.28583666006399,55.34547930511178,0.2508944435354779,77.2611362315447
/content/drive/MyDrive/Bharatanatyam_Digital_Twin/dataset/posture_images/extracted/new_Dataset/Swastika Augmented/dr_0_3582.jpg,dr_0_3582.jpg,Swastika Augmented,27.061336367900225,21.692661412150215,5.18766691302166,1.515561935851406,44.92538367699154,19.821859034730466,17.86261789014877,75.3108253643295,80.64174333802869,73.50257025094008,86.11270573807651,51.92100520678696,0.1626044107482691,11.095552419861765,21.628056374261718,0.0703622675245384,11.588238617799036
/content/drive/MyDrive/Bharatanatyam_Digital_Twin/dataset/posture_images/extracted/new_Dataset/Swastika Augmented/dr_0_3782.jpg,dr_0_3782.jpg,Swastika Augmented,21.013802078124087,27.75185515338977,7.092087969143511,6.339055054590276,29.60831407258725,22.993837931367988,16.508323756922255,77.53160652726477,68.758727740946,3.3095861834395035,89.26748437701464,34.681766489152395,0.1361803244526864,9.166647263886864,21.5778900216022,0.0598183836694327,5.862233386388955
/content/drive/MyDrive/Bharatanatyam_Digital_Twin/dataset/posture_images/extracted/new_Dataset/Swastika Augmented/dr_0_3811.jpg,dr_0_3811.jpg,Swastika Augmented,51.97694826184372,64.05105608546623,88.37950374150043,128.4940297068675,9.934785672703548,4.79061656196432,57.89973392075896,85.15536034056446,71.29112596720977,44.7759282490004,81.12516171612779,43.71640904179166,0.1899807813447593,29.128463277377037,41.498672882054535,0.4097037598150536,45.4770131902615
/content/drive/MyDrive/Bharatanatyam_Digital_Twin/dataset/posture_images/extracted/new_Dataset/Swastika Augmented/dr_0_4403.jpg,dr_0_4403.jpg,Swastika Augmented,26.790814887777415,26.271883715791972,1.2330001229645196,6.60191133377591,44.41805346024854,23.4792309817012,18.933048974672545,83.12293233150977,75.2352690872195,78.83293383736006,82.66181801385186,25.47247752963134,0.2088975228369866,11.20034689455783,22.65783136354868,0.1185791267640197,10.824630193360786
/content/drive/MyDrive/Bharatanatyam_Digital_Twin/dataset/posture_images/extracted/new_Dataset/Swastika Augmented/dr_0_4602.jpg,dr_0_4602.jpg,Swastika Augmented,13.013616833033453,23.52854869614751,5.6214875746531625,11.843972799684972,22.683531055191136,10.072917917356028,12.555477336721324,68.18276116762902,52.83566988223544,23.361744034397663,85.57261331886991,37.41559500619445,0.1332079553994044,8.661760837112048,14.412189872897372,0.0276598032824016,11.545432835156372
/content/drive/MyDrive/Bharatanatyam_Digital_Twin/dataset/posture_images/extracted/new_Dataset/Swastika Augmented/dr_0_4674.jpg,dr_0_4674.jpg,Swastika Augmented,42.44061305300137,46.844760011979275,84.38072020610247,104.0507364716052,15.572210314403618,18.775462451241214,55.694782360838126,79.84394076500718,76.53058425929635,52.97926866350585,68.66435786896285,30.564242497132547,0.2200216299158529,25.13067668079077,33.83954265647081,0.2288398279149376,41.323647557986575
/content/drive/MyDrive/Bharatanatyam_Digital_Twin/dataset/posture_images/extracted/new_Dataset/Swastika Augmented/dr_0_5162.jpg,dr_0_5162.jpg,Swastika Augmented,25.231676119452032,27.8038217425848,1.3933335024310405,6.720761410656262,46.14318726418688,28.353342654616025,20.65265620797255,83.76014794991728,87.45156609434413,34.066535350684944,70.88542941534173,52.21576258576879,0.1439384300953882,11.827925974663714,23.648391808720177,0.0751569326916234,11.760229182579344
/content/drive/MyDrive/Bharatanatyam_Digital_Twin/dataset/posture_images/extracted/new_Dataset/Swastika Augmented/dr_0_5207.jpg,dr_0_5207.jpg,Swastika Augmented,48.261162083462175,63.733325991110085,91.3961150246945,111.90168560032116,42.39831063296117,3.592647431773901,62.32218967243769,66.31836237542018,58.51994958595792,15.257166013572515,75.44194690446825,33.5645187141692,0.1814426245784261,26.090789462118483,37.96289896695337,0.208579117734826,40.10089030166725
/content/drive/MyDrive/Bharatanatyam_Digital_Twin/dataset/posture_images/extracted/new_Dataset/Swastika Augmented/dr_0_5272.jpg,dr_0_5272.jpg,Swastika Augmented,12.228117519177419,14.177730259920509,10.556849471247254,2.019040936958969,34.37353441879644,20.3169209541147,16.81658644527934,66.65071647241712,60.88483458341847,1.484699659383807,89.26509407319004,21.874291354164225,0.1430345414974736,7.413415276013512,14.544283783449352,0.0454454423657159,7.650516602225466
/content/drive/MyDrive/Bharatanatyam_Digital_Twin/dataset/posture_images/extracted/new_Dataset/Swastika Augmented/dr_0_5279.jpg,dr_0_5279.jpg,Swastika Augmented,29.88860023916702,30.82760252326331,2.544263770781566,1.120901283807635,17.73483749550609,11.235532960715275,8.158883877702642,80.81633499749951,82.76237897885686,82.89857456671733,69.10827851425428,43.1410897250182,0.2107503010591491,13.25654893259006,23.024750211326975,0.1485072687322389,16.59638931771096
/content/drive/MyDrive/Bharatanatyam_Digital_Twin/dataset/posture_images/extracted/new_Dataset/Swastika Augmented/dr_0_5708.jpg,dr_0_5708.jpg,Swastika Augmented,25.078275320450373,28.824933625465718,1.6229200215175634,1.0389651642603317,150.8076594189924,6.596935580945304,40.0166200464289,73.48221963602288,82.65163872428703,87.46050406478973,84.4226991435244,87.88264930318743,0.1284284146431795,25.1390434276819,40.79529323355445,0.0630638165333753,34.55877323295788
/content/drive/MyDrive/Bharatanatyam_Digital_Twin/dataset/posture_images/extracted/new_Dataset/Swastika Augmented/dr_0_5731.jpg,dr_0_5731.jpg,Swastika Augmented,12.716197455211216,23.116419546122472,4.146787677054928,2.1250196763158358,35.14414846156995,17.072992501641,14.622237079145428,70.67619628201825,67.50222567655977,6.442559432438998,89.61640919542425,34.512174018340225,0.1756767960303527,9.417846195222204,16.839480724576944,0.0447075962184471,11.369350264871228
/content/drive/MyDrive/Bharatanatyam_Digital_Twin/dataset/posture_images/extracted/new_Dataset/Swastika Augmented/dr_0_5760.jpg,dr_0_5760.jpg,Swastika Augmented,30.70925648284451,26.823835194352625,0.20316979328784,6.024233804283057,29.742006499320446,10.563712661403656,11.63328068957375,84.3989635572729,83.6941879876383,75.39470572863065,75.19313373125675,40.45221675116216,0.1432705268501984,11.81393861474993,21.507056488057295,0.1608216417773779,13.773937714415114
/content/drive/MyDrive/Bharatanatyam_Digital_Twin/dataset/posture_images/extracted/new_Dataset/Swastika Augmented/dr_0_5852.jpg,dr_0_5852.jpg,Swastika Augmented,15.3873231848615,24.08549816861691,8.705672047992618,13.71594694306723,10.686597242161918,25.417563148555484,14.631444845444314,87.69516576571117,72.0826051730313,28.72781195922397,86.14340259934484,51.077707117853365,0.1413695440280653,8.940903033013472,16.843629965662405,0.0449478223389741,9.93413131103904
/content/drive/MyDrive/Bharatanatyam_Digital_Twin/dataset/posture_images/extracted/new_Dataset/Swastika Augmented/dr_0_5891.jpg,dr_0_5891.jpg,Swastika Augmented,33.710523512980146,10.748363732598719,53.65604897314095,2.400204218934588,35.62935293015361,23.75944004397872,28.86126154155197,87.2032977103178,85.58897570978566,63.895709527059054,75.01812150689072,82.50746633991122,0.2502074918177691,11.516208244338095,19.638131426089203,0.0544173886610159,14.856075918264075
/content/drive/MyDrive/Bharatanatyam_Digital_Twin/dataset/posture_images/extracted/new_Dataset/Swastika Augmented/dr_0_6145.jpg,dr_0_6145.jpg,Swastika Augmented,33.04316516530382,27.62114554993053,0.5574094954250316,6.720501961293913,40.47732413187345,6.928312032985073,13.670886905394369,67.41651883633034,77.41352414820909,89.61741558972815,88.68638727177189,22.74581405890369,0.1460004297404888,12.31560559201274,23.1346535374105,0.1442976337551047,13.66786560487261
/content/drive/MyDrive/Bharatanatyam_Digital_Twin/dataset/posture_images/extracted/new_Dataset/Swastika Augmented/dr_0_6239.jpg,dr_0_6239.jpg,Swastika Augmented,64.51447130277242,54.133659331261406,52.085324913796185,58.660412650777886,49.401351812945535,17.093655434770653,44.31018620307256,86.01939063366429,74.02773236913684,34.384118770420656,74.70515219967129,34.103855261663874,0.1561131840323522,19.053165936418903,38.959625192187744,0.0669267790725194,18.13294583799645
/content/drive/MyDrive/Bharatanatyam_Digital_Twin/dataset/posture_images/extracted/new_Dataset/Swastika Augmented/dr_0_6251.jpg,dr_0_6251.jpg,Swastika Augmented,20.511295767529575,26.766538567693615,10.23052918530269,7.095899453835018,44.29087948952047,28.497709608098997,22.52875443418929,78.3878946537031,86.81398032514615,37.39685691359144,70.12376131920749,55.74937531628164,0.1749196220148101,10.023577274720695,22.14836641594186,0.0355425244328989,7.88682288378733
/content/drive/MyDrive/Bharatanatyam_Digital_Twin/dataset/posture_images/extracted/new_Dataset/Swastika Augmented/dr_0_6361.jpg,dr_0_6361.jpg,Swastika Augmented,22.906992218561598,32.922199758343496,0.4494318265474283,1.381419418711879,12.681150899110854,11.98078467026956,6.62319670365993,83.17467666032127,74.2000879093473,1.6742586977201768,85.00357340674314,46.87317166557166,0.1588227834938541,13.735470266465724,22.26637243569004,0.0571366302960063,18.88290173341113
/content/drive/MyDrive/Bharatanatyam_Digital_Twin/dataset/posture_images/extracted/new_Dataset/Swastika Augmented/dr_0_6489.jpg,dr_0_6489.jpg,Swastika Augmented,32.03937009532196,26.982046419963496,3.632001544070976,0.5777603859126652,122.5144606696144,62.42028291019464,47.28612637744817,80.28044504197283,70.73039168090762,21.934443214854497,85.80706157625276,14.929855055914096,0.1791613466753377,21.432223884708705,40.04187787638644,0.0584326537508456,24.196361123988837
/content/drive/MyDrive/Bharatanatyam_Digital_Twin/dataset/posture_images/extracted/new_Dataset/Swastika Augmented/dr_0_6696.jpg,dr_0_6696.jpg,Swastika Augmented,22.165236919912132,35.5077014146766,3.291090505317401,0.9663060884177096,43.04700358699555,27.08122260645947,18.59640569679753,82.54525579955482,86.4700576786694,18.154496855570898,85.23722301145595,55.79123250503177,0.1393930466853606,13.13390602106658,25.05451884122298,0.0993277083788618,14.247871513597898
/content/drive/MyDrive/Bharatanatyam_Digital_Twin/dataset/posture_images/extracted/new_Dataset/Swastika Augmented/dr_0_677.jpg,dr_0_677.jpg,Swastika Augmented,41.77876739729811,58.508381882563285,83.18081647803612,104.76378338043564,14.746567726691964,14.591283828637684,54.32061285345035,77.68312003240452,86.9502918725175,47.32069217560121,66.71882431611519,51.72137095675794,0.155217330903167,24.83753481277204,35.28254389036019,0.2166304862840984,39.01343006167184
/content/drive/MyDrive/Bharatanatyam_Digital_Twin/dataset/posture_images/extracted/new_Dataset/Swastika Augmented/dr_0_6772.jpg,dr_0_6772.jpg,Swastika Augmented,23.612356048370998,25.683422556102673,3.4534208308052783,10.638278705667943,96.12684103128294,21.304486695373456,32.880756815782405,75.30303721950462,57.90779992576266,13.991456922815216,88.97529796367523,31.4607739944111,0.125168790443563,12.166006463553831,26.15875764473264,0.0461359626835918,10.293125783245268
/content/drive/MyDrive/Bharatanatyam_Digital_Twin/dataset/posture_images/extracted/new_Dataset/Swastika Augmented/dr_0_698.jpg,dr_0_698.jpg,Swastika Augmented,25.61548116551389,36.402862755193546,44.04110825551256,44.024789745416,29.601317841455376,27.98606005614203,36.41331897463149,86.47464351714922,87.70316726646986,10.63239584003395,80.39338103683232,73.52197744313493,0.3895939044191573,13.190351700246232,23.732403559093065,0.2899789935724556,15.548672548073176
/content/drive/MyDrive/Bharatanatyam_Digital_Twin/dataset/posture_images/extracted/new_Dataset/Swastika Augmented/dr_0_7297.jpg,dr_0_7297.jpg,Swastika Augmented,28.054965205945322,27.36211697707614,3.769582731271533,2.443334739545774,64.29432615199296,9.627594514838052,20.03370953441208,65.98265486063191,79.92520730111467,87.31227622462734,86.54855796711533,54.895208381813525,0.1213092683219656,14.205738340194964,23.904783451857718,0.0808883447948675,18.63154322393231
/content/drive/MyDrive/Bharatanatyam_Digital_Twin/dataset/posture_images/extracted/new_Dataset/Swastika Augmented/dr_0_7503.jpg,dr_0_7503.jpg,Swastika Augmented,34.92000955581234,50.74669932781392,52.44254686457334,111.0693865934594,27.514730486644492,4.39575913487081,48.855605769887006,89.45900210847316,77.45603634701567,44.98699536737479,70.75562348802849,47.123576583366585,0.1796542187339044,22.018023439022787,29.452594563213434,0.281949836637087,36.319525917217845
/content/drive/MyDrive/Bharatanatyam_Digital_Twin/dataset/posture_images/extracted/new_Dataset/Swastika Augmented/dr_0_7521.jpg,dr_0_7521.jpg,Swastika Augmented,17.653556632052783,17.29983872999128,3.291911224045164,11.978806467339036,33.085826970366824,21.67343218903413,17.50749421269629,65.32354371408488,44.78743159716623,15.965983428710729,72.2335301377076,41.45304488310718,0.1565494061701924,10.762785386144818,25.172770718252,0.053601286159871,7.061984154022587
/content/drive/MyDrive/Bharatanatyam_Digital_Twin/dataset/posture_images/extracted/new_Dataset/Swastika Augmented/dr_0_8361.jpg,dr_0_8361.jpg,Swastika Augmented,13.101047624334372,20.579492633880946,9.154793703758584,1.98016176159858,11.78337505008996,11.133269283887946,8.512899949833768,84.9604529789298,89.51981311144078,56.7343628843699,74.62616071855375,37.64091287076635,0.1497640204697605,14.047779289107083,27.748697097402086,0.0372086590883815,14.35743211083078
/content/drive/MyDrive/Bharatanatyam_Digital_Twin/dataset/posture_images/extracted/new_Dataset/Swastika Augmented/dr_0_8937.jpg,dr_0_8937.jpg,Swastika Augmented,50.80385280517231,67.7989842935263,96.93831149353132,134.61165511024723,88.53032220354983,17.755406152503788,84.45892373995804,81.75777027092792,60.46662551141109,34.094858753170904,87.80876615216069,37.4798004143231,0.1560402382205907,30.14614424740601,41.92184016160187,0.3583911754325034,48.15820140518366
/content/drive/MyDrive/Bharatanatyam_Digital_Twin/dataset/posture_images/extracted/new_Dataset/Swastika Augmented/dr_0_9049.jpg,dr_0_9049.jpg,Swastika Augmented,25.579298072082125,21.17143394154023,0.4134783702149674,3.1405657160675475,127.05435949601052,39.67390693271963,42.57057762875316,85.90478438052223,85.38381773108772,85.03121933825103,67.4047599425419,67.45878153190029,0.1659522032181622,18.29704879464714,28.991696581451656,0.0959817685627958,25.80346803392696
/content/drive/MyDrive/Bharatanatyam_Digital_Twin/dataset/posture_images/extracted/new_Dataset/Swastika Augmented/dr_0_9312.jpg,dr_0_9312.jpg,Swastika Augmented,10.253795020397774,16.93876434205437,11.224840015984068,19.1009593683399,21.90103061750007,22.782919844612877,18.75243746160923,81.63482101936297,89.89531857811579,59.831620408577386,70.06891619694527,47.23037579525619,0.2211277258937519,7.13266165769404,14.32008349864365,0.069047671925819,7.008853802512653
/content/drive/MyDrive/Bharatanatyam_Digital_Twin/dataset/posture_images/extracted/new_Dataset/Swastika Augmented/dr_0_9690.jpg,dr_0_9690.jpg,Swastika Augmented,24.622440373138318,27.96985886475113,0.083861456764111,6.653933160661435,36.62071491921959,16.07470187814807,14.858302853698302,85.98822936094778,89.25735066970266,43.11130025208372,75.06235404210462,40.29361522901991,0.1387981863790671,10.210682299973127,20.04325752354592,0.1168517230283698,10.471937653345092
/content/drive/MyDrive/Bharatanatyam_Digital_Twin/dataset/posture_images/extracted/new_Dataset/Swastika Augmented/dr_0_97.jpg,dr_0_97.jpg,Swastika Augmented,21.48771423162873,12.898746624817008,3.8202337406128537,0.2802188962388454,84.4485904879575,32.5630543160588,30.278024360217,82.34006231991833,88.14962649993859,62.67876213834663,74.3207953198651,58.98493517362104,0.1888400886876612,13.351532076281458,21.88136029507975,0.0409000502580784,18.132335883506546
/content/drive/MyDrive/Bharatanatyam_Digital_Twin/dataset/posture_images/extracted/new_Dataset/Swastika Augmented/dr_1_1293.jpg,dr_1_1293.jpg,Swastika Augmented,21.249325770108925,29.265767308743634,8.52018908926873,6.24566797870762,57.8181151572021,37.82466205797716,27.602158570788895,18.591250586520147,27.5972394178778,40.55739120667249,6.037510537968479,63.90233966756699,0.2333559321024685,13.647147053037116,25.847438231069205,0.0606217300265643,15.033381198015578
/content/drive/MyDrive/Bharatanatyam_Digital_Twin/dataset/posture_images/extracted/new_Dataset/Swastika Augmented/dr_1_1303.jpg,dr_1_1303.jpg,Swastika Augmented,59.35029144776875,63.39523327988943,46.60443495351208,86.2774854769269,66.52793457372178,18.611850290322863,54.5054263236209,8.952017894502005,8.466280098482086,45.14240728031498,21.612807053277734,64.62150932079723,0.1577523705583489,23.855825285877547,43.40291914297249,0.1133642832235544,28.0511924314366
/content/drive/MyDrive/Bharatanatyam_Digital_Twin/dataset/posture_images/extracted/new_Dataset/Swastika Augmented/dr_1_1363.jpg,dr_1_1363.jpg,Swastika Augmented,7.468294711375662,24.801835290659326,7.2736292083903695,2.0245747215241234,54.29664474224961,31.01508524452853,23.65248347917316,3.6571129325462266,5.44120315811125,20.444281897066645,14.902678456967116,83.64442937193175,0.2239145728675568,11.038017982472509,19.41159834440195,0.1010469346994316,13.60140866831614
/content/drive/MyDrive/Bharatanatyam_Digital_Twin/dataset/posture_images/extracted/new_Dataset/Swastika Augmented/dr_1_1675.jpg,dr_1_1675.jpg,Swastika Augmented,20.47376253492139,27.241873418952096,14.617843850329251,7.684459260602862,25.152785190056413,26.54725384692985,18.5005855369796,10.940973885967848,14.297884408257712,66.47032104053038,17.211627403939048,78.80886875367219,0.173432990079086,11.840142729788829,25.005290204576283,0.159064371002304,10.356073613787892
/content/drive/MyDrive/Bharatanatyam_Digital_Twin/dataset/posture_images/extracted/new_Dataset/Swastika Augmented/dr_1_1753.jpg,dr_1_1753.jpg,Swastika Augmented,22.84213693298703,24.96300202463165,0.6152254502339145,1.809817347360782,44.91705723266711,8.333435819974696,13.918883962559123,22.95283594069716,39.24057721332835,62.83720150614956,13.391286626002158,51.17719348774047,0.1821048609873365,11.130660883239718,18.98239239755842,0.0396032581900859,14.369986993970643
/content/drive/MyDrive/Bharatanatyam_Digital_Twin/dataset/posture_images/extracted/new_Dataset/Swastika Augmented/dr_1_230.jpg,dr_1_230.jpg,Swastika Augmented,4.369503103248789,22.110333632377788,0.6188537401759059,3.518004885078385,39.35894331204109,39.64831696370332,20.78602972524968,18.942104124454715,31.319184061205817,41.6487053722791,4.359731778869912,51.82752726112433,0.1717163721014457,10.564389685519162,17.25616954069449,0.0604283294831039,14.376571186379891
/content/drive/MyDrive/Bharatanatyam_Digital_Twin/dataset/posture_images/extracted/new_Dataset/Swastika Augmented/dr_1_2396.jpg,dr_1_2396.jpg,Swastika Augmented,12.722875208953553,12.561760758902096,2.8990650876161808,25.804256060194763,10.24130302922204,47.87307366929527,21.704424461582065,13.83268194321074,31.4123167945684,63.36129983592058,4.385549028387528,51.814584071920265,0.1755552120393387,12.947281865279786,15.945578607668091,0.0455288728182393,22.850738115353032
/content/drive/MyDrive/Bharatanatyam_Digital_Twin/dataset/posture_images/extracted/new_Dataset/Swastika Augmented/dr_1_2944.jpg,dr_1_2944.jpg,Swastika Augmented,24.019427393949393,54.12705006029774,33.00272700965872,10.875709819189378,40.62471511699332,2.9043852822117877,21.8518843070133,8.776257033637364,10.283106578991976,13.951811949967976,13.172343437861713,9.499928745549704,0.3276613009665038,13.521351033534753,25.944274137986906,0.0980997974671518,14.521679165150204
/content/drive/MyDrive/Bharatanatyam_Digital_Twin/dataset/posture_images/extracted/new_Dataset/Swastika Augmented/dr_1_3040.jpg,dr_1_3040.jpg,Swastika Augmented,18.05786865999262,35.418531624558526,30.431732503211173,14.535954168509646,35.05650251825931,29.894182099616494,27.479592822399155,4.505009102519864,5.602541236018908,2.252542537070667,8.734965099868598,3.6805243762267903,0.3919311635307813,11.047503037346615,23.2938564188902,0.1044332064852912,9.744219486664358
/content/drive/MyDrive/Bharatanatyam_Digital_Twin/dataset/posture_images/extracted/new_Dataset/Swastika Augmented/dr_1_3207.jpg,dr_1_3207.jpg,Swastika Augmented,22.380394121136874,25.870988759436756,10.062551010518462,5.32304500940209,20.06223120554294,28.42677380421972,15.9686502574208,1.2332161966284134,16.29119844782403,51.51826600688446,10.138121685613374,76.63075301903461,0.1805127360289342,10.794218166757185,22.992577052579197,0.1063488643817614,9.283728583310596
/content/drive/MyDrive/Bharatanatyam_Digital_Twin/dataset/posture_images/extracted/new_Dataset/Swastika Augmented/dr_1_3264.jpg,dr_1_3264.jpg,Swastika Augmented,18.641597264646705,21.90621786371706,9.77292524521388,9.055502563742712,77.79476926206415,55.0697168166722,37.92322847192324,15.25181079102012,27.14834554529574,64.09414440084083,0.8739073164648719,56.52033245874253,0.2256848616836125,14.622550068354428,25.930095741685083,0.02404899005908,17.913505473319116
/content/drive/MyDrive/Bharatanatyam_Digital_Twin/dataset/posture_images/extracted/new_Dataset/Swastika Augmented/dr_1_3283.jpg,dr_1_3283.jpg,Swastika Augmented,9.888749082551001,13.101242252921082,1.0001910298018806,0.6037291565587878,32.06760933237292,23.589165270982228,14.315173697428952,4.984325011115576,8.346256718749695,7.855243243915444,10.44575756402275,58.55744737379173,0.3000112209186729,8.405095184472726,12.65487063029279,0.0363109925404539,12.524103930584934
/content/drive/MyDrive/Bharatanatyam_Digital_Twin/dataset/posture_images/extracted/new_Dataset/Swastika Augmented/dr_1_3312.jpg,dr_1_3312.jpg,Swastika Augmented,122.73505337237948,114.47325048589002,86.53192165575628,47.51391432824769,30.221425103663517,3.303983295713696,41.89281109584529,7.338214931903317,16.444827541729385,24.49942151333527,2.302913088872741,47.40611930189853,0.3482927091479287,24.82984807503073,64.0687063671613,0.1378792254551721,10.282958632475728
/content/drive/MyDrive/Bharatanatyam_Digital_Twin/dataset/posture_images/extracted/new_Dataset/Swastika Augmented/dr_1_3362.jpg,dr_1_3362.jpg,Swastika Augmented,10.718997961507455,36.28117584573375,11.473054372209388,22.09288506357282,23.58737311665608,23.71946431830322,20.218194217685376,22.389883212759703,0.6261741953201164,10.209138947249706,4.620450728642254,6.60892615458971,0.3561452667332141,9.928188235802136,24.195119291737225,0.07504660190422,5.514398813764966
/content/drive/MyDrive/Bharatanatyam_Digital_Twin/dataset/posture_images/extracted/new_Dataset/Swastika Augmented/dr_1_3396.jpg,dr_1_3396.jpg,Swastika Augmented,110.82053101085998,99.29451627426752,33.6440789382663,11.122669475517007,15.42707891465662,30.763964588570538,22.739447979252617,13.124243414609232,5.597825696595057,1.6516766533579643,5.967523664875467,41.11277955291066,0.3717709175327093,25.51427270844232,61.89480543760446,0.145399257575485,14.50261343014702
/content/drive/MyDrive/Bharatanatyam_Digital_Twin/dataset/posture_images/extracted/new_Dataset/Swastika Augmented/dr_1_3606.jpg,dr_1_3606.jpg,Swastika Augmented,25.725745603033644,28.75643998291919,7.1574094639319865,0.8382215162677058,72.64755106294105,33.68675689188096,28.582484733755425,14.0225991239096,20.02085894658416,22.49531423746532,1.454656431420116,79.11688713293321,0.2198333352793098,16.1803286979632,28.110077729328264,0.073281701240921,20.35762666332041
/content/drive/MyDrive/Bharatanatyam_Digital_Twin/dataset/posture_images/extracted/new_Dataset/Swastika Augmented/dr_1_3630.jpg,dr_1_3630.jpg,Swastika Augmented,12.033389437072103,10.555243452859173,3.1837589127877486,8.320232859544516,54.29804729813611,49.75417309214858,28.88905304065424,20.80868738534079,29.09684269564173,36.71116909430762,5.768717204293862,61.289952044996525,0.3127134420374151,12.069653208746368,19.137478792142485,0.0764596836843468,16.99502115041227
/content/drive/MyDrive/Bharatanatyam_Digital_Twin/dataset/posture_images/extracted/new_Dataset/Swastika Augmented/dr_1_375.jpg,dr_1_375.jpg,Swastika Augmented,6.494269783107342,13.610018315956317,2.161409079392812,25.55102204534281,37.86977858132518,28.276742329259264,23.46473800883001,5.518090446641054,5.870232019407865,26.73109585938124,13.873620542574812,47.315186636944965,0.2652717466374641,9.487525633786989,15.70817951090538,0.0826808671820352,12.67171652327355
/content/drive/MyDrive/Bharatanatyam_Digital_Twin/dataset/posture_images/extracted/new_Dataset/Swastika Augmented/dr_1_3778.jpg,dr_1_3778.jpg,Swastika Augmented,17.455076414852485,21.92087990679717,15.756560268821543,2.836341037602045,10.34906503524928,12.34932811134736,10.32282361325506,16.227156787253872,9.07701762456528,1.823900754941603,1.9994855923665615,76.83575441796657,0.1978151754252405,12.731338419850568,21.463992112966498,0.1008656637894741,16.629157482795737
/content/drive/MyDrive/Bharatanatyam_Digital_Twin/dataset/posture_images/extracted/new_Dataset/Swastika Augmented/dr_1_3810.jpg,dr_1_3810.jpg,Swastika Augmented,100.17223711463177,99.70840949223617,29.6259868668708,85.6297314139424,15.837742141725114,26.85099273851121,39.48611329026238,9.61790354762337,1.962124600839303,19.00304929667968,1.4898041877815686,53.41089809861912,0.3123132858112437,23.56150114925642,59.00388724269038,0.0954153510930093,11.585200853985867
/content/drive/MyDrive/Bharatanatyam_Digital_Twin/dataset/posture_images/extracted/new_Dataset/Swastika Augmented/dr_1_3866.jpg,dr_1_3866.jpg,Swastika Augmented,43.84096916247631,37.127383102073374,8.111159406346708,6.573583015045218,35.95182427456809,6.914251760545981,14.387704614126498,7.032706968844397,1.757321903026366,26.27971637927892,12.10133796898036,31.41708465682817,0.282266941593599,14.65308205343805,29.752477503028125,0.1045482675363587,14.102220389749672
/content/drive/MyDrive/Bharatanatyam_Digital_Twin/dataset/posture_images/extracted/new_Dataset/Swastika Augmented/dr_1_4359.jpg,dr_1_4359.jpg,Swastika Augmented,28.37492398476465,7.555524881184197,4.882326527981592,0.0844236402962143,15.96636273913002,38.19521882211339,14.782082932380304,3.4475472504828417,12.381230945879622,13.578329972210668,14.399056392487571,7.113972136728326,0.330763331351679,13.663000608143577,22.40880274448228,0.0968682851726631,18.48333079477578
/content/drive/MyDrive/Bharatanatyam_Digital_Twin/dataset/posture_images/extracted/new_Dataset/Swastika Augmented/dr_1_4553.jpg,dr_1_4553.jpg,Swastika Augmented,72.53272747923108,83.43315610529925,87.91126822451695,107.71241762861884,20.429565911387165,43.17787675862168,64.80778213078617,34.409538515515884,34.69596206865449,88.29836336170209,10.065976699534689,63.583701187030975,0.2269543136262048,25.685553001422026,47.23954318608291,0.0802399907179306,29.736875827465227
/content/drive/MyDrive/Bharatanatyam_Digital_Twin/dataset/posture_images/extracted/new_Dataset/Swastika Augmented/dr_1_4596.jpg,dr_1_4596.jpg,Swastika Augmented,17.137954245508332,28.11286546960779,27.607418279202523,45.80462191959168,68.76879198990731,29.83962273344069,43.00511373053556,0.7094023234580998,14.4776350032831,33.28759148492003,13.53841505041522,75.98680184029004,0.2193244308703063,16.86140314713346,24.581322895836443,0.2417656712118484,25.76112087435208
/content/drive/MyDrive/Bharatanatyam_Digital_Twin/dataset/posture_images/extracted/new_Dataset/Swastika Augmented/dr_1_4902.jpg,dr_1_4902.jpg,Swastika Augmented,11.798071845006886,20.056518147452948,6.773893962152214,11.807748374483037,31.56988371283616,47.72840262884252,24.469982169578483,5.224929939635956,9.10974773083396,23.652194786836475,19.365298489434352,27.3883065758204,0.2360600317395518,10.265289039339445,19.670440776156045,0.1288097210276537,10.996616620834631
/content/drive/MyDrive/Bharatanatyam_Digital_Twin/dataset/posture_images/extracted/new_Dataset/Swastika Augmented/dr_1_5122.jpg,dr_1_5122.jpg,Swastika Augmented,0.6253780973343481,33.24361052430512,2.143404879446116,3.961658679780636,12.26985110385144,17.779149104003768,9.03851594177049,6.980384335568118,15.424559033469848,19.130342232470696,14.31349943130008,13.013568650101009,0.3299014166834788,10.416980088438146,13.549354616030245,0.1019404661802153,17.59964518310398
/content/drive/MyDrive/Bharatanatyam_Digital_Twin/dataset/posture_images/extracted/new_Dataset/Swastika Augmented/dr_1_5165.jpg,dr_1_5165.jpg,Swastika Augmented,26.709015334225256,11.862751576353148,2.6646700482147967,7.602697269373447,5.271505602469705,10.38350699260503,6.480594978165744,15.690227933736,2.296715322128261,20.29078678880024,9.64335578808876,29.845611849585158,0.3361170940895154,12.210606877233516,17.006844728329384,0.1244715365748205,19.50050436679635
/content/drive/MyDrive/Bharatanatyam_Digital_Twin/dataset/posture_images/extracted/new_Dataset/Swastika Augmented/dr_1_5247.jpg,dr_1_5247.jpg,Swastika Augmented,15.973184982154855,8.353852573648759,8.885606439301808,19.91032213119488,49.63604471536857,32.25602433853243,27.67199940609942,12.573555422417172,0.3448451151896514,30.20321077606958,9.931152797713244,47.92625353182785,0.2677539414856657,7.62540906628972,15.930904789390349,0.1112364922693695,6.834085917209443
/content/drive/MyDrive/Bharatanatyam_Digital_Twin/dataset/posture_images/extracted/new_Dataset/Swastika Augmented/dr_1_5301.jpg,dr_1_5301.jpg,Swastika Augmented,22.527753872757927,28.486784881446525,3.393851450188744,0.1316599544067078,69.84134874945015,39.18132815126471,28.13704707632758,14.23117653836718,11.695426111211304,15.450063197612195,3.742737213265647,78.58569762022944,0.2085658148018243,16.54309533804165,27.237586109787745,0.1239381557540562,22.26776174858314
/content/drive/MyDrive/Bharatanatyam_Digital_Twin/dataset/posture_images/extracted/new_Dataset/Swastika Augmented/dr_1_5372.jpg,dr_1_5372.jpg,Swastika Augmented,23.022193142817994,26.064306122571637,13.371162807121372,11.687047037698534,24.66445253160737,59.60193328610883,27.33114891563403,4.698601393925287,2.4901469003010845,31.75841634135,22.30630971947796,74.0464046943749,0.2449813604673283,13.941956710886677,24.69986161788039,0.1005683929500587,17.025440121829575
/content/drive/MyDrive/Bharatanatyam_Digital_Twin/dataset/posture_images/extracted/new_Dataset/Swastika Augmented/dr_1_5448.jpg,dr_1_5448.jpg,Swastika Augmented,33.62473717372927,3.852309965228386,0.4209349710544773,1.535924629472569,31.37306304613559,20.09101557216635,13.355234554707248,9.02566085609098,8.977223367202953,5.371004813866506,0.9960147854208938,38.41234720382441,0.4038947131139525,10.1993439235834,16.63732825101446,0.1676613212134473,13.793042198522294
/content/drive/MyDrive/Bharatanatyam_Digital_Twin/dataset/posture_images/extracted/new_Dataset/Swastika Augmented/dr_1_5541.jpg,dr_1_5541.jpg,Swastika Augmented,24.3137919742926,29.488813434389826,4.36077639107949,0.7616005310984203,36.99317557152388,21.38989476570838,15.876361814852542,23.355918548801668,31.525218313389612,89.0589674529103,15.372451107912678,81.58060163922929,0.2004720485085154,11.931980426272878,25.48978616205376,0.1412487543873933,10.16490636237748
/content/drive/MyDrive/Bharatanatyam_Digital_Twin/dataset/posture_images/extracted/new_Dataset/Swastika Augmented/dr_1_6129.jpg,dr_1_6129.jpg,Swastika Augmented,14.040666366101377,16.063776252494065,4.117562509963413,3.3526872491081425,8.52009116132561,12.416294058292774,7.101658744672485,14.553413928010087,23.64893735913727,86.14541916654161,4.513667071050425,47.77835449506125,0.2316555523195547,11.71744508718004,15.821679545593446,0.0756477026068948,19.25500801333977
/content/drive/MyDrive/Bharatanatyam_Digital_Twin/dataset/posture_images/extracted/new_Dataset/Swastika Augmented/dr_1_6300.jpg,dr_1_6300.jpg,Swastika Augmented,18.042070299241928,25.554209938269892,4.081849501835314,8.547880187666571,42.61577222108811,19.988774400849422,18.80856907785985,5.571617609143023,20.108691768716827,56.835583870513176,0.6576244024609849,55.03348730421402,0.2627793934096136,8.809799002934975,18.61831985656874,0.1120118156942613,7.6990653365419215
/content/drive/MyDrive/Bharatanatyam_Digital_Twin/dataset/posture_images/extracted/new_Dataset/Swastika Augmented/dr_1_6801.jpg,dr_1_6801.jpg,Swastika Augmented,24.511553821514738,16.547389554948467,30.970610987554792,16.92904961454194,12.786821161812528,34.36265354354392,23.762283826863293,11.639734015195812,22.42007073148602,73.13101793415971,5.724721868524121,44.18009694077488,0.2039852483836849,10.433434880013488,16.3580101630792,0.0791839112358756,14.86311056572539
/content/drive/MyDrive/Bharatanatyam_Digital_Twin/dataset/posture_images/extracted/new_Dataset/Swastika Augmented/dr_1_6808.jpg,dr_1_6808.jpg,Swastika Augmented,30.24281791374824,17.752077000036508,39.64926464414884,16.754632571246756,42.52164894735645,39.87855957349566,34.70102643406193,25.61492823041823,3.1852451716819985,64.0441850720251,9.128981834134803,59.03965215671445,0.2051311442587473,13.65531691618223,23.78318482954861,0.1255343156993314,17.057231603298746
/content/drive/MyDrive/Bharatanatyam_Digital_Twin/dataset/posture_images/extracted/new_Dataset/Swastika Augmented/dr_1_6881.jpg,dr_1_6881.jpg,Swastika Augmented,29.948073152651844,26.8826781569,2.711722476224118,1.1887232146974898,50.92672561702212,22.62351207079259,19.362670844684075,3.132852347007628,5.864762100400668,13.404435697145232,13.640702714679223,35.31720202624267,0.2121237110347871,11.654451715999302,23.416822632179706,0.1427952270659668,11.40373728875224
/content/drive/MyDrive/Bharatanatyam_Digital_Twin/dataset/posture_images/extracted/new_Dataset/Swastika Augmented/dr_1_7219.jpg,dr_1_7219.jpg,Swastika Augmented,23.00886398021501,13.902121998856487,1.8707680246478149,7.83579936124355,52.10352208027146,34.29197424575961,24.025515927980607,17.37220111174244,18.86056179239173,23.687046278964942,5.747109499731004,43.27932630759354,0.2635058798563506,11.00210286872911,20.27497125758075,0.0447316875215694,12.68660566108501
/content/drive/MyDrive/Bharatanatyam_Digital_Twin/dataset/posture_images/extracted/new_Dataset/Swastika Augmented/dr_1_8208.jpg,dr_1_8208.jpg,Swastika Augmented,11.782057546555038,5.6814500964559755,20.007647907805005,14.696744599740653,0.0042450640503106,32.8723898898311,16.895256865356767,4.674677863311219,25.130669242212328,48.69169614922679,9.847874572883043,84.35732243809449,0.2536366237143304,11.865465160174542,21.51579114760987,0.0598334466465885,14.020770886267162
/content/drive/MyDrive/Bharatanatyam_Digital_Twin/dataset/posture_images/extracted/new_Dataset/Swastika Augmented/dr_1_8584.jpg,dr_1_8584.jpg,Swastika Augmented,46.95562805671594,101.2898817548681,58.54256561336623,85.55578603147309,31.883236016702497,31.76693302486253,51.93713017160109,5.723317168320449,23.00775494486149,78.88264641226404,8.621544686404588,62.122415499284415,0.2019674313607848,23.435858456365384,50.26678736116367,0.1938725305194418,19.846915477413035
/content/drive/MyDrive/Bharatanatyam_Digital_Twin/dataset/posture_images/extracted/new_Dataset/Swastika Augmented/dr_1_8599.jpg,dr_1_8599.jpg,Swastika Augmented,22.53800945261314,25.970364330575777,11.428112265284796,5.891283602326061,40.48591966444033,15.565134637298508,18.342612542337424,15.59843665084648,26.326490550562937,71.96034053744222,2.149474087360252,59.33344612422734,0.1865384457394987,8.609975975561152,18.68949895284285,0.1540252268235394,6.986403747017068
/content/drive/MyDrive/Bharatanatyam_Digital_Twin/dataset/posture_images/extracted/new_Dataset/Swastika Augmented/dr_1_8697.jpg,dr_1_8697.jpg,Swastika Augmented,21.093571559205827,17.755138274346166,3.8304298261721264,1.127240968734352,71.78029041707462,34.37156480495456,27.777381504233915,13.47275821805337,2.560322175530655,56.91719324255691,7.409896940918288,84.84658887623709,0.3354034513636152,12.556136075792244,21.80249482159889,0.1553358201415456,15.71057758563629
/content/drive/MyDrive/Bharatanatyam_Digital_Twin/dataset/posture_images/extracted/new_Dataset/Swastika Augmented/dr_1_877.jpg,dr_1_877.jpg,Swastika Augmented,24.274336037847533,23.010803485861445,8.578018048224772,2.727448044070925,18.95454118101617,15.800255592515564,11.515065716456858,4.280796612638596,8.381567800742545,87.85024392439078,12.436843445079582,64.08460772718425,0.235971670970754,12.4130223111975,22.27358375370547,0.0849549069741768,14.880528272912857
/content/drive/MyDrive/Bharatanatyam_Digital_Twin/dataset/posture_images/extracted/new_Dataset/Swastika Augmented/dr_1_891.jpg,dr_1_891.jpg,Swastika Augmented,20.212820577768838,29.917112741791698,2.552520681370392,5.592000104771224,53.19193411634953,44.421272846793805,26.43943193732124,12.593716016329608,8.58060646341886,1.7719177388592804,1.2753328847679857,55.616959011026175,0.2247802426214617,14.717435054834256,25.91818094275903,0.1296510330076465,18.104473188736087
/content/drive/MyDrive/Bharatanatyam_Digital_Twin/dataset/posture_images/extracted/new_Dataset/Swastika Augmented/dr_1_9280.jpg,dr_1_9280.jpg,Swastika Augmented,16.823220685419116,21.73885038509087,0.1595146155006612,11.19395831493154,37.456894130418696,25.959845450813823,18.692553127916177,24.611861713047038,23.732207780649247,54.09635133597408,10.575041653079715,70.3123987338496,0.1909142664852616,8.840072347269114,18.043450210230755,0.0730836573729857,8.403683174203602
/content/drive/MyDrive/Bharatanatyam_Digital_Twin/dataset/posture_images/extracted/new_Dataset/Swastika Augmented/dr_1_9387.jpg,dr_1_9387.jpg,Swastika Augmented,20.090698065130653,23.93464525230793,9.44809450292504,8.485220004794298,33.12783198718364,18.09676654104086,17.289478258985962,19.87809420911424,20.94342690156294,31.581029303774745,14.986236043765652,56.11367134377748,0.2109469734217605,7.843505561813512,17.26719074195292,0.0423877574665606,6.220938186021055
/content/drive/MyDrive/Bharatanatyam_Digital_Twin/dataset/posture_images/extracted/new_Dataset/Swastika Augmented/dr_1_9406.jpg,dr_1_9406.jpg,Swastika Augmented,22.343853164197284,22.190629315459105,8.429170472667527,0.6392554577088448,15.850105546713914,25.76429021138319,12.670705422118369,12.311033256980682,3.509006948737428,33.44251283025905,4.018696476731551,72.0237950537024,0.2427844350771715,10.723922887147424,19.19063242947521,0.0730143321889901,12.908121899778068
/content/drive/MyDrive/Bharatanatyam_Digital_Twin/dataset/posture_images/extracted/new_Dataset/Swastika Augmented/dr_1_946.jpg,dr_1_946.jpg,Swastika Augmented,15.326961040395247,20.125767653499636,0.665642618192552,4.741351639631973,65.95267629402123,2.6738953377158903,18.50839147239041,7.306705999078798,30.498462937726057,88.13556667792771,11.995461885442424,80.66110731261105,0.2589611976635365,12.268392211277268,17.177103657764256,0.0177457351312384,19.610327240936314
/content/drive/MyDrive/Bharatanatyam_Digital_Twin/dataset/posture_images/extracted/new_Dataset/Swastika Augmented/dr_1_9630.jpg,dr_1_9630.jpg,Swastika Augmented,75.354249247581,57.43918918912953,50.24492597353404,39.84253499383957,24.576861119829594,9.179690943654812,30.961003257714506,8.323466788211217,11.542810130194376,10.01832812973805,10.088225981846874,79.61411965410556,0.2894179918872794,20.583696767981948,45.97742880964215,0.08445477022767,15.689206724076024
/content/drive/MyDrive/Bharatanatyam_Digital_Twin/dataset/posture_images/extracted/new_Dataset/Swastika Augmented/dr_1_9701.jpg,dr_1_9701.jpg,Swastika Augmented,25.89148985811859,13.402270574739676,10.64599553562254,5.192400719673222,23.82965175644455,27.941958061465645,16.90250151830149,29.418545231060875,47.06337742229039,35.93186323593816,8.558431755560754,67.09137712332335,0.2346441399793179,8.613541099833212,17.486434194946106,0.1004989018218104,8.253690202731713
/content/drive/MyDrive/Bharatanatyam_Digital_Twin/dataset/posture_images/extracted/new_Dataset/Swastika Augmented/dr_1_9974.jpg,dr_1_9974.jpg,Swastika Augmented,31.724345490307407,55.89955789111263,38.92511959916269,8.115955931518663,31.500372903035128,27.47493137907598,26.504094953198116,17.637473372685577,13.96691164944093,20.488614267464897,16.3662560825521,11.808944978428176,0.4485282328972191,14.777486480180412,32.015906641738134,0.0930748573966835,12.223477941406417
/content/drive/MyDrive/Bharatanatyam_Digital_Twin/dataset/posture_images/extracted/new_Dataset/Ardhamandalam Augmented/dr_0_2102.jpg,dr_0_2102.jpg,Ardhamandalam Augmented,94.68795216374356,63.199089661132604,5.379187389821603,2.974673137777795,94.07810350834136,71.80148422282919,43.55836206469248,70.72704983619805,87.29692370070957,57.82931105425807,58.27804372221113,77.90240518699048,0.1062171445762675,29.325780789820914,57.91235924992773,0.2107832210309501,29.85419989850406
/content/drive/MyDrive/Bharatanatyam_Digital_Twin/dataset/posture_images/extracted/new_Dataset/Ardhamandalam Augmented/dr_1_4960.jpg,dr_1_4960.jpg,Ardhamandalam Augmented,2.5595146799319437,24.358956051830184,0.1693336819193731,8.364083046127856,12.81163855096124,2.023343218684156,5.842099624423157,75.41804415476402,75.87520379405954,75.75742897685649,77.05800026347666,81.330668727416,0.3150769876265825,6.534222509070216,12.272138919675408,0.0733098618911197,7.257218745644121
/content/drive/MyDrive/Bharatanatyam_Digital_Twin/dataset/posture_images/extracted/new_Dataset/Garuda Augmented/dr_0_4031.jpg,dr_0_4031.jpg,Garuda Augmented,64.69320855252036,70.15604005374774,158.68267203515938,175.9016022803658,12.605543164138522,7.478951145647561,88.66719215632781,84.69844888060022,83.73171885187678,43.254339543238935,83.55173499554935,43.54624718256371,0.0825010998708136,31.48461445769517,36.99460436960686,0.281378716429391,57.17786028704924
/content/drive/MyDrive/Bharatanatyam_Digital_Twin/dataset/posture_images/extracted/new_Dataset/Nagabandham Augmented/dr_3_2161.jpg,dr_3_2161.jpg,Nagabandham Augmented,38.61715428634678,14.985889514936993,16.124661811130284,20.88508385545969,38.51820490079161,9.730996108753247,21.314736669033707,49.05904143857208,57.90102841663857,60.3836181632814,47.53063356680198,74.48088504079925,0.2161447455031088,9.093043409084013,20.52553148649457,0.1002737200391758,6.65332502071829
/content/drive/MyDrive/Bharatanatyam_Digital_Twin/dataset/posture_images/extracted/new_Dataset/Nataraj Augmented/dr_0_1467.jpg,dr_0_1467.jpg,Nataraj Augmented,6.677798401461254,21.583321621514195,4.566224340654623,21.82301308838016,23.662678176008317,0.6515217736972339,12.67585934468508,75.53432072485364,60.09360368327626,32.78843060535636,65.94573080067026,72.33680671728943,0.240526850963462,10.742285734355857,17.275174596665355,0.1403817076614776,14.811300898740734
/content/drive/MyDrive/Bharatanatyam_Digital_Twin/dataset/posture_images/extracted/new_Dataset/Nataraj Augmented/dr_4_5474.jpg,dr_4_5474.jpg,Nataraj Augmented,27.29502423524415,10.545803406558278,6.729769949356669,16.790858863191506,13.26226403950991,12.0985998097638,12.22037316545547,73.67342033115693,73.83317673443138,43.1182773282265,78.06749541059655,48.43018279776547,0.1887968490344218,10.862096888125812,17.777880998636775,0.2561966152937052,14.552213050446955
/content/drive/MyDrive/Bharatanatyam_Digital_Twin/dataset/posture_images/extracted/new_Dataset/Nataraj Augmented/dr_6_6330.jpg,dr_6_6330.jpg,Nataraj Augmented,51.35767561013854,71.26335082398596,0.4324227190064649,59.22072706487256,8.072718667840853,21.36878461505581,22.273663266693923,83.80005509038142,86.05803381074689,60.85079066180623,81.51680993779593,20.22500107004945,0.2414457144970252,22.391918808529685,51.12606388633739,0.1097775116160203,15.939915027635642
/content/drive/MyDrive/Bharatanatyam_Digital_Twin/dataset/posture_images/extracted/new_Dataset/Nataraj Augmented/dr_7_3375.jpg,dr_7_3375.jpg,Nataraj Augmented,17.981868489977842,30.65373739000384,37.10288291340273,62.463950052350135,24.49541369052456,23.316416556010736,36.84466580307204,76.08046044913527,57.31793407039043,9.947757530598318,73.87844751191679,41.911803186384816,0.2196472555434728,10.426366586140686,18.207391132048635,0.3326084026394444,12.73910022373398
/content/drive/MyDrive/Bharatanatyam_Digital_Twin/dataset/posture_images/extracted/new_Dataset/Nataraj Augmented/dr_7_5826.jpg,dr_7_5826.jpg,Nataraj Augmented,16.558483714189904,20.61805889259175,38.44074165721469,35.5595592838363,16.34163793359031,2.5110773189478413,23.213254048397285,84.45121272318677,73.25958934268547,5.00657849950689,85.99589005076095,48.77783931440135,0.2352603965429898,7.241829736190977,12.777413010374724,0.1127805793839507,8.835295618814257
/content/drive/MyDrive/Bharatanatyam_Digital_Twin/dataset/posture_images/extracted/new_Dataset/Nataraj Augmented/dr_7_6246.jpg,dr_7_6246.jpg,Nataraj Augmented,27.164288274661782,8.692362649663892,44.0132209481821,14.229195958012625,33.025122932576615,14.23866494369369,26.37655119561626,89.10178849464438,80.04502668441123,5.164090763340198,87.63477184428976,39.34672186652508,0.1654934542595527,10.40369026132218,15.221555464717616,0.1256828445021382,15.863832474746788
/content/drive/MyDrive/Bharatanatyam_Digital_Twin/dataset/posture_images/extracted/new_Dataset/Nataraj Augmented/dr_7_6615.jpg,dr_7_6615.jpg,Nataraj Augmented,14.606028357369885,14.825397613213845,18.2408482746447,28.763316978943536,55.80376614347392,6.0541772048489735,27.215527150477783,85.64932509574331,68.53737639412685,2.7099813995566864,84.21889469321636,42.68313947396986,0.1774562722517385,9.021380156738449,15.920889849745617,0.0936206585989521,11.049629961870776
/content/drive/MyDrive/Bharatanatyam_Digital_Twin/dataset/posture_images/extracted/new_Dataset/Nataraj Augmented/dr_7_9591.jpg,dr_7_9591.jpg,Nataraj Augmented,15.70968206778818,48.30984480973857,9.293698989949046,89.07076328626377,68.65477883682777,26.56532778098297,48.39614222350588,76.7189451754021,89.21539955529559,16.709885704889416,80.58669183585567,42.59744806662489,0.2534825616091302,18.17993450783887,26.37248820471178,0.1284583885140622,28.03885693029077
/content/drive/MyDrive/Bharatanatyam_Digital_Twin/dataset/posture_images/extracted/new_Dataset/Nataraj Augmented/dr_7_9614.jpg,dr_7_9614.jpg,Nataraj Augmented,38.45568570347904,54.62424219401267,66.42465663381265,109.77331932006184,0.4438452170978773,5.73939923666252,45.59530510190872,81.80049166010126,80.92531213690715,89.82042872815077,87.09483490982068,81.30824913588229,0.1136143968819835,27.585023409910217,44.37806578494928,0.1179671059439326,38.259037338837445
/content/drive/MyDrive/Bharatanatyam_Digital_Twin/dataset/posture_images/extracted/new_Dataset/Nataraj Augmented/dr_8_2913.jpg,dr_8_2913.jpg,Nataraj Augmented,34.820918105954924,25.62308011033199,56.51170645148598,45.0319773276125,11.296566310847236,13.366998804002767,31.55181222348712,67.23830674698176,74.0045191229918,8.236628473010796,66.98225577533293,36.541280959173314,0.2738756641274691,10.94766765797396,17.823752425524354,0.2296102334655169,14.78964031493201
/content/drive/MyDrive/Bharatanatyam_Digital_Twin/dataset/posture_images/extracted/new_Dataset/Nataraj Augmented/dr_8_5934.jpg,dr_8_5934.jpg,Nataraj Augmented,10.568743081058528,31.479594254026647,13.086428830020314,65.92198330344705,10.33290285146708,13.29858685620299,25.65997546028436,1.1738934850416172,3.6895953942185145,1.5365288221305209,33.230895546697035,28.07328027416447,0.124107216153946,12.934543822206926,25.1090764895078,0.1230478503257532,13.571507126787226
/content/drive/MyDrive/Bharatanatyam_Digital_Twin/dataset/posture_images/extracted/new_Dataset/Samapadam Augmented/dr_0_6472.jpg,dr_0_6472.jpg,Samapadam Augmented,47.09777821588103,64.62612159089286,10.471556975442976,0.0323523878882249,53.24525994691245,30.97784182548104,23.681752783931174,5.700139271338784,5.712352264043976,5.048737957310334,6.023784385759735,15.11249224597351,0.1897832697041924,19.39360668943186,39.3513289578537,0.0330758092924637,18.796415301149413
