image_path,image_name,class,detection_method,left_elbow_angle,right_elbow_angle,left_shoulder_angle,right_shoulder_angle,left_hip_angle,right_hip_angle,left_knee_angle,right_knee_angle,shoulder_width,hip_width,knee_distance,ankle_distance,knee_angle_difference,hip_angle_difference,elbow_angle_difference,shoulder_angle_difference
/content/drive/MyDrive/Bharatanatyam_Digital_Twin/dataset/posture_images/extracted/new_Dataset/Ardhamandalam Augmented/dr_0_1332.jpg,dr_0_1332.jpg,Ardhamandalam Augmented,confidence_0.2,148.83847500824015,162.27426731727502,112.24764533571836,117.92524780454325,53.06323934377672,63.087469726716684,24.599291984942003,24.593172156081742,0.2936050326981314,0.16228688968746066,0.3819759231420887,0.14248646532357706,0.006119828860260412,10.024230382939962,13.435792309034866,5.677602468824887
/content/drive/MyDrive/Bharatanatyam_Digital_Twin/dataset/posture_images/extracted/new_Dataset/Ardhamandalam Augmented/dr_0_1369.jpg,dr_0_1369.jpg,Ardhamandalam Augmented,confidence_0.2,127.76405475414327,113.15253082534845,98.12874141392614,90.95020832808511,54.24793546095436,49.21669979566556,28.798288226716178,23.16837816418423,0.08558147211594166,0.05035580412662154,0.10039063962625226,0.045730769908047655,5.629910062531948,5.031235665288797,14.611523928794824,7.178533085841025
/content/drive/MyDrive/Bharatanatyam_Digital_Twin/dataset/posture_images/extracted/new_Dataset/Ardhamandalam Augmented/dr_0_1403.jpg,dr_0_1403.jpg,Ardhamandalam Augmented,confidence_0.2,103.73174044464102,163.1729893161811,80.11806864832619,107.54245586970944,99.90063722269349,70.13441147870685,28.863519130117105,35.88152120349272,0.35907823262210686,0.2090210785513606,0.4751001360815854,0.47344278130559087,7.018002073375612,29.766225743986638,59.44124887154007,27.424387221383256
/content/drive/MyDrive/Bharatanatyam_Digital_Twin/dataset/posture_images/extracted/new_Dataset/Ardhamandalam Augmented/dr_0_1943.jpg,dr_0_1943.jpg,Ardhamandalam Augmented,confidence_0.2,101.05919845147493,115.97776297415702,97.48642022761234,107.88380701885873,31.466839007380734,32.75126564975656,29.590770245117476,26.663061934276374,0.1399137471928894,0.08495921257974152,0.1542304249249428,0.09980034453469831,2.9277083108411013,1.284426642375827,14.91856452268209,10.39738679124639
/content/drive/MyDrive/Bharatanatyam_Digital_Twin/dataset/posture_images/extracted/new_Dataset/Ardhamandalam Augmented/dr_0_2289.jpg,dr_0_2289.jpg,Ardhamandalam Augmented,confidence_0.2,93.79157004307311,138.261738630646,92.62731483206058,117.6564966656267,59.76749219878452,65.74895799238844,38.3065796480058,45.62330862167627,0.26258654052191494,0.1681457993597273,0.2126659448479686,0.077442175399956,7.316728973670472,5.981465793603924,44.470168587572886,25.029181833566128
/content/drive/MyDrive/Bharatanatyam_Digital_Twin/dataset/posture_images/extracted/new_Dataset/Ardhamandalam Augmented/dr_0_2573.jpg,dr_0_2573.jpg,Ardhamandalam Augmented,confidence_0.2,165.30827389351026,157.67595040090615,132.93314356155165,91.73653507845749,127.82520916082923,92.85013000759973,124.8223907346287,89.95388353762837,0.1595372894337325,0.08394051417256713,0.1710507255103698,0.12027163258294743,34.868507197000326,34.9750791532295,7.632323492604115,41.19660848309415
/content/drive/MyDrive/Bharatanatyam_Digital_Twin/dataset/posture_images/extracted/new_Dataset/Ardhamandalam Augmented/dr_0_2797.jpg,dr_0_2797.jpg,Ardhamandalam Augmented,confidence_0.2,135.68210878369308,131.13662412479204,102.29018573469385,98.59050346340085,53.49854621821074,63.03965563327968,33.63259900073349,35.294024588146804,0.19046063585836204,0.10466502717536579,0.3542073440458951,0.14396152498294398,1.6614255874133121,9.541109415068938,4.545484658901046,3.6996822712929998
/content/drive/MyDrive/Bharatanatyam_Digital_Twin/dataset/posture_images/extracted/new_Dataset/Ardhamandalam Augmented/dr_0_2938.jpg,dr_0_2938.jpg,Ardhamandalam Augmented,confidence_0.2,161.43796901258793,156.54986764315268,62.11457513727732,121.92002110234048,72.67966579691581,77.05624437190231,33.427678481916054,35.505567163851865,0.18371818902887702,0.1031152442251351,0.32050670880135973,0.22691600857892752,2.0778886819358107,4.376578574986496,4.8881013694352475,59.805445965063164
/content/drive/MyDrive/Bharatanatyam_Digital_Twin/dataset/posture_images/extracted/new_Dataset/Ardhamandalam Augmented/dr_0_3064.jpg,dr_0_3064.jpg,Ardhamandalam Augmented,confidence_0.2,125.46235254821981,152.1465753006327,79.73096208507741,110.32221695015359,109.85201457669991,106.27985594228134,97.67031937887783,89.75645291984009,0.07726430883767905,0.04474590652704329,0.06786920391090079,0.06254104973458954,7.913866459037749,3.572158634418571,26.68422275241288,30.59125486507618
/content/drive/MyDrive/Bharatanatyam_Digital_Twin/dataset/posture_images/extracted/new_Dataset/Ardhamandalam Augmented/dr_0_3235.jpg,dr_0_3235.jpg,Ardhamandalam Augmented,confidence_0.2,147.88798533304183,100.1304100877974,59.0985552002062,108.52566137821803,13.09490275778222,148.6090322636877,115.7450762121466,121.30697238918776,0.17458620462920474,0.1297613770605355,0.20989324351177974,0.3322439365808408,5.561896177041163,135.5141295059055,47.757575245244425,49.42710617801183
/content/drive/MyDrive/Bharatanatyam_Digital_Twin/dataset/posture_images/extracted/new_Dataset/Ardhamandalam Augmented/dr_0_4053.jpg,dr_0_4053.jpg,Ardhamandalam Augmented,confidence_0.2,162.13183986089277,156.52564655993316,132.5199966908408,97.89685549307217,57.67212544402066,54.005719274001315,57.87490620047129,53.56287517048858,0.1714412603858114,0.08699047725842785,0.19049102136511292,0.10853514077005821,4.312031029982705,3.666406170019343,5.606193300959603,34.62314119776863
/content/drive/MyDrive/Bharatanatyam_Digital_Twin/dataset/posture_images/extracted/new_Dataset/Ardhamandalam Augmented/dr_0_4069.jpg,dr_0_4069.jpg,Ardhamandalam Augmented,confidence_0.2,130.30962937890172,157.1640536030195,93.57839011310448,65.7619805682694,77.73615629772162,74.79431559998177,51.54511098100607,50.470324214515934,0.18772693018269593,0.10531548873895112,0.3045490167119041,0.12384013119981031,1.074786766490135,2.941840697739849,26.854424224117793,27.816409544835082
/content/drive/MyDrive/Bharatanatyam_Digital_Twin/dataset/posture_images/extracted/new_Dataset/Ardhamandalam Augmented/dr_0_4234.jpg,dr_0_4234.jpg,Ardhamandalam Augmented,confidence_0.2,151.14823134365588,128.71289838969435,125.24010156280609,92.40130285439034,66.81685470286801,58.5189443444355,46.32317713651694,41.155239788572686,0.2041914074566592,0.11166042873501647,0.34282055407252815,0.2531462614147861,5.167937347944253,8.29791035843251,22.435332953961534,32.83879870841575
/content/drive/MyDrive/Bharatanatyam_Digital_Twin/dataset/posture_images/extracted/new_Dataset/Ardhamandalam Augmented/dr_0_4411.jpg,dr_0_4411.jpg,Ardhamandalam Augmented,confidence_0.2,140.68545275999028,139.13117605196467,88.52384529864956,70.82425249075862,118.3570005581164,102.79099837896538,158.0454370427335,117.40292695663224,0.1459894122034111,0.0855276641142268,0.16680738940626122,0.15218993925934599,40.64251008610127,15.566002179151013,1.5542767080256112,17.699592807890937
/content/drive/MyDrive/Bharatanatyam_Digital_Twin/dataset/posture_images/extracted/new_Dataset/Ardhamandalam Augmented/dr_0_4522.jpg,dr_0_4522.jpg,Ardhamandalam Augmented,confidence_0.2,154.09027755528703,173.2876226740359,108.08489631553593,39.69642763124344,38.218740082877574,42.9267652236431,31.021691473285543,31.70669573418202,0.232318262164275,0.14696730877971095,0.3651219390835489,0.21717654987209045,0.685004260896477,4.708025140765528,19.19734511874887,68.38846868429249
/content/drive/MyDrive/Bharatanatyam_Digital_Twin/dataset/posture_images/extracted/new_Dataset/Ardhamandalam Augmented/dr_0_489.jpg,dr_0_489.jpg,Ardhamandalam Augmented,confidence_0.2,123.05864632797473,146.23753413999677,70.32082957104717,111.04167772609229,47.09638354769475,29.33497857244631,146.00049719563464,117.5033909597216,0.04960120877405711,0.03084615343686913,0.06086387362850062,0.06792563185383504,28.497106235913037,17.76140497524844,23.17888781202204,40.72084815504512
/content/drive/MyDrive/Bharatanatyam_Digital_Twin/dataset/posture_images/extracted/new_Dataset/Ardhamandalam Augmented/dr_0_4946.jpg,dr_0_4946.jpg,Ardhamandalam Augmented,confidence_0.2,157.08934602991008,153.0067212998213,111.73718562030969,82.99902117586863,92.05870296556058,79.67786064987388,60.76693973643369,45.79144714916513,0.21751108882674713,0.1211293127092072,0.41256814651557194,0.3081320511476356,14.975492587268562,12.380842315686706,4.0826247300887815,28.738164444441054
/content/drive/MyDrive/Bharatanatyam_Digital_Twin/dataset/posture_images/extracted/new_Dataset/Ardhamandalam Augmented/dr_0_5369.jpg,dr_0_5369.jpg,Ardhamandalam Augmented,confidence_0.2,143.8663995923979,154.34250787446442,120.9023791912386,111.5257246750176,81.61605371044156,83.90202852496171,60.75079876506135,55.731181189174244,0.19300440978572855,0.10870218446835404,0.25272872254548606,0.24993032846260435,5.0196175758871036,2.285974814520145,10.47610828206652,9.376654516220995
/content/drive/MyDrive/Bharatanatyam_Digital_Twin/dataset/posture_images/extracted/new_Dataset/Ardhamandalam Augmented/dr_0_5511.jpg,dr_0_5511.jpg,Ardhamandalam Augmented,confidence_0.2,149.33156456053302,135.69492271397968,126.58815637281418,104.85091438733599,57.800261785224826,70.28325319369172,33.8002119573454,48.79374824567993,0.17178662007581041,0.09678482609499721,0.26893317438536346,0.24254435611132505,14.993536288334532,12.482991408466894,13.636641846553346,21.737241985478192
/content/drive/MyDrive/Bharatanatyam_Digital_Twin/dataset/posture_images/extracted/new_Dataset/Ardhamandalam Augmented/dr_0_5538.jpg,dr_0_5538.jpg,Ardhamandalam Augmented,confidence_0.2,132.7543116803911,139.12417920702552,96.3493247247141,108.58453268827523,73.45731606304552,58.28856550278981,57.671357836064146,35.77892540413483,0.08189609569260194,0.0427876219344349,0.07983477146768246,0.03985360477152329,21.892432431929315,15.168750560255717,6.369867526634408,12.235207963561137
/content/drive/MyDrive/Bharatanatyam_Digital_Twin/dataset/posture_images/extracted/new_Dataset/Ardhamandalam Augmented/dr_0_5903.jpg,dr_0_5903.jpg,Ardhamandalam Augmented,confidence_0.2,173.2826182651895,148.74700772405293,52.23412971125028,61.9957635431491,51.14095561870116,50.08596609060571,39.18453682899908,34.809102031948655,0.18478187673882185,0.10516339301453864,0.3099858471626233,0.13987999277708754,4.375434797050424,1.0549895280954544,24.535610541136577,9.76163383189882
/content/drive/MyDrive/Bharatanatyam_Digital_Twin/dataset/posture_images/extracted/new_Dataset/Ardhamandalam Augmented/dr_0_5967.jpg,dr_0_5967.jpg,Ardhamandalam Augmented,confidence_0.2,137.0210356495271,143.65452455399557,93.04502977891954,78.37419159029282,59.55240604201335,62.458070160217154,43.26056471555772,42.46520704492475,0.1849525502169566,0.1000034587084196,0.30312327443845144,0.097464914849709,0.795357670632967,2.905664118203802,6.633488904468464,14.670838188626718
/content/drive/MyDrive/Bharatanatyam_Digital_Twin/dataset/posture_images/extracted/new_Dataset/Ardhamandalam Augmented/dr_0_630.jpg,dr_0_630.jpg,Ardhamandalam Augmented,confidence_0.2,141.3490349618697,137.8804083035064,112.31632211417502,82.74301062581088,82.56435199172506,76.4565386040085,72.10728875998515,63.44114105056295,0.16588025009329382,0.09164677032657595,0.21259190942343625,0.11314921976371303,8.666147709422205,6.107813387716561,3.4686266583632914,29.57331148836414
/content/drive/MyDrive/Bharatanatyam_Digital_Twin/dataset/posture_images/extracted/new_Dataset/Ardhamandalam Augmented/dr_0_6319.jpg,dr_0_6319.jpg,Ardhamandalam Augmented,confidence_0.2,136.23474476971867,167.91089389687158,87.9215225930964,44.3180230736997,47.457565282811665,41.20356684581901,41.58777979473346,39.175321899190344,0.1816600839625863,0.1026173711762153,0.29252175476132236,0.12362249527737923,2.4124578955431133,6.253998436992653,31.67614912715291,43.6034995193967
/content/drive/MyDrive/Bharatanatyam_Digital_Twin/dataset/posture_images/extracted/new_Dataset/Ardhamandalam Augmented/dr_0_6842.jpg,dr_0_6842.jpg,Ardhamandalam Augmented,confidence_0.2,153.9344965349153,159.10494640266288,125.64940705364822,62.03618384318751,48.040537998658436,49.22975092582623,43.824237831070675,46.87009158615137,0.16828957860668042,0.09238054135933225,0.2292622048081763,0.12491557825875088,3.0458537550806923,1.1892129271677945,5.170449867747578,63.61322321046071
/content/drive/MyDrive/Bharatanatyam_Digital_Twin/dataset/posture_images/extracted/new_Dataset/Ardhamandalam Augmented/dr_0_6956.jpg,dr_0_6956.jpg,Ardhamandalam Augmented,confidence_0.2,125.0283459429323,143.32432566733064,93.029582245422,82.47881720791779,47.197391347012434,42.48315608539754,44.63077181272182,40.37576334784257,0.21702317749464034,0.11591013051316167,0.34112944748946045,0.13745863671576555,4.255008464879246,4.7142352616148955,18.295979724398336,10.55076503750422
/content/drive/MyDrive/Bharatanatyam_Digital_Twin/dataset/posture_images/extracted/new_Dataset/Ardhamandalam Augmented/dr_0_7143.jpg,dr_0_7143.jpg,Ardhamandalam Augmented,confidence_0.2,120.63151691285853,131.32223053873864,103.83560688429523,99.79507307733519,35.22253146444845,36.712331675036424,33.28697913291427,35.70983650507699,0.16472139622908907,0.09377862595228698,0.18831599256633477,0.17424872652671994,2.4228573721627242,1.4898002105879726,10.690713625880107,4.040533806960042
/content/drive/MyDrive/Bharatanatyam_Digital_Twin/dataset/posture_images/extracted/new_Dataset/Ardhamandalam Augmented/dr_0_7170.jpg,dr_0_7170.jpg,Ardhamandalam Augmented,confidence_0.2,149.79263886646734,135.8864076017122,112.93972930189673,82.37635790219241,52.09796042994564,44.76391375106424,41.055332104342924,38.13327032099724,0.18014099379434148,0.10426815573740704,0.3181584887932329,0.15008576709475654,2.922061783345683,7.3340466788814,13.90623126475515,30.563371399704323
/content/drive/MyDrive/Bharatanatyam_Digital_Twin/dataset/posture_images/extracted/new_Dataset/Ardhamandalam Augmented/dr_0_7224.jpg,dr_0_7224.jpg,Ardhamandalam Augmented,confidence_0.2,143.87630522183304,159.51563704227607,112.7377933695095,117.66498631917909,69.24810720564591,72.02320776356032,43.0814998579241,43.302932097194784,0.16346289966469077,0.09530285295326882,0.2553548291032859,0.10388647128527963,0.22143223927068334,2.7751005579144135,15.639331820443033,4.927192949669589
/content/drive/MyDrive/Bharatanatyam_Digital_Twin/dataset/posture_images/extracted/new_Dataset/Ardhamandalam Augmented/dr_0_7462.jpg,dr_0_7462.jpg,Ardhamandalam Augmented,confidence_0.2,122.05030292067538,143.92791274095103,117.05659126997452,118.06935116774437,61.65774660009506,62.27889602857537,42.51715776023833,37.780447751822216,0.21789673875971027,0.11093598541484113,0.21907487835135678,0.1716607484062829,4.736710008416111,0.6211494284803081,21.87760982027565,1.012759897769854
/content/drive/MyDrive/Bharatanatyam_Digital_Twin/dataset/posture_images/extracted/new_Dataset/Ardhamandalam Augmented/dr_0_7694.jpg,dr_0_7694.jpg,Ardhamandalam Augmented,confidence_0.2,159.41203274567746,146.69240804071265,59.92325138664062,105.99489405287189,68.64256556377866,75.62060745706131,40.66055665202666,47.47017162520079,0.2068650260879393,0.11711758093507423,0.3050004171320499,0.1909303829983271,6.809614973174128,6.978041893282651,12.719624704964815,46.07164266623126
/content/drive/MyDrive/Bharatanatyam_Digital_Twin/dataset/posture_images/extracted/new_Dataset/Ardhamandalam Augmented/dr_0_7706.jpg,dr_0_7706.jpg,Ardhamandalam Augmented,confidence_0.2,159.59732781433448,151.28465840391132,31.892386761359802,83.5369469989274,143.36142543056516,128.18905758886567,140.79899216361173,127.39841490268071,0.19619036877000623,0.13437488956086815,0.19932564788684382,0.1782156907983027,13.400577260931016,15.172367841699497,8.312669410423155,51.6445602375676
/content/drive/MyDrive/Bharatanatyam_Digital_Twin/dataset/posture_images/extracted/new_Dataset/Ardhamandalam Augmented/dr_0_7747.jpg,dr_0_7747.jpg,Ardhamandalam Augmented,confidence_0.2,146.64461928548084,87.67368190576866,106.49866204056354,51.60097737017544,45.24772571276018,44.93287957090216,27.25060728064578,27.50754827269732,0.23235186321065293,0.1517400566175509,0.3982309042203483,0.16706888288422744,0.25694099205153975,0.31484614185801973,58.97093737971218,54.8976846703881
/content/drive/MyDrive/Bharatanatyam_Digital_Twin/dataset/posture_images/extracted/new_Dataset/Ardhamandalam Augmented/dr_0_8236.jpg,dr_0_8236.jpg,Ardhamandalam Augmented,confidence_0.2,156.1758361619877,167.44942124043024,121.36161972174982,48.224855160013774,43.4221945198611,42.67880104500802,34.24319317709652,32.74530404912738,0.21708340575784144,0.12864895056200518,0.3309769568703578,0.16980138064460412,1.4978891279691453,0.7433934748530788,11.27358507844255,73.13676456173604
/content/drive/MyDrive/Bharatanatyam_Digital_Twin/dataset/posture_images/extracted/new_Dataset/Ardhamandalam Augmented/dr_0_8361.jpg,dr_0_8361.jpg,Ardhamandalam Augmented,confidence_0.2,164.52936521908632,151.69382377003336,127.4901486058561,110.30399045027606,36.29560673309092,37.020524296961945,24.309956434485123,27.26669656143079,0.23935338472331083,0.16721861859340176,0.3973147503828857,0.13495861525014563,2.956740126945668,0.7249175638710241,12.835541449052954,17.186158155580046
/content/drive/MyDrive/Bharatanatyam_Digital_Twin/dataset/posture_images/extracted/new_Dataset/Ardhamandalam Augmented/dr_0_8515.jpg,dr_0_8515.jpg,Ardhamandalam Augmented,confidence_0.2,173.09323582908334,175.5199352396064,137.55117087233003,116.85824921764737,59.7848997836905,59.020315756360155,58.212128953809774,55.979552326218936,0.18028677229501996,0.0929169589788879,0.16286114810469296,0.21041254027856252,2.232576627590838,0.7645840273303435,2.426699410523071,20.692921654682664
/content/drive/MyDrive/Bharatanatyam_Digital_Twin/dataset/posture_images/extracted/new_Dataset/Ardhamandalam Augmented/dr_0_8725.jpg,dr_0_8725.jpg,Ardhamandalam Augmented,confidence_0.2,139.69144244992103,132.80298969510807,115.04978679398768,112.38837429769761,70.77672392207711,71.26601375886989,74.56783460835548,74.83963414407488,0.2483238606735835,0.15098913831723046,0.21135198329338695,0.16664402589168267,0.27179953571939564,0.4892898367927785,6.88845275481296,2.661412496290069
/content/drive/MyDrive/Bharatanatyam_Digital_Twin/dataset/posture_images/extracted/new_Dataset/Ardhamandalam Augmented/dr_0_9305.jpg,dr_0_9305.jpg,Ardhamandalam Augmented,confidence_0.2,141.47667781407776,139.35447447512638,114.65198519149655,108.72700566084436,78.40897947268326,71.50870637992655,56.775556839264155,51.88562847732865,0.16681056793927043,0.08999699017713314,0.2475781099376037,0.13603411822863878,4.889928361935503,6.900273092756706,2.1222033389513797,5.924979530652195
/content/drive/MyDrive/Bharatanatyam_Digital_Twin/dataset/posture_images/extracted/new_Dataset/Ardhamandalam Augmented/dr_0_9340.jpg,dr_0_9340.jpg,Ardhamandalam Augmented,confidence_0.2,109.69072807003855,126.87694505503032,45.90031110835872,82.19914780086546,92.75337797501392,86.37327827248939,118.802903299989,55.58792354174431,0.12113854206077464,0.07131117607248573,0.10412355531023729,0.21863225862077568,63.21497975824469,6.380099702524532,17.186216984991773,36.29883669250674
/content/drive/MyDrive/Bharatanatyam_Digital_Twin/dataset/posture_images/extracted/new_Dataset/Ardhamandalam Augmented/dr_0_985.jpg,dr_0_985.jpg,Ardhamandalam Augmented,confidence_0.2,155.09279608833978,148.6146384721612,126.91627985441144,21.571224458964114,39.3651819603341,34.10458915775892,45.03561194590076,36.185814762860076,0.1747524424596951,0.10503374333170197,0.23227810712813898,0.1844200920656355,8.849797183040685,5.260592802575175,6.478157616178578,105.34505539544733
/content/drive/MyDrive/Bharatanatyam_Digital_Twin/dataset/posture_images/extracted/new_Dataset/Ardhamandalam Augmented/dr_1_1058.jpg,dr_1_1058.jpg,Ardhamandalam Augmented,confidence_0.2,122.65651996492122,144.2090986563437,102.4364482837747,114.53699294150148,47.11691606645597,49.82226897883588,51.593567926414046,40.605668987311645,0.22233935785494577,0.16149182570238194,0.5172017353382811,0.3692569779422285,10.9878989391024,2.705352912379908,21.552578691422497,12.100544657726786
/content/drive/MyDrive/Bharatanatyam_Digital_Twin/dataset/posture_images/extracted/new_Dataset/Ardhamandalam Augmented/dr_1_1061.jpg,dr_1_1061.jpg,Ardhamandalam Augmented,confidence_0.2,163.56984455035916,165.84278481707616,109.18866386743395,103.92776475909176,83.11855955243527,90.96255152314427,46.85415021122382,39.89723618520711,0.2068249155577084,0.14338308004731332,0.5161114327226709,0.4019519256170672,6.956914026016705,7.8439919707089985,2.2729402667170007,5.260899108342187
/content/drive/MyDrive/Bharatanatyam_Digital_Twin/dataset/posture_images/extracted/new_Dataset/Ardhamandalam Augmented/dr_1_1112.jpg,dr_1_1112.jpg,Ardhamandalam Augmented,confidence_0.2,134.36323439026557,157.59601976267268,114.52854893518597,124.6831435982536,53.72970502449906,59.19501171013889,53.0666936652198,51.20667657810217,0.22127677540198856,0.1451250864968231,0.6142004465816552,0.507048283323451,1.8600170871176331,5.465306685639831,23.232785372407108,10.154594663067627
/content/drive/MyDrive/Bharatanatyam_Digital_Twin/dataset/posture_images/extracted/new_Dataset/Ardhamandalam Augmented/dr_1_1386.jpg,dr_1_1386.jpg,Ardhamandalam Augmented,confidence_0.2,148.31066641566088,153.5584317629497,119.27505928627728,125.75953044383097,58.01057680227915,61.070101708075015,46.89047015806651,50.569644621671024,0.22880334864783775,0.14802956602159115,0.6475381859348367,0.5251583895070405,3.679174463604511,3.059524905795868,5.2477653472888335,6.484471157553685
/content/drive/MyDrive/Bharatanatyam_Digital_Twin/dataset/posture_images/extracted/new_Dataset/Ardhamandalam Augmented/dr_1_1849.jpg,dr_1_1849.jpg,Ardhamandalam Augmented,confidence_0.2,150.2866133157832,129.55708484074628,96.60726813345565,69.66338171935139,70.54496698384634,61.25615909616718,161.53676460496044,114.3148762258054,0.18063095921614464,0.1564299811347957,0.09693701920785942,0.12058802354875559,47.22188837915503,9.288807887679155,20.729528475036915,26.943886414104256
/content/drive/MyDrive/Bharatanatyam_Digital_Twin/dataset/posture_images/extracted/new_Dataset/Ardhamandalam Augmented/dr_1_2008.jpg,dr_1_2008.jpg,Ardhamandalam Augmented,confidence_0.2,149.24781192216864,159.82082058999453,102.98001596037913,108.08792793255435,95.97080487874317,88.57245814937562,67.86467690918849,60.19572123663549,0.21455148758480144,0.13681356755511256,0.6004466817017338,0.5166249499528209,7.668955672552997,7.398346729367546,10.573008667825889,5.107911972175216
/content/drive/MyDrive/Bharatanatyam_Digital_Twin/dataset/posture_images/extracted/new_Dataset/Ardhamandalam Augmented/dr_1_254.jpg,dr_1_254.jpg,Ardhamandalam Augmented,confidence_0.2,153.60392353589253,163.922539394117,110.32786863864007,115.88056039260054,84.98156637729466,83.04218119788247,66.50435820098609,65.06024596493282,0.1975356290754664,0.12578734021022686,0.5359396107735586,0.4437574925446869,1.4441122360532717,1.9393851794121844,10.318615858224462,5.552691753960474
/content/drive/MyDrive/Bharatanatyam_Digital_Twin/dataset/posture_images/extracted/new_Dataset/Ardhamandalam Augmented/dr_1_2666.jpg,dr_1_2666.jpg,Ardhamandalam Augmented,confidence_0.2,123.43996507534504,169.7102042380444,97.88708256439155,133.54148896416996,73.68677090846951,58.22138376346648,38.512126894876815,34.78838809732985,0.34636110766938094,0.1937271001610103,0.6902353079986153,0.46913090409993535,3.7237387975469645,15.465387145003035,46.27023916269937,35.65440639977841
/content/drive/MyDrive/Bharatanatyam_Digital_Twin/dataset/posture_images/extracted/new_Dataset/Ardhamandalam Augmented/dr_1_2855.jpg,dr_1_2855.jpg,Ardhamandalam Augmented,confidence_0.2,151.38676502368475,150.69396997024026,132.17551111593556,119.23587057833198,59.95690081737168,59.55478118784268,56.9112722664579,55.65467646818287,0.19877861842589442,0.12577643800928137,0.5470590714485952,0.46588367814419535,1.256595798275029,0.40211962952900393,0.6927950534444847,12.93964053760358
/content/drive/MyDrive/Bharatanatyam_Digital_Twin/dataset/posture_images/extracted/new_Dataset/Ardhamandalam Augmented/dr_1_3039.jpg,dr_1_3039.jpg,Ardhamandalam Augmented,confidence_0.2,154.71025389578926,169.30074287840543,118.90036149256656,139.11261475269873,65.21942951820489,55.878540581325005,45.77481421632566,46.20044984050515,0.24416877368149498,0.14944172379943782,0.6335563277215374,0.4741308272325089,0.42563562417949186,9.340888936879885,14.590488982616165,20.212253260132172
/content/drive/MyDrive/Bharatanatyam_Digital_Twin/dataset/posture_images/extracted/new_Dataset/Ardhamandalam Augmented/dr_1_3743.jpg,dr_1_3743.jpg,Ardhamandalam Augmented,confidence_0.2,126.3397138653149,130.32754747303187,100.00120226989402,103.42906412119767,56.64587005815507,47.61380449699211,47.66373753868797,35.75632448142058,0.25382824372538815,0.16375183627084386,0.7127243235263117,0.34405483063867065,11.90741305726739,9.032065561162959,3.987833607716965,3.4278618513036463
/content/drive/MyDrive/Bharatanatyam_Digital_Twin/dataset/posture_images/extracted/new_Dataset/Ardhamandalam Augmented/dr_1_3998.jpg,dr_1_3998.jpg,Ardhamandalam Augmented,confidence_0.2,146.9683956721,146.75021123291398,119.06068089268632,125.2170855595602,70.10133834015933,63.728219066711674,50.21347912148059,35.01594070696685,0.22409666117598157,0.14634424838853868,0.6251566068944158,0.41018531199586733,15.197538414513737,6.3731192734476565,0.21818443918601815,6.1564046668738825
/content/drive/MyDrive/Bharatanatyam_Digital_Twin/dataset/posture_images/extracted/new_Dataset/Ardhamandalam Augmented/dr_1_4160.jpg,dr_1_4160.jpg,Ardhamandalam Augmented,confidence_0.2,152.40121033520458,153.93712374505265,138.45672978574186,122.90262365472988,49.65529753560551,54.62500791315925,41.72337251593746,43.40169173929229,0.2680315685933438,0.17217648094520024,0.7203567393332763,0.5042243173081132,1.6783192233548263,4.969710377553739,1.5359134098480638,15.554106131011977
/content/drive/MyDrive/Bharatanatyam_Digital_Twin/dataset/posture_images/extracted/new_Dataset/Ardhamandalam Augmented/dr_1_4622.jpg,dr_1_4622.jpg,Ardhamandalam Augmented,confidence_0.2,166.33043045020048,168.09339348299898,108.3694009194565,103.96833726550035,84.85680898164684,100.10350208396156,41.448479977082776,51.02645543667596,0.2302684523713904,0.1545560038075687,0.5390668766290438,0.4071402337091322,9.577975459593183,15.246693102314723,1.7629630327984955,4.401063653956143
/content/drive/MyDrive/Bharatanatyam_Digital_Twin/dataset/posture_images/extracted/new_Dataset/Ardhamandalam Augmented/dr_1_5413.jpg,dr_1_5413.jpg,Ardhamandalam Augmented,confidence_0.2,141.59404081382064,149.76747643233222,110.26991024954057,120.75040496118807,67.652620435329,64.32462716814311,61.86930359305098,63.204895172654886,0.22728094822327388,0.14139635097499864,0.6668621802975414,0.5440853715392597,1.335591579603907,3.3279932671858887,8.173435618511576,10.480494711647495
/content/drive/MyDrive/Bharatanatyam_Digital_Twin/dataset/posture_images/extracted/new_Dataset/Ardhamandalam Augmented/dr_1_5690.jpg,dr_1_5690.jpg,Ardhamandalam Augmented,confidence_0.2,164.00924268093385,161.79250368197197,116.179252886619,111.1874589595445,79.13762072693493,82.88813258519568,59.518196930584466,62.65889219986883,0.23048777262312775,0.148009314379373,0.6129356741859208,0.494546759620166,3.1406952692843646,3.750511858260751,2.216738998961887,4.991793927074497
/content/drive/MyDrive/Bharatanatyam_Digital_Twin/dataset/posture_images/extracted/new_Dataset/Ardhamandalam Augmented/dr_1_5866.jpg,dr_1_5866.jpg,Ardhamandalam Augmented,confidence_0.2,164.91795613150526,162.59955977266216,164.0762938393593,169.2784477004034,114.84348932727848,35.86530589704547,162.4990202994697,143.3363533217699,0.1303816228614055,0.11508137128171975,0.5123056598058654,0.7810412901150512,19.162666977699786,78.978183430233,2.3183963588431027,5.20215386104411
/content/drive/MyDrive/Bharatanatyam_Digital_Twin/dataset/posture_images/extracted/new_Dataset/Ardhamandalam Augmented/dr_1_614.jpg,dr_1_614.jpg,Ardhamandalam Augmented,confidence_0.2,136.180258311631,151.71254279907347,120.30933679936093,113.0163466213198,88.18407374888304,83.63837346169859,73.7521398136591,72.90023240451511,0.19243306329203308,0.12169940993313265,0.5214386953981615,0.4318754420095548,0.8519074091439904,4.545700287184445,15.532284487442467,7.292990178041137
/content/drive/MyDrive/Bharatanatyam_Digital_Twin/dataset/posture_images/extracted/new_Dataset/Ardhamandalam Augmented/dr_1_6201.jpg,dr_1_6201.jpg,Ardhamandalam Augmented,confidence_0.2,148.75534587960823,161.12803534250858,133.92953470571223,123.11179287758591,48.438608416333885,55.846772857106345,49.829509996972035,50.52315990832981,0.2608685210587232,0.1697807831746034,0.7102817629283357,0.6632103001659575,0.6936499113577739,7.40816444077246,12.372689462900354,10.817741828126316
/content/drive/MyDrive/Bharatanatyam_Digital_Twin/dataset/posture_images/extracted/new_Dataset/Ardhamandalam Augmented/dr_1_6292.jpg,dr_1_6292.jpg,Ardhamandalam Augmented,confidence_0.2,150.7779558929376,141.47442795690944,119.87234025402181,105.1594549529226,65.14601670885011,67.5539218522255,42.44818740568981,51.883174971987465,0.22781406005698773,0.1566857583950789,0.6295123898234172,0.44845539385345334,9.434987566297657,2.4079051433753875,9.30352793602816,14.712885301099206
/content/drive/MyDrive/Bharatanatyam_Digital_Twin/dataset/posture_images/extracted/new_Dataset/Ardhamandalam Augmented/dr_1_653.jpg,dr_1_653.jpg,Ardhamandalam Augmented,confidence_0.2,149.58567271199976,143.4295506628281,119.68753696446144,117.56923051394399,66.14170263202868,58.670161683353484,66.92166276165433,52.29747272136887,0.22809470919581984,0.15763339868099108,0.6562325061857904,0.5634869079139689,14.624190040285463,7.471540948675198,6.156122049171671,2.1183064505174514
/content/drive/MyDrive/Bharatanatyam_Digital_Twin/dataset/posture_images/extracted/new_Dataset/Ardhamandalam Augmented/dr_1_6638.jpg,dr_1_6638.jpg,Ardhamandalam Augmented,confidence_0.2,149.51642317871685,175.41074588632188,147.0080180294993,164.6271862816279,28.061577936928654,32.85561821197747,149.30395056738737,156.9791250340343,0.18554052858968711,0.127104615169524,0.3845036775678743,0.47697369005565377,7.675174466646922,4.794040275048818,25.894322707605028,17.61916825212859
/content/drive/MyDrive/Bharatanatyam_Digital_Twin/dataset/posture_images/extracted/new_Dataset/Ardhamandalam Augmented/dr_1_6849.jpg,dr_1_6849.jpg,Ardhamandalam Augmented,confidence_0.2,158.57131779158942,160.15014974740004,136.76542116557928,124.59035897929114,60.34741538871119,58.186938970568804,56.541017067716986,53.7416328400623,0.2323030135722693,0.14826537814763785,0.6603614746380836,0.5342117043091175,2.7993842276546843,2.1604764181423874,1.5788319558106139,12.175062186288145
/content/drive/MyDrive/Bharatanatyam_Digital_Twin/dataset/posture_images/extracted/new_Dataset/Ardhamandalam Augmented/dr_1_6850.jpg,dr_1_6850.jpg,Ardhamandalam Augmented,confidence_0.2,162.2426836301494,139.04831106674908,107.52352119826598,108.77222941237142,82.95523948060789,88.147343206302,36.67839792684398,38.2878524406998,0.2649964238779263,0.17211161609584402,0.6904126828147799,0.41352262211478213,1.6094545138558232,5.1921037256941105,23.19437256340032,1.2487082141054344
/content/drive/MyDrive/Bharatanatyam_Digital_Twin/dataset/posture_images/extracted/new_Dataset/Ardhamandalam Augmented/dr_1_6862.jpg,dr_1_6862.jpg,Ardhamandalam Augmented,confidence_0.2,158.35527168932688,153.696399882496,126.41310812744554,116.22000079919998,66.59299717738195,69.36602079531252,48.160780492858535,48.90587779676625,0.2011804918473178,0.13151980769768726,0.5413082696754227,0.43872378246082144,0.7450973039077127,2.7730236179305763,4.658871806830888,10.19310732824556
/content/drive/MyDrive/Bharatanatyam_Digital_Twin/dataset/posture_images/extracted/new_Dataset/Ardhamandalam Augmented/dr_1_6924.jpg,dr_1_6924.jpg,Ardhamandalam Augmented,confidence_0.2,157.3926119312914,158.33075608130162,139.48162965046797,123.92826078586404,52.32648440239272,53.1024164426013,54.10234771273897,50.548408695523015,0.21640015215085917,0.13755183532716458,0.6076493799998065,0.5237617957585925,3.553939017215953,0.7759320402085805,0.9381441500102028,15.553368864603925
/content/drive/MyDrive/Bharatanatyam_Digital_Twin/dataset/posture_images/extracted/new_Dataset/Ardhamandalam Augmented/dr_1_7255.jpg,dr_1_7255.jpg,Ardhamandalam Augmented,confidence_0.2,166.38232046259694,158.48870136416352,111.93490505913498,107.54793253094104,81.28632809779037,87.99338987781152,61.305427361007716,66.14222956744831,0.2036840203094124,0.12479965410924747,0.5061937996804812,0.3937468124804171,4.836802206440595,6.707061780021149,7.893619098433419,4.386972528193937
/content/drive/MyDrive/Bharatanatyam_Digital_Twin/dataset/posture_images/extracted/new_Dataset/Ardhamandalam Augmented/dr_1_7348.jpg,dr_1_7348.jpg,Ardhamandalam Augmented,confidence_0.2,140.0414075488577,148.0826320114149,116.9169973866629,128.27748018583875,54.724967372444794,51.89387960187308,37.56299848365558,43.44439808979896,0.22351587460898079,0.13760572230625548,0.5891409861556983,0.3591798184808121,5.8813996061433755,2.8310877705717132,8.041224462557182,11.360482799175855
/content/drive/MyDrive/Bharatanatyam_Digital_Twin/dataset/posture_images/extracted/new_Dataset/Ardhamandalam Augmented/dr_1_7436.jpg,dr_1_7436.jpg,Ardhamandalam Augmented,confidence_0.2,154.48965172663725,149.0726741515611,111.80736317387766,108.52815320031068,93.00058838292433,94.01718790489335,82.34475468907416,80.96155926998395,0.2182804276734551,0.1366451052184246,0.5803011273041647,0.47396395876869096,1.3831954190902138,1.0165995219690132,5.416977575076146,3.279209973566978
/content/drive/MyDrive/Bharatanatyam_Digital_Twin/dataset/posture_images/extracted/new_Dataset/Ardhamandalam Augmented/dr_1_7637.jpg,dr_1_7637.jpg,Ardhamandalam Augmented,confidence_0.2,157.25058369632868,150.46711967153846,118.27631805674847,106.38700651732005,77.21117434177759,85.84370565322304,57.488355661330885,60.10055285085071,0.20575678489608218,0.12736362334896983,0.5313260253356201,0.4281313141935342,2.6121971895198257,8.632531311445447,6.78346402479022,11.88931153942842
/content/drive/MyDrive/Bharatanatyam_Digital_Twin/dataset/posture_images/extracted/new_Dataset/Ardhamandalam Augmented/dr_1_7670.jpg,dr_1_7670.jpg,Ardhamandalam Augmented,confidence_0.2,165.659364943467,169.74996722008686,97.91022766792933,99.07611052204005,95.14934227804089,93.38467802005506,61.27160541667034,57.6579303412457,0.19723895554258006,0.1289109902908544,0.5137698514199848,0.4083236456320509,3.613675075424638,1.764664257985828,4.0906022766198475,1.1658828541107198
/content/drive/MyDrive/Bharatanatyam_Digital_Twin/dataset/posture_images/extracted/new_Dataset/Ardhamandalam Augmented/dr_1_7709.jpg,dr_1_7709.jpg,Ardhamandalam Augmented,confidence_0.2,156.21397990375362,131.85964301291685,92.38345373100863,110.88707561552957,111.62398967802383,98.00849564476385,68.10974477889692,62.40370484849698,0.18476382390126117,0.11769714329316187,0.5354630521103108,0.4465393804733674,5.706039930399946,13.615494033259978,24.354336890836777,18.50362188452094
/content/drive/MyDrive/Bharatanatyam_Digital_Twin/dataset/posture_images/extracted/new_Dataset/Ardhamandalam Augmented/dr_1_7745.jpg,dr_1_7745.jpg,Ardhamandalam Augmented,confidence_0.2,166.5792974180994,169.6320270704678,117.14317115365111,124.85980757166011,78.42779551111916,69.45305976450653,44.64923002333955,38.71882217790957,0.23336661493632652,0.14916268886706952,0.6057247631689353,0.40470468330894965,5.930407845429976,8.974735746612623,3.052729652368413,7.716636418009003
/content/drive/MyDrive/Bharatanatyam_Digital_Twin/dataset/posture_images/extracted/new_Dataset/Ardhamandalam Augmented/dr_1_7768.jpg,dr_1_7768.jpg,Ardhamandalam Augmented,confidence_0.2,152.7429668248604,151.0110642311023,129.73311091706174,116.30793919147658,63.415956217133214,67.28387928105946,49.34486906631277,44.9375845176242,0.2172245441670517,0.1468820486773392,0.5964351512480509,0.43767286702395375,4.4072845486885655,3.8679230639262414,1.7319025937580932,13.425171725585159
/content/drive/MyDrive/Bharatanatyam_Digital_Twin/dataset/posture_images/extracted/new_Dataset/Ardhamandalam Augmented/dr_1_7840.jpg,dr_1_7840.jpg,Ardhamandalam Augmented,confidence_0.2,135.20632822540063,148.36546297555452,110.54968503383301,124.22005851674302,53.70242131622801,57.032681380163915,55.62411672160508,54.87279031213656,0.21821346219022744,0.1423340163770428,0.616697796618117,0.5186767493362664,0.7513264094685184,3.330260063935903,13.159134750153896,13.670373482910009
/content/drive/MyDrive/Bharatanatyam_Digital_Twin/dataset/posture_images/extracted/new_Dataset/Ardhamandalam Augmented/dr_1_7935.jpg,dr_1_7935.jpg,Ardhamandalam Augmented,confidence_0.2,147.2054495161232,143.42493476368304,118.6146862857968,113.50493490455766,59.61284202359356,63.99558209664813,54.33145549701012,55.41321442771872,0.21071773624118026,0.13649147087665595,0.6004097454013922,0.49727882882914426,1.0817589307086024,4.3827400730545705,3.780514752440155,5.1097513812391355
/content/drive/MyDrive/Bharatanatyam_Digital_Twin/dataset/posture_images/extracted/new_Dataset/Ardhamandalam Augmented/dr_1_7986.jpg,dr_1_7986.jpg,Ardhamandalam Augmented,confidence_0.2,166.8533158681973,169.95026873221548,107.27880452182833,111.60059847329673,84.8555220902545,82.48703870206158,75.33187633640118,67.29071706105302,0.20662928827994567,0.12989104183652775,0.51487117274434,0.4265620021024115,8.041159275348164,2.3684833881929137,3.0969528640181636,4.321793951468393
/content/drive/MyDrive/Bharatanatyam_Digital_Twin/dataset/posture_images/extracted/new_Dataset/Ardhamandalam Augmented/dr_1_8002.jpg,dr_1_8002.jpg,Ardhamandalam Augmented,confidence_0.2,130.9702510179963,161.1428194919783,102.42829957406359,130.64777615687402,49.36382640475989,49.0313301053427,54.2545784740079,49.416025542154074,0.22086893210153857,0.13716827833589684,0.6238597098079107,0.5505537042251567,4.838552931853826,0.33249629941719405,30.172568473981983,28.21947658281043
/content/drive/MyDrive/Bharatanatyam_Digital_Twin/dataset/posture_images/extracted/new_Dataset/Ardhamandalam Augmented/dr_1_8153.jpg,dr_1_8153.jpg,Ardhamandalam Augmented,confidence_0.2,157.99106884951502,160.20980435934743,118.45772266286446,114.73660119204928,77.9881689856837,76.88567061819556,44.51388289222934,54.44097336151323,0.2464911251460137,0.15369562511322954,0.6835309963206105,0.5074595809297625,9.92709046928389,1.1024983674881383,2.2187355098324133,3.721121470815177
/content/drive/MyDrive/Bharatanatyam_Digital_Twin/dataset/posture_images/extracted/new_Dataset/Ardhamandalam Augmented/dr_1_8186.jpg,dr_1_8186.jpg,Ardhamandalam Augmented,confidence_0.2,129.23016931468632,166.75421080897686,104.77651520692216,128.77824001816793,50.325062222290825,50.385928786054954,56.31412080868167,50.82404041534147,0.21859779002360935,0.13609140042075535,0.6240796930971511,0.5272816612147212,5.4900803933402,0.06086656376412947,37.52404149429054,24.00172481124578
/content/drive/MyDrive/Bharatanatyam_Digital_Twin/dataset/posture_images/extracted/new_Dataset/Ardhamandalam Augmented/dr_1_8308.jpg,dr_1_8308.jpg,Ardhamandalam Augmented,confidence_0.2,62.08329758530701,152.89123890148983,66.00609453823591,31.357876276201196,158.4710771151758,139.54865333509164,158.60241116690892,147.71031435432693,0.08154486270582405,0.04381719853432583,0.02196960306571575,0.05567064850384273,10.892096812581997,18.92242378008416,90.80794131618282,34.64821826203472
/content/drive/MyDrive/Bharatanatyam_Digital_Twin/dataset/posture_images/extracted/new_Dataset/Ardhamandalam Augmented/dr_1_8373.jpg,dr_1_8373.jpg,Ardhamandalam Augmented,confidence_0.2,158.54236876212133,136.68648812501013,120.05220349925014,88.33257199568934,80.11790223363063,86.6253733580648,43.933705892000184,50.49116465532088,0.27518212090802346,0.16341797897941138,0.6691457319301033,0.4102761633771715,6.557458763320696,6.507471124434176,21.8558806371112,31.719631503560805
/content/drive/MyDrive/Bharatanatyam_Digital_Twin/dataset/posture_images/extracted/new_Dataset/Ardhamandalam Augmented/dr_1_8779.jpg,dr_1_8779.jpg,Ardhamandalam Augmented,confidence_0.2,136.0149080815399,129.29602744778714,114.35399252081464,79.1783923776603,54.85144559089067,61.62606716915974,51.47213465255463,39.815440342225315,0.22369920332082172,0.15416945049066055,0.6270371597553643,0.4586264859347854,11.656694310329314,6.77462157826907,6.718880633752747,35.17560014315434
/content/drive/MyDrive/Bharatanatyam_Digital_Twin/dataset/posture_images/extracted/new_Dataset/Ardhamandalam Augmented/dr_1_9367.jpg,dr_1_9367.jpg,Ardhamandalam Augmented,confidence_0.2,144.758374983876,165.3305816286166,115.8618692571393,125.80525342876747,74.90451968108883,69.04862941480349,63.87344827070848,55.57694696640205,0.21117170870070337,0.12864709943683839,0.5455118150710324,0.45219123730042926,8.296501304306432,5.855890266285343,20.572206644740618,9.943384171628168
/content/drive/MyDrive/Bharatanatyam_Digital_Twin/dataset/posture_images/extracted/new_Dataset/Ardhamandalam Augmented/dr_1_9422.jpg,dr_1_9422.jpg,Ardhamandalam Augmented,confidence_0.2,155.91808539221438,148.4511941560513,125.03877593522175,118.45736149613641,46.363577024855594,51.803488821287665,41.48084591427649,47.46012415055742,0.2477751242281825,0.16841576254087257,0.7499747404888172,0.6027076480585926,5.979278236280926,5.439911796432071,7.466891236163093,6.581414439085336
/content/drive/MyDrive/Bharatanatyam_Digital_Twin/dataset/posture_images/extracted/new_Dataset/Ardhamandalam Augmented/dr_1_9578.jpg,dr_1_9578.jpg,Ardhamandalam Augmented,confidence_0.2,144.3671706886478,138.8245174904581,119.70095102045403,98.53896682692594,60.29830229091057,65.7926709355417,43.03552207978009,56.740476718568004,0.21118874367453186,0.13558133608772194,0.5955413998772753,0.4297245990494575,13.704954638787918,5.494368644631123,5.542653198189697,21.161984193528085
/content/drive/MyDrive/Bharatanatyam_Digital_Twin/dataset/posture_images/extracted/new_Dataset/Ardhamandalam Augmented/dr_1_9622.jpg,dr_1_9622.jpg,Ardhamandalam Augmented,confidence_0.2,138.80541260082927,162.3522480494102,118.02937673199851,122.28506825306329,60.27066780313274,69.66081198074251,54.99608662994291,48.82204447898858,0.2615517639741532,0.1685167666961613,0.696247643054901,0.6543183879546289,6.174042150954328,9.39014417760977,23.546835448580936,4.255691521064776
/content/drive/MyDrive/Bharatanatyam_Digital_Twin/dataset/posture_images/extracted/new_Dataset/Ardhamandalam Augmented/dr_1_9690.jpg,dr_1_9690.jpg,Ardhamandalam Augmented,confidence_0.2,91.14523319999253,160.96141223756177,32.331600805090886,90.17237666252038,103.61562756367718,50.87382558343098,90.9117598892505,40.98986201203212,0.10098322764562391,0.06828288979769137,0.1160077649682994,0.07238095488161389,49.921897877218385,52.7418019802462,69.81617903756924,57.84077585742949
/content/drive/MyDrive/Bharatanatyam_Digital_Twin/dataset/posture_images/extracted/new_Dataset/Ardhamandalam Augmented/dr_1_9798.jpg,dr_1_9798.jpg,Ardhamandalam Augmented,confidence_0.2,140.5150484956968,157.7831522560251,123.76215644296505,121.82936319599138,51.874678074838464,53.32471886221659,53.23373903094339,52.81336772196308,0.22207435338832995,0.14096141355456115,0.6387193393306702,0.5334533692726967,0.4203713089803074,1.4500407873781285,17.2681037603283,1.9327932469736737
/content/drive/MyDrive/Bharatanatyam_Digital_Twin/dataset/posture_images/extracted/new_Dataset/Bramha Augmented/dr_0_105.jpg,dr_0_105.jpg,Bramha Augmented,confidence_0.2,94.11482647889271,109.23445123752667,63.18871473035126,78.03552729851972,158.01377520917572,110.46187798465556,137.92541357167033,88.06648353601852,0.4018100159954059,0.3477013548706971,0.8355849161992106,0.8720449001974933,49.85893003565181,47.55189722452016,15.119624758633961,14.846812568168467
/content/drive/MyDrive/Bharatanatyam_Digital_Twin/dataset/posture_images/extracted/new_Dataset/Bramha Augmented/dr_0_1075.jpg,dr_0_1075.jpg,Bramha Augmented,confidence_0.2,118.71024053039609,131.21877393505522,108.43451922003429,111.59964001888358,148.74928580506378,128.72317091767837,134.73012758895734,114.21388610587059,0.33969587502349047,0.22138608939532664,0.3152075740191975,0.3575980849020021,20.51624148308676,20.026114887385404,12.508533404659133,3.165120798849287
/content/drive/MyDrive/Bharatanatyam_Digital_Twin/dataset/posture_images/extracted/new_Dataset/Bramha Augmented/dr_0_1154.jpg,dr_0_1154.jpg,Bramha Augmented,confidence_0.2,85.20395838509855,70.52042058816096,67.62882836447123,54.891850728676985,172.01298163796457,114.14208120062541,149.48569938848033,83.954943514387,0.3298228712999261,0.24817767286420847,0.7873449898168557,0.9155975234817562,65.53075587409333,57.87090043733916,14.683537796937586,12.736977635794247
/content/drive/MyDrive/Bharatanatyam_Digital_Twin/dataset/posture_images/extracted/new_Dataset/Bramha Augmented/dr_0_1531.jpg,dr_0_1531.jpg,Bramha Augmented,confidence_0.2,110.52208796133225,112.26424341083268,92.06646712225009,87.62637272278381,139.69773168126628,107.82548254240308,137.5979620494796,103.99644816697841,0.30617542823317506,0.23082966258999105,0.4220860819234301,0.4048395366962422,33.601513882501195,31.872249138863197,1.74215544950043,4.440094399466275
/content/drive/MyDrive/Bharatanatyam_Digital_Twin/dataset/posture_images/extracted/new_Dataset/Bramha Augmented/dr_0_1566.jpg,dr_0_1566.jpg,Bramha Augmented,confidence_0.2,117.17241176998456,105.61946173742396,95.69206809050193,85.71021878094577,138.98391196264166,128.33491909278027,122.95069179836611,104.29984699566074,0.37772856542812705,0.24479619780510894,0.29120709041451,0.24098917296958605,18.650844802705365,10.648992869861388,11.552950032560602,9.981849309556168
/content/drive/MyDrive/Bharatanatyam_Digital_Twin/dataset/posture_images/extracted/new_Dataset/Bramha Augmented/dr_0_193.jpg,dr_0_193.jpg,Bramha Augmented,confidence_0.2,116.11404281386281,137.35469181115488,106.71614211548773,113.85200113044311,145.11084190041194,121.235299786681,136.78437477152926,108.95181630756443,0.3587595276434772,0.210348068377652,0.2955483010931373,0.2862168726747325,27.83255846396483,23.875542113730944,21.24064899729207,7.135859014955386
/content/drive/MyDrive/Bharatanatyam_Digital_Twin/dataset/posture_images/extracted/new_Dataset/Bramha Augmented/dr_0_2135.jpg,dr_0_2135.jpg,Bramha Augmented,confidence_0.2,129.88601734650595,131.75990844860536,114.32039885606024,108.04909954535084,124.91424880640452,120.04724241117854,120.67747998131092,103.46204191822964,0.4063810170904782,0.2595820659104413,0.35660133163522156,0.27573748387189106,17.21543806308128,4.867006395225971,1.8738911020994067,6.271299310709395
/content/drive/MyDrive/Bharatanatyam_Digital_Twin/dataset/posture_images/extracted/new_Dataset/Bramha Augmented/dr_0_2243.jpg,dr_0_2243.jpg,Bramha Augmented,confidence_0.2,84.70114398799949,72.73312279309933,74.30514607919362,65.34657449008297,161.21081670099744,173.2767567272752,144.4594381265743,150.22993297364718,0.3093629458813023,0.2218249187229234,0.25156736607382485,0.28615914885811494,5.770494847072882,12.065940026277758,11.96802119490016,8.958571589110647
/content/drive/MyDrive/Bharatanatyam_Digital_Twin/dataset/posture_images/extracted/new_Dataset/Bramha Augmented/dr_0_2479.jpg,dr_0_2479.jpg,Bramha Augmented,confidence_0.2,94.86285580697935,87.54184197130945,74.90823823855584,69.16987142183311,175.63511231392144,164.49499129100488,141.28610905917492,151.5929482746294,0.2957857096349291,0.17820863396058015,0.21245645216559741,0.23454699127801018,10.306839215454488,11.14012102291656,7.321013835669902,5.738366816722731
/content/drive/MyDrive/Bharatanatyam_Digital_Twin/dataset/posture_images/extracted/new_Dataset/Bramha Augmented/dr_0_2889.jpg,dr_0_2889.jpg,Bramha Augmented,confidence_0.2,127.31875842305853,119.3923871174173,112.4746950188821,103.15679536146088,116.82637540279168,108.05582544229866,146.38494547790629,110.24717815108144,0.34332394819856477,0.21429266686175458,0.2615144788922428,0.23509882118731654,36.13776732682484,8.770549960493028,7.926371305641226,9.317899657421222
/content/drive/MyDrive/Bharatanatyam_Digital_Twin/dataset/posture_images/extracted/new_Dataset/Bramha Augmented/dr_0_3038.jpg,dr_0_3038.jpg,Bramha Augmented,confidence_0.2,143.24123245441842,134.1655479175825,128.60979870650868,128.2858929889093,80.12191002533592,73.7196932400148,126.01060092190772,84.04100628309,0.38871490080720117,0.25968422189043533,0.303662906233176,0.43608978488889993,41.969594638817725,6.402216785321116,9.075684536835922,0.3239057175993878
/content/drive/MyDrive/Bharatanatyam_Digital_Twin/dataset/posture_images/extracted/new_Dataset/Bramha Augmented/dr_0_3258.jpg,dr_0_3258.jpg,Bramha Augmented,confidence_0.2,80.62859876803823,74.53600967326163,50.65681271344331,48.25578076852284,156.73996397224747,170.0294894106155,165.32007256054652,164.81574250246214,0.33422081081883404,0.23495092741090565,0.3645124402399136,0.3818191621375084,0.5043300580843777,13.289525438368031,6.092589094776599,2.4010319449204687
/content/drive/MyDrive/Bharatanatyam_Digital_Twin/dataset/posture_images/extracted/new_Dataset/Bramha Augmented/dr_0_3491.jpg,dr_0_3491.jpg,Bramha Augmented,confidence_0.2,136.6988921461465,143.41012969467482,127.83444994086562,131.12043133580192,87.19245251156485,100.11673289270927,78.72255758838334,94.91824510405532,0.4413025004615001,0.23759179214729653,0.3421819399300657,0.3129713586432867,16.195687515671978,12.924280381144413,6.711237548528317,3.2859813949363
/content/drive/MyDrive/Bharatanatyam_Digital_Twin/dataset/posture_images/extracted/new_Dataset/Bramha Augmented/dr_0_3557.jpg,dr_0_3557.jpg,Bramha Augmented,confidence_0.2,116.18490255563887,106.66236382511259,85.82444638516698,73.35127824778013,137.4444657537991,104.55429232096016,136.09155005048532,87.44713204176355,0.31762999964728506,0.23378837526029198,0.5019061527143271,0.36873924638938976,48.64441800872177,32.89017343283895,9.522538730526279,12.47316813738685
/content/drive/MyDrive/Bharatanatyam_Digital_Twin/dataset/posture_images/extracted/new_Dataset/Bramha Augmented/dr_0_3859.jpg,dr_0_3859.jpg,Bramha Augmented,confidence_0.2,124.18578719521112,119.81473593687436,89.66383179178167,63.330021474056785,134.9164002926878,118.75647885421445,116.66226958371008,88.73106307616752,0.45914605592060975,0.29885582203961764,0.3715681588311711,0.3357102898573009,27.93120650754257,16.159921438473347,4.371051258336763,26.33381031772489
/content/drive/MyDrive/Bharatanatyam_Digital_Twin/dataset/posture_images/extracted/new_Dataset/Bramha Augmented/dr_0_4027.jpg,dr_0_4027.jpg,Bramha Augmented,confidence_0.2,108.25059126516078,83.72259093256602,87.4859195980309,69.77108576792098,157.29502870359795,122.46333906473832,148.85396118849357,97.29775875081465,0.36324613456027843,0.2708644459148009,0.6554245940356105,0.6021240992139201,51.55620243767892,34.83168963885963,24.528000332594758,17.714833830109924
/content/drive/MyDrive/Bharatanatyam_Digital_Twin/dataset/posture_images/extracted/new_Dataset/Bramha Augmented/dr_0_424.jpg,dr_0_424.jpg,Bramha Augmented,confidence_0.2,72.88736822615483,73.73589474111503,57.30708673070747,63.60190713930235,161.20431787195187,161.02924290380835,148.72522699544723,148.90803450080838,0.35727395173272025,0.2263803158864517,0.26612050188950853,0.24189670472985494,0.1828075053611542,0.17507496814351953,0.8485265149601986,6.29482040859488
/content/drive/MyDrive/Bharatanatyam_Digital_Twin/dataset/posture_images/extracted/new_Dataset/Bramha Augmented/dr_0_4278.jpg,dr_0_4278.jpg,Bramha Augmented,confidence_0.2,102.9194750461764,98.36600051524792,83.6877423247212,73.61957026806839,148.19836521127698,121.06752131442927,154.81830499191605,114.3798228229116,0.30545966924159856,0.21116577023492636,0.3675588787736838,0.2992494714321441,40.438482169004445,27.130843896847708,4.553474530928483,10.068172056652813
/content/drive/MyDrive/Bharatanatyam_Digital_Twin/dataset/posture_images/extracted/new_Dataset/Bramha Augmented/dr_0_4745.jpg,dr_0_4745.jpg,Bramha Augmented,confidence_0.2,77.11832055836042,86.40228204430241,43.693535598777274,54.66326130962458,163.35487808882897,169.7886247879218,155.89316730205348,156.05856779896524,0.30493075808887626,0.19605261205982352,0.23473823624783283,0.21788356618841637,0.16540049691175795,6.433746699092836,9.283961485941987,10.969725710847307
/content/drive/MyDrive/Bharatanatyam_Digital_Twin/dataset/posture_images/extracted/new_Dataset/Bramha Augmented/dr_0_4764.jpg,dr_0_4764.jpg,Bramha Augmented,confidence_0.2,127.06511228958894,130.90142182607423,125.21369607863335,126.19160498487234,111.05194467500412,90.90648037742079,111.81530338723277,90.51407906018956,0.40074795779320305,0.24107612746104262,0.3223820131779944,0.2956612875519335,21.301224327043215,20.14546429758333,3.836309536485288,0.9779089062389943
/content/drive/MyDrive/Bharatanatyam_Digital_Twin/dataset/posture_images/extracted/new_Dataset/Bramha Augmented/dr_0_5144.jpg,dr_0_5144.jpg,Bramha Augmented,confidence_0.2,103.59227593125613,83.96952714994248,70.88090081995253,67.25168732844735,165.1709867773784,132.79125267665052,169.54858007940408,130.96278737248065,0.3406286510245679,0.2684911119625507,0.5932799689903758,0.5811000421858383,38.58579270692343,32.37973410072789,19.622748781313646,3.6292134915051832
/content/drive/MyDrive/Bharatanatyam_Digital_Twin/dataset/posture_images/extracted/new_Dataset/Bramha Augmented/dr_0_5207.jpg,dr_0_5207.jpg,Bramha Augmented,confidence_0.2,142.67830058935857,137.71398150826877,118.9793671437913,122.69121981914243,98.66216238074344,84.27001582785194,116.83031694525458,80.3725168080559,0.42947161213663454,0.27443706148580294,0.3465078434177889,0.3148778100820972,36.457800137198674,14.392146552891504,4.964319081089798,3.711852675351139
/content/drive/MyDrive/Bharatanatyam_Digital_Twin/dataset/posture_images/extracted/new_Dataset/Bramha Augmented/dr_0_5446.jpg,dr_0_5446.jpg,Bramha Augmented,confidence_0.2,133.2406705438744,145.02446904948982,125.02428717574543,130.75791402365385,130.9453985583515,114.30153854807818,123.54177890110641,107.83918150282348,0.3774707254442739,0.22687068016948456,0.31013785560881624,0.2846402903257832,15.702597398282933,16.64386001027333,11.783798505615437,5.733626847908425
/content/drive/MyDrive/Bharatanatyam_Digital_Twin/dataset/posture_images/extracted/new_Dataset/Bramha Augmented/dr_0_5790.jpg,dr_0_5790.jpg,Bramha Augmented,confidence_0.2,113.66844059346884,117.09173960375333,91.38181446472258,89.6756809363117,169.4305568992763,159.3438790048574,141.02104249469565,140.88092772509785,0.2922084683426953,0.17467828169916896,0.23224262428611833,0.33855184079055445,0.14011476959780111,10.086677894418898,3.423299010284481,1.7061335284108878
/content/drive/MyDrive/Bharatanatyam_Digital_Twin/dataset/posture_images/extracted/new_Dataset/Bramha Augmented/dr_0_5964.jpg,dr_0_5964.jpg,Bramha Augmented,confidence_0.2,124.28892015830316,118.47123909298224,97.16294441613682,96.6697956544561,131.75924263377595,111.75200919285128,127.44444693819074,91.83893228054873,0.3946954397080628,0.27812441859302456,0.41902558966358927,0.2574481176631395,35.605514657642004,20.00723344092468,5.817681065320912,0.49314876168072885
/content/drive/MyDrive/Bharatanatyam_Digital_Twin/dataset/posture_images/extracted/new_Dataset/Bramha Augmented/dr_0_6411.jpg,dr_0_6411.jpg,Bramha Augmented,confidence_0.2,117.7289023881271,128.8469240187375,89.42232097119879,93.93255129556243,168.43773840125775,162.44083537251691,148.3296651830014,139.1932207255019,0.40649631560897476,0.2443799539396819,0.30071872731334365,0.2992243639554284,9.136444457499493,5.996903028740832,11.1180216306104,4.510230324363647
/content/drive/MyDrive/Bharatanatyam_Digital_Twin/dataset/posture_images/extracted/new_Dataset/Bramha Augmented/dr_0_6483.jpg,dr_0_6483.jpg,Bramha Augmented,confidence_0.2,121.23347208889587,128.1353925860649,106.59319515098888,110.0600704381316,164.7590402378326,128.65657713847745,145.5700564324326,114.31508557791075,0.33654364904991296,0.2135582108175389,0.4421083677277255,0.5617095325158988,31.254970854521858,36.10246309935516,6.901920497169044,3.4668752871427273
/content/drive/MyDrive/Bharatanatyam_Digital_Twin/dataset/posture_images/extracted/new_Dataset/Bramha Augmented/dr_0_6783.jpg,dr_0_6783.jpg,Bramha Augmented,confidence_0.2,134.22226241762334,145.13297253575843,109.15910744525068,108.46268333999663,141.58345420739641,119.4279143882996,115.68047984959742,93.86679489765017,0.4027397925146023,0.2404625182860207,0.3657128861010783,0.43811249088917303,21.813684951947252,22.155539819096816,10.910710118135086,0.696424105254053
/content/drive/MyDrive/Bharatanatyam_Digital_Twin/dataset/posture_images/extracted/new_Dataset/Bramha Augmented/dr_0_6827.jpg,dr_0_6827.jpg,Bramha Augmented,confidence_0.2,114.42945894584783,105.87403240992221,98.22317085288222,86.32499528422886,154.08887220880663,153.70309180792395,142.19514024437112,136.81459331464185,0.34810029316163377,0.24885681518841865,0.3607950080739639,0.4529551677396718,5.380546929729263,0.3857804008826804,8.55542653592562,11.898175568653357
/content/drive/MyDrive/Bharatanatyam_Digital_Twin/dataset/posture_images/extracted/new_Dataset/Bramha Augmented/dr_0_6874.jpg,dr_0_6874.jpg,Bramha Augmented,confidence_0.2,101.46669051705317,67.35301636613607,66.80840857172247,69.21864647171104,117.07436474873214,137.0037378523659,110.27095237570445,109.00985388173781,0.36553876253596024,0.2533709877534369,0.3557372955846717,0.5170569713780067,1.2610984939666423,19.929373103633765,34.11367415091709,2.410237899988573
/content/drive/MyDrive/Bharatanatyam_Digital_Twin/dataset/posture_images/extracted/new_Dataset/Bramha Augmented/dr_0_7006.jpg,dr_0_7006.jpg,Bramha Augmented,confidence_0.2,83.82372384842425,81.56103081159313,62.45689573647691,73.82342004647856,158.77537352828807,167.20354541518032,149.31442569064026,150.40369057065152,0.37464026176391757,0.22928005338703059,0.3114916858430861,0.28827292227255324,1.0892648800112568,8.428171886892244,2.2626930368311235,11.366524310001651
/content/drive/MyDrive/Bharatanatyam_Digital_Twin/dataset/posture_images/extracted/new_Dataset/Bramha Augmented/dr_0_7220.jpg,dr_0_7220.jpg,Bramha Augmented,confidence_0.2,89.31851167191654,79.52984961470341,51.71994466386607,63.8708394726101,153.91236099923552,176.573173207592,154.55208329894378,147.9827370709554,0.3424170710278272,0.2569743440548654,0.469774738670662,0.6251412285923772,6.569346227988376,22.660812208356475,9.78866205721313,12.150894808744027
/content/drive/MyDrive/Bharatanatyam_Digital_Twin/dataset/posture_images/extracted/new_Dataset/Bramha Augmented/dr_0_7433.jpg,dr_0_7433.jpg,Bramha Augmented,confidence_0.2,122.44667759461727,134.830818214542,106.07543874131244,102.57475396532311,122.02906445125069,115.77181561712493,117.61475162987229,89.43623053157526,0.39160402466445093,0.2582077049895595,0.308840789570235,0.30158900337978567,28.178521098297026,6.257248834125761,12.384140619924736,3.5006847759893276
/content/drive/MyDrive/Bharatanatyam_Digital_Twin/dataset/posture_images/extracted/new_Dataset/Bramha Augmented/dr_0_7655.jpg,dr_0_7655.jpg,Bramha Augmented,confidence_0.2,117.24797538784581,126.88686337711859,109.13100049624633,110.18968164403341,164.17581707243335,122.21417445342865,150.54341150834398,113.88273126252791,0.34060946088379296,0.23370738143818315,0.5470848145621152,0.7508952893614657,36.66068024581607,41.96164261900469,9.638887989272774,1.0586811477870839
/content/drive/MyDrive/Bharatanatyam_Digital_Twin/dataset/posture_images/extracted/new_Dataset/Bramha Augmented/dr_0_7665.jpg,dr_0_7665.jpg,Bramha Augmented,confidence_0.2,140.19122749874134,124.18412747495711,54.78578603909459,89.80065859651094,148.4825354181866,133.21314380615095,122.9135781629736,95.01617548940332,0.43260500094560544,0.3009029420230871,0.3330271952588808,0.32988826146722533,27.89740267357027,15.269391612035633,16.007100023784233,35.01487255741635
/content/drive/MyDrive/Bharatanatyam_Digital_Twin/dataset/posture_images/extracted/new_Dataset/Bramha Augmented/dr_0_7766.jpg,dr_0_7766.jpg,Bramha Augmented,confidence_0.2,130.98251184898695,145.35406239216044,108.84762848965323,117.39655446510044,75.10585349618154,119.08554333979953,81.1083154419825,98.10767878038088,0.3839910107152276,0.24901575358431446,0.7312563398662365,1.2312566152977835,16.999363338398382,43.97968984361799,14.371550543173498,8.548925975447204
/content/drive/MyDrive/Bharatanatyam_Digital_Twin/dataset/posture_images/extracted/new_Dataset/Bramha Augmented/dr_0_7906.jpg,dr_0_7906.jpg,Bramha Augmented,confidence_0.2,109.25306485372064,110.73139877845695,86.16246286692801,88.21774279086235,162.67343188855983,139.41442453386114,132.06432123160843,117.92014584153915,0.3308282285114669,0.20762936155762746,0.3372698686493605,0.5404203282877436,14.144175390069279,23.259007354698696,1.4783339247363045,2.055279923934336
/content/drive/MyDrive/Bharatanatyam_Digital_Twin/dataset/posture_images/extracted/new_Dataset/Bramha Augmented/dr_0_7971.jpg,dr_0_7971.jpg,Bramha Augmented,confidence_0.2,122.95611660512722,138.5467087084159,101.9942898541925,109.3564639181967,118.84867668676398,145.1924338486082,122.6231479525286,122.37426946137957,0.4001539057115475,0.2649099039254154,0.4153400793968537,0.7677094941352939,0.2488784911490285,26.343757161844223,15.590592103288685,7.3621740640041935
/content/drive/MyDrive/Bharatanatyam_Digital_Twin/dataset/posture_images/extracted/new_Dataset/Bramha Augmented/dr_0_8099.jpg,dr_0_8099.jpg,Bramha Augmented,confidence_0.2,127.4585922746277,123.41286067070175,112.43046543552599,100.37184584018819,132.12433590340765,112.1609596984162,121.37671145361905,98.12596872139841,0.36636325872167036,0.278072853480903,0.4984967967928199,0.5589147769040128,23.250742732220644,19.963376204991448,4.045731603925958,12.058619595337802
/content/drive/MyDrive/Bharatanatyam_Digital_Twin/dataset/posture_images/extracted/new_Dataset/Bramha Augmented/dr_0_8287.jpg,dr_0_8287.jpg,Bramha Augmented,confidence_0.2,72.63910177658998,105.0651982369045,45.05163123169403,72.69485986621928,172.05251966703634,166.42229041358564,153.53640435925914,146.14014387691498,0.3432674951543404,0.2140245481559166,0.27538483430753,0.3171462607402565,7.396260482344161,5.630229253450693,32.42609646031451,27.643228634525244
/content/drive/MyDrive/Bharatanatyam_Digital_Twin/dataset/posture_images/extracted/new_Dataset/Bramha Augmented/dr_0_8324.jpg,dr_0_8324.jpg,Bramha Augmented,confidence_0.2,124.24072682342569,139.55660574748296,116.55202781273964,121.06551300889514,119.52172046432038,123.58247075896207,122.12169071863445,113.63536565344381,0.36319974539380645,0.23290865203409541,0.2499238698900761,0.3183254372926174,8.486325065190641,4.060750294641693,15.315878924057273,4.5134851961555
/content/drive/MyDrive/Bharatanatyam_Digital_Twin/dataset/posture_images/extracted/new_Dataset/Bramha Augmented/dr_0_8459.jpg,dr_0_8459.jpg,Bramha Augmented,confidence_0.2,103.89432851662882,113.51027971096725,78.10054788822576,85.26350469218744,149.79091427184372,135.47814081770494,125.79022463833454,117.78024783077439,0.342378422211777,0.21005431029828567,0.29421779780118174,0.3908663924377794,8.00997680756015,14.312773454138778,9.615951194338436,7.162956803961677
/content/drive/MyDrive/Bharatanatyam_Digital_Twin/dataset/posture_images/extracted/new_Dataset/Bramha Augmented/dr_0_8988.jpg,dr_0_8988.jpg,Bramha Augmented,confidence_0.2,140.93875300964712,129.93969370506412,129.9377703709023,121.84236299557459,82.14375976948949,84.95929156135618,116.23243678080229,93.11035254525012,0.4034838142095132,0.26376868514042134,0.2781654690325085,0.30264296892529413,23.122084235552165,2.8155317918666896,10.999059304583,8.095407375327724
/content/drive/MyDrive/Bharatanatyam_Digital_Twin/dataset/posture_images/extracted/new_Dataset/Bramha Augmented/dr_0_9035.jpg,dr_0_9035.jpg,Bramha Augmented,confidence_0.2,114.5639637862517,99.9713930423536,88.91045885119249,68.643131332252,158.89490156141957,112.3161611392333,140.88663261111367,98.23442023449319,0.32673919739220053,0.24377505698752455,0.6487970883016287,0.727207050917939,42.65221237662048,46.57874042218627,14.592570743898108,20.26732751894049
/content/drive/MyDrive/Bharatanatyam_Digital_Twin/dataset/posture_images/extracted/new_Dataset/Bramha Augmented/dr_0_908.jpg,dr_0_908.jpg,Bramha Augmented,confidence_0.2,92.7388871960845,76.92069503274193,78.41741615351148,64.0435763058052,155.7280864997695,118.38492793000374,133.37073523540354,105.86664788787121,0.3336345348226429,0.2466698415209445,0.5054989580885249,0.5880007146330563,27.504087347532334,37.34315856976575,15.818192163342573,14.373839847706279
/content/drive/MyDrive/Bharatanatyam_Digital_Twin/dataset/posture_images/extracted/new_Dataset/Bramha Augmented/dr_0_9083.jpg,dr_0_9083.jpg,Bramha Augmented,confidence_0.2,85.136188245637,89.39080597463087,57.84284790710121,46.57188194872075,154.49987983595403,110.39161399831954,153.24958474775008,67.77816030432074,0.3637175917031485,0.21483561506403223,0.44152603339192026,0.6828157376853424,85.47142444342934,44.10826583763449,4.254617728993864,11.270965958380458
/content/drive/MyDrive/Bharatanatyam_Digital_Twin/dataset/posture_images/extracted/new_Dataset/Bramha Augmented/dr_0_9541.jpg,dr_0_9541.jpg,Bramha Augmented,confidence_0.2,101.4364266181728,95.37419325021042,85.39440920843731,78.99780532708913,159.39773062372058,162.96898358405508,143.37641162666773,128.50932411386853,0.36969353375608455,0.25789692065315245,0.33572734576246016,0.26526135312101096,14.867087512799202,3.5712529603345047,6.062233367962378,6.3966038813481845
/content/drive/MyDrive/Bharatanatyam_Digital_Twin/dataset/posture_images/extracted/new_Dataset/Bramha Augmented/dr_0_9662.jpg,dr_0_9662.jpg,Bramha Augmented,confidence_0.2,129.189024420269,100.64067392565627,98.5546289189875,82.33122093019539,151.53061180883992,125.1370879307497,138.324848752026,112.9648104496024,0.3476346590438504,0.23752396880313975,0.4051430053756886,0.4803370240935228,25.360038302423618,26.39352387809022,28.54835049461272,16.22340798879212
/content/drive/MyDrive/Bharatanatyam_Digital_Twin/dataset/posture_images/extracted/new_Dataset/Bramha Augmented/dr_0_971.jpg,dr_0_971.jpg,Bramha Augmented,confidence_0.2,112.63448242686181,129.22322732327578,82.10972824058976,102.09397081706999,158.60907630458988,132.84609521821494,140.98137108251495,120.57906896288839,0.3164282737872793,0.19653042112010136,0.34204239193843056,0.4767294241087397,20.40230211962657,25.762981086374936,16.58874489641397,19.984242576480227
/content/drive/MyDrive/Bharatanatyam_Digital_Twin/dataset/posture_images/extracted/new_Dataset/Bramha Augmented/dr_0_9889.jpg,dr_0_9889.jpg,Bramha Augmented,confidence_0.2,110.84109730668712,82.1479990877007,85.38340019046987,72.85267097515853,151.31230790126511,175.6019849237401,137.87161170453157,153.9712323009932,0.3504586285932646,0.24816998037112303,0.24986787183370707,0.24375740321666586,16.09962059646162,24.28967702247499,28.69309821898642,12.53072921531134
/content/drive/MyDrive/Bharatanatyam_Digital_Twin/dataset/posture_images/extracted/new_Dataset/Bramha Augmented/dr_0_9940.jpg,dr_0_9940.jpg,Bramha Augmented,confidence_0.2,127.53472406519204,141.70059381796582,122.97516852836068,125.89215877373653,121.43168810799145,109.99536823751968,121.87850236536971,103.54848117982513,0.38727768455037903,0.22940649392240373,0.28267730393441187,0.2617125849384328,18.33002118554458,11.436319870471763,14.165869752773787,2.9169902453758425
/content/drive/MyDrive/Bharatanatyam_Digital_Twin/dataset/posture_images/extracted/new_Dataset/Bramha Augmented/dr_1_1081.jpg,dr_1_1081.jpg,Bramha Augmented,confidence_0.2,102.78224688116946,106.71478381220437,61.137525108844606,64.30362058837882,150.98802160353446,121.92289822520402,111.3443404177996,82.04654799552803,0.4402516993487446,0.2609829630060151,0.2630197443807828,0.3744837734052839,29.29779242227157,29.06512337833044,3.9325369310349174,3.1660954795342136
/content/drive/MyDrive/Bharatanatyam_Digital_Twin/dataset/posture_images/extracted/new_Dataset/Bramha Augmented/dr_1_1192.jpg,dr_1_1192.jpg,Bramha Augmented,confidence_0.2,124.02562203277215,120.04921391325438,99.1799479376546,94.2147555399208,82.8130617914408,97.21358694902146,43.48103733594342,106.18419500307868,0.42643141659484285,0.3369974613321138,0.45727175334496784,0.8463743275174815,62.703157667135265,14.40052515758066,3.976408119517771,4.9651923977338015
/content/drive/MyDrive/Bharatanatyam_Digital_Twin/dataset/posture_images/extracted/new_Dataset/Bramha Augmented/dr_1_123.jpg,dr_1_123.jpg,Bramha Augmented,confidence_0.2,70.85324791012022,73.86957232093256,50.91485304977624,69.79397578721684,134.05136270267897,103.89577800781485,88.01710843437945,52.26697921177923,0.5039579633968373,0.30572080280643266,0.35513831443824084,0.2775558335538398,35.75012922260022,30.155584694864118,3.016324410812345,18.879122737440596
/content/drive/MyDrive/Bharatanatyam_Digital_Twin/dataset/posture_images/extracted/new_Dataset/Bramha Augmented/dr_1_1394.jpg,dr_1_1394.jpg,Bramha Augmented,confidence_0.2,74.82647956157646,56.22945138886606,34.05061445772571,68.09007870990983,161.1346989380197,144.52549595356493,119.74864479652545,107.94397455629144,0.3829907951577467,0.23203764677681454,0.22532579161629698,0.12636828981753548,11.804670240234017,16.609202984454782,18.597028172710402,34.039464252184125
/content/drive/MyDrive/Bharatanatyam_Digital_Twin/dataset/posture_images/extracted/new_Dataset/Bramha Augmented/dr_1_1509.jpg,dr_1_1509.jpg,Bramha Augmented,confidence_0.2,104.7383188480589,114.36507115627472,69.96592655345319,74.81558064546526,137.6957706813552,106.02334800396966,92.55413959041115,65.09622007196158,0.4379527092601589,0.2583142588502697,0.323205665859663,0.4011848397250989,27.45791951844957,31.672422677385555,9.626752308215828,4.849654092012074
/content/drive/MyDrive/Bharatanatyam_Digital_Twin/dataset/posture_images/extracted/new_Dataset/Bramha Augmented/dr_1_238.jpg,dr_1_238.jpg,Bramha Augmented,confidence_0.2,91.32169627067911,92.14509661287393,53.573131717811336,59.72611574803306,138.31608190184252,130.62348041745392,111.20764166375587,96.77280667214187,0.42558181581432003,0.25701375476897254,0.19084388579796996,0.15611340803074977,14.434834991613997,7.692601484388604,0.823400342194816,6.152984030221724
/content/drive/MyDrive/Bharatanatyam_Digital_Twin/dataset/posture_images/extracted/new_Dataset/Bramha Augmented/dr_1_2636.jpg,dr_1_2636.jpg,Bramha Augmented,confidence_0.2,94.18831192182081,121.88025144056837,36.85853903320687,52.93377183767329,144.78568759595237,165.42958156302518,135.97110308351296,145.0730627134972,0.4880087240562104,0.3447235644290712,0.49630170055415446,0.6546366708643249,9.101959629984236,20.643893967072813,27.69193951874756,16.075232804466424
/content/drive/MyDrive/Bharatanatyam_Digital_Twin/dataset/posture_images/extracted/new_Dataset/Bramha Augmented/dr_1_2650.jpg,dr_1_2650.jpg,Bramha Augmented,confidence_0.2,60.374947067850805,67.49671372329864,55.89593724881806,36.250634956686326,141.99681926748042,162.23636185832572,114.21242125307607,130.6511535361549,0.3467236810046638,0.26389770179517563,0.2894697767721911,0.36086724261795733,16.438732283078835,20.239542590845303,7.121766655447836,19.64530229213173
/content/drive/MyDrive/Bharatanatyam_Digital_Twin/dataset/posture_images/extracted/new_Dataset/Bramha Augmented/dr_1_2691.jpg,dr_1_2691.jpg,Bramha Augmented,confidence_0.2,101.30849043845802,96.66521209725337,58.56903785778999,57.91420619311636,146.37991902656498,151.32467470457405,165.20680154390223,137.1554241639063,0.38294906756765534,0.2939275441404821,0.5921677397676515,0.7704615861562228,28.051377379995927,4.944755678009074,4.643278341204649,0.6548316646736367
/content/drive/MyDrive/Bharatanatyam_Digital_Twin/dataset/posture_images/extracted/new_Dataset/Bramha Augmented/dr_1_2745.jpg,dr_1_2745.jpg,Bramha Augmented,confidence_0.2,116.33523414000994,147.1705553523655,81.6803198480403,94.69754891941353,140.95214083003472,109.15857759541528,105.52439096475064,65.00265457902762,0.3574128969615856,0.20485431314853286,0.2803712378012129,0.16012610204784955,40.52173638572302,31.79356323461944,30.835321212355566,13.017229071373237
/content/drive/MyDrive/Bharatanatyam_Digital_Twin/dataset/posture_images/extracted/new_Dataset/Bramha Augmented/dr_1_2959.jpg,dr_1_2959.jpg,Bramha Augmented,confidence_0.2,88.8906334151708,118.10045850000346,68.6223728801284,82.079995876797,132.71329018084182,99.15862315319754,104.9263799908686,78.31822110536214,0.399651380407654,0.230388946477134,0.38467273385889994,0.40987639546947446,26.608158885506455,33.554667027644285,29.20982508483266,13.457622996668604
/content/drive/MyDrive/Bharatanatyam_Digital_Twin/dataset/posture_images/extracted/new_Dataset/Bramha Augmented/dr_1_3098.jpg,dr_1_3098.jpg,Bramha Augmented,confidence_0.2,81.35146908409965,87.78058499324011,40.31624919244114,62.10773686684623,154.8917741131631,127.4874199647999,113.61180093621208,83.21590939138925,0.36506384888754995,0.23759216863759972,0.2901602977795217,0.21476369934539313,30.39589154482283,27.40435414836321,6.429115909140464,21.79148767440509
/content/drive/MyDrive/Bharatanatyam_Digital_Twin/dataset/posture_images/extracted/new_Dataset/Bramha Augmented/dr_1_317.jpg,dr_1_317.jpg,Bramha Augmented,confidence_0.2,128.40295635829747,146.70985764189757,102.4290395659336,104.12165895416256,98.71114755251644,106.03683758103804,100.88580126441823,84.62401618050727,0.32414126961534623,0.17656731263404074,0.1974637279964736,0.2570068922931108,16.261785083910965,7.325690028521606,18.306901283600098,1.6926193882289482
/content/drive/MyDrive/Bharatanatyam_Digital_Twin/dataset/posture_images/extracted/new_Dataset/Bramha Augmented/dr_1_335.jpg,dr_1_335.jpg,Bramha Augmented,confidence_0.2,114.32874237223912,96.56556665038036,70.21653997565626,68.37533305442798,145.7458648600928,125.21948231341864,154.02465187638188,121.2753421092779,0.44714554281582436,0.3336680521231573,0.7368503570736356,0.991595847515579,32.74930976710398,20.52638254667417,17.763175721858758,1.8412069212282773
/content/drive/MyDrive/Bharatanatyam_Digital_Twin/dataset/posture_images/extracted/new_Dataset/Bramha Augmented/dr_1_3421.jpg,dr_1_3421.jpg,Bramha Augmented,confidence_0.2,118.93780640562838,102.09963634404009,85.79707888233438,76.15827480111676,114.30294625467172,106.3787344261616,86.3716068594852,87.38889363489218,0.32587379572227443,0.23782849909997428,0.3976726867219137,0.489074953774676,1.017286775406987,7.924211828510124,16.838170061588286,9.638804081217614
/content/drive/MyDrive/Bharatanatyam_Digital_Twin/dataset/posture_images/extracted/new_Dataset/Bramha Augmented/dr_1_3459.jpg,dr_1_3459.jpg,Bramha Augmented,confidence_0.2,75.34138921742841,110.98222386195225,47.73026535330305,78.1259118386132,168.93511801300406,134.86430263724432,163.7234431882573,131.2605416503055,0.452906608007255,0.33091252161633844,0.5831189625098595,0.6628090674631862,32.46290153795181,34.070815375759736,35.640834644523835,30.39564648531016
/content/drive/MyDrive/Bharatanatyam_Digital_Twin/dataset/posture_images/extracted/new_Dataset/Bramha Augmented/dr_1_3480.jpg,dr_1_3480.jpg,Bramha Augmented,confidence_0.2,129.35415950823062,111.16796654567621,89.62363165231773,81.17602962209274,103.82306762091103,102.33858259457632,60.688226827705996,105.60792373289105,0.45112215774655556,0.37240310928196185,0.6241518583748777,1.1221722848108118,44.919696905185056,1.4844850263347098,18.186192962554415,8.447602030224985
/content/drive/MyDrive/Bharatanatyam_Digital_Twin/dataset/posture_images/extracted/new_Dataset/Bramha Augmented/dr_1_3516.jpg,dr_1_3516.jpg,Bramha Augmented,confidence_0.2,109.25185537884506,99.91327064390735,63.41876584400899,63.24597431699615,167.98406326868295,138.93865041866073,155.63687876697787,131.76231412063706,0.34677880244215337,0.2415290098155912,0.436866181488082,0.5639589464672801,23.874564646340815,29.045412850022217,9.338584734937712,0.17279152701284062
/content/drive/MyDrive/Bharatanatyam_Digital_Twin/dataset/posture_images/extracted/new_Dataset/Bramha Augmented/dr_1_3753.jpg,dr_1_3753.jpg,Bramha Augmented,confidence_0.2,117.34049262627617,143.06891727522586,67.62851072781702,74.56762444941008,142.61849921785983,166.5663107015643,131.4883884455599,123.18402222122234,0.45288100364238265,0.300674976097427,0.3483939769784169,0.47926426100104386,8.30436622433757,23.94781148370447,25.728424648949684,6.93911372159306
/content/drive/MyDrive/Bharatanatyam_Digital_Twin/dataset/posture_images/extracted/new_Dataset/Bramha Augmented/dr_1_4059.jpg,dr_1_4059.jpg,Bramha Augmented,confidence_0.2,88.425917391105,82.68696339538988,40.313940304747724,47.7604817577019,152.709477649909,120.93366884173668,151.7765798283254,164.22069850374504,0.5602659400250055,0.42044882040851395,0.7862276234723444,1.124498402423432,12.444118675419645,31.775808808172314,5.738953995715121,7.446541452954179
/content/drive/MyDrive/Bharatanatyam_Digital_Twin/dataset/posture_images/extracted/new_Dataset/Bramha Augmented/dr_1_4885.jpg,dr_1_4885.jpg,Bramha Augmented,confidence_0.2,75.59774159311614,91.50060314342804,37.15536926336087,62.90582234330869,141.49775752022498,135.40018421739455,120.46736579411014,98.60967568051137,0.4860700671066554,0.35698180134187685,0.4472141190492776,0.49290264410265006,21.857690113598764,6.097573302830426,15.902861550311897,25.750453079947825
/content/drive/MyDrive/Bharatanatyam_Digital_Twin/dataset/posture_images/extracted/new_Dataset/Bramha Augmented/dr_1_4902.jpg,dr_1_4902.jpg,Bramha Augmented,confidence_0.2,118.31616379416525,120.23835524281387,89.27324297880392,89.363634312328,102.09569807842021,98.28581294542273,74.28210071574647,71.5011153911627,0.3104966005956337,0.23193719529009504,0.3289523311045796,0.3334075715166124,2.7809853245837672,3.809885132997479,1.9221914486486185,0.09039133352408157
/content/drive/MyDrive/Bharatanatyam_Digital_Twin/dataset/posture_images/extracted/new_Dataset/Bramha Augmented/dr_1_5429.jpg,dr_1_5429.jpg,Bramha Augmented,confidence_0.2,53.643425434110775,89.43240702080502,46.7618200440024,44.85997684259659,154.23530726731641,159.0705026727716,172.16375589489718,162.88451224614744,0.3666485807519853,0.2890590763695204,0.5243536945416407,0.5866911323316683,9.279243648749741,4.835195405455181,35.78898158669424,1.9018432014058106
/content/drive/MyDrive/Bharatanatyam_Digital_Twin/dataset/posture_images/extracted/new_Dataset/Bramha Augmented/dr_1_562.jpg,dr_1_562.jpg,Bramha Augmented,confidence_0.2,111.05090096619298,86.47468334893087,82.99514004643194,65.36293973570832,107.79807682328197,105.32373859185516,66.91010788486855,82.84334820063575,0.31084828471474235,0.223519863958214,0.33692360474296745,0.45679144359891716,15.933240315767193,2.474338231426813,24.576217617262117,17.63220031072362
/content/drive/MyDrive/Bharatanatyam_Digital_Twin/dataset/posture_images/extracted/new_Dataset/Bramha Augmented/dr_1_5843.jpg,dr_1_5843.jpg,Bramha Augmented,confidence_0.2,84.67814219370803,97.04184010457986,51.75633121843603,70.17875131676566,146.9857615074432,112.72282131893583,111.66543632154779,75.51502915216707,0.4190443887930404,0.2724276986636946,0.3043425249544579,0.2038225419557869,36.15040716938071,34.26294018850736,12.363697910871835,18.422420098329624
/content/drive/MyDrive/Bharatanatyam_Digital_Twin/dataset/posture_images/extracted/new_Dataset/Bramha Augmented/dr_1_5961.jpg,dr_1_5961.jpg,Bramha Augmented,confidence_0.2,87.28212682067227,103.85768817137543,52.11999120620935,67.30252704843349,155.93372999560697,114.24170510791355,107.05604557042815,76.3142582387681,0.409128404539206,0.23494522873166737,0.3068678082905344,0.4723673778687726,30.74178733166005,41.69202488769342,16.575561350703154,15.18253584222414
/content/drive/MyDrive/Bharatanatyam_Digital_Twin/dataset/posture_images/extracted/new_Dataset/Bramha Augmented/dr_1_628.jpg,dr_1_628.jpg,Bramha Augmented,confidence_0.2,137.71328138150056,129.79219117584714,118.4843080149323,120.80715382653008,81.8627993972547,62.610619115025095,70.45556314782226,63.1124517218477,0.35820987684820443,0.2904431149491513,0.6081335861792172,0.8528157865838852,7.343111425974563,19.25218028222961,7.921090205653428,2.3228458115977872
/content/drive/MyDrive/Bharatanatyam_Digital_Twin/dataset/posture_images/extracted/new_Dataset/Bramha Augmented/dr_1_6739.jpg,dr_1_6739.jpg,Bramha Augmented,confidence_0.2,67.90808398192202,68.41418007298498,33.68755027475407,65.26079534634461,146.36684982106905,138.59724671690478,116.31803774778926,116.91694919626086,0.37523151660127363,0.2634685824649795,0.40392769784234617,0.3934465522013189,0.5989114484715969,7.7696031041642755,0.5060960910629575,31.57324507159054
/content/drive/MyDrive/Bharatanatyam_Digital_Twin/dataset/posture_images/extracted/new_Dataset/Bramha Augmented/dr_1_6783.jpg,dr_1_6783.jpg,Bramha Augmented,confidence_0.2,58.4497618281078,119.19075152938974,39.72168149979932,84.771401594928,156.45481298335585,124.15977620991207,170.13024371832327,135.68696684636018,0.5343599661797532,0.4126326094115955,0.8803567236714586,1.1225124953253038,34.44327687196309,32.29503677344378,60.74098970128194,45.04972009512868
/content/drive/MyDrive/Bharatanatyam_Digital_Twin/dataset/posture_images/extracted/new_Dataset/Bramha Augmented/dr_1_6894.jpg,dr_1_6894.jpg,Bramha Augmented,confidence_0.2,73.43313987348776,96.38292264667788,31.189861856882732,58.65269697019434,148.3389255776148,140.28586605312125,121.21057340725145,126.62988183691569,0.4616967651344513,0.33653934693329224,0.5416238335528591,0.6357039767825237,5.419308429664241,8.053059524493534,22.949782773190122,27.46283511331161
/content/drive/MyDrive/Bharatanatyam_Digital_Twin/dataset/posture_images/extracted/new_Dataset/Bramha Augmented/dr_1_7439.jpg,dr_1_7439.jpg,Bramha Augmented,confidence_0.2,108.50810672122891,100.64115492037806,76.78476609742265,69.1015752119382,155.94466664550737,131.99133221147784,161.50024352434392,124.73148459097997,0.36016778667153365,0.287851293491199,0.6255327764969719,0.790002961411608,36.76875893336394,23.95333443402953,7.866951800850856,7.68319088548445
/content/drive/MyDrive/Bharatanatyam_Digital_Twin/dataset/posture_images/extracted/new_Dataset/Bramha Augmented/dr_1_7813.jpg,dr_1_7813.jpg,Bramha Augmented,confidence_0.2,84.62071302848315,72.19220642277769,64.66744332024179,37.75494037510491,137.39507930053057,168.76769059758814,105.96148537980744,131.92125460396196,0.32409969129652705,0.2408442080165919,0.21446498657638755,0.1923305392557453,25.959769224154513,31.372611297057574,12.428506605705465,26.91250294513688
/content/drive/MyDrive/Bharatanatyam_Digital_Twin/dataset/posture_images/extracted/new_Dataset/Bramha Augmented/dr_1_7857.jpg,dr_1_7857.jpg,Bramha Augmented,confidence_0.2,125.17868802292261,119.37454488876138,94.37254952702337,88.81287203698652,126.3888881284578,94.64961237130096,100.56017011649415,88.90824707046427,0.35509210905377003,0.27041996767083804,0.5886568710898366,0.885624946507565,11.651923046029879,31.739275757156832,5.804143134161237,5.559677490036847
/content/drive/MyDrive/Bharatanatyam_Digital_Twin/dataset/posture_images/extracted/new_Dataset/Bramha Augmented/dr_1_7952.jpg,dr_1_7952.jpg,Bramha Augmented,confidence_0.2,103.10408571013602,130.97849821487318,74.8077254476354,87.07970293196311,113.71227062232326,155.13094496281172,101.54730600426107,115.71374472529702,0.4289314481343737,0.2690234305760791,0.4371540574698,0.6493009650685848,14.166438721035945,41.418674340488465,27.874412504737165,12.271977484327707
/content/drive/MyDrive/Bharatanatyam_Digital_Twin/dataset/posture_images/extracted/new_Dataset/Bramha Augmented/dr_1_8084.jpg,dr_1_8084.jpg,Bramha Augmented,confidence_0.2,119.20243161642978,113.50140614050736,84.4799792516172,80.22428499980737,125.64378005640165,102.702876476773,92.94702593984394,84.49265403705076,0.34976668824352675,0.2765244564068726,0.48906335733152817,0.722681077791755,8.454371902793184,22.940903579628653,5.701025475922421,4.255694251809828
/content/drive/MyDrive/Bharatanatyam_Digital_Twin/dataset/posture_images/extracted/new_Dataset/Bramha Augmented/dr_1_811.jpg,dr_1_811.jpg,Bramha Augmented,confidence_0.2,96.46822013016687,118.320162095173,68.96365502443787,81.89120303704053,139.80171616586492,101.71237820566066,111.600124654134,74.82804334747071,0.39334067532781325,0.23853839849693037,0.3584001377003133,0.3593802520439426,36.772081306663296,38.08933796020426,21.851941965006134,12.927548012602657
/content/drive/MyDrive/Bharatanatyam_Digital_Twin/dataset/posture_images/extracted/new_Dataset/Bramha Augmented/dr_1_8548.jpg,dr_1_8548.jpg,Bramha Augmented,confidence_0.2,109.02586383349173,104.68191027069355,79.63233532424867,70.25247000755567,119.8862734780021,101.67405362373387,88.7626665410227,88.38710038611855,0.35875834832408277,0.28751857178004336,0.6023188280412104,0.8762221370147071,0.37556615490414913,18.212219854268227,4.343953562798177,9.379865316693
/content/drive/MyDrive/Bharatanatyam_Digital_Twin/dataset/posture_images/extracted/new_Dataset/Bramha Augmented/dr_1_8718.jpg,dr_1_8718.jpg,Bramha Augmented,confidence_0.2,86.2937979914516,91.20375231981537,30.797729328588844,44.646797383308126,138.5932170896179,156.39537215946947,148.25652035149162,152.18841916163728,0.4666602051015807,0.34000027358758206,0.5833874213272536,0.8432637528504938,3.931898810145668,17.80215506985158,4.909954328363767,13.849068054719282
/content/drive/MyDrive/Bharatanatyam_Digital_Twin/dataset/posture_images/extracted/new_Dataset/Bramha Augmented/dr_1_8743.jpg,dr_1_8743.jpg,Bramha Augmented,confidence_0.2,60.20917025382967,40.56154886428489,42.27100912570247,72.11219985537032,131.95426971673433,101.02707644165778,113.75716451203111,55.975807473381124,0.28983210289049366,0.18371715778619807,0.30122680841985144,0.2534356538515953,57.781357038649986,30.927193275076547,19.64762138954478,29.84119072966785
/content/drive/MyDrive/Bharatanatyam_Digital_Twin/dataset/posture_images/extracted/new_Dataset/Bramha Augmented/dr_1_8764.jpg,dr_1_8764.jpg,Bramha Augmented,confidence_0.2,110.8159450976472,134.35895884700523,80.84429255310646,90.60134001056026,115.37627925315782,120.08378726233042,99.49041661448413,76.90930997745377,0.5143295276661553,0.3542493769342129,0.4580845808829694,0.6990173786865502,22.58110663703036,4.707508009172599,23.543013749358025,9.757047457453808
/content/drive/MyDrive/Bharatanatyam_Digital_Twin/dataset/posture_images/extracted/new_Dataset/Bramha Augmented/dr_1_8917.jpg,dr_1_8917.jpg,Bramha Augmented,confidence_0.2,97.04622346871245,72.1664607638399,70.81080223816794,78.50001536468223,166.32127179353088,105.86256873410343,121.69032081473794,40.721233414659984,0.3593337375153492,0.16639982795306688,0.42812551096154555,0.4537689959766656,80.96908740007797,60.45870305942745,24.87976270487256,7.689213126514289
/content/drive/MyDrive/Bharatanatyam_Digital_Twin/dataset/posture_images/extracted/new_Dataset/Bramha Augmented/dr_1_8982.jpg,dr_1_8982.jpg,Bramha Augmented,confidence_0.2,94.90412025745637,98.3392087787945,66.77562639097258,62.74082601468507,139.81171225618962,124.01281318586126,116.48152772030942,74.31160954311893,0.5942126786482735,0.38635171966911974,0.32768532291947944,0.3881283548660988,42.16991817719048,15.79889907032836,3.4350885213381304,4.034800376287507
/content/drive/MyDrive/Bharatanatyam_Digital_Twin/dataset/posture_images/extracted/new_Dataset/Bramha Augmented/dr_1_9003.jpg,dr_1_9003.jpg,Bramha Augmented,confidence_0.2,129.92538800659332,123.64205985317223,96.88827125299707,97.96584125823789,84.29386212403543,106.05964060666395,64.02615210918694,89.32638350551602,0.3350661327845938,0.2384257902891152,0.279289708440559,0.19712346965387287,25.30023139632908,21.76577848262852,6.283328153421095,1.0775700052408155
/content/drive/MyDrive/Bharatanatyam_Digital_Twin/dataset/posture_images/extracted/new_Dataset/Bramha Augmented/dr_1_9094.jpg,dr_1_9094.jpg,Bramha Augmented,confidence_0.2,130.59153408044935,142.60565385497188,98.92884389787471,101.40170014147532,101.0547559419839,79.36401549161774,85.892752757101,41.379824733392375,0.3770183521637283,0.26169306648518714,0.37420566009015693,0.31456925130779834,44.51292802370862,21.690740450366164,12.014119774522527,2.472856243600603
/content/drive/MyDrive/Bharatanatyam_Digital_Twin/dataset/posture_images/extracted/new_Dataset/Bramha Augmented/dr_1_9110.jpg,dr_1_9110.jpg,Bramha Augmented,confidence_0.2,112.30168576726358,134.74369864162387,77.98736176754097,85.89766747277454,135.32881896168067,165.14964145968466,122.14991134152055,127.93615031438323,0.454605265357391,0.28128569520123653,0.3778302557278306,0.46640772422814464,5.786238972862677,29.82082249800399,22.442012874360287,7.910305705233569
/content/drive/MyDrive/Bharatanatyam_Digital_Twin/dataset/posture_images/extracted/new_Dataset/Bramha Augmented/dr_1_9282.jpg,dr_1_9282.jpg,Bramha Augmented,confidence_0.2,97.00091066178068,82.55618782403326,60.0656075199677,54.32018877184344,143.76453447077884,137.68020483153018,141.98742961538503,125.98997225101792,0.2971128161743573,0.21452614975911302,0.35296236153927746,0.36446420372024274,15.997457364367108,6.084329639248665,14.44472283774742,5.7454187481242585
/content/drive/MyDrive/Bharatanatyam_Digital_Twin/dataset/posture_images/extracted/new_Dataset/Bramha Augmented/dr_1_935.jpg,dr_1_935.jpg,Bramha Augmented,confidence_0.2,91.13571843792622,71.40505473116393,60.949781947893754,76.7013658649694,146.01128305761415,107.12082083393908,107.00595731676566,49.47685023138363,0.41878500414812087,0.2716518868188231,0.30406339687593614,0.21167322683857348,57.52910708538203,38.89046222367507,19.730663706762286,15.75158391707565
/content/drive/MyDrive/Bharatanatyam_Digital_Twin/dataset/posture_images/extracted/new_Dataset/Bramha Augmented/dr_1_9515.jpg,dr_1_9515.jpg,Bramha Augmented,confidence_0.2,100.88672672820702,120.04577792821856,64.76044626216779,68.73510098258683,138.16702796407316,118.04917239658535,120.13722633677024,75.82707771599367,0.577967636975203,0.38088807013200154,0.3553129012472026,0.3436454530306465,44.31014862077657,20.11785556748781,19.159051200011533,3.9746547204190392
/content/drive/MyDrive/Bharatanatyam_Digital_Twin/dataset/posture_images/extracted/new_Dataset/Bramha Augmented/dr_1_9708.jpg,dr_1_9708.jpg,Bramha Augmented,confidence_0.2,105.85885980573316,143.1123922517767,77.96080349666964,93.7041621844901,121.62260039830767,134.38074107810343,116.37850999601609,104.09531254778635,0.3637094364420596,0.21803996121521432,0.2263414941213645,0.35583408790390725,12.283197448229743,12.758140679795758,37.253532446043536,15.74335868782046
/content/drive/MyDrive/Bharatanatyam_Digital_Twin/dataset/posture_images/extracted/new_Dataset/Bramha Augmented/dr_1_9834.jpg,dr_1_9834.jpg,Bramha Augmented,confidence_0.2,71.94627876560958,51.289942111714154,37.29430159549642,64.87363872050956,147.3076244779891,145.34072943650665,137.0185978079876,135.4043258393591,0.34711078771737075,0.2599271982971631,0.4974492107085105,0.7206480541280766,1.6142719686284863,1.966895041482445,20.656336653895423,27.57933712501314
/content/drive/MyDrive/Bharatanatyam_Digital_Twin/dataset/posture_images/extracted/new_Dataset/Bramha Augmented/dr_1_9860.jpg,dr_1_9860.jpg,Bramha Augmented,confidence_0.2,128.27884229159025,114.2915387349374,99.33362660044347,87.09037882944374,115.74083281087596,100.36089615812512,83.97194965404081,81.65774741327661,0.3642491961001997,0.29692115065336616,0.5082676739884815,0.7497240804422253,2.314202240764203,15.379936652750843,13.987303556652847,12.24324777099973
/content/drive/MyDrive/Bharatanatyam_Digital_Twin/dataset/posture_images/extracted/new_Dataset/Garuda Augmented/dr_0_1041.jpg,dr_0_1041.jpg,Garuda Augmented,confidence_0.2,127.69185506691466,148.26493463135378,62.68887076439012,63.106927884998186,145.3049100104966,155.2281191704413,148.11634947044547,133.583852749733,0.07790224928435582,0.04160411902707495,0.0196114354654128,0.07182750566253354,14.532496720712459,9.92320915994469,20.573079564439126,0.41805712060806854
/content/drive/MyDrive/Bharatanatyam_Digital_Twin/dataset/posture_images/extracted/new_Dataset/Garuda Augmented/dr_0_1371.jpg,dr_0_1371.jpg,Garuda Augmented,confidence_0.2,156.44602018474737,172.997051054057,106.2569972579231,105.79770611566533,158.79853763794173,162.3994573667919,149.31415681806965,158.9984639176585,0.21883832347511145,0.10194654035989925,0.10023696265656187,0.13209986760446252,9.684307099588864,3.600919728850158,16.551030869309642,0.45929114225776857
/content/drive/MyDrive/Bharatanatyam_Digital_Twin/dataset/posture_images/extracted/new_Dataset/Garuda Augmented/dr_0_1405.jpg,dr_0_1405.jpg,Garuda Augmented,confidence_0.2,142.6272081120669,65.95173702688967,84.65658923316484,82.21739841952716,76.16014818880215,60.712259285491946,85.09103537903641,65.79731908674185,0.11004438133663315,0.06555121700205316,0.09530076602994093,0.0234175546976688,19.29371629229456,15.447888903310208,76.67547108517724,2.43919081363768
/content/drive/MyDrive/Bharatanatyam_Digital_Twin/dataset/posture_images/extracted/new_Dataset/Garuda Augmented/dr_0_1693.jpg,dr_0_1693.jpg,Garuda Augmented,confidence_0.2,113.15539923735527,129.7979634322301,86.85116583886649,32.0075403315595,165.1798971695807,160.41067764988696,172.97274072807292,158.8077043894676,0.08189189513287257,0.04689013537253378,0.06644435018994164,0.049718303422631116,14.165036338605319,4.769219519693735,16.642564194874822,54.843625507306996
/content/drive/MyDrive/Bharatanatyam_Digital_Twin/dataset/posture_images/extracted/new_Dataset/Garuda Augmented/dr_0_1696.jpg,dr_0_1696.jpg,Garuda Augmented,confidence_0.2,142.80711254977675,156.10626209912087,107.88067858576285,129.74362651009838,142.2579677421632,143.35442245800908,140.28279203274553,150.07862782505657,0.17329424890377698,0.0803940955177022,0.05335721318412753,0.2989192576799672,9.795835792311038,1.09645471584588,13.299149549344122,21.86294792433553
/content/drive/MyDrive/Bharatanatyam_Digital_Twin/dataset/posture_images/extracted/new_Dataset/Garuda Augmented/dr_0_1717.jpg,dr_0_1717.jpg,Garuda Augmented,confidence_0.2,159.05798065005493,162.46015392969576,119.51504727106435,123.12558086482613,176.9826928627222,149.2579603939171,155.16462378390412,149.43469702835796,0.18698985453444827,0.08420189744088802,0.2796394678341915,0.36981967438849317,5.72992675554616,27.724732468805087,3.4021732796408344,3.6105335937617866
/content/drive/MyDrive/Bharatanatyam_Digital_Twin/dataset/posture_images/extracted/new_Dataset/Garuda Augmented/dr_0_1774.jpg,dr_0_1774.jpg,Garuda Augmented,confidence_0.2,145.60334387700254,167.31882990439595,160.8193531397206,150.51696126045874,44.425064374880485,47.74448306025064,43.670770092951905,47.55084858399563,0.12670026748042196,0.06622380906210365,0.0975855588132052,0.06207686464269691,3.880078491043726,3.3194186853701524,21.71548602739341,10.302391879261847
/content/drive/MyDrive/Bharatanatyam_Digital_Twin/dataset/posture_images/extracted/new_Dataset/Garuda Augmented/dr_0_1877.jpg,dr_0_1877.jpg,Garuda Augmented,confidence_0.5_fallback,162.3979699226063,139.6723841223971,28.173235472808038,64.61458627073574,154.59103564239163,92.51677179280337,155.8277684474756,114.94000333698271,0.11718792499018743,0.0630051380678154,0.26965437656284275,0.39729545530020516,40.88776511049288,62.07426384958826,22.725585800209217,36.441350797927704
/content/drive/MyDrive/Bharatanatyam_Digital_Twin/dataset/posture_images/extracted/new_Dataset/Garuda Augmented/dr_0_2072.jpg,dr_0_2072.jpg,Garuda Augmented,confidence_0.2,166.57411052609422,177.1112362846715,143.7653690332641,139.57721157353294,18.815728150711692,65.8421623949411,28.26805259718839,55.69577153748973,0.16820287949622995,0.0864276030072359,0.2059300011761835,0.4813945996801733,27.427718940301343,47.02643424422941,10.537125758577275,4.188157459731173
/content/drive/MyDrive/Bharatanatyam_Digital_Twin/dataset/posture_images/extracted/new_Dataset/Garuda Augmented/dr_0_2117.jpg,dr_0_2117.jpg,Garuda Augmented,confidence_0.2,141.879985736793,175.75052706699753,94.92461083540827,24.64663620830072,97.38870379704801,47.712763822049915,110.36779327471481,70.8515166361936,0.17298498089147873,0.0697269949211525,0.13640711088427573,0.19744153983701804,39.51627663852122,49.675939974998094,33.87054133020453,70.27797462710755
/content/drive/MyDrive/Bharatanatyam_Digital_Twin/dataset/posture_images/extracted/new_Dataset/Garuda Augmented/dr_0_2680.jpg,dr_0_2680.jpg,Garuda Augmented,confidence_0.2,81.4494184310247,172.43759315721914,67.80047821408326,111.09981902168623,49.889645338720364,36.67012051131918,105.38559697214465,58.381498855029854,0.1331083358268162,0.06940524216805898,0.22216723616500114,0.4124313859074127,47.0040981171148,13.21952482740118,90.98817472619444,43.299340807602974
/content/drive/MyDrive/Bharatanatyam_Digital_Twin/dataset/posture_images/extracted/new_Dataset/Garuda Augmented/dr_0_2831.jpg,dr_0_2831.jpg,Garuda Augmented,confidence_0.2,124.68304761697702,161.44076037373364,51.35286048259065,86.27971006354073,169.7116954324181,173.61066223678841,175.16294420264524,177.65743141833647,0.10498118807390891,0.05403906914569841,0.13063064410732222,0.22332849712135575,2.4944872156912368,3.8989668043703034,36.75771275675662,34.92684958095008
/content/drive/MyDrive/Bharatanatyam_Digital_Twin/dataset/posture_images/extracted/new_Dataset/Garuda Augmented/dr_0_3078.jpg,dr_0_3078.jpg,Garuda Augmented,confidence_0.2,158.84604152992023,167.47044175465595,115.88949132989453,138.56185525090044,54.53146805665801,163.3037078473662,56.21819615560143,162.85463365792245,0.18523302756105242,0.10958057178832684,0.4441053490762841,0.6637757838529235,106.63643750232102,108.7722397907082,8.624400224735723,22.67236392100591
/content/drive/MyDrive/Bharatanatyam_Digital_Twin/dataset/posture_images/extracted/new_Dataset/Garuda Augmented/dr_0_3182.jpg,dr_0_3182.jpg,Garuda Augmented,confidence_0.2,171.96175585845967,149.4554886824873,170.56267180526228,110.10574914167297,84.09345722786574,66.60831276245901,98.85096840680164,80.7137261695449,0.0979859745473183,0.06246695221142561,0.07354185194936917,0.11648934986801399,18.137242237256743,17.485144465406734,22.50626717597237,60.45692266358931
/content/drive/MyDrive/Bharatanatyam_Digital_Twin/dataset/posture_images/extracted/new_Dataset/Garuda Augmented/dr_0_3371.jpg,dr_0_3371.jpg,Garuda Augmented,confidence_0.2,147.73805076576636,163.5283035805322,89.23938043795349,49.43544871826582,143.34509752542343,27.878731405685166,143.08775847045936,48.58116299344421,0.19330882668761046,0.09694329341402527,0.5348102574344733,0.7515680153751435,94.50659547701515,115.46636611973827,15.790252814765836,39.80393171968767
/content/drive/MyDrive/Bharatanatyam_Digital_Twin/dataset/posture_images/extracted/new_Dataset/Garuda Augmented/dr_0_4793.jpg,dr_0_4793.jpg,Garuda Augmented,confidence_0.2,175.16446640530708,172.298653268818,12.921342934167521,11.342583921367941,62.318348348682704,46.75533470142677,69.65555639272559,45.745471942577495,0.14343862872744303,0.07448608136278173,0.12237616261097788,0.11673923093437868,23.91008445014809,15.563013647255936,2.865813136489095,1.5787590127995799
/content/drive/MyDrive/Bharatanatyam_Digital_Twin/dataset/posture_images/extracted/new_Dataset/Garuda Augmented/dr_0_5379.jpg,dr_0_5379.jpg,Garuda Augmented,confidence_0.2,149.8874857904826,153.34595871873398,47.79948373088926,114.45150679056313,170.98050877590748,164.50649055460173,166.6575686998555,165.9983398795101,0.21147877261506148,0.11370428662221466,0.2741828939127565,0.34822836573746496,0.6592288203453904,6.474018221305755,3.458472928251382,66.65202305967387
/content/drive/MyDrive/Bharatanatyam_Digital_Twin/dataset/posture_images/extracted/new_Dataset/Garuda Augmented/dr_0_5559.jpg,dr_0_5559.jpg,Garuda Augmented,confidence_0.2,152.89401499800948,159.71110048502632,121.7858477590522,129.7615935396488,165.9207868914293,156.34063041494727,153.54922611320933,165.70845456360072,0.1999673596121763,0.09962823206755399,0.07914820230657212,0.23685683395383747,12.159228450391396,9.580156476482017,6.81708548701684,7.975745780596597
/content/drive/MyDrive/Bharatanatyam_Digital_Twin/dataset/posture_images/extracted/new_Dataset/Garuda Augmented/dr_0_5779.jpg,dr_0_5779.jpg,Garuda Augmented,confidence_0.2,126.03534072067819,130.34893520093226,119.87631797497221,94.36284067099973,36.35497356092567,42.77924762861659,40.32227398646459,43.70447486669961,0.13674706891587443,0.07247453088361179,0.09521600262486632,0.06476985201500376,3.3822008802350254,6.4242740676909165,4.313594480254068,25.51347730397248
/content/drive/MyDrive/Bharatanatyam_Digital_Twin/dataset/posture_images/extracted/new_Dataset/Garuda Augmented/dr_0_5800.jpg,dr_0_5800.jpg,Garuda Augmented,confidence_0.2,155.6436147333135,134.9863471752542,8.244877404245253,16.83762341162778,169.0851566092264,174.36625308120017,168.62911078860066,168.34450681197163,0.14177305979993834,0.06849854058844929,0.10465731272941778,0.16933117950046223,0.2846039766290289,5.281096471973768,20.657267558059317,8.592746007382528
/content/drive/MyDrive/Bharatanatyam_Digital_Twin/dataset/posture_images/extracted/new_Dataset/Garuda Augmented/dr_0_5845.jpg,dr_0_5845.jpg,Garuda Augmented,confidence_0.2,150.03934725352312,167.72835596743934,113.6027855839187,113.8810811516802,38.100429244160296,155.59461989381174,92.48888447882085,150.35223797679276,0.1773525016596002,0.10683128030736647,0.7075574930802148,0.8801123584937712,57.863353497971914,117.49419064965144,17.689008713916223,0.27829556776150355
/content/drive/MyDrive/Bharatanatyam_Digital_Twin/dataset/posture_images/extracted/new_Dataset/Garuda Augmented/dr_0_5855.jpg,dr_0_5855.jpg,Garuda Augmented,confidence_0.2,145.96198187663373,142.37381432352944,27.5736672920938,57.54139255731471,155.59646851624422,146.5693831352729,146.3196251545972,143.20438731852528,0.050262303493026385,0.027252109618497198,0.03174147669826561,0.03533049834705424,3.1152378360719126,9.027085380971329,3.5881675531042845,29.96772526522091
/content/drive/MyDrive/Bharatanatyam_Digital_Twin/dataset/posture_images/extracted/new_Dataset/Garuda Augmented/dr_0_6547.jpg,dr_0_6547.jpg,Garuda Augmented,confidence_0.2,131.04314579814732,142.7322261858164,96.8230971827081,95.07625599920729,147.917318485934,68.80532630206214,145.68032912401387,81.65582739423932,0.17177966532978028,0.10858231887354244,0.3348794047211724,0.5816819194464623,64.02450172977454,79.11199218387186,11.689080387669065,1.7468411835008055
/content/drive/MyDrive/Bharatanatyam_Digital_Twin/dataset/posture_images/extracted/new_Dataset/Garuda Augmented/dr_0_6745.jpg,dr_0_6745.jpg,Garuda Augmented,confidence_0.2,164.3003346446211,161.49114368571398,127.95378554058296,111.17300095542157,163.40740385724428,45.68836982620845,163.2616880511432,50.77018355716208,0.2025945957359052,0.11134590701709249,0.48779750141958733,0.6525546134203036,112.49150449398113,117.71903403103582,2.8091909589071236,16.780784585161385
/content/drive/MyDrive/Bharatanatyam_Digital_Twin/dataset/posture_images/extracted/new_Dataset/Garuda Augmented/dr_0_6895.jpg,dr_0_6895.jpg,Garuda Augmented,confidence_0.2,136.1270048526933,162.5669378081666,107.47544218670903,131.13933368338573,167.47801473565315,29.727721279160164,157.74956576267243,23.177924189899894,0.1770850601703517,0.12923167422436443,0.7327448230371433,0.8942839097002926,134.57164157277253,137.75029345649298,26.439932955473324,23.663891496676698
/content/drive/MyDrive/Bharatanatyam_Digital_Twin/dataset/posture_images/extracted/new_Dataset/Garuda Augmented/dr_0_6976.jpg,dr_0_6976.jpg,Garuda Augmented,confidence_0.2,130.06780895749597,150.1806944706031,99.63616412050432,105.11423559840577,169.22412634453235,149.79777794174296,170.08452838963504,160.94283873787214,0.16963830803361485,0.10255617692435637,0.28601784572726063,0.4648288817987888,9.141689651762903,19.426348402789387,20.11288551310713,5.478071477901452
/content/drive/MyDrive/Bharatanatyam_Digital_Twin/dataset/posture_images/extracted/new_Dataset/Garuda Augmented/dr_0_7124.jpg,dr_0_7124.jpg,Garuda Augmented,confidence_0.2,159.05400177005066,163.91302602428965,120.68200269078643,127.26349325673365,155.69847366784,122.04236725249997,164.3066391203906,121.60855111405819,0.2338197467442947,0.10208012553070991,0.23821096716523868,0.26931437665486213,42.69808800633241,33.656106415340034,4.859024254238989,6.58149056594722
/content/drive/MyDrive/Bharatanatyam_Digital_Twin/dataset/posture_images/extracted/new_Dataset/Garuda Augmented/dr_0_7256.jpg,dr_0_7256.jpg,Garuda Augmented,confidence_0.5_fallback,91.58060895258986,127.93746179097182,59.235734907156335,19.84217054624684,123.38948778239136,95.40329325194601,133.5731520688871,93.1642364033094,0.060184614724133785,0.04599693701852026,0.06685413027549648,0.06883615514842342,40.40891566557771,27.986194530445346,36.35685283838197,39.393564360909494
/content/drive/MyDrive/Bharatanatyam_Digital_Twin/dataset/posture_images/extracted/new_Dataset/Garuda Augmented/dr_0_7388.jpg,dr_0_7388.jpg,Garuda Augmented,confidence_0.2,142.7775723573875,158.93508153171877,93.97208436996429,100.99624921667336,167.3728526765776,178.88529600621334,178.2734927699766,177.53555130193925,0.24202224139995884,0.11556629954982177,0.13275700991801,0.2020063675381345,0.7379414680373486,11.512443329635744,16.157509174331267,7.02416484670907
/content/drive/MyDrive/Bharatanatyam_Digital_Twin/dataset/posture_images/extracted/new_Dataset/Garuda Augmented/dr_0_7946.jpg,dr_0_7946.jpg,Garuda Augmented,confidence_0.2,121.40633407026996,141.52371736157806,88.80958271966077,115.35228925684235,156.63588057523918,156.6074824383976,151.6505434426544,160.40085153167288,0.1693071533931942,0.07424161884089224,0.05026675981417883,0.11815929219764915,8.750308089018489,0.028398136841587984,20.1173832913081,26.542706537181587
/content/drive/MyDrive/Bharatanatyam_Digital_Twin/dataset/posture_images/extracted/new_Dataset/Garuda Augmented/dr_0_797.jpg,dr_0_797.jpg,Garuda Augmented,confidence_0.2,135.65768688143217,140.76215045382511,29.361955747329265,32.340939436620594,150.27748544248274,162.20015524545806,156.31588160788868,172.2492491519322,0.10166783491179399,0.062451559769055275,0.1753149008212207,0.26212004126933475,15.933367544043506,11.92266980297532,5.104463572392945,2.9789836892913293
/content/drive/MyDrive/Bharatanatyam_Digital_Twin/dataset/posture_images/extracted/new_Dataset/Garuda Augmented/dr_0_807.jpg,dr_0_807.jpg,Garuda Augmented,confidence_0.2,152.49264995148485,161.95317984670922,132.50891682533165,104.83190974114615,1.9483923236158625,22.372082768969623,19.527624292629486,21.63315304314018,0.20002348975565792,0.09064178457757084,0.21190175380507156,0.41030439511422484,2.105528750510693,20.42369044535376,9.460529895224369,27.677007084185504
/content/drive/MyDrive/Bharatanatyam_Digital_Twin/dataset/posture_images/extracted/new_Dataset/Garuda Augmented/dr_0_8548.jpg,dr_0_8548.jpg,Garuda Augmented,confidence_0.2,156.29026091861087,171.95433275116156,91.8063558601251,49.841965417237404,176.8066303765366,176.89785234665587,169.18256444085534,176.1329927732015,0.18222955004494032,0.08622200717311113,0.06808955730092209,0.1250711151842844,6.950428332346149,0.09122197011927824,15.66407183255069,41.96439044288769
/content/drive/MyDrive/Bharatanatyam_Digital_Twin/dataset/posture_images/extracted/new_Dataset/Garuda Augmented/dr_0_8775.jpg,dr_0_8775.jpg,Garuda Augmented,confidence_0.2,124.28007613715694,139.52971264434467,94.66834653368407,105.69174064037745,170.7574865870268,163.86287398846446,172.27494599902815,174.17811716392805,0.16828414984023163,0.0935056983172271,0.13044575670156203,0.14745735996407816,1.9031711648999021,6.8946125985623326,15.24963650718773,11.023394106693374
/content/drive/MyDrive/Bharatanatyam_Digital_Twin/dataset/posture_images/extracted/new_Dataset/Garuda Augmented/dr_0_8781.jpg,dr_0_8781.jpg,Garuda Augmented,confidence_0.2,146.5256745737894,163.58769803959896,85.61179372788382,139.0485952395194,46.94010993158436,147.58605249016347,57.86140371526614,152.0581054798763,0.1654410404168616,0.08830563405361187,0.3002893108718785,0.5005865682411927,94.19670176461017,100.64594255857911,17.062023465809574,53.436801511635565
/content/drive/MyDrive/Bharatanatyam_Digital_Twin/dataset/posture_images/extracted/new_Dataset/Garuda Augmented/dr_0_9219.jpg,dr_0_9219.jpg,Garuda Augmented,confidence_0.2,170.30654613238895,173.465913821548,75.24878446171573,39.95333578580819,121.8171707094551,39.746544065447836,111.31488659620595,48.47282421244558,0.15875244656877271,0.09851773116057419,0.36369882183761937,0.5888831764917384,62.84206238376037,82.07062664400726,3.159367689159069,35.29544867590754
/content/drive/MyDrive/Bharatanatyam_Digital_Twin/dataset/posture_images/extracted/new_Dataset/Garuda Augmented/dr_0_962.jpg,dr_0_962.jpg,Garuda Augmented,confidence_0.2,175.52390490534728,149.9170388357978,39.888000214090894,84.92342603523741,172.3230119616606,171.95657601831186,170.64366414922262,162.815013212535,0.22865787770262064,0.09431307897770834,0.14645160211378305,0.29610326828617833,7.828650936687609,0.3664359433487334,25.606866069549483,45.03542582114652
/content/drive/MyDrive/Bharatanatyam_Digital_Twin/dataset/posture_images/extracted/new_Dataset/Garuda Augmented/dr_0_9707.jpg,dr_0_9707.jpg,Garuda Augmented,confidence_0.2,135.3434942117549,76.15671682573526,94.96332152715034,20.642385720073268,178.95392049312875,170.51241987123402,176.83309729400793,162.14099578692415,0.08307004636316977,0.04199052945330903,0.07343657323334879,0.05638577770162648,14.692101507083777,8.441500621894733,59.18677738601963,74.32093580707708
/content/drive/MyDrive/Bharatanatyam_Digital_Twin/dataset/posture_images/extracted/new_Dataset/Garuda Augmented/dr_0_9865.jpg,dr_0_9865.jpg,Garuda Augmented,confidence_0.2,151.80071263373918,161.9703791923532,116.95418450723454,82.5706244207261,163.965958107215,172.33555581020545,165.92821361369923,168.5292686641521,0.17702264933210857,0.06831509473936863,0.2623217972257352,0.43094682482152263,2.601055050452885,8.369597702990461,10.169666558614011,34.38356008650844
/content/drive/MyDrive/Bharatanatyam_Digital_Twin/dataset/posture_images/extracted/new_Dataset/Garuda Augmented/dr_0_9918.jpg,dr_0_9918.jpg,Garuda Augmented,confidence_0.2,161.5540865363572,162.09442639362175,122.54665009241971,123.67172181564068,24.393146863500963,43.3793447473677,24.803935929100383,46.03870278443374,0.19353985821581507,0.0784172738759792,0.13298612133033522,0.15882840791525737,21.234766855333355,18.98619788386674,0.5403398572645415,1.1250717232209695
/content/drive/MyDrive/Bharatanatyam_Digital_Twin/dataset/posture_images/extracted/new_Dataset/Garuda Augmented/dr_0_9935.jpg,dr_0_9935.jpg,Garuda Augmented,confidence_0.2,151.5756747093671,150.69973632141878,122.24841574773377,114.42701190877104,160.50816640629307,27.471346585894857,159.31844409130008,26.251508560050425,0.20432362541787047,0.0994426967629245,0.5267478986441166,0.6294466343293017,133.06693553124967,133.03681982039822,0.8759383879483096,7.821403838962738
/content/drive/MyDrive/Bharatanatyam_Digital_Twin/dataset/posture_images/extracted/new_Dataset/Garuda Augmented/dr_1_1263.jpg,dr_1_1263.jpg,Garuda Augmented,confidence_0.2,169.6413395957605,171.01718670781892,147.05196926152965,143.13639043988505,55.41382962352802,58.61330490091771,26.1686569976939,29.24988932643971,0.18505592304470198,0.11845296382057577,0.36741615759775487,0.22037841407306127,3.081232328745809,3.199475277389695,1.375847112058409,3.9155788216446012
/content/drive/MyDrive/Bharatanatyam_Digital_Twin/dataset/posture_images/extracted/new_Dataset/Garuda Augmented/dr_1_1464.jpg,dr_1_1464.jpg,Garuda Augmented,confidence_0.2,158.67899133103725,164.10321453220783,138.4464191818003,154.28342739734774,50.44507277071092,55.11767536233073,27.573562576148657,38.75614003783152,0.1789195835809355,0.11968483920570229,0.3239054008902461,0.24251606440085305,11.182577461682865,4.672602591619807,5.424223201170577,15.837008215547428
/content/drive/MyDrive/Bharatanatyam_Digital_Twin/dataset/posture_images/extracted/new_Dataset/Garuda Augmented/dr_1_1513.jpg,dr_1_1513.jpg,Garuda Augmented,confidence_0.2,160.97752968128364,158.95726133532364,117.11203675144078,146.54064187902563,37.621827484378024,42.22257362063869,32.366630870040716,24.056872180073007,0.19774325397432196,0.12017052251849943,0.324245580109459,0.4046437150499843,8.309758689967708,4.600746136260668,2.0202683459600053,29.428605127584845
/content/drive/MyDrive/Bharatanatyam_Digital_Twin/dataset/posture_images/extracted/new_Dataset/Garuda Augmented/dr_1_1559.jpg,dr_1_1559.jpg,Garuda Augmented,confidence_0.2,171.49066504161826,158.00693478985707,152.77403398900208,135.62805150419726,60.05117696698119,71.538895183103,45.87380880565539,50.17935694726094,0.21148059843206776,0.14434380549191567,0.39359374040179246,0.3340414185962358,4.3055481416055486,11.487718216121806,13.483730251761187,17.14598248480482
/content/drive/MyDrive/Bharatanatyam_Digital_Twin/dataset/posture_images/extracted/new_Dataset/Garuda Augmented/dr_1_1747.jpg,dr_1_1747.jpg,Garuda Augmented,confidence_0.2,164.21802197265546,157.924295687501,144.3986089080986,132.74374410033428,71.45141549472594,74.31856828533293,39.49592546364201,45.390219527313945,0.17132034309416538,0.1166283992955581,0.3835800385169328,0.20332066678208258,5.894294063671936,2.867152790606994,6.293726285154463,11.654864807764312
/content/drive/MyDrive/Bharatanatyam_Digital_Twin/dataset/posture_images/extracted/new_Dataset/Garuda Augmented/dr_1_1818.jpg,dr_1_1818.jpg,Garuda Augmented,confidence_0.2,166.50152596654755,167.06126951437312,143.6686019560023,143.67940778055834,46.8171770223215,46.14746528087306,32.53903393396036,23.390092693839225,0.1992036396314735,0.12777589065108327,0.3970407334307384,0.29184576670389156,9.148941240121136,0.6697117414484453,0.5597435478255761,0.010805824556030075
/content/drive/MyDrive/Bharatanatyam_Digital_Twin/dataset/posture_images/extracted/new_Dataset/Garuda Augmented/dr_1_1893.jpg,dr_1_1893.jpg,Garuda Augmented,confidence_0.2,144.43688748982956,167.7308315465232,127.61912876407169,154.85918521334912,54.72027311341003,50.10958549851933,39.530155356380824,36.87626831203431,0.2041972803302584,0.13637931728274158,0.33430372789305635,0.2987285247370725,2.6538870443465115,4.610687614890701,23.293944056693647,27.240056449277432
/content/drive/MyDrive/Bharatanatyam_Digital_Twin/dataset/posture_images/extracted/new_Dataset/Garuda Augmented/dr_1_2124.jpg,dr_1_2124.jpg,Garuda Augmented,confidence_0.2,156.78883886478448,161.4024940906722,136.76835095883123,141.5469593549008,55.999632925846875,75.3247644682753,26.430021886986232,48.106732210252964,0.18428234866871537,0.12641658860246277,0.4808653287009537,0.3846355700934116,21.676710323266732,19.32513154242843,4.613655225887726,4.778608396069558
/content/drive/MyDrive/Bharatanatyam_Digital_Twin/dataset/posture_images/extracted/new_Dataset/Garuda Augmented/dr_1_2435.jpg,dr_1_2435.jpg,Garuda Augmented,confidence_0.2,151.73211491397367,168.89342033293252,125.83070770683521,148.0321541810335,49.758951646733,43.021837191047695,23.636618602407943,23.937525605509453,0.17416698471028824,0.113566100704883,0.3877077111114905,0.18151357740410728,0.30090700310151064,6.737114455685308,17.161305418958847,22.201446474198278
/content/drive/MyDrive/Bharatanatyam_Digital_Twin/dataset/posture_images/extracted/new_Dataset/Garuda Augmented/dr_1_2677.jpg,dr_1_2677.jpg,Garuda Augmented,confidence_0.2,163.71875276782123,173.11453463391118,139.47043771892422,153.00063941514833,60.274006841542814,66.75051746087198,31.07296040058885,35.96040232339103,0.18468755086939237,0.1288098931443002,0.4265532967763765,0.19678730925071655,4.887441922802179,6.4765106193291615,9.395781866089948,13.530201696224111
/content/drive/MyDrive/Bharatanatyam_Digital_Twin/dataset/posture_images/extracted/new_Dataset/Garuda Augmented/dr_1_309.jpg,dr_1_309.jpg,Garuda Augmented,confidence_0.2,167.57084850576905,159.9861916689224,148.55840691956962,141.25331528990844,57.870312292232455,54.61170831318445,41.9286049114832,29.443741320459626,0.18138691807996224,0.12149242046026351,0.3349647656561438,0.2316296769829383,12.484863591023572,3.2586039790480044,7.584656836846648,7.305091629661177
/content/drive/MyDrive/Bharatanatyam_Digital_Twin/dataset/posture_images/extracted/new_Dataset/Garuda Augmented/dr_1_3265.jpg,dr_1_3265.jpg,Garuda Augmented,confidence_0.2,164.6371656286679,175.6171033818359,136.5605255052514,146.41744713551367,56.97221707217486,46.60058019516133,22.187168622716143,22.550420583169057,0.19165424256896432,0.11389324682590755,0.336029421684651,0.2497755987191481,0.36325196045291364,10.371636877013529,10.979937753168002,9.856921630262264
/content/drive/MyDrive/Bharatanatyam_Digital_Twin/dataset/posture_images/extracted/new_Dataset/Garuda Augmented/dr_1_3599.jpg,dr_1_3599.jpg,Garuda Augmented,confidence_0.2,149.58541106079326,149.37173899913796,130.88902091351798,127.81728977694203,49.557949173328396,71.7997567235359,41.34356331938441,59.651239120743504,0.18848382385783813,0.12027409885087574,0.3268303482068618,0.3920878947324955,18.307675801359096,22.24180755020751,0.21367206165530206,3.0717311365759485
/content/drive/MyDrive/Bharatanatyam_Digital_Twin/dataset/posture_images/extracted/new_Dataset/Garuda Augmented/dr_1_3604.jpg,dr_1_3604.jpg,Garuda Augmented,confidence_0.2,169.9633802320061,167.15249862767357,145.87888382977224,130.78992918783254,65.84855996060257,65.04664630503972,34.30665532981374,42.355518580618934,0.196198582659953,0.1267270481033699,0.3643199397362947,0.4034125957230049,8.04886325080519,0.8019136555628563,2.810881604332536,15.088954641939694
/content/drive/MyDrive/Bharatanatyam_Digital_Twin/dataset/posture_images/extracted/new_Dataset/Garuda Augmented/dr_1_3991.jpg,dr_1_3991.jpg,Garuda Augmented,confidence_0.2,167.9680797269635,172.38654489300598,142.52787087310986,145.26910079754526,79.90753040055945,81.63476032742754,28.57165395763712,37.40096196127311,0.20016790767432327,0.1257931600521428,0.4562743925437077,0.25313111444469255,8.82930800363599,1.727229926868091,4.418465166042466,2.7412299244354017
/content/drive/MyDrive/Bharatanatyam_Digital_Twin/dataset/posture_images/extracted/new_Dataset/Garuda Augmented/dr_1_4247.jpg,dr_1_4247.jpg,Garuda Augmented,confidence_0.2,160.94649135563694,157.94573381382423,126.08448827697848,147.7522963064648,61.1584027455116,38.7806075449592,27.244288657772028,20.36540851732344,0.23490043152804724,0.1358882726457207,0.4406402345574629,0.21870849152072813,6.878880140448587,22.3777952005524,3.0007575418127033,21.667808029486338
/content/drive/MyDrive/Bharatanatyam_Digital_Twin/dataset/posture_images/extracted/new_Dataset/Garuda Augmented/dr_1_4253.jpg,dr_1_4253.jpg,Garuda Augmented,confidence_0.2,144.36694834255218,152.6980152575505,124.46111289295753,138.5879096652885,53.45606367638915,145.02250123742402,52.28412116573942,134.27583957089453,0.18224136107650307,0.11548420805028436,0.42386307224271536,0.6039024492751847,81.99171840515511,91.56643756103487,8.331066914998331,14.126796772330962
/content/drive/MyDrive/Bharatanatyam_Digital_Twin/dataset/posture_images/extracted/new_Dataset/Garuda Augmented/dr_1_4274.jpg,dr_1_4274.jpg,Garuda Augmented,confidence_0.2,172.09363388098862,170.9144183936756,148.23349973019535,145.3628908760136,57.699763783313905,68.67345844241804,46.308014265125124,38.90216018303806,0.21807988333533262,0.13955318841206432,0.3799899793564018,0.3650386219680203,7.40585408208706,10.973694659104133,1.17921548731303,2.8706088541817394
/content/drive/MyDrive/Bharatanatyam_Digital_Twin/dataset/posture_images/extracted/new_Dataset/Garuda Augmented/dr_1_4514.jpg,dr_1_4514.jpg,Garuda Augmented,confidence_0.2,146.82271395459338,164.477731083597,128.8868779263725,147.67186470690083,74.62289276597274,110.1220487498161,50.288835567607954,98.165463104575,0.18389925537786692,0.11247003078702514,0.3915000589715924,0.31138768655963656,47.87662753696704,35.499155983843366,17.655017129003625,18.784986780528328
/content/drive/MyDrive/Bharatanatyam_Digital_Twin/dataset/posture_images/extracted/new_Dataset/Garuda Augmented/dr_1_4521.jpg,dr_1_4521.jpg,Garuda Augmented,confidence_0.2,149.05753492230215,116.19225462155156,124.79832372067764,57.03632407090108,65.76702988036367,78.43273130630266,38.71044520637345,53.61578990221931,0.19405770145697884,0.12748042052001948,0.34361575391023175,0.2951141409974004,14.905344695845862,12.665701425938991,32.8652803007506,67.76199964977656
/content/drive/MyDrive/Bharatanatyam_Digital_Twin/dataset/posture_images/extracted/new_Dataset/Garuda Augmented/dr_1_4527.jpg,dr_1_4527.jpg,Garuda Augmented,confidence_0.2,151.02637371237972,146.24610485425373,108.80463267707047,27.1360805162058,57.33565562372062,57.43830845478847,47.99264846849847,35.535828903683395,0.1942240537914134,0.1184699991903119,0.22228650891372456,0.296116220045468,12.456819564815078,0.10265283106785006,4.780268858125993,81.66855216086466
/content/drive/MyDrive/Bharatanatyam_Digital_Twin/dataset/posture_images/extracted/new_Dataset/Garuda Augmented/dr_1_454.jpg,dr_1_454.jpg,Garuda Augmented,confidence_0.2,164.04630283358335,173.02433105547826,136.46686096619638,151.59033420495675,54.689151942627014,40.80111104739678,25.37917945330303,23.716657024534623,0.20343651582799627,0.14224520399771,0.3507156298195877,0.20861732655555373,1.6625224287684084,13.888040895230233,8.978028221894903,15.123473238760369
/content/drive/MyDrive/Bharatanatyam_Digital_Twin/dataset/posture_images/extracted/new_Dataset/Garuda Augmented/dr_1_4693.jpg,dr_1_4693.jpg,Garuda Augmented,confidence_0.2,160.8860765735562,166.86034239868533,134.88773961666683,152.11494525048985,70.96507372246562,75.72824007325379,50.276948113456776,45.07503139831404,0.19362589810252756,0.12264710156856203,0.3506192019061541,0.20190596729843607,5.201916715142737,4.763166350788168,5.974265825129123,17.22720563382302
/content/drive/MyDrive/Bharatanatyam_Digital_Twin/dataset/posture_images/extracted/new_Dataset/Garuda Augmented/dr_1_4786.jpg,dr_1_4786.jpg,Garuda Augmented,confidence_0.2,167.09642352656923,167.92484333601374,144.26065446924233,148.84447350568612,68.64773859934513,86.94199535057224,41.22077102093531,55.09783213191166,0.1915225435568305,0.13198164934920403,0.38071019717644683,0.3300305217150842,13.87706111097635,18.29425675122711,0.8284198094445117,4.583819036443799
/content/drive/MyDrive/Bharatanatyam_Digital_Twin/dataset/posture_images/extracted/new_Dataset/Garuda Augmented/dr_1_4871.jpg,dr_1_4871.jpg,Garuda Augmented,confidence_0.2,171.4677601163027,162.32881510206562,140.29101425405602,145.51705967067153,45.65122820393815,56.71687856710376,30.03806668938424,34.493315673884005,0.19601884011423445,0.1227207458429047,0.3464968023715616,0.4175774322207071,4.4552489844997645,11.06565036316561,9.138945014237095,5.226045416615506
/content/drive/MyDrive/Bharatanatyam_Digital_Twin/dataset/posture_images/extracted/new_Dataset/Garuda Augmented/dr_1_5245.jpg,dr_1_5245.jpg,Garuda Augmented,confidence_0.2,162.3675043526057,166.68127049626057,140.70861620940178,154.33688437898834,47.02632848233327,41.825521166294685,26.869642189125813,20.242893922206722,0.18041137901289603,0.11553056994850705,0.4263189681721443,0.11536083165770711,6.6267482669190905,5.200807316038585,4.313766143654874,13.628268169586562
/content/drive/MyDrive/Bharatanatyam_Digital_Twin/dataset/posture_images/extracted/new_Dataset/Garuda Augmented/dr_1_5543.jpg,dr_1_5543.jpg,Garuda Augmented,confidence_0.2,159.32254776650066,164.77299574943714,147.82597224664528,136.2457587410235,74.16917452335042,50.46967655071989,30.35472750578021,22.033710617405355,0.17304857652747796,0.11946467402718432,0.3097090124828576,0.22844220588810807,8.321016888374857,23.69949797263053,5.450447982936481,11.58021350562177
/content/drive/MyDrive/Bharatanatyam_Digital_Twin/dataset/posture_images/extracted/new_Dataset/Garuda Augmented/dr_1_5578.jpg,dr_1_5578.jpg,Garuda Augmented,confidence_0.2,153.77525838882988,170.71239642783794,124.03861676270408,157.14515988624942,66.38468757467578,99.27015599826049,37.87452619531176,67.26717885625513,0.16701592044059851,0.11224718429802599,0.2855676045839578,0.1542378559561975,29.39265266094337,32.88546842358471,16.93713803900806,33.106543123545336
/content/drive/MyDrive/Bharatanatyam_Digital_Twin/dataset/posture_images/extracted/new_Dataset/Garuda Augmented/dr_1_5663.jpg,dr_1_5663.jpg,Garuda Augmented,confidence_0.2,174.88838235674476,154.66683838065464,147.2231804318262,131.32352611904273,45.81315730549615,114.02667554054808,32.11508675089226,97.07199933802404,0.18852825001745657,0.13623588325311461,0.4822552068627852,0.6619535883729012,64.95691258713178,68.21351823505194,20.221543976090118,15.899654312783468
/content/drive/MyDrive/Bharatanatyam_Digital_Twin/dataset/posture_images/extracted/new_Dataset/Garuda Augmented/dr_1_575.jpg,dr_1_575.jpg,Garuda Augmented,confidence_0.2,170.59376665754576,168.7356525374513,142.39586036259044,150.6813340085057,44.02562767813799,64.70355339996786,19.893203794977186,52.61455089898109,0.1814834268317903,0.11867329370601272,0.42879911367339246,0.4664628651961477,32.72134710400391,20.677925721829872,1.8581141200944558,8.28547364591526
/content/drive/MyDrive/Bharatanatyam_Digital_Twin/dataset/posture_images/extracted/new_Dataset/Garuda Augmented/dr_1_5826.jpg,dr_1_5826.jpg,Garuda Augmented,confidence_0.2,155.5123116459751,164.69141691509486,129.37975534294029,138.3942279593732,72.80868085275824,104.21782371232653,52.64136689043446,59.65729890804324,0.27158132534487056,0.16359437158329404,0.37535651818472526,0.4452667844256642,7.015932017608776,31.40914285956829,9.17910526911976,9.014472616432926
/content/drive/MyDrive/Bharatanatyam_Digital_Twin/dataset/posture_images/extracted/new_Dataset/Garuda Augmented/dr_1_6115.jpg,dr_1_6115.jpg,Garuda Augmented,confidence_0.2,172.2644967563341,174.51942419274772,143.89186791307787,139.75875916306455,54.670596036708616,38.87051313441963,22.524475361878473,19.44532491525682,0.20976490641939247,0.1329084759635973,0.36624590587704614,0.2691481613054692,3.0791504466216537,15.800082902288985,2.254927436413624,4.133108750013321
/content/drive/MyDrive/Bharatanatyam_Digital_Twin/dataset/posture_images/extracted/new_Dataset/Garuda Augmented/dr_1_6194.jpg,dr_1_6194.jpg,Garuda Augmented,confidence_0.2,151.3599682180796,101.1468945662932,119.41222441616058,27.899510910200195,56.30679892234579,99.95999309024242,28.690528389061058,79.82995822183499,0.19267915228444732,0.1277506077674237,0.3624080411536292,0.47562982735939424,51.13942983277393,43.65319416789663,50.21307365178639,91.51271350596039
/content/drive/MyDrive/Bharatanatyam_Digital_Twin/dataset/posture_images/extracted/new_Dataset/Garuda Augmented/dr_1_6308.jpg,dr_1_6308.jpg,Garuda Augmented,confidence_0.2,163.12709302742704,169.47696428051984,149.25340396489642,146.45530614026603,64.8808603851954,70.63701653735033,36.105199659150415,45.97090838242439,0.18757488980456744,0.12238334872681242,0.32222868236022784,0.26287079301068234,9.865708723273976,5.756156152154929,6.3498712530928,2.798097824630389
/content/drive/MyDrive/Bharatanatyam_Digital_Twin/dataset/posture_images/extracted/new_Dataset/Garuda Augmented/dr_1_6481.jpg,dr_1_6481.jpg,Garuda Augmented,confidence_0.2,96.21815019413422,90.03060740358269,27.7121737543621,32.12739692344324,30.347527510282628,66.95364204862472,49.22512704501633,133.8708326555526,0.17088657541452226,0.10258561020697178,0.4289912956643818,0.5948887664390139,84.64570561053625,36.606114538342084,6.187542790551532,4.415223169081141
/content/drive/MyDrive/Bharatanatyam_Digital_Twin/dataset/posture_images/extracted/new_Dataset/Garuda Augmented/dr_1_650.jpg,dr_1_650.jpg,Garuda Augmented,confidence_0.2,162.94736543028256,168.72689555742383,141.1699232699872,145.80079816171508,44.530595534849795,53.59742975073215,30.30939122617988,29.321418491296946,0.20074184714045426,0.12910031135836264,0.43505534896460396,0.4407042397882973,0.9879727348829341,9.066834215882352,5.779530127141271,4.630874891727871
/content/drive/MyDrive/Bharatanatyam_Digital_Twin/dataset/posture_images/extracted/new_Dataset/Garuda Augmented/dr_1_6692.jpg,dr_1_6692.jpg,Garuda Augmented,confidence_0.2,148.29520381719746,161.22432628725372,131.18065817239315,140.32241742606752,50.396978188881484,65.95925961723319,28.513612117146277,47.29291874810477,0.21204553519930722,0.14491811549871159,0.45471817616471905,0.4356487360470806,18.77930663095849,15.562281428351703,12.929122470056257,9.141759253674365
/content/drive/MyDrive/Bharatanatyam_Digital_Twin/dataset/posture_images/extracted/new_Dataset/Garuda Augmented/dr_1_7070.jpg,dr_1_7070.jpg,Garuda Augmented,confidence_0.2,150.16148178482794,157.59425746780832,128.3288444510416,19.84384425615944,91.08903706914467,139.95761141367743,82.97486945324856,129.26110854033422,0.19557890978107934,0.12755395160369173,0.32342490886204367,0.4405645294025463,46.28623908708566,48.86857434453276,7.4327756829803775,108.48500019488215
/content/drive/MyDrive/Bharatanatyam_Digital_Twin/dataset/posture_images/extracted/new_Dataset/Garuda Augmented/dr_1_719.jpg,dr_1_719.jpg,Garuda Augmented,confidence_0.2,171.20408178628742,163.92194900182787,144.17190051715855,136.78928441708933,47.356492549791554,52.01795024337471,39.58227417061269,31.65579855217897,0.2072107420635917,0.1319171564184955,0.3653252699644467,0.29622413174717044,7.92647561843372,4.661457693583159,7.282132784459549,7.382616100069214
/content/drive/MyDrive/Bharatanatyam_Digital_Twin/dataset/posture_images/extracted/new_Dataset/Garuda Augmented/dr_1_7334.jpg,dr_1_7334.jpg,Garuda Augmented,confidence_0.2,157.8756440411329,157.7319934160481,142.49831922367687,135.7805477082365,41.37567924304871,52.71244374232085,24.425649767664805,35.62124527415927,0.19169316259034955,0.12380558263040323,0.35425915731674973,0.44228286276940354,11.195595506494467,11.336764499272142,0.14365062508477422,6.717771515440376
/content/drive/MyDrive/Bharatanatyam_Digital_Twin/dataset/posture_images/extracted/new_Dataset/Garuda Augmented/dr_1_7371.jpg,dr_1_7371.jpg,Garuda Augmented,confidence_0.2,155.52967727413528,166.13313170680257,130.17076452331366,145.8461243469944,35.10703726033462,48.05625112756098,37.391063465370266,30.047052161836373,0.1713655556292773,0.11213744666361473,0.3432042538859566,0.5559976811233158,7.344011303533893,12.949213867226355,10.603454432667291,15.675359823680736
/content/drive/MyDrive/Bharatanatyam_Digital_Twin/dataset/posture_images/extracted/new_Dataset/Garuda Augmented/dr_1_7749.jpg,dr_1_7749.jpg,Garuda Augmented,confidence_0.2,160.85052664472522,162.40706285820227,129.57961924492733,132.07511753454554,45.41465484102468,55.742466298547114,35.57474226695778,33.96251705316509,0.1856859285712263,0.10998186464210191,0.293935782778884,0.38982030431543174,1.6122252137926907,10.327811457522436,1.5565362134770453,2.4954982896182116
/content/drive/MyDrive/Bharatanatyam_Digital_Twin/dataset/posture_images/extracted/new_Dataset/Garuda Augmented/dr_1_7994.jpg,dr_1_7994.jpg,Garuda Augmented,confidence_0.2,170.09283395753738,173.72877950054448,144.53586580291824,139.0436087918008,57.159942966756255,49.266757111401716,20.154152781901573,21.52851249110259,0.21053608239387608,0.12966850994404697,0.37155041375624154,0.2654550237013206,1.3743597092010162,7.893185855354538,3.6359455430070966,5.492257011117431
/content/drive/MyDrive/Bharatanatyam_Digital_Twin/dataset/posture_images/extracted/new_Dataset/Garuda Augmented/dr_1_8061.jpg,dr_1_8061.jpg,Garuda Augmented,confidence_0.2,164.63287758413742,175.91504661469403,142.57287356600204,150.47357383314088,60.81284503524102,50.260496500281974,28.631687770097543,29.11186712477625,0.1847515881567098,0.11731771196472253,0.3419584387854194,0.16028859726742622,0.4801793546787074,10.552348534959044,11.282169030556616,7.900700267138831
/content/drive/MyDrive/Bharatanatyam_Digital_Twin/dataset/posture_images/extracted/new_Dataset/Garuda Augmented/dr_1_8806.jpg,dr_1_8806.jpg,Garuda Augmented,confidence_0.2,167.09432866089318,170.0848673174216,147.3192586198747,147.95503926377398,88.53753212513556,100.8822592793163,50.409297831178975,69.89735715952062,0.17229779907532655,0.10809265808225703,0.3427009917569131,0.1815073669100656,19.48805932834165,12.344727154180745,2.990538656528429,0.6357806438992952
/content/drive/MyDrive/Bharatanatyam_Digital_Twin/dataset/posture_images/extracted/new_Dataset/Garuda Augmented/dr_1_8966.jpg,dr_1_8966.jpg,Garuda Augmented,confidence_0.2,165.54109036257395,161.5570978258211,148.60985568361,133.24606719309452,61.90176307847299,54.82816516689235,31.681463671362632,27.481247121054754,0.17173630662139666,0.10977500374121113,0.3497278107876067,0.20251431681725726,4.2002165503078785,7.0735979115806416,3.983992536752851,15.363788490515475
/content/drive/MyDrive/Bharatanatyam_Digital_Twin/dataset/posture_images/extracted/new_Dataset/Garuda Augmented/dr_1_9110.jpg,dr_1_9110.jpg,Garuda Augmented,confidence_0.2,163.37090829595257,157.94385876167584,141.5729116317125,136.45960192941394,46.216144503244884,65.60359200511115,29.982543929399377,42.45636435410449,0.16948635815709032,0.128035382857251,0.42570670065564736,0.4823203932155129,12.47382042470511,19.38744750186627,5.427049534276733,5.113309702298551
/content/drive/MyDrive/Bharatanatyam_Digital_Twin/dataset/posture_images/extracted/new_Dataset/Garuda Augmented/dr_1_9300.jpg,dr_1_9300.jpg,Garuda Augmented,confidence_0.2,161.38965021982278,161.2672073744923,143.64993546171434,140.36336529870525,55.551163750393265,61.64829923619822,34.98321726838436,36.543743858065724,0.19615686342141755,0.12876174577285104,0.4892103681701558,0.3437078239245002,1.5605265896813663,6.097135485804955,0.12244284533048244,3.286570163009088
/content/drive/MyDrive/Bharatanatyam_Digital_Twin/dataset/posture_images/extracted/new_Dataset/Garuda Augmented/dr_1_9515.jpg,dr_1_9515.jpg,Garuda Augmented,confidence_0.2,159.88921694320436,162.11214998010897,137.173515000041,142.90939728916308,56.89274845387232,62.96989754388887,33.78348695818257,35.538174974671726,0.16173987705338574,0.1139224245395639,0.37029223152561996,0.23972498173042991,1.7546880164891547,6.0771490900165475,2.2229330369046068,5.735882289122088
/content/drive/MyDrive/Bharatanatyam_Digital_Twin/dataset/posture_images/extracted/new_Dataset/Garuda Augmented/dr_1_9611.jpg,dr_1_9611.jpg,Garuda Augmented,confidence_0.2,152.88393424388613,169.13480758409295,123.88889228912664,156.0017257711987,57.1828028231441,69.4847862064765,33.72775774078203,61.83020771707301,0.22360678095675252,0.16474763750837346,0.30160230517397624,0.30423218318167894,28.102449976290977,12.301983383332399,16.250873340206823,32.11283348207205
/content/drive/MyDrive/Bharatanatyam_Digital_Twin/dataset/posture_images/extracted/new_Dataset/Garuda Augmented/dr_1_9904.jpg,dr_1_9904.jpg,Garuda Augmented,confidence_0.2,163.71744078260056,164.33993865745038,142.18986073512755,140.19280576631505,66.87265787297068,93.99257090972911,33.289361145685724,65.03687017191704,0.18391654876130578,0.1240529040523661,0.368138799022989,0.30095942762429084,31.74750902623132,27.119913036758433,0.6224978748498131,1.997054968812506
/content/drive/MyDrive/Bharatanatyam_Digital_Twin/dataset/posture_images/extracted/new_Dataset/Muzhumandi Augmented/dr_0_1078.jpg,dr_0_1078.jpg,Muzhumandi Augmented,confidence_0.2,76.91339523448084,60.63067470348032,78.6723071196301,60.343747473630884,54.108581371670795,54.67637505179714,35.09321731122038,26.3065689631838,0.3259326854038545,0.19541738455587185,0.6057706138052725,0.15008689754999607,8.786648348036579,0.5677936801263428,16.28272053100053,18.32855964599922
/content/drive/MyDrive/Bharatanatyam_Digital_Twin/dataset/posture_images/extracted/new_Dataset/Muzhumandi Augmented/dr_0_1221.jpg,dr_0_1221.jpg,Muzhumandi Augmented,confidence_0.2,69.61780626707952,70.54198626444561,57.6712466162897,52.61339404313187,74.21846828708074,73.12269172501708,47.22762984856692,29.094021492662527,0.24880515267087897,0.14874986861303208,0.5464202025636951,0.148956638322543,18.133608355904393,1.0957765620636621,0.924179997366096,5.057852573157831
/content/drive/MyDrive/Bharatanatyam_Digital_Twin/dataset/posture_images/extracted/new_Dataset/Muzhumandi Augmented/dr_0_1582.jpg,dr_0_1582.jpg,Muzhumandi Augmented,confidence_0.2,72.79817320583184,99.92023726503795,41.42203733877688,42.95009371927334,66.2979624933215,74.2425794450005,27.005051731135453,23.730375231086427,0.2947537651753533,0.2052880259440717,0.46112908983911477,0.35652888842716135,3.2746765000490257,7.944616951678995,27.12206405920611,1.5280563804964586
/content/drive/MyDrive/Bharatanatyam_Digital_Twin/dataset/posture_images/extracted/new_Dataset/Muzhumandi Augmented/dr_0_1805.jpg,dr_0_1805.jpg,Muzhumandi Augmented,confidence_0.2,109.52422946244988,108.07677878301119,43.99695731806575,44.83319792151414,62.72834080357633,56.26032178007978,18.972110310913834,17.68762577284502,0.25866699187769493,0.15302326865777324,0.5590628805268535,0.12925605335971882,1.2844845380688135,6.468019023496552,1.4474506794386883,0.8362406034483882
/content/drive/MyDrive/Bharatanatyam_Digital_Twin/dataset/posture_images/extracted/new_Dataset/Muzhumandi Augmented/dr_0_1893.jpg,dr_0_1893.jpg,Muzhumandi Augmented,confidence_0.2,57.43217092183236,85.01426138060658,48.18852447921044,46.64609207810768,48.724136557775026,39.650075197343455,60.432308914990124,51.22071885140508,0.28713271564833215,0.17011169606167148,0.6610294405542253,0.14773625830846293,9.211590063585042,9.074061360431571,27.582090458774225,1.542432401102765
/content/drive/MyDrive/Bharatanatyam_Digital_Twin/dataset/posture_images/extracted/new_Dataset/Muzhumandi Augmented/dr_0_2162.jpg,dr_0_2162.jpg,Muzhumandi Augmented,confidence_0.2,90.37020141447975,57.28229270915005,98.59465335504781,71.93363370201791,43.234092603287465,38.16940859859909,55.470106177078854,41.94621911945372,0.258352193485042,0.15936213150081197,0.6134948334470963,0.03924228363888068,13.523887057625132,5.064684004688374,33.0879087053297,26.661019653029896
/content/drive/MyDrive/Bharatanatyam_Digital_Twin/dataset/posture_images/extracted/new_Dataset/Muzhumandi Augmented/dr_0_2180.jpg,dr_0_2180.jpg,Muzhumandi Augmented,confidence_0.2,98.18407564852595,99.76769504244643,38.42887075509413,42.712870809117554,63.0864044849037,90.77120899918673,42.72132631999916,48.545606410574045,0.2851460855135504,0.1931101217615851,0.42733794250195195,0.6749300204413824,5.824280090574888,27.684804514283023,1.5836193939204861,4.284000054023423
/content/drive/MyDrive/Bharatanatyam_Digital_Twin/dataset/posture_images/extracted/new_Dataset/Muzhumandi Augmented/dr_0_2297.jpg,dr_0_2297.jpg,Muzhumandi Augmented,confidence_0.2,95.91541652183614,112.670421613354,41.88828418469674,43.872480641329524,62.960839541119206,60.89453448705903,34.55436649392083,23.870718917112317,0.29531310987015363,0.17838880432055187,0.6428924377180092,0.12343492241609975,10.683647576808514,2.066305054060173,16.75500509151786,1.9841964566327874
/content/drive/MyDrive/Bharatanatyam_Digital_Twin/dataset/posture_images/extracted/new_Dataset/Muzhumandi Augmented/dr_0_2781.jpg,dr_0_2781.jpg,Muzhumandi Augmented,confidence_0.2,116.36655226107791,115.0551516272472,38.83267933261437,42.14322433997587,59.96253780040404,56.60582339337533,27.797821239138308,21.749132809074293,0.26067425367343855,0.15974697079430852,0.5676969248316236,0.15456965767727404,6.048688430064015,3.3567144070287114,1.311400633830715,3.3105450073615046
/content/drive/MyDrive/Bharatanatyam_Digital_Twin/dataset/posture_images/extracted/new_Dataset/Muzhumandi Augmented/dr_0_2785.jpg,dr_0_2785.jpg,Muzhumandi Augmented,confidence_0.2,71.99594401398998,69.19030709009964,52.410291961733584,55.83831770873676,82.20847885461346,76.52520185173354,29.321151486572695,18.448389770764905,0.2626073439596646,0.15384526129727968,0.6895047551750325,0.17224561336044827,10.87276171580779,5.683277002879919,2.805636923890347,3.4280257470031756
/content/drive/MyDrive/Bharatanatyam_Digital_Twin/dataset/posture_images/extracted/new_Dataset/Muzhumandi Augmented/dr_0_2834.jpg,dr_0_2834.jpg,Muzhumandi Augmented,confidence_0.2,85.32012056210804,86.88297270231622,33.890435679060204,43.06907712321979,88.68338608973178,68.2972132974987,56.277902477203575,30.82168438884525,0.2557774890856586,0.1569597779019301,0.6052649396036411,0.57644947537482,25.456218088358327,20.386172792233083,1.5628521402081788,9.178641444159588
/content/drive/MyDrive/Bharatanatyam_Digital_Twin/dataset/posture_images/extracted/new_Dataset/Muzhumandi Augmented/dr_0_3953.jpg,dr_0_3953.jpg,Muzhumandi Augmented,confidence_0.2,77.24456291660974,78.56401722738595,86.23620364104403,85.99119457160532,37.67785444210364,35.95783143461115,50.798573151186886,34.95606852035633,0.308790724034566,0.17701165649968825,0.6401112809932072,0.16138282675901922,15.842504630830554,1.720023007492486,1.3194543107762087,0.2450090694387086
/content/drive/MyDrive/Bharatanatyam_Digital_Twin/dataset/posture_images/extracted/new_Dataset/Muzhumandi Augmented/dr_0_4292.jpg,dr_0_4292.jpg,Muzhumandi Augmented,confidence_0.2,79.83841565727704,83.13506016330273,42.84813264810272,42.786915877924294,53.50360398945859,46.696207581690686,54.755253409703926,43.119119361270606,0.2654639698386026,0.15285102141023524,0.6339901114563106,0.12985347940091563,11.63613404843332,6.807396407767904,3.296644506025686,0.06121677017842586
/content/drive/MyDrive/Bharatanatyam_Digital_Twin/dataset/posture_images/extracted/new_Dataset/Muzhumandi Augmented/dr_0_4341.jpg,dr_0_4341.jpg,Muzhumandi Augmented,confidence_0.2,51.31340692335919,81.41720906682868,57.54396292663182,55.21493988174989,45.86378184437268,34.74492475447086,54.135346764526446,53.55189643724272,0.32401733958281126,0.20242885041059389,0.8341740382754368,0.16804658376069892,0.5834503272837281,11.118857089901823,30.103802143469487,2.3290230448819287
/content/drive/MyDrive/Bharatanatyam_Digital_Twin/dataset/posture_images/extracted/new_Dataset/Muzhumandi Augmented/dr_0_4650.jpg,dr_0_4650.jpg,Muzhumandi Augmented,confidence_0.2,93.06450475930819,115.91397292755748,37.11502662188251,39.29975492353174,57.685032028190896,55.29799355961942,35.3339415349156,28.622441694043722,0.27857576180460797,0.17276065310417466,0.6749788001848575,0.09366321421516159,6.7114998408718805,2.3870384685714754,22.849468168249288,2.18472830164923
/content/drive/MyDrive/Bharatanatyam_Digital_Twin/dataset/posture_images/extracted/new_Dataset/Muzhumandi Augmented/dr_0_4676.jpg,dr_0_4676.jpg,Muzhumandi Augmented,confidence_0.2,48.99556055082885,64.32153455889704,65.6221887435883,66.09259730711776,79.34654636726117,75.38046141087769,59.99402445986197,50.989206328986334,0.3188186815281537,0.19513625525110215,0.7865450931668133,0.08283687294680295,9.004818130875634,3.966084956383483,15.325974008068194,0.47040856352946037
/content/drive/MyDrive/Bharatanatyam_Digital_Twin/dataset/posture_images/extracted/new_Dataset/Muzhumandi Augmented/dr_0_4835.jpg,dr_0_4835.jpg,Muzhumandi Augmented,confidence_0.2,79.95145059899454,90.2027080719077,40.41089489100423,45.099656197606244,46.484926679887224,38.841933469576716,44.96440555013889,30.87376142666478,0.2844604854061732,0.17492234031134354,0.6445078421557361,0.08777301979993478,14.09064412347411,7.642993210310507,10.251257472913153,4.688761306602011
/content/drive/MyDrive/Bharatanatyam_Digital_Twin/dataset/posture_images/extracted/new_Dataset/Muzhumandi Augmented/dr_0_4876.jpg,dr_0_4876.jpg,Muzhumandi Augmented,confidence_0.2,85.91728917594791,67.82478020232959,59.10762896372397,52.88708390332784,77.94543382286284,78.16221642387994,31.084381251040426,20.35476785667545,0.2588890753903593,0.15343111756906488,0.42733863555503954,0.2791808455173397,10.729613394364975,0.21678260101710123,18.092508973618322,6.220545060396127
/content/drive/MyDrive/Bharatanatyam_Digital_Twin/dataset/posture_images/extracted/new_Dataset/Muzhumandi Augmented/dr_0_497.jpg,dr_0_497.jpg,Muzhumandi Augmented,confidence_0.2,59.13043098500216,81.46830087533336,51.410636573949915,41.565939055142046,46.320168358481205,40.723313791931695,29.251274355648377,35.40438430187867,0.2665100853166521,0.16598324608028128,0.6835478863980301,0.1802432955553322,6.153109946230295,5.59685456654951,22.3378698903312,9.84469751880787
/content/drive/MyDrive/Bharatanatyam_Digital_Twin/dataset/posture_images/extracted/new_Dataset/Muzhumandi Augmented/dr_0_5101.jpg,dr_0_5101.jpg,Muzhumandi Augmented,confidence_0.2,98.75125210820477,75.33963305061312,30.690276435113752,47.143541609214026,43.58486509170936,41.37983520280288,57.26521857246788,52.169120415892195,0.32851451715874125,0.1866314561883597,0.7363237942671556,0.15578185421609775,5.096098156575685,2.2050298889064806,23.41161905759165,16.453265174100274
/content/drive/MyDrive/Bharatanatyam_Digital_Twin/dataset/posture_images/extracted/new_Dataset/Muzhumandi Augmented/dr_0_5163.jpg,dr_0_5163.jpg,Muzhumandi Augmented,confidence_0.2,94.36584647697909,103.07647561013633,32.59209613290559,34.99229321446359,45.30151677770372,47.71174493706481,28.2643737659399,36.725197628909456,0.3460759765782446,0.2216518759596094,0.5335452849186889,0.17184865599951407,8.460823862969555,2.4102281593610897,8.71062913315724,2.400197081557998
/content/drive/MyDrive/Bharatanatyam_Digital_Twin/dataset/posture_images/extracted/new_Dataset/Muzhumandi Augmented/dr_0_5211.jpg,dr_0_5211.jpg,Muzhumandi Augmented,confidence_0.2,133.56531576475592,134.39880668614109,136.28351722222249,140.13955018702427,25.420667689425095,31.001010799464883,44.260866346946386,59.48355397683406,0.31149401677498945,0.19536134167651195,0.7964744031708575,0.09595219876775717,15.222687629887673,5.580343110039788,0.8334909213851631,3.856032964801784
/content/drive/MyDrive/Bharatanatyam_Digital_Twin/dataset/posture_images/extracted/new_Dataset/Muzhumandi Augmented/dr_0_5318.jpg,dr_0_5318.jpg,Muzhumandi Augmented,confidence_0.2,73.31614693849014,67.90675474473927,49.239838664355105,49.44001064675096,66.63574822697919,65.09013759849533,30.829947435764097,26.598924475121432,0.31101707994646915,0.18880445112871772,0.6946963018223888,0.0935763997957589,4.231022960642665,1.5456106284838569,5.409392193750861,0.2001719823958581
/content/drive/MyDrive/Bharatanatyam_Digital_Twin/dataset/posture_images/extracted/new_Dataset/Muzhumandi Augmented/dr_0_562.jpg,dr_0_562.jpg,Muzhumandi Augmented,confidence_0.2,69.01260449574256,99.47078122548618,45.02126656887162,40.44670591132786,38.65523902966474,37.459328436535586,45.58563140148508,21.803152903981243,0.2655647423829141,0.15243206143767948,0.532326995390069,0.10903580000835238,23.78247849750384,1.195910593129156,30.458176729743613,4.574560657543756
/content/drive/MyDrive/Bharatanatyam_Digital_Twin/dataset/posture_images/extracted/new_Dataset/Muzhumandi Augmented/dr_0_5641.jpg,dr_0_5641.jpg,Muzhumandi Augmented,confidence_0.2,134.03985589471012,126.57261566112055,130.0383832298297,130.71974051819274,36.59351564404989,35.70899862815449,47.90978239707619,57.06030257876227,0.302759373230425,0.18979229891680574,0.8112399629644574,0.1794568517985941,9.150520181686076,0.8845170158953977,7.467240233589564,0.6813572883630457
/content/drive/MyDrive/Bharatanatyam_Digital_Twin/dataset/posture_images/extracted/new_Dataset/Muzhumandi Augmented/dr_0_6188.jpg,dr_0_6188.jpg,Muzhumandi Augmented,confidence_0.2,60.112982125344246,84.77196534363853,53.030540308541546,48.633618748777906,42.02497902716643,38.555235279848795,52.22915273209723,35.21594191544544,0.28357004623713084,0.1687487483504071,0.6593275883240086,0.06536189560852414,17.013210816651792,3.4697437473176365,24.65898321829428,4.396921559763641
/content/drive/MyDrive/Bharatanatyam_Digital_Twin/dataset/posture_images/extracted/new_Dataset/Muzhumandi Augmented/dr_0_6254.jpg,dr_0_6254.jpg,Muzhumandi Augmented,confidence_0.2,49.03590922988217,59.185430686342535,58.91441326543915,63.33755588283321,44.29061088755826,30.546458290325337,56.22361884377066,48.029516345683234,0.2781162604166065,0.17077016050764138,0.6866659364896008,0.09088550905319662,8.194102498087425,13.744152597232922,10.149521456460363,4.423142617394056
/content/drive/MyDrive/Bharatanatyam_Digital_Twin/dataset/posture_images/extracted/new_Dataset/Muzhumandi Augmented/dr_0_6374.jpg,dr_0_6374.jpg,Muzhumandi Augmented,confidence_0.2,87.96012872088846,111.69957210026875,41.91419250302052,40.80124245231465,54.54982646410986,49.20076431629966,33.80973556085991,25.845475701132063,0.26041996149444535,0.15429330422978307,0.6235699420661058,0.13610194556576616,7.96425985972785,5.349062147810201,23.73944337938029,1.1129500507058694
/content/drive/MyDrive/Bharatanatyam_Digital_Twin/dataset/posture_images/extracted/new_Dataset/Muzhumandi Augmented/dr_0_6394.jpg,dr_0_6394.jpg,Muzhumandi Augmented,confidence_0.2,78.9367126179471,79.14621488205553,39.77718287020847,46.67136047754465,43.496419527695224,37.030085629758496,48.4974498267904,36.467489232959586,0.28285836243636675,0.16482522365855956,0.6662070276170624,0.18910851791668126,12.029960593830815,6.466333897936728,0.20950226410843698,6.894177607336182
/content/drive/MyDrive/Bharatanatyam_Digital_Twin/dataset/posture_images/extracted/new_Dataset/Muzhumandi Augmented/dr_0_6831.jpg,dr_0_6831.jpg,Muzhumandi Augmented,confidence_0.2,95.95451369639768,107.15883748881103,38.863091364139734,40.42084796168381,54.161755807867834,45.108665791574694,34.00992737341512,29.542640806677525,0.24279887671562783,0.14792898687148937,0.6157039871485702,0.14328688922346178,4.467286566737592,9.05309001629314,11.204323792413348,1.5577565975440777
/content/drive/MyDrive/Bharatanatyam_Digital_Twin/dataset/posture_images/extracted/new_Dataset/Muzhumandi Augmented/dr_0_6902.jpg,dr_0_6902.jpg,Muzhumandi Augmented,confidence_0.2,73.21281983270366,93.92161446362218,48.17166499369375,43.47982457784517,41.861916091000964,46.70659970971613,50.07656120440084,43.378641888435034,0.3235221432678615,0.18912060328299055,0.7418007580886951,0.07266356798722315,6.697919315965805,4.844683618715166,20.70879463091852,4.691840415848581
/content/drive/MyDrive/Bharatanatyam_Digital_Twin/dataset/posture_images/extracted/new_Dataset/Muzhumandi Augmented/dr_0_7066.jpg,dr_0_7066.jpg,Muzhumandi Augmented,confidence_0.2,58.699468665064,83.11776179025706,53.0109917759155,47.81481043303735,43.374456155918026,38.741797476096245,55.924138392229864,53.37185322137071,0.2533096931605608,0.15830923897701202,0.6463531633732515,0.06794183814930824,2.5522851708591503,4.63265867982178,24.41829312519306,5.196181342878148
/content/drive/MyDrive/Bharatanatyam_Digital_Twin/dataset/posture_images/extracted/new_Dataset/Muzhumandi Augmented/dr_0_7271.jpg,dr_0_7271.jpg,Muzhumandi Augmented,confidence_0.2,112.62852627008832,64.00013102001625,38.97976081054788,43.733310985209535,54.79996748469464,44.911083598581286,41.34743050713005,33.872230760914604,0.36302853531919366,0.2259690627486348,0.6063363840851715,0.19239878015558284,7.475199746215445,9.888883886113355,48.62839525007206,4.753550174661655
/content/drive/MyDrive/Bharatanatyam_Digital_Twin/dataset/posture_images/extracted/new_Dataset/Muzhumandi Augmented/dr_0_7371.jpg,dr_0_7371.jpg,Muzhumandi Augmented,confidence_0.2,90.68138105324016,100.21612844074329,32.06483682574079,34.495151803812504,55.321523114492365,46.78354346636694,47.15686287883018,26.18506129109384,0.252276563434745,0.15518430945372821,0.5542003597041635,0.21164976425760446,20.97180158773634,8.537979648125422,9.534747387503131,2.4303149780717135
/content/drive/MyDrive/Bharatanatyam_Digital_Twin/dataset/posture_images/extracted/new_Dataset/Muzhumandi Augmented/dr_0_7453.jpg,dr_0_7453.jpg,Muzhumandi Augmented,confidence_0.2,101.13267804428688,92.18970414703222,41.328029212473275,40.2973058275878,59.144944690867945,51.48267462579876,42.722182200294895,29.262422812872682,0.27338623419003094,0.16781993967895648,0.6306968457190812,0.15662997933755415,13.459759387422213,7.662270065069187,8.94297389725466,1.0307233848854764
/content/drive/MyDrive/Bharatanatyam_Digital_Twin/dataset/posture_images/extracted/new_Dataset/Muzhumandi Augmented/dr_0_7459.jpg,dr_0_7459.jpg,Muzhumandi Augmented,confidence_0.2,83.57218621778948,90.16331186695172,99.29295296671361,110.52473738429146,33.61866587744815,33.59253607504119,49.97086517520032,62.41189406493509,0.29857526874931084,0.193368707806396,0.7095553106534097,0.11558313626402561,12.441028889734767,0.026129802406963165,6.591125649162237,11.231784417577842
/content/drive/MyDrive/Bharatanatyam_Digital_Twin/dataset/posture_images/extracted/new_Dataset/Muzhumandi Augmented/dr_0_7518.jpg,dr_0_7518.jpg,Muzhumandi Augmented,confidence_0.2,65.97820606189067,107.5322738459054,44.63448595325224,39.8292683063913,55.08648040559064,45.289714095116786,31.785078439086174,32.920605978995724,0.28734310015484094,0.17708490362358176,0.761072083881436,0.15765951107658124,1.1355275399095497,9.796766310473856,41.55406778401472,4.805217646860939
/content/drive/MyDrive/Bharatanatyam_Digital_Twin/dataset/posture_images/extracted/new_Dataset/Muzhumandi Augmented/dr_0_7684.jpg,dr_0_7684.jpg,Muzhumandi Augmented,confidence_0.2,134.39245480441707,96.81774136436428,129.5268136831902,114.1826259814827,27.705824428166856,37.59512155094849,40.3518321145179,56.59125961154445,0.29519742282848543,0.18482691466631648,0.7691475412379131,0.1656333317481596,16.239427497026554,9.889297122781635,37.57471344005279,15.344187701707497
/content/drive/MyDrive/Bharatanatyam_Digital_Twin/dataset/posture_images/extracted/new_Dataset/Muzhumandi Augmented/dr_0_7924.jpg,dr_0_7924.jpg,Muzhumandi Augmented,confidence_0.2,60.218213424266914,59.848151346396115,69.55588674142436,66.74565438661932,48.04297226894026,52.355334875953325,51.39541815488749,50.613956141357846,0.2939423594272997,0.18070560576574132,0.6982623507493687,0.034368473268188184,0.7814620135296408,4.312362607013064,0.3700620778707986,2.810232354805038
/content/drive/MyDrive/Bharatanatyam_Digital_Twin/dataset/posture_images/extracted/new_Dataset/Muzhumandi Augmented/dr_0_8120.jpg,dr_0_8120.jpg,Muzhumandi Augmented,confidence_0.2,58.155065390281884,75.07153806344658,44.96250589630529,49.63272676084417,38.76284338705104,25.606593787145226,61.260269271301624,61.16491817961957,0.30211161552455057,0.18595812531549188,0.7932918779314113,0.12726329515807527,0.0953510916820548,13.156249599905816,16.916472673164698,4.670220864538884
/content/drive/MyDrive/Bharatanatyam_Digital_Twin/dataset/posture_images/extracted/new_Dataset/Muzhumandi Augmented/dr_0_8210.jpg,dr_0_8210.jpg,Muzhumandi Augmented,confidence_0.2,77.72946727151246,74.23429811926611,43.83557478006136,42.681960117302516,58.594645106702586,61.12833923165215,54.55310863399576,28.358259119829622,0.30708730934979234,0.20257837327545,0.6990137934749614,0.1755472329508875,26.19484951416614,2.5336941249495624,3.4951691522463477,1.1536146627588408
/content/drive/MyDrive/Bharatanatyam_Digital_Twin/dataset/posture_images/extracted/new_Dataset/Muzhumandi Augmented/dr_0_8656.jpg,dr_0_8656.jpg,Muzhumandi Augmented,confidence_0.2,86.8537261482122,110.25290113080091,40.50042083230686,41.21855809637164,59.35352680495844,52.609110502390706,43.0136557602931,25.431046852992388,0.264635860394886,0.16677361684536815,0.6107427374295255,0.11517533199912743,17.58260890730071,6.7444163025677355,23.399174982588704,0.7181372640647794
/content/drive/MyDrive/Bharatanatyam_Digital_Twin/dataset/posture_images/extracted/new_Dataset/Muzhumandi Augmented/dr_0_8775.jpg,dr_0_8775.jpg,Muzhumandi Augmented,confidence_0.2,91.86827689263588,92.47906472542631,43.83890528669579,41.39704340576177,60.14032379038834,56.94363427677021,39.17505486488937,25.4654247238119,0.2507146206592873,0.151414881679001,0.6240992687593794,0.08806880442289565,13.709630141077469,3.196689513618125,0.6107878327904359,2.4418618809340202
/content/drive/MyDrive/Bharatanatyam_Digital_Twin/dataset/posture_images/extracted/new_Dataset/Muzhumandi Augmented/dr_0_879.jpg,dr_0_879.jpg,Muzhumandi Augmented,confidence_0.2,59.72025184294806,100.77362630322914,46.17394391753952,40.348260328634005,51.62558089889416,46.425350432739386,45.02263905307503,37.88178567892037,0.24412142300890113,0.15053166855797256,0.6267487746070034,0.06445461722048303,7.140853374154659,5.200230466154771,41.05337446028108,5.8256835889055125
/content/drive/MyDrive/Bharatanatyam_Digital_Twin/dataset/posture_images/extracted/new_Dataset/Muzhumandi Augmented/dr_0_8968.jpg,dr_0_8968.jpg,Muzhumandi Augmented,confidence_0.2,75.93669260031751,93.43328201106391,44.00806742170802,40.53392800130816,42.37059916016927,45.871156637141205,46.173775748853195,39.74339096529575,0.27748254153126645,0.16832623370243444,0.6099777326410735,0.022611784715536213,6.430384783557443,3.5005574769719345,17.496589410746395,3.474139420399858
/content/drive/MyDrive/Bharatanatyam_Digital_Twin/dataset/posture_images/extracted/new_Dataset/Muzhumandi Augmented/dr_0_8972.jpg,dr_0_8972.jpg,Muzhumandi Augmented,confidence_0.2,64.5553498389423,88.30565186477939,52.70099543655415,67.06184662806805,65.07866306202209,67.5148253347402,41.91306413061149,39.04521030342228,0.305077083936589,0.18206508458320073,0.6370539937887086,0.08666753908147225,2.867853827189208,2.436162272718107,23.750302025837087,14.360851191513902
/content/drive/MyDrive/Bharatanatyam_Digital_Twin/dataset/posture_images/extracted/new_Dataset/Muzhumandi Augmented/dr_0_9448.jpg,dr_0_9448.jpg,Muzhumandi Augmented,confidence_0.2,99.64315254249924,71.59502133878213,105.10165541118917,81.58994159732839,42.591808592927656,38.30701468271053,31.22300162982427,30.799746230708774,0.31090983241228615,0.1880027355077257,0.7572548059397773,0.06982892457015681,0.42325539911549726,4.284793910217125,28.048131203717105,23.51171381386078
/content/drive/MyDrive/Bharatanatyam_Digital_Twin/dataset/posture_images/extracted/new_Dataset/Muzhumandi Augmented/dr_0_95.jpg,dr_0_95.jpg,Muzhumandi Augmented,confidence_0.2,78.22334406233433,70.58392951744332,43.164467110261924,49.642868495328784,74.23290816108435,72.3102921065768,23.75066976955958,19.49476439415349,0.2650194298558258,0.15564658290844902,0.4901734589240257,0.20488599172022706,4.2559053754060905,1.9226160545075572,7.639414544891011,6.47840138506686
/content/drive/MyDrive/Bharatanatyam_Digital_Twin/dataset/posture_images/extracted/new_Dataset/Muzhumandi Augmented/dr_0_982.jpg,dr_0_982.jpg,Muzhumandi Augmented,confidence_0.2,95.95504431359579,93.68135069425632,34.90841226830073,44.47306127957235,41.97563608991837,38.63489443526278,39.94122568529036,25.28926891576592,0.300505789644001,0.1751060452287843,0.6117753458047157,0.06188678521493023,14.651956769524443,3.340741654655588,2.2736936193394683,9.56464901127162
/content/drive/MyDrive/Bharatanatyam_Digital_Twin/dataset/posture_images/extracted/new_Dataset/Muzhumandi Augmented/dr_0_9950.jpg,dr_0_9950.jpg,Muzhumandi Augmented,confidence_0.2,85.3465632328717,98.1330233271081,33.79614102077337,32.419487333684025,47.859595135870876,42.84520033074774,22.324761003406696,25.620533897842286,0.2808725798624254,0.17539397048181946,0.6877312972227844,0.2200564999853068,3.29577289443559,5.014394805123139,12.786460094236404,1.3766536870893447
/content/drive/MyDrive/Bharatanatyam_Digital_Twin/dataset/posture_images/extracted/new_Dataset/Muzhumandi Augmented/dr_0_9971.jpg,dr_0_9971.jpg,Muzhumandi Augmented,confidence_0.2,104.89165828258726,122.13477055426411,43.361187365464,47.529219654995764,68.96044970056721,73.81030735894723,32.48348897940716,24.803375620834924,0.2860880499345418,0.18790466845649922,0.523767979830256,0.2303910588745586,7.680113358572239,4.849857658380017,17.24311227167685,4.168032289531766
/content/drive/MyDrive/Bharatanatyam_Digital_Twin/dataset/posture_images/extracted/new_Dataset/Muzhumandi Augmented/dr_1_11.jpg,dr_1_11.jpg,Muzhumandi Augmented,confidence_0.2,169.30348559502093,154.4745375458659,127.42153302078637,94.9132100861922,64.73317803177962,76.13094321339119,15.229273967165854,20.578102439580558,0.22140401616106734,0.14292286126764878,0.5140490075522024,0.1952024483469666,5.348828472414704,11.397765181611575,14.82894804915503,32.508322934594176
/content/drive/MyDrive/Bharatanatyam_Digital_Twin/dataset/posture_images/extracted/new_Dataset/Muzhumandi Augmented/dr_1_1275.jpg,dr_1_1275.jpg,Muzhumandi Augmented,confidence_0.2,168.91660445109054,146.5860606134423,112.34182926032851,81.32098791602927,106.0569715316209,120.74789608527254,48.41586047670816,64.70416596335893,0.21060521438069174,0.12784869941149785,0.35058955602482667,0.09582952851452288,16.28830548665077,14.69092455365164,22.330543837648236,31.020841344299242
/content/drive/MyDrive/Bharatanatyam_Digital_Twin/dataset/posture_images/extracted/new_Dataset/Muzhumandi Augmented/dr_1_1389.jpg,dr_1_1389.jpg,Muzhumandi Augmented,confidence_0.2,170.8554838077571,166.3806593487838,115.68086042341238,112.40046669443403,141.68913585149295,119.64031906201319,143.04700132911222,105.69961342303023,0.21962574872448257,0.13413226324460337,0.40634166451458875,0.4563150000759658,37.34738790608199,22.04881678947976,4.474824458973302,3.2803937289783534
/content/drive/MyDrive/Bharatanatyam_Digital_Twin/dataset/posture_images/extracted/new_Dataset/Muzhumandi Augmented/dr_1_150.jpg,dr_1_150.jpg,Muzhumandi Augmented,confidence_0.2,113.68505398361812,170.85440947881295,99.3832046781838,104.95655247856669,107.97729383938612,98.81608887240296,35.61014434720106,25.981817928030058,0.21289083494340239,0.1329519948918567,0.41523389692462126,0.151515691414648,9.628326419171,9.161204966983163,57.169355495194836,5.573347800382891
/content/drive/MyDrive/Bharatanatyam_Digital_Twin/dataset/posture_images/extracted/new_Dataset/Muzhumandi Augmented/dr_1_1922.jpg,dr_1_1922.jpg,Muzhumandi Augmented,confidence_0.2,132.2544261016739,162.21387036302966,88.18170102997732,114.2683891771566,82.87203350358249,80.08635819295654,14.555838774341247,12.731829774045023,0.22667677558239682,0.15274276064481698,0.5452473148208014,0.23087540956574545,1.8240090002962237,2.7856753106259475,29.95944426135577,26.086688147179288
/content/drive/MyDrive/Bharatanatyam_Digital_Twin/dataset/posture_images/extracted/new_Dataset/Muzhumandi Augmented/dr_1_1948.jpg,dr_1_1948.jpg,Muzhumandi Augmented,confidence_0.2,146.59057330585193,145.15167529200258,112.81907258214781,102.79925977263271,93.35075043324755,96.4439269127042,30.031765229688293,34.418240604803486,0.2094078070506523,0.13957049100029434,0.3964382943578401,0.11057234234982294,4.386475375115193,3.0931764794566448,1.4388980138493537,10.019812809515102
/content/drive/MyDrive/Bharatanatyam_Digital_Twin/dataset/posture_images/extracted/new_Dataset/Muzhumandi Augmented/dr_1_2036.jpg,dr_1_2036.jpg,Muzhumandi Augmented,confidence_0.2,112.75754354979244,156.08705881048223,86.04324386470964,116.45700407736123,84.44368669538386,76.55500373182794,52.48138738663575,21.702514477414585,0.22899237424418284,0.1536799711433036,0.5225641374055277,0.320951518371558,30.778872909221167,7.888682963555922,43.32951526068979,30.413760212651596
/content/drive/MyDrive/Bharatanatyam_Digital_Twin/dataset/posture_images/extracted/new_Dataset/Muzhumandi Augmented/dr_1_2125.jpg,dr_1_2125.jpg,Muzhumandi Augmented,confidence_0.2,161.16788463867425,153.0836586338835,107.67139908858822,91.2525832464878,92.56092797208187,90.52690584117143,21.753965718720213,18.25262391172371,0.26937683284146385,0.17894586143602892,0.5496196577723869,0.16029072195424757,3.5013418069965034,2.0340221309104436,8.084226004790764,16.418815842100415
/content/drive/MyDrive/Bharatanatyam_Digital_Twin/dataset/posture_images/extracted/new_Dataset/Muzhumandi Augmented/dr_1_2165.jpg,dr_1_2165.jpg,Muzhumandi Augmented,confidence_0.2,168.43943815462515,160.41620609142626,107.90895938530672,88.90948156152591,98.97743322521735,103.51187921606277,28.916162454560382,39.03975201310537,0.22659831748734818,0.138663200650688,0.4290151376911297,0.1290160156366003,10.123589558544989,4.534445990845413,8.02323206319889,18.999477823780808
/content/drive/MyDrive/Bharatanatyam_Digital_Twin/dataset/posture_images/extracted/new_Dataset/Muzhumandi Augmented/dr_1_233.jpg,dr_1_233.jpg,Muzhumandi Augmented,confidence_0.2,151.70270982882863,155.50046350223076,108.6332463132394,86.42236073694585,90.48936128663053,98.39627645632703,22.102714309058676,27.925056696353842,0.20309104539044517,0.13542012985591054,0.43819310547327506,0.0898421411966022,5.822342387295166,7.906915169696504,3.797753673402127,22.21088557629355
/content/drive/MyDrive/Bharatanatyam_Digital_Twin/dataset/posture_images/extracted/new_Dataset/Muzhumandi Augmented/dr_1_2462.jpg,dr_1_2462.jpg,Muzhumandi Augmented,confidence_0.2,128.55718283182742,163.30535015275194,94.36172946299939,106.3856042744073,81.74625623665345,90.43759577843679,20.590079231835464,19.226290100193523,0.24680886695749443,0.17803584675007642,0.5698655573260116,0.12866191750186695,1.3637891316419406,8.691339541783336,34.74816732092452,12.023874811407907
/content/drive/MyDrive/Bharatanatyam_Digital_Twin/dataset/posture_images/extracted/new_Dataset/Muzhumandi Augmented/dr_1_2630.jpg,dr_1_2630.jpg,Muzhumandi Augmented,confidence_0.2,173.23689171931588,170.99619658719035,112.14587735615295,94.634461792916,100.47614999793976,101.80733668137422,37.77824633355838,33.1444066141106,0.2207260068798897,0.14986701205306485,0.3814173628198778,0.10634490492010336,4.633839719447778,1.331186683434467,2.2406951321255235,17.51141556323695
/content/drive/MyDrive/Bharatanatyam_Digital_Twin/dataset/posture_images/extracted/new_Dataset/Muzhumandi Augmented/dr_1_2780.jpg,dr_1_2780.jpg,Muzhumandi Augmented,confidence_0.2,159.8311548596122,169.1178376259295,100.97658454253543,113.37829607297489,107.20954959391511,97.72841393031854,46.10752289812858,39.83468987800834,0.2126228685209384,0.13929233835981025,0.355944033199199,0.21029708782887196,6.272833020120238,9.481135663596575,9.286682766317284,12.401711530439457
/content/drive/MyDrive/Bharatanatyam_Digital_Twin/dataset/posture_images/extracted/new_Dataset/Muzhumandi Augmented/dr_1_2911.jpg,dr_1_2911.jpg,Muzhumandi Augmented,confidence_0.2,163.45985969226248,141.02700701250657,107.18242622487011,95.10928248917654,93.5278978250747,98.1767008279497,29.110305333673086,58.85043162768457,0.19889146894743867,0.12362451774803908,0.40826889755657,0.2838695643432958,29.740126294011485,4.648803002874999,22.43285267975591,12.073143735693577
/content/drive/MyDrive/Bharatanatyam_Digital_Twin/dataset/posture_images/extracted/new_Dataset/Muzhumandi Augmented/dr_1_2945.jpg,dr_1_2945.jpg,Muzhumandi Augmented,confidence_0.2,144.8346261168598,147.55262998661493,125.0271211868523,86.62854721448979,128.08894359213517,116.15804703600728,94.56789658456698,28.26179028447291,0.22435064873936672,0.1360260386590154,0.4172271035210136,0.15955639644005978,66.30610630009407,11.930896556127891,2.7180038697551367,38.39857397236251
/content/drive/MyDrive/Bharatanatyam_Digital_Twin/dataset/posture_images/extracted/new_Dataset/Muzhumandi Augmented/dr_1_300.jpg,dr_1_300.jpg,Muzhumandi Augmented,confidence_0.2,164.80706665987944,141.93712897728096,109.60735136984717,88.25778870650572,98.74540090133536,102.36163499091286,34.471747447580114,45.41384084053168,0.19617315706946642,0.13074746542835722,0.38678676708959514,0.1964505275926986,10.942093392951563,3.616234089577503,22.869937682598476,21.349562663341445
/content/drive/MyDrive/Bharatanatyam_Digital_Twin/dataset/posture_images/extracted/new_Dataset/Muzhumandi Augmented/dr_1_3234.jpg,dr_1_3234.jpg,Muzhumandi Augmented,confidence_0.2,168.2346752299437,176.23939418124596,105.44485212503051,123.16382761858169,165.49148176146056,130.59304261948495,140.74960608053107,137.87266975592465,0.2744234401021941,0.14802927659595372,0.28444766315434145,0.2010504884083682,2.876936324606419,34.898439141975615,8.004718951302266,17.718975493551184
/content/drive/MyDrive/Bharatanatyam_Digital_Twin/dataset/posture_images/extracted/new_Dataset/Muzhumandi Augmented/dr_1_3334.jpg,dr_1_3334.jpg,Muzhumandi Augmented,confidence_0.2,42.09034609925712,102.90292030147162,50.55835666489046,41.554498358474106,172.4591141498955,163.5901705052536,151.20550279783075,148.24515074119563,0.17386737857794496,0.11371944394239854,0.28178843381004326,0.29600433195538617,2.9603520566351165,8.868943644641888,60.812574202214506,9.003858306416355
/content/drive/MyDrive/Bharatanatyam_Digital_Twin/dataset/posture_images/extracted/new_Dataset/Muzhumandi Augmented/dr_1_3408.jpg,dr_1_3408.jpg,Muzhumandi Augmented,confidence_0.2,110.91368163542283,120.07953149731156,44.58604107641371,15.853662429568205,112.51883581253668,114.06755788872769,95.09327805974351,104.02905098978013,0.07866366298908516,0.05188969293825148,0.11101532468975189,0.15184401479072335,8.93577293003662,1.5487220761910123,9.16584986188873,28.732378646845504
/content/drive/MyDrive/Bharatanatyam_Digital_Twin/dataset/posture_images/extracted/new_Dataset/Muzhumandi Augmented/dr_1_3419.jpg,dr_1_3419.jpg,Muzhumandi Augmented,confidence_0.2,134.8107409361976,149.8462105460772,100.42189600192107,107.10129643404639,103.00789725723789,97.61396737172518,36.66039691003602,26.09679948528004,0.18297811635146238,0.10952776072515595,0.3955387996093301,0.12602705966588051,10.56359742475598,5.393929885512705,15.035469609879613,6.67940043212532
/content/drive/MyDrive/Bharatanatyam_Digital_Twin/dataset/posture_images/extracted/new_Dataset/Muzhumandi Augmented/dr_1_3536.jpg,dr_1_3536.jpg,Muzhumandi Augmented,confidence_0.2,169.56256432624832,160.6646545256573,108.60828049582496,88.22890869726571,91.02959807644245,97.0550493981633,32.96670201563896,28.081056075902964,0.2661343669883917,0.15662628341135035,0.4914243860113273,0.14134269148350723,4.885645939735994,6.025451321720851,8.897909800591009,20.379371798559248
/content/drive/MyDrive/Bharatanatyam_Digital_Twin/dataset/posture_images/extracted/new_Dataset/Muzhumandi Augmented/dr_1_3866.jpg,dr_1_3866.jpg,Muzhumandi Augmented,confidence_0.2,149.7553082572305,154.29697583206703,105.88478721126508,81.93918630624798,110.6310602781219,90.46135590679849,45.77378540220414,34.10245240343417,0.2501849467274563,0.14268549364615266,0.4705425721877036,0.16861535529220853,11.67133299876997,20.169704371323405,4.541667574836538,23.945600905017102
/content/drive/MyDrive/Bharatanatyam_Digital_Twin/dataset/posture_images/extracted/new_Dataset/Muzhumandi Augmented/dr_1_4117.jpg,dr_1_4117.jpg,Muzhumandi Augmented,confidence_0.2,168.11829705746365,148.71236823611616,110.34853628151762,95.95920619017573,91.988761420112,106.77112835001145,26.436975268867187,35.198696317023014,0.21992388370908716,0.1364547549569123,0.40773849173411175,0.16167503941826894,8.761721048155827,14.782366929899453,19.405928821347487,14.38933009134189
/content/drive/MyDrive/Bharatanatyam_Digital_Twin/dataset/posture_images/extracted/new_Dataset/Muzhumandi Augmented/dr_1_4240.jpg,dr_1_4240.jpg,Muzhumandi Augmented,confidence_0.2,123.24132639585488,167.83425908560082,93.01386781666025,113.14826380036757,95.23526791041361,93.69831459595297,35.151381655619396,28.480396358815163,0.18968322383312075,0.1213540123174642,0.3451108959109595,0.18798811842284735,6.670985296804233,1.5369533144606464,44.592932689745936,20.13439598370732
/content/drive/MyDrive/Bharatanatyam_Digital_Twin/dataset/posture_images/extracted/new_Dataset/Muzhumandi Augmented/dr_1_4420.jpg,dr_1_4420.jpg,Muzhumandi Augmented,confidence_0.2,171.00023518205208,174.08517419567775,104.71578242889176,107.31968649938598,107.59106184694308,96.84072027907264,40.06586812899946,40.53946664573082,0.2035625825075967,0.1282019662960947,0.3745253469872568,0.27476318923982784,0.4735985167313572,10.750341567870436,3.0849390136256716,2.603904070494224
/content/drive/MyDrive/Bharatanatyam_Digital_Twin/dataset/posture_images/extracted/new_Dataset/Muzhumandi Augmented/dr_1_4523.jpg,dr_1_4523.jpg,Muzhumandi Augmented,confidence_0.2,151.25201695322082,158.55162919826856,108.35841948766242,90.8722755410508,105.44771887055607,103.68513802572741,31.357787388873316,15.87464746741692,0.2324555265795281,0.17862125438276186,0.5234272110954198,0.18765089162886714,15.483139921456395,1.762580844828662,7.29961224504774,17.48614394661162
/content/drive/MyDrive/Bharatanatyam_Digital_Twin/dataset/posture_images/extracted/new_Dataset/Muzhumandi Augmented/dr_1_4570.jpg,dr_1_4570.jpg,Muzhumandi Augmented,confidence_0.2,164.36885314809064,159.72167259810087,113.6628433668363,106.82001646357028,73.45596579744421,80.04876561256741,14.552481463136848,16.95011735032866,0.23778424029273096,0.1552806337545689,0.5570846274555384,0.18937268971371987,2.3976358871918126,6.5927998151232,4.64718054998977,6.842826903266015
/content/drive/MyDrive/Bharatanatyam_Digital_Twin/dataset/posture_images/extracted/new_Dataset/Muzhumandi Augmented/dr_1_4908.jpg,dr_1_4908.jpg,Muzhumandi Augmented,confidence_0.2,157.13220820719127,152.7858958800322,112.52830194042447,95.09698595445604,85.20302642582001,98.0386608202916,16.34034583404981,26.504501223511873,0.2469568306524447,0.1413066661251006,0.4774625277531613,0.12674720638553935,10.164155389462064,12.835634394471583,4.346312327159069,17.431315985968425
/content/drive/MyDrive/Bharatanatyam_Digital_Twin/dataset/posture_images/extracted/new_Dataset/Muzhumandi Augmented/dr_1_5073.jpg,dr_1_5073.jpg,Muzhumandi Augmented,confidence_0.2,167.6156023644489,167.30527835535764,83.76215767751448,107.77950817944387,93.57778548160097,91.69698501952796,23.04165029725811,13.597132633219607,0.22158405601436965,0.16269650439054545,0.4873858558352643,0.18018318641953676,9.444517664038502,1.8808004620730117,0.3103240090912607,24.017350501929386
/content/drive/MyDrive/Bharatanatyam_Digital_Twin/dataset/posture_images/extracted/new_Dataset/Muzhumandi Augmented/dr_1_519.jpg,dr_1_519.jpg,Muzhumandi Augmented,confidence_0.2,147.80083254533616,151.38148406737724,121.86636017201953,98.74424004187242,80.3516552244217,99.85623559101057,16.67835503731442,28.30287092007329,0.2535359228450136,0.15532845608840712,0.5140577564124722,0.16765466664587944,11.624515882758867,19.50458036658887,3.58065152204108,23.12212013014711
/content/drive/MyDrive/Bharatanatyam_Digital_Twin/dataset/posture_images/extracted/new_Dataset/Muzhumandi Augmented/dr_1_5198.jpg,dr_1_5198.jpg,Muzhumandi Augmented,confidence_0.2,138.87727673733073,169.70595302507806,77.28451078449149,111.67240572409241,81.42048959033083,79.51944687891299,20.50274481291096,14.103024123226728,0.21694824385777056,0.14582531435352197,0.509433775819364,0.21678257015170682,6.399720689684234,1.901042711417844,30.828676287747328,34.387894939600926
/content/drive/MyDrive/Bharatanatyam_Digital_Twin/dataset/posture_images/extracted/new_Dataset/Muzhumandi Augmented/dr_1_5219.jpg,dr_1_5219.jpg,Muzhumandi Augmented,confidence_0.2,171.13367958359908,152.32876938654,116.54380962816889,88.17604473894028,87.15100458653545,97.48913552694174,23.589986968148686,28.74503522964793,0.35177731113768307,0.1866442887108297,0.480315114369997,0.1782877664025963,5.155048261499243,10.338130940406288,18.804910197059087,28.36776488922861
/content/drive/MyDrive/Bharatanatyam_Digital_Twin/dataset/posture_images/extracted/new_Dataset/Muzhumandi Augmented/dr_1_5390.jpg,dr_1_5390.jpg,Muzhumandi Augmented,confidence_0.2,142.06157094078335,162.3256324592771,90.87831687412103,102.62256812769421,95.42226418268123,92.7645846718364,20.038181515050116,17.669702732621055,0.2534356960849304,0.1632968217880147,0.5262199187135486,0.1246636365922104,2.3684787824290616,2.6576795108448295,20.264061518493747,11.744251253573182
/content/drive/MyDrive/Bharatanatyam_Digital_Twin/dataset/posture_images/extracted/new_Dataset/Muzhumandi Augmented/dr_1_5718.jpg,dr_1_5718.jpg,Muzhumandi Augmented,confidence_0.2,144.6102674716477,174.4335568328953,49.39340951363749,51.33361779123906,59.90928877667752,65.78583413568575,84.68931105337177,85.87512461475241,0.43245791757352947,0.26725520093696364,0.2794255755592533,0.10452877597395298,1.185813561380641,5.876545359008226,29.823289361247618,1.9402082776015632
/content/drive/MyDrive/Bharatanatyam_Digital_Twin/dataset/posture_images/extracted/new_Dataset/Muzhumandi Augmented/dr_1_5787.jpg,dr_1_5787.jpg,Muzhumandi Augmented,confidence_0.2,166.7213785790159,165.4820111581533,112.70895761478681,95.68337194438092,82.440136006819,99.14466562984906,10.537120156559851,12.011894584882985,0.277799027914211,0.14904350169244013,0.4453396156260287,0.0878027230790773,1.4747744283231334,16.704529623030055,1.2393674208625782,17.02558567040589
/content/drive/MyDrive/Bharatanatyam_Digital_Twin/dataset/posture_images/extracted/new_Dataset/Muzhumandi Augmented/dr_1_5843.jpg,dr_1_5843.jpg,Muzhumandi Augmented,confidence_0.2,160.8720740291451,138.7855258576164,116.87274999991972,86.14420022304935,79.69068971901206,81.95812116607664,19.154181063663415,20.797524458165643,0.2202816652506051,0.1486309331703514,0.4832006288816883,0.17789997123639928,1.643343394502228,2.267431447064581,22.086548171528705,30.728549776870366
/content/drive/MyDrive/Bharatanatyam_Digital_Twin/dataset/posture_images/extracted/new_Dataset/Muzhumandi Augmented/dr_1_5976.jpg,dr_1_5976.jpg,Muzhumandi Augmented,confidence_0.2,146.24716850225968,155.85966280011297,101.34919351387713,111.80249399639666,97.59515695223679,82.95071108647628,43.13632708103229,15.381525385801048,0.24153113807502902,0.1514215339827459,0.5430133804297964,0.23128931127106844,27.754801695231244,14.644445865760517,9.612494297853289,10.453300482519538
/content/drive/MyDrive/Bharatanatyam_Digital_Twin/dataset/posture_images/extracted/new_Dataset/Muzhumandi Augmented/dr_1_6017.jpg,dr_1_6017.jpg,Muzhumandi Augmented,confidence_0.2,147.6432592342456,155.92331559116695,112.61241644312247,86.51783746385058,82.02039596881404,92.29310931689733,10.16302797562664,12.506866097409073,0.2201979376433116,0.1434149862392909,0.4854074935739786,0.12382056781480072,2.343838121782433,10.272713348083286,8.280056356921364,26.094578979271887
/content/drive/MyDrive/Bharatanatyam_Digital_Twin/dataset/posture_images/extracted/new_Dataset/Muzhumandi Augmented/dr_1_6594.jpg,dr_1_6594.jpg,Muzhumandi Augmented,confidence_0.2,159.84732017001306,174.58891095529356,109.70806603222906,86.4570850157977,92.90761637146548,90.94483106152715,24.770852337183392,18.299896545096523,0.2161877308686166,0.13578681388384975,0.4878119040367885,0.24171309881765715,6.470955792086869,1.962785309938326,14.741590785280493,23.250981016431354
/content/drive/MyDrive/Bharatanatyam_Digital_Twin/dataset/posture_images/extracted/new_Dataset/Muzhumandi Augmented/dr_1_7116.jpg,dr_1_7116.jpg,Muzhumandi Augmented,confidence_0.2,169.78579474185833,156.3255777131045,106.51051997319138,98.04282742266699,98.4892384907967,101.56839365380951,27.06685045967652,29.02261522671143,0.21327331484122264,0.1324992599836016,0.3905796889744013,0.16052765484380055,1.9557647670349105,3.079155163012814,13.460217028753817,8.46769255052439
/content/drive/MyDrive/Bharatanatyam_Digital_Twin/dataset/posture_images/extracted/new_Dataset/Muzhumandi Augmented/dr_1_727.jpg,dr_1_727.jpg,Muzhumandi Augmented,confidence_0.2,165.63928313105447,152.32160870259895,108.49805562171561,93.71346398235278,103.47545670755761,104.68946294533822,27.399737726573296,21.302737380323997,0.20381058228147456,0.12758418800391644,0.40099068786077596,0.08365696656558892,6.097000346249299,1.214006237780609,13.317674428455518,14.78459163936283
/content/drive/MyDrive/Bharatanatyam_Digital_Twin/dataset/posture_images/extracted/new_Dataset/Muzhumandi Augmented/dr_1_7387.jpg,dr_1_7387.jpg,Muzhumandi Augmented,confidence_0.2,135.619302811007,172.20576842763532,100.3339214246133,107.55356280496054,112.23937756710646,92.73183693598486,44.07995904037033,27.318524297834223,0.1817747594329469,0.11228969244120315,0.38220754607725654,0.21061104357938698,16.76143474253611,19.5075406311216,36.58646561662832,7.219641380347241
/content/drive/MyDrive/Bharatanatyam_Digital_Twin/dataset/posture_images/extracted/new_Dataset/Muzhumandi Augmented/dr_1_7833.jpg,dr_1_7833.jpg,Muzhumandi Augmented,confidence_0.2,169.51216963807872,142.59745968161135,110.33009996510145,96.38588119430402,96.4766006283188,109.07996899329251,45.28190007400771,57.12692242876204,0.2138764069325309,0.12101342883678823,0.3970697603205346,0.22861493459078908,11.845022354754335,12.603368364973704,26.914709956467362,13.944218770797434
/content/drive/MyDrive/Bharatanatyam_Digital_Twin/dataset/posture_images/extracted/new_Dataset/Muzhumandi Augmented/dr_1_8020.jpg,dr_1_8020.jpg,Muzhumandi Augmented,confidence_0.2,125.75065354176157,121.38463025785171,5.16339802565881,39.44779758274364,149.9681505267165,156.79325436533983,168.85969578368795,147.67575174719153,0.21417029311953906,0.13207674720784288,0.16889403766323038,0.2696308974162168,21.183944036496428,6.825103838623335,4.366023283909854,34.28439955708483
/content/drive/MyDrive/Bharatanatyam_Digital_Twin/dataset/posture_images/extracted/new_Dataset/Muzhumandi Augmented/dr_1_8145.jpg,dr_1_8145.jpg,Muzhumandi Augmented,confidence_0.2,149.53934804781463,145.25654219986265,105.2269139243295,102.38311235523864,84.96681329140952,77.30082207735003,18.068466636541483,8.538138194335113,0.20554207590605209,0.13063535847237784,0.5008593110532099,0.12993006902703355,9.53032844220637,7.665991214059488,4.282805847951977,2.843801569090857
/content/drive/MyDrive/Bharatanatyam_Digital_Twin/dataset/posture_images/extracted/new_Dataset/Muzhumandi Augmented/dr_1_8767.jpg,dr_1_8767.jpg,Muzhumandi Augmented,confidence_0.2,130.33163036413768,167.71913919809697,101.78082167011064,105.9799421109554,99.77683087749665,102.28943425975989,27.29509232821987,26.856731800847587,0.2255322481995374,0.1489579468045666,0.4175954090792385,0.19632655511179076,0.43836052737228215,2.5126033822632365,37.38750883395929,4.199120440844766
/content/drive/MyDrive/Bharatanatyam_Digital_Twin/dataset/posture_images/extracted/new_Dataset/Muzhumandi Augmented/dr_1_8929.jpg,dr_1_8929.jpg,Muzhumandi Augmented,confidence_0.2,145.2796535329662,143.8931139227405,101.43682614436754,101.01239254889795,87.35122713103216,79.43231328427969,26.580030349148707,13.127601171238494,0.21432696688800174,0.1393853353664904,0.48752248190327574,0.14289270167114376,13.452429177910213,7.918913846752474,1.3865396102256966,0.42443359546959414
/content/drive/MyDrive/Bharatanatyam_Digital_Twin/dataset/posture_images/extracted/new_Dataset/Muzhumandi Augmented/dr_1_8983.jpg,dr_1_8983.jpg,Muzhumandi Augmented,confidence_0.2,95.09226863005563,122.21617498481142,85.74447623274291,89.43323199812198,89.71366538658127,85.70015584869867,68.58448525494454,31.72851323111118,0.22590795174318412,0.1455834193471286,0.5154220222163862,0.3327004532951401,36.85597202383336,4.013509537882598,27.12390635475579,3.688755765379071
/content/drive/MyDrive/Bharatanatyam_Digital_Twin/dataset/posture_images/extracted/new_Dataset/Muzhumandi Augmented/dr_1_9170.jpg,dr_1_9170.jpg,Muzhumandi Augmented,confidence_0.2,125.38129288622025,172.96203446858527,92.59512465926487,108.54798140589544,96.19603330569161,87.17191081882724,33.04268814907305,18.454987427325534,0.23552363825192993,0.14772724139684296,0.4192967793976015,0.14413661137796413,14.587700721747517,9.024122486864371,47.58074158236502,15.952856746630573
/content/drive/MyDrive/Bharatanatyam_Digital_Twin/dataset/posture_images/extracted/new_Dataset/Muzhumandi Augmented/dr_1_9946.jpg,dr_1_9946.jpg,Muzhumandi Augmented,confidence_0.2,163.90822822624637,151.07190100186375,114.84813565094184,96.06775876829188,102.16154844752285,113.28968673089702,47.99655757196549,62.39243115651607,0.2343677775185323,0.13004557125333385,0.4386361658277719,0.21328542922714477,14.395873584550579,11.12813828337417,12.836327224382615,18.78037688264996
/content/drive/MyDrive/Bharatanatyam_Digital_Twin/dataset/posture_images/extracted/new_Dataset/Muzhumandi Augmented/dr_1_9958.jpg,dr_1_9958.jpg,Muzhumandi Augmented,confidence_0.2,168.59756055120826,152.1434891659361,111.38975367180565,94.12749256367934,93.03488271357557,98.01598377836541,19.189589294926243,16.728286703965445,0.20632267852849911,0.12515079209975094,0.386246860615675,0.04788782677776786,2.4613025909607984,4.98110106478984,16.454071385272158,17.26226110812631
/content/drive/MyDrive/Bharatanatyam_Digital_Twin/dataset/posture_images/extracted/new_Dataset/Muzhumandi Augmented/dr_2_1239.jpg,dr_2_1239.jpg,Muzhumandi Augmented,confidence_0.2,150.8644319606339,165.8936783163594,127.55767109302762,78.46578729872496,104.96060823290074,72.38885431547165,145.57039427466884,135.71253138403284,0.33596654306422874,0.27080708645847795,0.37476783208176406,0.5565488991974826,9.857862890636,32.57175391742909,15.02924635572549,49.09188379430266
/content/drive/MyDrive/Bharatanatyam_Digital_Twin/dataset/posture_images/extracted/new_Dataset/Muzhumandi Augmented/dr_2_1395.jpg,dr_2_1395.jpg,Muzhumandi Augmented,confidence_0.2,137.61281044201277,163.66821540169522,92.94494939608708,102.01550986556512,93.18370791016577,86.33383903476833,25.39834417008768,21.329118141578892,0.21283304030686473,0.13999409853803682,0.5209670487911523,0.13189413222208562,4.069226028508787,6.8498688753974335,26.05540495968245,9.070560469478039
/content/drive/MyDrive/Bharatanatyam_Digital_Twin/dataset/posture_images/extracted/new_Dataset/Muzhumandi Augmented/dr_2_1660.jpg,dr_2_1660.jpg,Muzhumandi Augmented,confidence_0.2,152.32033205363314,108.81847981415888,99.60197016226815,88.51193740127236,137.71637036465563,140.85038741195964,77.5990328010267,69.63185280213547,0.36192778816017274,0.3042292910989729,0.3666087853666208,0.5464793679530074,7.9671799988912255,3.134017047304013,43.50185223947426,11.090032760995783
/content/drive/MyDrive/Bharatanatyam_Digital_Twin/dataset/posture_images/extracted/new_Dataset/Muzhumandi Augmented/dr_2_1691.jpg,dr_2_1691.jpg,Muzhumandi Augmented,confidence_0.2,159.0295883895323,61.06508887326398,150.6512491794636,104.15279894825635,77.05290596335843,117.24221211851918,130.48404959002343,119.07855211404782,0.1638098559100073,0.13218201795241516,0.23460435133523386,0.36136955305841134,11.405497475975608,40.18930615516075,97.96449951626832,46.49845023120726
/content/drive/MyDrive/Bharatanatyam_Digital_Twin/dataset/posture_images/extracted/new_Dataset/Muzhumandi Augmented/dr_2_1782.jpg,dr_2_1782.jpg,Muzhumandi Augmented,confidence_0.2,155.35551824739392,158.5552447917839,94.29926172338367,96.9559515790619,97.57159824558201,90.90860751276016,49.33086151239833,30.118172786426115,0.2540690979482405,0.17295982275415206,0.5666452191201221,0.21681761890427537,19.212688725972214,6.662990732821854,3.199726544389989,2.6566898556782377
/content/drive/MyDrive/Bharatanatyam_Digital_Twin/dataset/posture_images/extracted/new_Dataset/Muzhumandi Augmented/dr_2_1857.jpg,dr_2_1857.jpg,Muzhumandi Augmented,confidence_0.2,139.1738174871127,153.63182774040058,94.71270823826826,97.01116475317477,111.66662455275075,99.37715156668659,47.09706934345584,36.081778879625965,0.187369861275142,0.10206068399196233,0.38630154683437495,0.08853284194326608,11.015290463829878,12.289472986064155,14.458010253287881,2.298456514906505
/content/drive/MyDrive/Bharatanatyam_Digital_Twin/dataset/posture_images/extracted/new_Dataset/Muzhumandi Augmented/dr_2_1860.jpg,dr_2_1860.jpg,Muzhumandi Augmented,confidence_0.2,110.3047798348207,141.83057920162082,121.65701119465685,128.42394431780218,9.693006970308305,5.399108202682523,104.17001419140867,107.30938046628245,0.3220581493408584,0.2377068108155727,0.30321362846767913,0.27606449286839185,3.1393662748737796,4.293898767625782,31.525799366800115,6.766933123145336
/content/drive/MyDrive/Bharatanatyam_Digital_Twin/dataset/posture_images/extracted/new_Dataset/Muzhumandi Augmented/dr_2_2018.jpg,dr_2_2018.jpg,Muzhumandi Augmented,confidence_0.2,127.95881106774696,166.88878299566744,84.40106666419749,112.82994096983016,72.61292081872088,68.87935087296195,23.25188341741267,17.934781365740076,0.21528609364156842,0.16188710638304604,0.5491952582745439,0.22252826450770105,5.317102051672595,3.73356994575893,38.92997192792048,28.428874305632675
/content/drive/MyDrive/Bharatanatyam_Digital_Twin/dataset/posture_images/extracted/new_Dataset/Muzhumandi Augmented/dr_2_2079.jpg,dr_2_2079.jpg,Muzhumandi Augmented,confidence_0.2,73.06078137301988,57.31116217448833,27.24503916302659,41.6902832856465,148.72978485472848,159.95046189987514,144.11206430878946,152.7753728626288,0.36121979960916417,0.25469427872725137,0.41283618053411664,0.3807472238461259,8.663308553839357,11.220677045146658,15.749619198531548,14.445244122619911
/content/drive/MyDrive/Bharatanatyam_Digital_Twin/dataset/posture_images/extracted/new_Dataset/Muzhumandi Augmented/dr_2_2174.jpg,dr_2_2174.jpg,Muzhumandi Augmented,confidence_0.2,96.58312523448676,143.72778456533575,49.488725839068536,58.85197192484725,136.02284262970872,145.6203501269978,130.44186017745568,121.81935579573778,0.44406654007203517,0.25719489795188627,0.2578446746695172,0.6235704251963067,8.622504381717903,9.597507497289087,47.144659330848995,9.363246085778712
/content/drive/MyDrive/Bharatanatyam_Digital_Twin/dataset/posture_images/extracted/new_Dataset/Muzhumandi Augmented/dr_2_2374.jpg,dr_2_2374.jpg,Muzhumandi Augmented,confidence_0.2,160.39867272488414,93.27799906983765,30.070043212550278,23.673543253259787,72.58795424125057,66.45292942736717,84.10192613293252,65.07941949606185,0.24219285745183045,0.2020280894160208,0.3973612628935215,0.28548671397896985,19.022506636870673,6.135024813883405,67.12067365504649,6.396499959290491
/content/drive/MyDrive/Bharatanatyam_Digital_Twin/dataset/posture_images/extracted/new_Dataset/Muzhumandi Augmented/dr_2_2644.jpg,dr_2_2644.jpg,Muzhumandi Augmented,confidence_0.2,155.81967605657027,142.8552630643809,107.8791729626218,105.8378165366823,66.76225810444372,63.6872715583252,27.37871394550288,14.145553274978104,0.2360141250563017,0.15250894638921836,0.27194265880057505,0.34467258281436686,13.233160670524777,3.0749865461185166,12.96441299218938,2.0413564259394974
/content/drive/MyDrive/Bharatanatyam_Digital_Twin/dataset/posture_images/extracted/new_Dataset/Muzhumandi Augmented/dr_2_296.jpg,dr_2_296.jpg,Muzhumandi Augmented,confidence_0.2,125.78598771539134,150.97190756889358,86.3782208768305,104.47680081760979,163.1107071988366,144.93949618600377,122.87467671752479,96.947834196805,0.16375774196003764,0.07160544045513513,0.14656567414382618,0.05684592309537485,25.926842520719788,18.171211012832828,25.18591985350224,18.098579940779288
/content/drive/MyDrive/Bharatanatyam_Digital_Twin/dataset/posture_images/extracted/new_Dataset/Muzhumandi Augmented/dr_2_31.jpg,dr_2_31.jpg,Muzhumandi Augmented,confidence_0.2,124.2962698905555,121.42713369354823,33.239152057054234,20.613516133356548,163.7322909730998,156.92971768470892,129.94976965119457,86.2501294951756,0.7034793866265707,0.4864840297760666,1.2492420253081886,1.44925818958383,43.69964015601897,6.8025732883908745,2.869136197007265,12.625635923697686
/content/drive/MyDrive/Bharatanatyam_Digital_Twin/dataset/posture_images/extracted/new_Dataset/Muzhumandi Augmented/dr_2_3240.jpg,dr_2_3240.jpg,Muzhumandi Augmented,confidence_0.2,160.70678445309719,143.21700240195457,97.61523859198604,128.94180987346925,108.14578045811545,100.14555213753431,165.80376586019844,149.82662610008887,0.2524482537914822,0.11481849463941228,0.20336103203384312,0.2805697928198779,15.977139760109566,8.000228320581144,17.489782051142612,31.32657128148321
/content/drive/MyDrive/Bharatanatyam_Digital_Twin/dataset/posture_images/extracted/new_Dataset/Muzhumandi Augmented/dr_2_3257.jpg,dr_2_3257.jpg,Muzhumandi Augmented,confidence_0.2,118.16044517930139,162.66422896777016,93.23986434476224,102.07451641506317,106.43219064743035,91.13266716565217,40.22379191006233,22.580402085023795,0.2777695727254415,0.2012848940655149,0.526073788845542,0.2436074546365497,17.643389825038536,15.29952348177818,44.503783788468766,8.834652070300933
/content/drive/MyDrive/Bharatanatyam_Digital_Twin/dataset/posture_images/extracted/new_Dataset/Muzhumandi Augmented/dr_2_3350.jpg,dr_2_3350.jpg,Muzhumandi Augmented,confidence_0.2,121.12999930165982,157.48914139225667,88.35005173067528,101.45117214592656,129.16997610679275,97.74563433458917,100.47061262735494,49.567549433162625,0.23780128217391427,0.18619356525106498,0.40088546385837664,0.2884762343150391,50.90306319419231,31.424341772203576,36.35914209059685,13.101120415251287
/content/drive/MyDrive/Bharatanatyam_Digital_Twin/dataset/posture_images/extracted/new_Dataset/Muzhumandi Augmented/dr_2_3645.jpg,dr_2_3645.jpg,Muzhumandi Augmented,confidence_0.2,143.3755105897646,160.46422664407996,88.03457752900947,113.83338295860813,83.75775230220196,70.17915495133742,20.019698812783275,20.037254586041293,0.1841716562319579,0.10499534591022319,0.45228097447341387,0.1330822986460846,0.017555773258017382,13.578597350864541,17.08871605431537,25.79880542959866
/content/drive/MyDrive/Bharatanatyam_Digital_Twin/dataset/posture_images/extracted/new_Dataset/Muzhumandi Augmented/dr_2_3802.jpg,dr_2_3802.jpg,Muzhumandi Augmented,confidence_0.2,146.3295984567543,156.16918504558853,100.3307709738124,109.76876227045015,72.5724572446917,70.59333565377537,34.346225530645896,28.69527401572726,0.20151369421575216,0.1052226536845619,0.5112807806929545,0.09445837090589164,5.650951514918635,1.9791215909163355,9.839586588834237,9.437991296637747
/content/drive/MyDrive/Bharatanatyam_Digital_Twin/dataset/posture_images/extracted/new_Dataset/Muzhumandi Augmented/dr_2_392.jpg,dr_2_392.jpg,Muzhumandi Augmented,confidence_0.2,167.73825659814872,129.2053603751394,24.109245278292512,46.00681276854431,152.00899022639464,126.69481939715808,178.14514310144128,151.74832366453552,0.10946055441688245,0.07143843609379541,0.296842774482934,0.25899941789514813,26.39681943690576,25.31417082923656,38.53289622300932,21.897567490251795
/content/drive/MyDrive/Bharatanatyam_Digital_Twin/dataset/posture_images/extracted/new_Dataset/Muzhumandi Augmented/dr_2_4015.jpg,dr_2_4015.jpg,Muzhumandi Augmented,confidence_0.2,133.90856468510708,164.09214165731623,91.15558182551862,114.10070194914968,88.668341721819,71.80044062531658,25.938017014166732,19.362451545576654,0.21079070887715756,0.12443060990033611,0.4803904254741808,0.14716863322106447,6.575565468590078,16.867901096502422,30.183576972209153,22.945120123631057
/content/drive/MyDrive/Bharatanatyam_Digital_Twin/dataset/posture_images/extracted/new_Dataset/Muzhumandi Augmented/dr_2_4901.jpg,dr_2_4901.jpg,Muzhumandi Augmented,confidence_0.2,27.68192048451178,161.4028221807959,53.9507399717959,119.47137274008773,172.7874439910612,167.51136641178257,170.79235237093584,165.49216527850336,0.09132210247203393,0.07645502197895183,0.07050939638692241,0.21471213204047745,5.3001870924324805,5.2760775792786205,133.72090169628413,65.52063276829183
/content/drive/MyDrive/Bharatanatyam_Digital_Twin/dataset/posture_images/extracted/new_Dataset/Muzhumandi Augmented/dr_2_5162.jpg,dr_2_5162.jpg,Muzhumandi Augmented,confidence_0.2,161.1800962551284,137.8246741958144,95.29903814760455,99.0348827610805,81.32124049801459,93.41654263687671,31.240284875254424,25.340077556185154,0.2661251058969008,0.15233027336633906,0.1996371195527644,0.16099461237000212,5.9002073190692705,12.095302138862124,23.35542205931401,3.7358446134759475
/content/drive/MyDrive/Bharatanatyam_Digital_Twin/dataset/posture_images/extracted/new_Dataset/Muzhumandi Augmented/dr_2_5424.jpg,dr_2_5424.jpg,Muzhumandi Augmented,confidence_0.2,140.23417790643612,165.80514308559185,100.26458536339226,104.92469075562117,118.89394511067303,91.60279534295123,57.982978987856114,30.78148993266056,0.18150503079419464,0.10163027490517428,0.3528830846914344,0.2430473292457351,27.201489055195555,27.291149767721805,25.570965179155735,4.660105392228914
/content/drive/MyDrive/Bharatanatyam_Digital_Twin/dataset/posture_images/extracted/new_Dataset/Muzhumandi Augmented/dr_2_5446.jpg,dr_2_5446.jpg,Muzhumandi Augmented,confidence_0.2,115.35282945720034,133.50584680479676,98.42510690559179,96.48670150669365,107.07375323923127,104.8737508302864,43.4788132035284,29.070714182731567,0.21927206270365154,0.14063675925850125,0.5210651008681758,0.12326265215451637,14.40809902079683,2.2000024089448686,18.153017347596418,1.9384053988981407
/content/drive/MyDrive/Bharatanatyam_Digital_Twin/dataset/posture_images/extracted/new_Dataset/Muzhumandi Augmented/dr_2_5487.jpg,dr_2_5487.jpg,Muzhumandi Augmented,confidence_0.2,134.67771412271458,165.93844596608724,93.44702416399707,100.73364761151068,75.41143245887332,82.12080288449928,23.267744784207956,21.353390350819858,0.23013742421342934,0.14993985607229904,0.5931005882754924,0.23651022678336203,1.9143544333880982,6.709370425625963,31.260731843372668,7.286623447513605
/content/drive/MyDrive/Bharatanatyam_Digital_Twin/dataset/posture_images/extracted/new_Dataset/Muzhumandi Augmented/dr_2_5727.jpg,dr_2_5727.jpg,Muzhumandi Augmented,confidence_0.2,85.27989291373204,89.85743751427992,58.44681149763888,87.72929602336927,139.5150121004213,158.67793023327349,145.67835699190744,144.41805304247097,0.5624427366971643,0.29972428986364175,0.2685122946040623,0.383799775820812,1.2603039494364623,19.162918132852184,4.577544600547881,29.28248452573039
/content/drive/MyDrive/Bharatanatyam_Digital_Twin/dataset/posture_images/extracted/new_Dataset/Muzhumandi Augmented/dr_2_6016.jpg,dr_2_6016.jpg,Muzhumandi Augmented,confidence_0.2,122.48577221093942,161.88134521071322,85.44577996591164,112.29959807446238,65.91433211526555,65.10402760182828,27.906723562937596,24.232694912428197,0.2344306876891035,0.14004618659406426,0.5829661314271175,0.11785751599553963,3.674028650509399,0.8103045134372735,39.395572999773805,26.85381810855074
/content/drive/MyDrive/Bharatanatyam_Digital_Twin/dataset/posture_images/extracted/new_Dataset/Muzhumandi Augmented/dr_2_6100.jpg,dr_2_6100.jpg,Muzhumandi Augmented,confidence_0.2,152.74840572376,131.25726296003145,94.48179653385569,86.85886764417533,148.4464684319072,168.699002040582,106.66171192217841,129.23966686507254,0.2503478855474647,0.19490287812706122,0.2948920196975944,0.3813109093500554,22.577954942894124,20.25253360867481,21.491142763728533,7.622928889680352
/content/drive/MyDrive/Bharatanatyam_Digital_Twin/dataset/posture_images/extracted/new_Dataset/Muzhumandi Augmented/dr_2_6374.jpg,dr_2_6374.jpg,Muzhumandi Augmented,confidence_0.2,127.53475423396827,157.36886982323975,90.89779326588886,102.80939898904393,92.56285670090944,83.92311602650695,30.839656266360848,22.80294078987631,0.18132967241267237,0.11449383021444523,0.4672883623361449,0.16825381150434568,8.036715476484538,8.63974067440249,29.834115589271477,11.911605723155063
/content/drive/MyDrive/Bharatanatyam_Digital_Twin/dataset/posture_images/extracted/new_Dataset/Muzhumandi Augmented/dr_2_6528.jpg,dr_2_6528.jpg,Muzhumandi Augmented,confidence_0.2,157.53972577931825,160.09017081696555,94.8806276847849,115.17597199983831,72.36547546523231,63.12082221911073,20.83820261262597,23.13214130036167,0.20074898168060717,0.12199274389127819,0.5059609794433877,0.10367521175780939,2.2939386877357,9.24465324612158,2.5504450376473073,20.295344315053413
/content/drive/MyDrive/Bharatanatyam_Digital_Twin/dataset/posture_images/extracted/new_Dataset/Muzhumandi Augmented/dr_2_673.jpg,dr_2_673.jpg,Muzhumandi Augmented,confidence_0.2,151.73879274922427,147.89296792204485,102.65386000593442,108.11804738619864,73.76451214405529,74.93820699282772,38.75786302552223,29.030915790761036,0.20729612948511633,0.1100548711348417,0.5041594626361336,0.06370990077232547,9.726947234761191,1.1736948487724277,3.8458248271794275,5.464187380264221
/content/drive/MyDrive/Bharatanatyam_Digital_Twin/dataset/posture_images/extracted/new_Dataset/Muzhumandi Augmented/dr_2_7184.jpg,dr_2_7184.jpg,Muzhumandi Augmented,confidence_0.2,117.45134350286266,168.83497982954592,91.28436145266686,94.09973905638857,107.17614342353876,101.72636874616806,49.25036328822717,31.063376855484037,0.16743107412271266,0.0822725609431211,0.3300779400002128,0.10425416869694125,18.186986432743133,5.449774677370698,51.38363632668326,2.815377603721714
/content/drive/MyDrive/Bharatanatyam_Digital_Twin/dataset/posture_images/extracted/new_Dataset/Muzhumandi Augmented/dr_2_7384.jpg,dr_2_7384.jpg,Muzhumandi Augmented,confidence_0.2,131.1982313026742,157.57498160840888,91.65998221891948,103.10194048243811,89.60171398112675,85.40198646946854,33.979487395563936,26.57097455565167,0.16216902313754242,0.08835584025942245,0.4076327087232785,0.19048771698288217,7.408512839912266,4.19972751165821,26.376750305734674,11.441958263518629
/content/drive/MyDrive/Bharatanatyam_Digital_Twin/dataset/posture_images/extracted/new_Dataset/Muzhumandi Augmented/dr_2_7423.jpg,dr_2_7423.jpg,Muzhumandi Augmented,confidence_0.2,148.67835262429514,143.0240365055811,99.19234694580436,91.70175252153038,104.16360849241286,120.38960855461306,36.574449134724404,32.82306650317069,0.309281991651124,0.20143620127156506,0.300638261418954,0.23963204654595502,3.75138263155371,16.2260000622002,5.654316118714036,7.490594424273979
/content/drive/MyDrive/Bharatanatyam_Digital_Twin/dataset/posture_images/extracted/new_Dataset/Muzhumandi Augmented/dr_2_7544.jpg,dr_2_7544.jpg,Muzhumandi Augmented,confidence_0.2,122.1519743529044,171.19851648992557,91.1189874961098,99.92084139527658,101.65106937780935,90.57576530652918,25.86900883473433,21.42776988893509,0.2118888434206232,0.13896338224887642,0.39151107022157533,0.12033808691160068,4.441238945799242,11.075304071280172,49.04654213702116,8.801853899166787
/content/drive/MyDrive/Bharatanatyam_Digital_Twin/dataset/posture_images/extracted/new_Dataset/Muzhumandi Augmented/dr_2_7628.jpg,dr_2_7628.jpg,Muzhumandi Augmented,confidence_0.2,120.93364549969709,137.17141934526973,78.08048230151785,83.59995199405842,160.90486754900067,147.23743252016888,129.39754242728523,94.79101366538399,0.6126586027595863,0.348097845611624,0.35407941366587653,0.45656988765196266,34.606528761901245,13.66743502883179,16.237773845572633,5.519469692540568
/content/drive/MyDrive/Bharatanatyam_Digital_Twin/dataset/posture_images/extracted/new_Dataset/Muzhumandi Augmented/dr_2_765.jpg,dr_2_765.jpg,Muzhumandi Augmented,confidence_0.2,147.56547689629292,152.84838549360956,100.80414903271654,104.38928413605278,67.15659978882483,78.40375827833816,37.89161505539486,32.01008028080165,0.22610741600102593,0.10492820394874404,0.3133416996728086,0.2391146609218064,5.881534774593206,11.247158489513325,5.282908597316634,3.585135103336242
/content/drive/MyDrive/Bharatanatyam_Digital_Twin/dataset/posture_images/extracted/new_Dataset/Muzhumandi Augmented/dr_2_7935.jpg,dr_2_7935.jpg,Muzhumandi Augmented,confidence_0.2,142.2080884759706,148.58735511536722,105.04852612187801,97.56134024613729,71.88932587346646,73.53508180621489,36.155288474193135,35.78773336682903,0.2286354134481858,0.1603347049023088,0.5311915564542244,0.2691434099576805,0.36755510736410457,1.645755932748429,6.379266639396604,7.487185875740721
/content/drive/MyDrive/Bharatanatyam_Digital_Twin/dataset/posture_images/extracted/new_Dataset/Muzhumandi Augmented/dr_2_8027.jpg,dr_2_8027.jpg,Muzhumandi Augmented,confidence_0.2,121.08661155886517,115.1279529923554,145.5369577504878,136.965280020748,142.67408683062033,133.39648100445996,137.03408469896166,138.81117068685268,0.08124070317802766,0.037655872417897966,0.2057501028279147,0.12353295107175051,1.777085987891013,9.277605826160368,5.958658566509769,8.571677729739804
/content/drive/MyDrive/Bharatanatyam_Digital_Twin/dataset/posture_images/extracted/new_Dataset/Muzhumandi Augmented/dr_2_8161.jpg,dr_2_8161.jpg,Muzhumandi Augmented,confidence_0.2,133.77649902642864,165.37169639681358,91.97952606387294,101.05520079089818,96.28080200893677,89.15522139055429,32.05793783498202,23.66869816621704,0.17155637591706654,0.09708247567668844,0.37380298755275954,0.09834735538521427,8.38923966876498,7.125580618382486,31.595197370384938,9.075674727025245
/content/drive/MyDrive/Bharatanatyam_Digital_Twin/dataset/posture_images/extracted/new_Dataset/Muzhumandi Augmented/dr_2_8331.jpg,dr_2_8331.jpg,Muzhumandi Augmented,confidence_0.2,127.56336786259068,128.95584185304838,95.95699415799447,89.00104972834669,117.57780548437427,110.96049366018879,45.13564475511483,21.998442786080826,0.17800045554692698,0.09541097194033622,0.23314945923456695,0.1765087660369519,23.137201969034006,6.617311824185478,1.3924739904577024,6.955944429647786
/content/drive/MyDrive/Bharatanatyam_Digital_Twin/dataset/posture_images/extracted/new_Dataset/Muzhumandi Augmented/dr_2_8607.jpg,dr_2_8607.jpg,Muzhumandi Augmented,confidence_0.2,138.8679631427959,145.82935636257054,95.95263827773432,100.0671498532536,134.27270213714303,126.954560431454,133.550303757939,124.5889394011015,0.14388904737453415,0.07336780086128626,0.07048153336299012,0.0907073405299084,8.961364356837493,7.31814170568903,6.961393219774635,4.114511575519273
/content/drive/MyDrive/Bharatanatyam_Digital_Twin/dataset/posture_images/extracted/new_Dataset/Muzhumandi Augmented/dr_2_8696.jpg,dr_2_8696.jpg,Muzhumandi Augmented,confidence_0.2,131.8435913318918,166.8627874481119,91.22096179448936,94.41946294663667,99.07475319193654,95.10985438827696,37.299452758490034,23.283512644575268,0.1871784314084119,0.1321154026713495,0.42857496163629366,0.10786934236276853,14.015940113914766,3.9648988036595796,35.019196116220115,3.1985011521473155
/content/drive/MyDrive/Bharatanatyam_Digital_Twin/dataset/posture_images/extracted/new_Dataset/Muzhumandi Augmented/dr_2_9077.jpg,dr_2_9077.jpg,Muzhumandi Augmented,confidence_0.2,126.92714077579136,90.13829741045932,43.26473097094381,123.44995839727397,168.9954209116156,154.88452299303466,157.888621451616,138.34806433041004,0.6064672325288462,0.43106135575309384,0.7368183946272474,1.40699241048103,19.54055712120595,14.110897918580946,36.78884336533204,80.18522742633016
/content/drive/MyDrive/Bharatanatyam_Digital_Twin/dataset/posture_images/extracted/new_Dataset/Muzhumandi Augmented/dr_2_9270.jpg,dr_2_9270.jpg,Muzhumandi Augmented,confidence_0.2,141.2266891013261,97.15816073155054,97.020580289969,92.23362295762414,105.7902331616395,121.6335686233156,55.463578304372994,63.571296551323606,0.2423453671182327,0.1464118015178372,0.4069959297645746,0.2653870841420235,8.107718246950611,15.84333546167609,44.06852836977555,4.786957332344869
/content/drive/MyDrive/Bharatanatyam_Digital_Twin/dataset/posture_images/extracted/new_Dataset/Muzhumandi Augmented/dr_2_9589.jpg,dr_2_9589.jpg,Muzhumandi Augmented,confidence_0.2,145.90372730493357,138.092848899765,98.20259397286634,91.94024083092168,97.13927260780902,105.00351099751589,34.39312383994367,23.892222625102907,0.17237335828761366,0.08528888340194674,0.35440598026954595,0.06744223690572923,10.500901214840763,7.86423838970687,7.81087840516858,6.262353141944658
/content/drive/MyDrive/Bharatanatyam_Digital_Twin/dataset/posture_images/extracted/new_Dataset/Muzhumandi Augmented/dr_2_9874.jpg,dr_2_9874.jpg,Muzhumandi Augmented,confidence_0.2,142.79114338462918,134.74154104822574,68.39571350377223,75.65178471451759,169.40499952081075,177.2627709317147,140.481175650457,119.00806872149633,0.2735038081132982,0.20976251659717726,0.22795630316537058,0.40186877726977266,21.473106928960675,7.8577714109039505,8.049602336403439,7.256071210745361
/content/drive/MyDrive/Bharatanatyam_Digital_Twin/dataset/posture_images/extracted/new_Dataset/Muzhumandi Augmented/dr_3_1087.jpg,dr_3_1087.jpg,Muzhumandi Augmented,confidence_0.2,132.32186526276422,166.39490184673286,99.03832686238644,93.34138578658344,76.35572760094209,85.4432580442658,57.41059641974957,33.78736338901826,0.24100575755048423,0.15612906389369763,0.5877955376572462,0.1173706615282477,23.623233030731306,9.087530443323715,34.073036583968644,5.696941075802997
/content/drive/MyDrive/Bharatanatyam_Digital_Twin/dataset/posture_images/extracted/new_Dataset/Muzhumandi Augmented/dr_3_1112.jpg,dr_3_1112.jpg,Muzhumandi Augmented,confidence_0.2,126.53796649586063,146.93835345284933,92.45903081873206,91.864667978718,98.42796969193951,93.10423240881977,38.324397077767436,23.459915954106336,0.19242342154484307,0.11998160293252055,0.45163682453738263,0.09981949405907412,14.8644811236611,5.3237372831197405,20.400386956988697,0.5943628400140568
/content/drive/MyDrive/Bharatanatyam_Digital_Twin/dataset/posture_images/extracted/new_Dataset/Muzhumandi Augmented/dr_3_1152.jpg,dr_3_1152.jpg,Muzhumandi Augmented,confidence_0.2,132.39956658899277,142.84410218031917,91.40301656886929,90.53145626468243,87.44482016360033,80.82051273291123,53.40419234344685,26.9163555772698,0.20872051942230227,0.12341356599590106,0.5288688783891112,0.12652771990768297,26.48783676617705,6.6243074306891,10.4445355913264,0.8715603041868576
/content/drive/MyDrive/Bharatanatyam_Digital_Twin/dataset/posture_images/extracted/new_Dataset/Muzhumandi Augmented/dr_3_1826.jpg,dr_3_1826.jpg,Muzhumandi Augmented,confidence_0.2,53.41030197633869,144.78366042409476,26.196827719346466,77.21856830364193,140.99253519900367,96.16957925125142,151.7334962561209,104.04894243727351,0.13418224788029903,0.08184667374583315,0.11982893559320894,0.10980019017384955,47.68455381884739,44.82295594775225,91.37335844775608,51.021740584295465
/content/drive/MyDrive/Bharatanatyam_Digital_Twin/dataset/posture_images/extracted/new_Dataset/Muzhumandi Augmented/dr_3_186.jpg,dr_3_186.jpg,Muzhumandi Augmented,confidence_0.2,144.56430810455205,170.36944701371354,96.66868297291201,118.05851904997057,68.3820305000955,62.02299815139576,30.73341703372488,27.315998818730563,0.24420950592497828,0.14445133991607625,0.6224684870314992,0.13484491362842435,3.417418214994317,6.359032348699735,25.805138909161485,21.38983607705856
/content/drive/MyDrive/Bharatanatyam_Digital_Twin/dataset/posture_images/extracted/new_Dataset/Muzhumandi Augmented/dr_3_2037.jpg,dr_3_2037.jpg,Muzhumandi Augmented,confidence_0.2,129.03633046616048,160.91452091682976,90.64818611297878,101.32509796459766,86.43534703735514,81.46838442532017,34.63495115477152,27.679614074847077,0.19747266115015066,0.13138442629994965,0.48290663171206416,0.11573004142866292,6.955337079924444,4.966962612034976,31.87819045066928,10.676911851618883
/content/drive/MyDrive/Bharatanatyam_Digital_Twin/dataset/posture_images/extracted/new_Dataset/Muzhumandi Augmented/dr_3_261.jpg,dr_3_261.jpg,Muzhumandi Augmented,confidence_0.2,132.0393503891641,159.40082000200223,90.90525233087055,95.27410784857987,95.0309644930659,92.4830910766434,52.04369439881883,38.441881697570835,0.2282978428897701,0.1399833020069512,0.5434007821431001,0.14988787546634222,13.601812701247994,2.5478734164224903,27.361469612838135,4.368855517709321
/content/drive/MyDrive/Bharatanatyam_Digital_Twin/dataset/posture_images/extracted/new_Dataset/Muzhumandi Augmented/dr_3_2654.jpg,dr_3_2654.jpg,Muzhumandi Augmented,confidence_0.2,155.10209587771033,141.4255748850513,89.43490724684804,89.71920433572636,112.63729630310648,100.17824337777981,58.90308946783392,35.00796069101186,0.20448286738733024,0.11897970843596871,0.42728195287840975,0.14928601022899993,23.895128776822062,12.459052925326674,13.676520992659022,0.2842970888783185
/content/drive/MyDrive/Bharatanatyam_Digital_Twin/dataset/posture_images/extracted/new_Dataset/Muzhumandi Augmented/dr_3_2877.jpg,dr_3_2877.jpg,Muzhumandi Augmented,confidence_0.2,112.92065335414014,135.3423418281891,84.815509251002,91.15603632417891,96.10762163994687,85.66235895579636,47.06234555175625,30.386394403227676,0.2723069376833458,0.18499460854593427,0.597521187838655,0.24311156843800716,16.675951148528576,10.445262684150507,22.42168847404895,6.340527073176915
/content/drive/MyDrive/Bharatanatyam_Digital_Twin/dataset/posture_images/extracted/new_Dataset/Muzhumandi Augmented/dr_3_2888.jpg,dr_3_2888.jpg,Muzhumandi Augmented,confidence_0.2,139.15412416499865,170.6681151159469,78.99695619782656,103.92680377825116,136.66348970684191,107.18000772373995,108.79028656636456,56.37114676396259,0.23291929420698101,0.15710072681849455,0.4567537380934751,0.3594765747517736,52.419139802401965,29.483481983101967,31.513990950948255,24.929847580424592
/content/drive/MyDrive/Bharatanatyam_Digital_Twin/dataset/posture_images/extracted/new_Dataset/Muzhumandi Augmented/dr_3_3272.jpg,dr_3_3272.jpg,Muzhumandi Augmented,confidence_0.2,150.7184299938464,151.27214852027095,89.23339349029511,87.69135123626718,142.0798749754581,170.60923411521946,124.49631241123326,114.51181785379652,0.22296969278306755,0.142683826545774,0.1896222607735013,0.11550544265243455,9.984494557436747,28.529359139761368,0.5537185264245466,1.5420422540279333
/content/drive/MyDrive/Bharatanatyam_Digital_Twin/dataset/posture_images/extracted/new_Dataset/Muzhumandi Augmented/dr_3_3311.jpg,dr_3_3311.jpg,Muzhumandi Augmented,confidence_0.2,136.54371986676347,152.93930299618665,92.85460091569387,96.88546495995175,78.98464907437449,75.55741865543631,46.3958550442014,24.364942924643312,0.2285143648263991,0.1423238746022831,0.5965715857258409,0.11479830966185109,22.030912119558085,3.42723041893818,16.395583129423187,4.030864044257882
/content/drive/MyDrive/Bharatanatyam_Digital_Twin/dataset/posture_images/extracted/new_Dataset/Muzhumandi Augmented/dr_3_3318.jpg,dr_3_3318.jpg,Muzhumandi Augmented,confidence_0.2,170.91078378050744,172.46352429895492,81.33841329179877,83.9168875817035,87.20721222753933,94.25263544800616,50.47165032743705,35.35610726573246,0.26113232380922297,0.15339104900536338,0.5957130619956258,0.3651134991368214,15.115543061704585,7.04542322046683,1.5527405184474787,2.578474289904733
/content/drive/MyDrive/Bharatanatyam_Digital_Twin/dataset/posture_images/extracted/new_Dataset/Muzhumandi Augmented/dr_3_3371.jpg,dr_3_3371.jpg,Muzhumandi Augmented,confidence_0.2,132.38410327557185,144.79114221145917,92.54929031987729,90.12795040689976,103.4393178359154,97.84364655240287,38.52429273466509,29.26853490679022,0.18150777259682088,0.10335203308691152,0.4168574530609511,0.10904998901640345,9.25575782787487,5.59567128351253,12.407038935887329,2.4213399129775297
/content/drive/MyDrive/Bharatanatyam_Digital_Twin/dataset/posture_images/extracted/new_Dataset/Muzhumandi Augmented/dr_3_3665.jpg,dr_3_3665.jpg,Muzhumandi Augmented,confidence_0.2,111.56233576279618,149.80356265331525,92.30556506932105,95.86443921633986,98.09360968825231,111.86501039323429,52.19553707757841,57.515652015692446,0.28254882516487834,0.20106785802250504,0.3522189716049061,0.10947139861322361,5.320114938114038,13.771400704981971,38.24122689051907,3.5588741470188126
/content/drive/MyDrive/Bharatanatyam_Digital_Twin/dataset/posture_images/extracted/new_Dataset/Muzhumandi Augmented/dr_3_4062.jpg,dr_3_4062.jpg,Muzhumandi Augmented,confidence_0.2,144.90538778920296,167.3082876612462,96.46150502757538,112.19255137574261,67.7822798754309,65.20225233405336,34.44978949427085,27.34638676284914,0.24407235511271264,0.15255403995700972,0.6538697035237597,0.14847828091785079,7.103402731421713,2.5800275413775466,22.402899872043236,15.731046348167226
/content/drive/MyDrive/Bharatanatyam_Digital_Twin/dataset/posture_images/extracted/new_Dataset/Muzhumandi Augmented/dr_3_4203.jpg,dr_3_4203.jpg,Muzhumandi Augmented,confidence_0.2,114.07565769515195,164.26715694570433,87.36486458348,95.20740954437423,118.51908850129162,127.01018944031499,107.77986507575622,68.34438403842408,0.2815835081995371,0.19918516286866245,0.40856094830085465,0.25042321026232767,39.43548103733214,8.491100939023369,50.19149925055238,7.84254496089423
/content/drive/MyDrive/Bharatanatyam_Digital_Twin/dataset/posture_images/extracted/new_Dataset/Muzhumandi Augmented/dr_3_4236.jpg,dr_3_4236.jpg,Muzhumandi Augmented,confidence_0.2,126.3002311812098,169.41980199034126,89.59192836284754,97.5843702627147,118.58775939398824,111.09110451627802,80.95900002098546,53.68979762002458,0.24739844128155458,0.1633718572261101,0.3529796393197748,0.17174203860056622,27.26920240096088,7.496654877710213,43.11957080913146,7.99244189986716
/content/drive/MyDrive/Bharatanatyam_Digital_Twin/dataset/posture_images/extracted/new_Dataset/Muzhumandi Augmented/dr_3_4678.jpg,dr_3_4678.jpg,Muzhumandi Augmented,confidence_0.2,137.15037598739303,163.98727623998252,97.99387506863557,102.21452306739742,68.6391284095218,77.3661261561865,31.436205484509,27.8369816620357,0.21025233075442581,0.1276959242357985,0.5305548381798334,0.09887802455303156,3.5992238224732986,8.726997746664694,26.836900252589487,4.220647998761848
/content/drive/MyDrive/Bharatanatyam_Digital_Twin/dataset/posture_images/extracted/new_Dataset/Muzhumandi Augmented/dr_3_511.jpg,dr_3_511.jpg,Muzhumandi Augmented,confidence_0.2,137.87965618946197,152.17875277769437,97.03115922542607,88.89206477426214,87.87202961244661,97.12775124033956,38.93538469649336,29.071257236094507,0.19152610827369326,0.12158764308313533,0.488513643967892,0.13774002645277755,9.864127460398851,9.255721627892953,14.299096588232402,8.139094451163928
/content/drive/MyDrive/Bharatanatyam_Digital_Twin/dataset/posture_images/extracted/new_Dataset/Muzhumandi Augmented/dr_3_5160.jpg,dr_3_5160.jpg,Muzhumandi Augmented,confidence_0.2,134.84453530255408,173.26572838766631,83.20059425031567,104.7020947648574,115.96246014338497,94.61181387937908,58.45282903472703,38.34291811728429,0.22636157679622754,0.12685827844751552,0.34722785749249496,0.20780044580160734,20.10991091744274,21.35064626400589,38.421193085112236,21.501500514541732
/content/drive/MyDrive/Bharatanatyam_Digital_Twin/dataset/posture_images/extracted/new_Dataset/Muzhumandi Augmented/dr_3_5656.jpg,dr_3_5656.jpg,Muzhumandi Augmented,confidence_0.2,155.4091427918342,154.94483768928492,94.12166060192982,101.33183505590485,82.25741365250197,69.9583845090806,34.33835097334016,20.39410981429078,0.23553982061780593,0.14263319228592672,0.6334874865266805,0.1534921598794289,13.944241159049383,12.299029143421365,0.46430510254927526,7.2101744539750285
/content/drive/MyDrive/Bharatanatyam_Digital_Twin/dataset/posture_images/extracted/new_Dataset/Muzhumandi Augmented/dr_3_6047.jpg,dr_3_6047.jpg,Muzhumandi Augmented,confidence_0.2,152.09707921690466,143.48084441312534,87.36977498856587,79.41146930197654,115.61306558330436,128.8062538104734,80.55264466288538,99.90843885573712,0.20707734178279724,0.11104367983015312,0.3904530734000575,0.3455753185519497,19.355794192851732,13.193188227169045,8.61623480377932,7.958305686589327
/content/drive/MyDrive/Bharatanatyam_Digital_Twin/dataset/posture_images/extracted/new_Dataset/Muzhumandi Augmented/dr_3_6129.jpg,dr_3_6129.jpg,Muzhumandi Augmented,confidence_0.2,152.47702164271342,157.19379756546738,93.5955200898358,92.3468996848479,110.22081940136918,98.76407309125653,54.43119425791705,34.849530537800945,0.21985454063515844,0.1231028718377188,0.4705053612856041,0.17233416161226792,19.581663720116104,11.45674631011265,4.716775922753953,1.2486204049879035
/content/drive/MyDrive/Bharatanatyam_Digital_Twin/dataset/posture_images/extracted/new_Dataset/Muzhumandi Augmented/dr_3_6493.jpg,dr_3_6493.jpg,Muzhumandi Augmented,confidence_0.2,127.94845616220773,141.46639374402923,94.54499910347687,91.56025551218697,99.57126799100966,103.21464478716543,52.19749557194577,31.931142226175748,0.20079121664959115,0.12309168370603375,0.5151686991781816,0.128029660188727,20.266353345770025,3.6433767961557635,13.5179375818215,2.9847435912898987
/content/drive/MyDrive/Bharatanatyam_Digital_Twin/dataset/posture_images/extracted/new_Dataset/Muzhumandi Augmented/dr_3_6556.jpg,dr_3_6556.jpg,Muzhumandi Augmented,confidence_0.2,151.813446344558,159.17811689573182,99.34510961364033,105.41583703405693,68.60959328454229,59.52568518778808,42.049535275892254,20.712792427097103,0.2204851736617487,0.13726542896151206,0.5886866091356995,0.11214299687802298,21.33674284879515,9.083908096754207,7.364670551173816,6.070727420416603
/content/drive/MyDrive/Bharatanatyam_Digital_Twin/dataset/posture_images/extracted/new_Dataset/Muzhumandi Augmented/dr_3_6687.jpg,dr_3_6687.jpg,Muzhumandi Augmented,confidence_0.2,123.77863455213513,168.26151441945487,86.55537795385128,102.1735272639678,122.38035459400044,103.29195569465278,95.18884635973961,45.704296526827555,0.24939773405472593,0.18856988104098257,0.4246653892464089,0.2834106131987296,49.48454983291206,19.088398899347652,44.48287986731974,15.618149310116522
/content/drive/MyDrive/Bharatanatyam_Digital_Twin/dataset/posture_images/extracted/new_Dataset/Muzhumandi Augmented/dr_3_6716.jpg,dr_3_6716.jpg,Muzhumandi Augmented,confidence_0.2,107.7789450587753,166.3942239465245,81.09144267228235,100.5286633685348,95.26613196585006,109.35959524471714,59.52224710734468,57.529747981266574,0.2965450097374727,0.22667073951186442,0.449617059361359,0.24363566734131978,1.9924991260781084,14.093463278867077,58.6152788877492,19.43722069625244
/content/drive/MyDrive/Bharatanatyam_Digital_Twin/dataset/posture_images/extracted/new_Dataset/Muzhumandi Augmented/dr_3_6854.jpg,dr_3_6854.jpg,Muzhumandi Augmented,confidence_0.2,95.38435314535324,149.914753819762,87.76143604863562,93.19324002605856,111.79524783035295,105.40526390364839,46.192123695934846,32.78825285352146,0.2429834646304739,0.17125635314441912,0.3727627383582463,0.09681853391709506,13.403870842413383,6.389983926704559,54.53040067440877,5.431803977422945
/content/drive/MyDrive/Bharatanatyam_Digital_Twin/dataset/posture_images/extracted/new_Dataset/Muzhumandi Augmented/dr_3_6870.jpg,dr_3_6870.jpg,Muzhumandi Augmented,confidence_0.2,143.96015380837378,143.80453963268198,90.61986036047034,86.97939096255463,105.02810860375791,99.87732131584951,51.286794029186304,40.59226827853789,0.20974374890242478,0.11573388844616779,0.41853781360485254,0.15935965491743193,10.694525750648417,5.1507872879084005,0.15561417569179525,3.640469397915709
/content/drive/MyDrive/Bharatanatyam_Digital_Twin/dataset/posture_images/extracted/new_Dataset/Muzhumandi Augmented/dr_3_7017.jpg,dr_3_7017.jpg,Muzhumandi Augmented,confidence_0.2,136.87914517155278,153.41632433669133,95.22664447865203,94.70590794814159,90.12434272191783,89.46549102321472,50.570082641238876,33.158467736079864,0.21026182371569718,0.11704714064492833,0.4850411062210313,0.12220727757260687,17.411614905159013,0.6588516987031028,16.537179165138554,0.5207365305104474
/content/drive/MyDrive/Bharatanatyam_Digital_Twin/dataset/posture_images/extracted/new_Dataset/Muzhumandi Augmented/dr_3_7316.jpg,dr_3_7316.jpg,Muzhumandi Augmented,confidence_0.2,145.66359498186398,143.68769430739422,92.1299579060672,86.66331088303691,103.15747764699591,108.49721945446284,58.556585392495336,56.29826481334882,0.22484432647168687,0.13479396931333695,0.4371976644447825,0.2557280471380595,2.2583205791465133,5.339741807466922,1.9759006744697558,5.466647023030291
/content/drive/MyDrive/Bharatanatyam_Digital_Twin/dataset/posture_images/extracted/new_Dataset/Muzhumandi Augmented/dr_3_762.jpg,dr_3_762.jpg,Muzhumandi Augmented,confidence_0.2,131.0404730866308,129.49193944571192,90.35181645275523,81.91514521387516,150.03273502640732,136.30707003570984,118.13702687474539,107.28350764412497,0.1802863899221305,0.08884923895360067,0.259354115838146,0.22477046796104433,10.853519230620421,13.725664990697481,1.5485336409188903,8.436671238880066
/content/drive/MyDrive/Bharatanatyam_Digital_Twin/dataset/posture_images/extracted/new_Dataset/Muzhumandi Augmented/dr_3_7900.jpg,dr_3_7900.jpg,Muzhumandi Augmented,confidence_0.2,127.31045610038038,172.07659664827128,91.14204750335865,101.15210947399171,76.63086077765091,82.66564904282208,42.710681453568334,25.404374570245878,0.27375005274098496,0.20942081956731418,0.5276151652508573,0.1304557744964581,17.306306883322456,6.034788265171173,44.7661405478909,10.01006197063306
/content/drive/MyDrive/Bharatanatyam_Digital_Twin/dataset/posture_images/extracted/new_Dataset/Muzhumandi Augmented/dr_3_7902.jpg,dr_3_7902.jpg,Muzhumandi Augmented,confidence_0.2,93.96007460234472,160.62057064715984,83.09001526683495,103.2967054376584,111.15033670310548,124.77926960110393,84.10836427783089,65.40244749278689,0.3506534012208821,0.279492940991711,0.3811883269933917,0.164104758652303,18.705916785043996,13.628932897998453,66.66049604481512,20.20669017082345
/content/drive/MyDrive/Bharatanatyam_Digital_Twin/dataset/posture_images/extracted/new_Dataset/Muzhumandi Augmented/dr_3_8134.jpg,dr_3_8134.jpg,Muzhumandi Augmented,confidence_0.2,104.61223741461566,152.80080527628485,91.12401717233769,87.54050081128375,118.77104849056138,154.38570094166207,114.61026874586324,100.71239226897511,0.24105220024867582,0.19443839394340273,0.30224502457946456,0.14913604886450235,13.897876476888129,35.61465245110068,48.188567861669185,3.5835163610539382
/content/drive/MyDrive/Bharatanatyam_Digital_Twin/dataset/posture_images/extracted/new_Dataset/Muzhumandi Augmented/dr_3_8144.jpg,dr_3_8144.jpg,Muzhumandi Augmented,confidence_0.2,123.34696219706333,145.18552906123904,88.80044465907214,97.54398395311834,93.27859085725277,88.41153349242143,51.76792570530274,37.441432738671466,0.20001997268553956,0.12137222456383089,0.48882160130172947,0.09481409819390388,14.326492966631271,4.867057364831339,21.838566864175704,8.743539294046201
/content/drive/MyDrive/Bharatanatyam_Digital_Twin/dataset/posture_images/extracted/new_Dataset/Muzhumandi Augmented/dr_3_8170.jpg,dr_3_8170.jpg,Muzhumandi Augmented,confidence_0.2,146.23024319024478,154.21490228806476,96.01929783772478,94.57642711601775,83.13429707314222,79.50720033857209,34.29336766093377,19.89934697410268,0.19312180058483583,0.11970040285586726,0.4896943092493558,0.09794781784716142,14.394020686831087,3.627096734570131,7.984659097819986,1.442870721707024
/content/drive/MyDrive/Bharatanatyam_Digital_Twin/dataset/posture_images/extracted/new_Dataset/Muzhumandi Augmented/dr_3_823.jpg,dr_3_823.jpg,Muzhumandi Augmented,confidence_0.2,117.48271881085351,142.0909959781275,89.30661071045944,91.19278918682505,98.77107115757842,92.62524801132841,63.87722335364815,34.93700378398834,0.21520693679940975,0.14712266373338712,0.4794220355121415,0.12676050152699167,28.94021956965981,6.1458231462500095,24.608277167273982,1.8861784763656146
/content/drive/MyDrive/Bharatanatyam_Digital_Twin/dataset/posture_images/extracted/new_Dataset/Muzhumandi Augmented/dr_3_8308.jpg,dr_3_8308.jpg,Muzhumandi Augmented,confidence_0.2,131.73939311248364,154.04730647271145,89.85887056439792,94.42720880480316,94.70514681885363,89.23672496021027,38.19894199415274,27.595748587881378,0.1882113165196884,0.11775961367205819,0.41211547418223826,0.09275241524696538,10.603193406271362,5.468421858643367,22.307913360227815,4.5683382404052395
/content/drive/MyDrive/Bharatanatyam_Digital_Twin/dataset/posture_images/extracted/new_Dataset/Muzhumandi Augmented/dr_3_8554.jpg,dr_3_8554.jpg,Muzhumandi Augmented,confidence_0.2,134.76799337486068,109.5034004626524,92.62123393670412,89.30338736672763,112.07485749244243,91.89231128700962,61.223035485753066,35.25317198637715,0.24400968910411086,0.15712046825579748,0.5048288464644306,0.11502044845733582,25.96986349937592,20.182546205432814,25.264592912208286,3.3178465699764814
/content/drive/MyDrive/Bharatanatyam_Digital_Twin/dataset/posture_images/extracted/new_Dataset/Muzhumandi Augmented/dr_3_8585.jpg,dr_3_8585.jpg,Muzhumandi Augmented,confidence_0.2,133.5539554864318,164.62409959565935,95.45591842551049,92.0874317302394,118.3230021168019,105.17508012983515,84.03053819533592,48.163725296105106,0.21629075663518743,0.14332987597223756,0.3992225428496032,0.22008563212984056,35.866812899230816,13.14792198696675,31.070144109227556,3.3684866952710877
/content/drive/MyDrive/Bharatanatyam_Digital_Twin/dataset/posture_images/extracted/new_Dataset/Muzhumandi Augmented/dr_3_8826.jpg,dr_3_8826.jpg,Muzhumandi Augmented,confidence_0.2,142.55890182245247,168.84350276425488,95.57740351649927,105.33297937890585,65.67882608871348,68.09076335513306,41.592965656470994,28.72904856034601,0.24155026785865177,0.15544082477238075,0.6274744518100338,0.09682159667807275,12.863917096124986,2.411937266419585,26.28460094180241,9.755575862406573
/content/drive/MyDrive/Bharatanatyam_Digital_Twin/dataset/posture_images/extracted/new_Dataset/Muzhumandi Augmented/dr_3_8918.jpg,dr_3_8918.jpg,Muzhumandi Augmented,confidence_0.2,137.17145734760223,166.05369910538283,92.28762887171726,89.54260937400711,90.47657630822327,96.59805865237325,42.695915334388424,29.20813249691332,0.2134899426304727,0.14129183200249984,0.5179904626386476,0.07862504110938365,13.487782837475105,6.121482344149982,28.882241757780605,2.745019497710146
/content/drive/MyDrive/Bharatanatyam_Digital_Twin/dataset/posture_images/extracted/new_Dataset/Muzhumandi Augmented/dr_3_8956.jpg,dr_3_8956.jpg,Muzhumandi Augmented,confidence_0.2,136.54391026682558,151.00318144918754,87.09240590040783,90.1732327865133,122.13710550979654,170.1470995811837,159.92745474899175,130.03629556399116,0.25610924263186274,0.16329455885722477,0.44384429601126313,0.4587983426854961,29.89115918500059,48.00999407138717,14.45927118236196,3.08082688610547
/content/drive/MyDrive/Bharatanatyam_Digital_Twin/dataset/posture_images/extracted/new_Dataset/Muzhumandi Augmented/dr_3_9053.jpg,dr_3_9053.jpg,Muzhumandi Augmented,confidence_0.2,125.43979310995275,148.41116323435162,88.27652793207942,86.32743422105025,78.91736289770469,83.28083614095387,34.16287807468929,35.01531961656785,0.21311106434123991,0.1352795642459658,0.5405859840503874,0.21125349734926843,0.8524415418785622,4.3634732432491745,22.971370124398874,1.949093711029164
/content/drive/MyDrive/Bharatanatyam_Digital_Twin/dataset/posture_images/extracted/new_Dataset/Muzhumandi Augmented/dr_3_9244.jpg,dr_3_9244.jpg,Muzhumandi Augmented,confidence_0.2,139.32648021801617,147.45698190284497,92.1810017262059,92.12972474416637,91.3035714831377,86.1037926827178,37.73952249122725,20.91563349701386,0.1821974692731214,0.105533059733896,0.4796548521275329,0.1225596737023188,16.823888994213387,5.199778800419907,8.1305016848288,0.05127698203953912
/content/drive/MyDrive/Bharatanatyam_Digital_Twin/dataset/posture_images/extracted/new_Dataset/Muzhumandi Augmented/dr_3_9343.jpg,dr_3_9343.jpg,Muzhumandi Augmented,confidence_0.2,112.51525344276278,143.4472644665772,91.18063354941259,94.97821965232333,104.72578892211305,120.26716912416323,67.3784759312325,80.51447093029121,0.2926245893219778,0.1735115229636792,0.317932975288078,0.15820130384553893,13.13599499905871,15.541380202050178,30.93201102381441,3.797586102910742
/content/drive/MyDrive/Bharatanatyam_Digital_Twin/dataset/posture_images/extracted/new_Dataset/Muzhumandi Augmented/dr_3_9877.jpg,dr_3_9877.jpg,Muzhumandi Augmented,confidence_0.2,119.94902906178456,151.46048298974648,97.30338434528804,90.85975678100436,89.36647617910594,87.0981221161729,83.26445052345387,39.213843282759,0.2579604332446638,0.16920214705429198,0.5556559955906818,0.14630401785656993,44.05060724069487,2.2683540629330423,31.511453927961924,6.443627564283673
/content/drive/MyDrive/Bharatanatyam_Digital_Twin/dataset/posture_images/extracted/new_Dataset/Muzhumandi Augmented/dr_3_9889.jpg,dr_3_9889.jpg,Muzhumandi Augmented,confidence_0.2,149.9819058260359,148.95001864228203,88.91463642073917,95.6965165223029,130.29080671352443,132.48265567368261,83.32688397121882,117.2539280538673,0.22817829077367086,0.13351655043718408,0.3545464948447868,0.24309864521435612,33.92704408264848,2.1918489601581825,1.0318871837538666,6.781880101563729
/content/drive/MyDrive/Bharatanatyam_Digital_Twin/dataset/posture_images/extracted/new_Dataset/Muzhumandi Augmented/dr_3_9901.jpg,dr_3_9901.jpg,Muzhumandi Augmented,confidence_0.2,137.8542331410363,176.6673804325221,93.43407991164956,118.79950101533244,64.61747042754405,52.968455378273546,36.867495009794524,26.63504118586685,0.24425541851341467,0.1619287370190172,0.6378909372834641,0.13193954898700072,10.232453823927674,11.649015049270503,38.81314729148579,25.365421103682877
/content/drive/MyDrive/Bharatanatyam_Digital_Twin/dataset/posture_images/extracted/new_Dataset/Muzhumandi Augmented/dr_4_1119.jpg,dr_4_1119.jpg,Muzhumandi Augmented,confidence_0.2,135.9699659339407,152.97269992949717,123.21116333202932,106.62747134849548,92.86940406505181,137.9870229218559,79.73275959145616,103.8050294557172,0.24012264973652298,0.13654304427593494,0.32997380914460106,0.476655967328661,24.072269864261045,45.117618856804086,17.00273399555647,16.58369198353384
/content/drive/MyDrive/Bharatanatyam_Digital_Twin/dataset/posture_images/extracted/new_Dataset/Muzhumandi Augmented/dr_4_1141.jpg,dr_4_1141.jpg,Muzhumandi Augmented,confidence_0.2,168.34198578461488,150.16381472090356,86.5050504970984,121.88727887117413,120.97580438625828,77.50759102038631,77.58092464036584,30.622834529604557,0.22223098759726365,0.11919148354822877,0.6550111894344413,0.484597722642516,46.958090110761276,43.46821336587196,18.178171063711318,35.38222837407574
/content/drive/MyDrive/Bharatanatyam_Digital_Twin/dataset/posture_images/extracted/new_Dataset/Muzhumandi Augmented/dr_4_1266.jpg,dr_4_1266.jpg,Muzhumandi Augmented,confidence_0.2,146.2306708826353,164.50900349265592,117.84450759774035,120.76758431052393,88.49067100272605,91.7999350038911,47.72857865696898,40.09117141152399,0.21279869631259066,0.14507986241711743,0.243567994897329,0.09717172498321684,7.63740724544499,3.3092640011650474,18.278332610020612,2.9230767127835833
/content/drive/MyDrive/Bharatanatyam_Digital_Twin/dataset/posture_images/extracted/new_Dataset/Muzhumandi Augmented/dr_4_14.jpg,dr_4_14.jpg,Muzhumandi Augmented,confidence_0.2,136.64644334410568,156.66015454762726,110.02644179509707,117.31118991719038,100.32078069255783,89.82107272018482,64.51503858400952,34.37733083972955,0.24342296947803466,0.16447175504077982,0.32921572207672506,0.07023843973712339,30.137707744279965,10.499707972373017,20.01371120352158,7.284748122093305
/content/drive/MyDrive/Bharatanatyam_Digital_Twin/dataset/posture_images/extracted/new_Dataset/Muzhumandi Augmented/dr_4_1548.jpg,dr_4_1548.jpg,Muzhumandi Augmented,confidence_0.2,110.63725280355159,132.9922078053788,93.72363088110771,114.98548446314726,95.83833899947639,91.63193266248827,56.12628339043134,40.11564265675642,0.18200027896506554,0.11093006447843713,0.3856325117554158,0.14219681731286168,16.01064073367492,4.206406336988124,22.354955001827207,21.26185358203955
/content/drive/MyDrive/Bharatanatyam_Digital_Twin/dataset/posture_images/extracted/new_Dataset/Muzhumandi Augmented/dr_4_2039.jpg,dr_4_2039.jpg,Muzhumandi Augmented,confidence_0.2,137.85573094690739,163.5105577651898,117.32019279080673,121.77166527934995,81.24821908444085,83.44870963977863,38.48875367243754,28.527524050047063,0.19608765356018326,0.1371519073291196,0.22890419414694124,0.12016335733122602,9.961229622390476,2.2004905553377796,25.6548268182824,4.451472488543217
/content/drive/MyDrive/Bharatanatyam_Digital_Twin/dataset/posture_images/extracted/new_Dataset/Muzhumandi Augmented/dr_4_214.jpg,dr_4_214.jpg,Muzhumandi Augmented,confidence_0.2,137.00153685270834,162.36142714257988,111.9806250743632,129.21664131699126,64.92195932450932,58.65606731014341,34.83902230417263,23.016471469977954,0.19788811122189598,0.13950872632842534,0.4249353591850977,0.11304875463881006,11.822550834194676,6.265892014365903,25.359890289871544,17.236016242628054
/content/drive/MyDrive/Bharatanatyam_Digital_Twin/dataset/posture_images/extracted/new_Dataset/Muzhumandi Augmented/dr_4_2271.jpg,dr_4_2271.jpg,Muzhumandi Augmented,confidence_0.2,134.35090136758865,153.95014306766905,106.60842628323006,121.44054894359117,80.58929267996149,71.82646778983595,48.35678202865932,31.422133195385168,0.2082483169344398,0.13404419298187048,0.4418030544360692,0.051970747904688114,16.93464883327415,8.762824890125543,19.5992417000804,14.832122660361108
/content/drive/MyDrive/Bharatanatyam_Digital_Twin/dataset/posture_images/extracted/new_Dataset/Muzhumandi Augmented/dr_4_2412.jpg,dr_4_2412.jpg,Muzhumandi Augmented,confidence_0.2,169.0186023093736,164.6349771410233,129.87721148096495,122.3389034562242,62.0105043392627,57.24597165209721,45.303662117096074,38.21833977010445,0.20452820277190398,0.13678712607642732,0.5180868243063633,0.04343493891315903,7.085322346991624,4.764532687165492,4.383625168350278,7.5383080247407435
/content/drive/MyDrive/Bharatanatyam_Digital_Twin/dataset/posture_images/extracted/new_Dataset/Muzhumandi Augmented/dr_4_262.jpg,dr_4_262.jpg,Muzhumandi Augmented,confidence_0.2,142.16433962687367,169.78990380489336,111.74014687972925,135.76490585882016,55.51742622106212,45.78440533668473,46.63946577389056,34.24825948937185,0.2177157852429146,0.15579322177959598,0.5668281470111693,0.12849919334523635,12.39120628451871,9.733020884377389,27.625564178019687,24.024758979090905
/content/drive/MyDrive/Bharatanatyam_Digital_Twin/dataset/posture_images/extracted/new_Dataset/Muzhumandi Augmented/dr_4_2625.jpg,dr_4_2625.jpg,Muzhumandi Augmented,confidence_0.2,120.33544366046785,158.06760432998777,86.23486282821912,127.91333854350007,153.53877067479945,149.9620491909039,153.31999501254936,162.22557333486668,0.19343269246060044,0.10229103438344081,0.1396750675048871,0.1759834197053383,8.905578322317325,3.5767214838955397,37.73216066951993,41.67847571528095
/content/drive/MyDrive/Bharatanatyam_Digital_Twin/dataset/posture_images/extracted/new_Dataset/Muzhumandi Augmented/dr_4_3091.jpg,dr_4_3091.jpg,Muzhumandi Augmented,confidence_0.2,159.16742205636817,170.33968785729581,118.40679581113424,133.43704501030606,81.9576947942346,130.36075834145174,54.317596657418555,105.19274765979185,0.20899062266850613,0.1161274078263138,0.227077613124859,0.11905619177129424,50.87515100237329,48.403063547217144,11.172265800927647,15.03024919917182
/content/drive/MyDrive/Bharatanatyam_Digital_Twin/dataset/posture_images/extracted/new_Dataset/Muzhumandi Augmented/dr_4_313.jpg,dr_4_313.jpg,Muzhumandi Augmented,confidence_0.2,146.69477895083878,162.08899855351157,117.0661633170193,135.5775750234447,43.76881047795566,34.462304740034064,43.14303003707069,33.79195470748517,0.2355081783756849,0.1567305998749495,0.6209482258075475,0.11074052344558186,9.35107532958552,9.306505737921597,15.394219602672791,18.511411706425392
/content/drive/MyDrive/Bharatanatyam_Digital_Twin/dataset/posture_images/extracted/new_Dataset/Muzhumandi Augmented/dr_4_3355.jpg,dr_4_3355.jpg,Muzhumandi Augmented,confidence_0.2,156.1116544575761,159.79685603605998,96.63188465403289,117.29702485436654,108.20387217335103,86.98331948296305,49.654857942819035,31.202452589369276,0.30349334129798916,0.1843068798608492,0.5058740953757975,0.14023999358089395,18.45240535344976,21.220552690387976,3.685201578483884,20.665140200333653
/content/drive/MyDrive/Bharatanatyam_Digital_Twin/dataset/posture_images/extracted/new_Dataset/Muzhumandi Augmented/dr_4_376.jpg,dr_4_376.jpg,Muzhumandi Augmented,confidence_0.2,161.5585942083257,160.47504084618816,127.0666353914546,124.5711438249075,50.180658064899504,51.178481521852405,49.93557658529969,30.76364796239985,0.22630426371392234,0.1519955683017661,0.6315550231227317,0.048459418540890385,19.17192862289984,0.9978234569529008,1.0835533621375362,2.495491566547102
/content/drive/MyDrive/Bharatanatyam_Digital_Twin/dataset/posture_images/extracted/new_Dataset/Muzhumandi Augmented/dr_4_4132.jpg,dr_4_4132.jpg,Muzhumandi Augmented,confidence_0.2,167.05411742493726,139.23273690010808,116.30042230964304,111.5576353555647,95.72893475653972,87.30127785299383,59.81688554003514,42.153975708639294,0.2739972665103792,0.1787061894623267,0.40978384886104724,0.3049796465936598,17.662909831395844,8.42765690354588,27.82138052482918,4.7427869540783405
/content/drive/MyDrive/Bharatanatyam_Digital_Twin/dataset/posture_images/extracted/new_Dataset/Muzhumandi Augmented/dr_4_4260.jpg,dr_4_4260.jpg,Muzhumandi Augmented,confidence_0.2,143.33540006616843,151.24775329345601,116.4067977501203,126.15241531395255,63.237424869732045,56.12581189173055,71.28087089417795,45.23499477988442,0.23306346732649,0.15345177609421648,0.5935286036286747,0.012113586251336319,26.045876114293534,7.111612978001496,7.912353227287582,9.74561756383224
/content/drive/MyDrive/Bharatanatyam_Digital_Twin/dataset/posture_images/extracted/new_Dataset/Muzhumandi Augmented/dr_4_4366.jpg,dr_4_4366.jpg,Muzhumandi Augmented,confidence_0.2,143.65660861521692,167.29568077049538,114.39932512600704,132.61395780636704,60.555709665400315,60.6455121346767,56.026345003829,32.149631594432435,0.24781355393517562,0.18050545711687171,0.4259509044522536,0.06644614569237482,23.876713409396565,0.08980246927638547,23.639072155278456,18.214632680359998
/content/drive/MyDrive/Bharatanatyam_Digital_Twin/dataset/posture_images/extracted/new_Dataset/Muzhumandi Augmented/dr_4_4406.jpg,dr_4_4406.jpg,Muzhumandi Augmented,confidence_0.2,131.04820404179458,141.3444103161541,111.70832537226016,117.81528367420528,84.77195606502649,72.86270410174915,60.70295932586841,35.22607327998291,0.22137893587516236,0.12274155336205284,0.44135642119891955,0.11613718203740145,25.4768860458855,11.909251963277342,10.29620627435952,6.106958301945113
/content/drive/MyDrive/Bharatanatyam_Digital_Twin/dataset/posture_images/extracted/new_Dataset/Muzhumandi Augmented/dr_4_4615.jpg,dr_4_4615.jpg,Muzhumandi Augmented,confidence_0.2,133.15331020518605,149.46003256154333,111.54248246132263,124.97260145991719,57.469445745564556,52.45185988513873,73.21838026817582,48.18578737207054,0.22182547343614797,0.14173288206818133,0.5733496496557772,0.13045390571605464,25.032592896105278,5.017585860425825,16.306722356357284,13.430118998594551
/content/drive/MyDrive/Bharatanatyam_Digital_Twin/dataset/posture_images/extracted/new_Dataset/Muzhumandi Augmented/dr_4_4646.jpg,dr_4_4646.jpg,Muzhumandi Augmented,confidence_0.2,136.56611530854343,115.05342849896401,109.83400272281358,107.32934555745429,82.30474749466754,111.54084337646299,38.91905061082782,48.61227394041257,0.20218860167254527,0.12228872610952028,0.3760416847959327,0.3216673687575146,9.693223329584754,29.23609588179545,21.51268680957942,2.5046571653592906
/content/drive/MyDrive/Bharatanatyam_Digital_Twin/dataset/posture_images/extracted/new_Dataset/Muzhumandi Augmented/dr_4_5131.jpg,dr_4_5131.jpg,Muzhumandi Augmented,confidence_0.2,122.37654058324104,94.69477543686068,110.97259124113019,103.83136968731736,140.3882430934485,97.24467855657267,101.24924833779498,61.0502712702149,0.2668120578406137,0.13930472500182547,0.3658454444363983,0.1964175169101321,40.19897706758008,43.14356453687583,27.681765146380357,7.1412215538128265
/content/drive/MyDrive/Bharatanatyam_Digital_Twin/dataset/posture_images/extracted/new_Dataset/Muzhumandi Augmented/dr_4_520.jpg,dr_4_520.jpg,Muzhumandi Augmented,confidence_0.2,131.3990299217554,152.96453572530072,114.46259210368508,118.04869375245862,85.07125587893164,76.82727362163249,53.97388477527799,32.960336792920884,0.20026135520829413,0.11976134887068265,0.42897728940488505,0.0641549131716895,21.013547982357103,8.243982257299152,21.565505803545307,3.5861016487735355
/content/drive/MyDrive/Bharatanatyam_Digital_Twin/dataset/posture_images/extracted/new_Dataset/Muzhumandi Augmented/dr_4_5276.jpg,dr_4_5276.jpg,Muzhumandi Augmented,confidence_0.2,94.15556998562231,107.49184949456856,100.53549827778343,110.5795186259868,94.92242370926694,93.13284048568053,34.30682641518577,46.40178724957258,0.19651016605986082,0.1291224400858547,0.6068335386134023,0.44286033255820995,12.09496083438681,1.7895832235864049,13.336279508946248,10.044020348203361
/content/drive/MyDrive/Bharatanatyam_Digital_Twin/dataset/posture_images/extracted/new_Dataset/Muzhumandi Augmented/dr_4_5325.jpg,dr_4_5325.jpg,Muzhumandi Augmented,confidence_0.2,135.23670788531433,153.95529415644506,110.90947336756128,127.38500173359851,69.88542067591482,61.880443007505626,67.16070842007228,43.973813225379615,0.19396883605921794,0.12636388325388573,0.4223664499485093,0.054528712449237515,23.186895194692667,8.00497766840919,18.718586271130732,16.47552836603724
/content/drive/MyDrive/Bharatanatyam_Digital_Twin/dataset/posture_images/extracted/new_Dataset/Muzhumandi Augmented/dr_4_5331.jpg,dr_4_5331.jpg,Muzhumandi Augmented,confidence_0.2,134.44587264063694,155.88857299496067,104.0201741488187,120.43734862495687,75.990639369943,69.42592109311073,64.62265899386583,49.63054909770036,0.21251902753185622,0.1405100440260797,0.5413751056290952,0.05846716605884065,14.992109896165466,6.5647182768322665,21.442700354323733,16.41717447613817
/content/drive/MyDrive/Bharatanatyam_Digital_Twin/dataset/posture_images/extracted/new_Dataset/Muzhumandi Augmented/dr_4_5367.jpg,dr_4_5367.jpg,Muzhumandi Augmented,confidence_0.2,148.15110406733532,151.58600822683016,117.65890663228039,121.26928205381512,85.85447786104538,78.14570921854508,75.18818272754325,40.03471270888866,0.18873906286005596,0.1229554442769615,0.3023370143912534,0.04438879441268253,35.15347001865459,7.708768642500303,3.4349041594948346,3.6103754215347266
/content/drive/MyDrive/Bharatanatyam_Digital_Twin/dataset/posture_images/extracted/new_Dataset/Muzhumandi Augmented/dr_4_5482.jpg,dr_4_5482.jpg,Muzhumandi Augmented,confidence_0.2,151.0017513506256,160.00667786964723,114.99641922454302,120.85257538973735,50.87271513376094,52.308951830034204,53.190536076168385,38.89209436729211,0.21770354612069695,0.14769857556025148,0.5590264349398101,0.0783194188086974,14.298441708876275,1.4362366962732622,9.004926519021637,5.856156165194335
/content/drive/MyDrive/Bharatanatyam_Digital_Twin/dataset/posture_images/extracted/new_Dataset/Muzhumandi Augmented/dr_4_5695.jpg,dr_4_5695.jpg,Muzhumandi Augmented,confidence_0.2,134.44195606042348,164.03749137284362,115.6967398354454,131.86875020980244,71.6427499938288,97.21893942171265,57.58013276241806,73.60396464558731,0.244431245458177,0.17884154794494536,0.30139197926073036,0.18575678565627457,16.02383188316925,25.576189427883847,29.59553531242014,16.172010374357043
/content/drive/MyDrive/Bharatanatyam_Digital_Twin/dataset/posture_images/extracted/new_Dataset/Muzhumandi Augmented/dr_4_5709.jpg,dr_4_5709.jpg,Muzhumandi Augmented,confidence_0.2,151.02708512675707,168.57148601754494,120.33563518131453,133.42940203013475,54.4691593362258,51.78166000217837,41.39479586097343,29.71349283924329,0.21097399723910304,0.1423035934154497,0.4999365368535165,0.03451722528627631,11.681303021730141,2.6874993340474305,17.54440089078787,13.093766848820223
/content/drive/MyDrive/Bharatanatyam_Digital_Twin/dataset/posture_images/extracted/new_Dataset/Muzhumandi Augmented/dr_4_5836.jpg,dr_4_5836.jpg,Muzhumandi Augmented,confidence_0.2,149.790826466293,163.97102274302208,111.99901734288775,125.6064391127614,152.0214448892153,153.12407487388833,171.55691766064194,169.7702004414958,0.19539336806094582,0.11083272070642272,0.18276404547368275,0.19110655648487934,1.7867172191461407,1.1026299846730296,14.180196276729077,13.607421769873639
/content/drive/MyDrive/Bharatanatyam_Digital_Twin/dataset/posture_images/extracted/new_Dataset/Muzhumandi Augmented/dr_4_6051.jpg,dr_4_6051.jpg,Muzhumandi Augmented,confidence_0.2,151.71227987416626,161.7603298463292,122.74193518355305,119.81409936791219,147.74360270455418,161.84363766665876,162.2570114171398,165.57400445271793,0.20154517054557627,0.11031525336859789,0.2615169015754763,0.38476671171360793,3.316993035578122,14.100034962104587,10.048049972162943,2.9278358156408615
/content/drive/MyDrive/Bharatanatyam_Digital_Twin/dataset/posture_images/extracted/new_Dataset/Muzhumandi Augmented/dr_4_6167.jpg,dr_4_6167.jpg,Muzhumandi Augmented,confidence_0.2,136.48416469168478,129.43572492278517,117.42510682649808,111.04042837696937,70.99223691992961,76.80263447312328,51.21005311205219,41.915875471817756,0.2158150201971108,0.13932708089322435,0.5261814182794831,0.14970678099513945,9.29417764023443,5.810397553193667,7.0484397688996125,6.384678449528707
/content/drive/MyDrive/Bharatanatyam_Digital_Twin/dataset/posture_images/extracted/new_Dataset/Muzhumandi Augmented/dr_4_622.jpg,dr_4_622.jpg,Muzhumandi Augmented,confidence_0.2,120.65782954356045,157.21808035119287,94.4164726506831,110.04928082271572,107.07261635216427,94.4482214321333,65.68650732972556,47.08208123445879,0.2548268015656558,0.1763813240055507,0.4937648319558354,0.29948656451025557,18.604426095266767,12.62439492003098,36.560250807632414,15.632808172032611
/content/drive/MyDrive/Bharatanatyam_Digital_Twin/dataset/posture_images/extracted/new_Dataset/Muzhumandi Augmented/dr_4_6819.jpg,dr_4_6819.jpg,Muzhumandi Augmented,confidence_0.2,140.40153322184463,167.84324770862128,116.3116255078615,124.56904499360533,139.4974615443253,142.59074129879062,153.05713986864836,167.2816031917149,0.24447612968352347,0.1754019504272154,0.2605295265027819,0.1411674110070104,14.224463323066544,3.0932797544653283,27.441714486776647,8.257419485743824
/content/drive/MyDrive/Bharatanatyam_Digital_Twin/dataset/posture_images/extracted/new_Dataset/Muzhumandi Augmented/dr_4_6882.jpg,dr_4_6882.jpg,Muzhumandi Augmented,confidence_0.2,165.42917671496411,154.80306729044545,123.8862241915504,111.97992667151547,101.74016892895992,93.13017574207855,39.194821531653815,32.81503104823667,0.2019605140606068,0.11963453277180763,0.20405058595996944,0.1403914131457656,6.379790483417146,8.609993186881368,10.62610942451866,11.906297520034926
/content/drive/MyDrive/Bharatanatyam_Digital_Twin/dataset/posture_images/extracted/new_Dataset/Muzhumandi Augmented/dr_4_7470.jpg,dr_4_7470.jpg,Muzhumandi Augmented,confidence_0.2,152.90434361270988,163.93068186871406,129.07916875419542,130.19118350950112,132.47921640299833,88.70024527549157,94.54978274165826,50.177558957558524,0.19796045801762535,0.10693569421239188,0.21905513721858474,0.18620069985139479,44.37222378409974,43.778971127506765,11.02633825600418,1.1120147553056938
/content/drive/MyDrive/Bharatanatyam_Digital_Twin/dataset/posture_images/extracted/new_Dataset/Muzhumandi Augmented/dr_4_8395.jpg,dr_4_8395.jpg,Muzhumandi Augmented,confidence_0.2,141.57965582246956,154.37036016876303,114.41324096341319,123.35486591561896,71.35316719421364,68.46011372263015,39.76636332843798,28.58514986019366,0.1980740672690241,0.12819861882601744,0.4690366173127829,0.1094022816425217,11.181213468244323,2.8930534715834852,12.790704346293467,8.941624952205771
/content/drive/MyDrive/Bharatanatyam_Digital_Twin/dataset/posture_images/extracted/new_Dataset/Muzhumandi Augmented/dr_4_8575.jpg,dr_4_8575.jpg,Muzhumandi Augmented,confidence_0.2,140.8488396421609,155.01159747293661,120.34120632235319,120.48100561715408,101.98316681131881,102.42591894126515,58.41759460041414,53.287722210918886,0.1877311088975522,0.11664938750163444,0.19124915598763223,0.08751780715950072,5.1298723894952545,0.44275212994634217,14.162757830775718,0.1397992948008948
/content/drive/MyDrive/Bharatanatyam_Digital_Twin/dataset/posture_images/extracted/new_Dataset/Muzhumandi Augmented/dr_4_8642.jpg,dr_4_8642.jpg,Muzhumandi Augmented,confidence_0.2,133.63997889668215,168.08744974646817,92.64409919642043,123.26282629992875,142.24710017236944,74.99866970272504,112.23883054634949,42.00860298979194,0.26537016285070997,0.14179373591456984,0.8809723698043238,0.9588278877074229,70.23022755655755,67.2484304696444,34.447470849786015,30.61872710350832
/content/drive/MyDrive/Bharatanatyam_Digital_Twin/dataset/posture_images/extracted/new_Dataset/Muzhumandi Augmented/dr_4_8730.jpg,dr_4_8730.jpg,Muzhumandi Augmented,confidence_0.2,119.94374099042149,157.64710423725109,102.09216640519742,119.03295083125454,64.72257983730333,150.10086454372114,39.24368122207073,110.1276729171381,0.2533858408373743,0.17595915079027233,0.48269106450815247,0.4816234833409034,70.88399169506738,85.37828470641782,37.703363246829596,16.94078442605712
/content/drive/MyDrive/Bharatanatyam_Digital_Twin/dataset/posture_images/extracted/new_Dataset/Muzhumandi Augmented/dr_4_9057.jpg,dr_4_9057.jpg,Muzhumandi Augmented,confidence_0.2,140.91765723662292,154.73597683095954,111.15437348681866,125.16616333245088,66.36686018362681,57.86268800315337,70.0440094018962,52.51973741443074,0.20122124617071355,0.1267595887559699,0.5058383717086066,0.015020775099378799,17.52427198746546,8.50417218047344,13.818319594336629,14.011789845632222
/content/drive/MyDrive/Bharatanatyam_Digital_Twin/dataset/posture_images/extracted/new_Dataset/Muzhumandi Augmented/dr_4_9146.jpg,dr_4_9146.jpg,Muzhumandi Augmented,confidence_0.2,165.5207508281767,163.44998647664747,136.2598594485243,131.45391699017432,46.523124128539585,46.48660361208982,32.869577417456476,22.443262422385253,0.21766096059450907,0.1444640953664317,0.5977313876726859,0.11247221047829349,10.426314995071223,0.0365205164497624,2.0707643515292204,4.805942458349989
/content/drive/MyDrive/Bharatanatyam_Digital_Twin/dataset/posture_images/extracted/new_Dataset/Muzhumandi Augmented/dr_4_9307.jpg,dr_4_9307.jpg,Muzhumandi Augmented,confidence_0.2,139.81357929534414,157.10949010187448,117.90544273329027,133.02679471182753,52.84414905609546,87.01123136110215,46.511820324621226,64.6577132334748,0.2485433259362632,0.15999605137687223,0.2819573643889171,0.3688032335962217,18.14589290885357,34.16708230500669,17.295910806530344,15.121351978537263
/content/drive/MyDrive/Bharatanatyam_Digital_Twin/dataset/posture_images/extracted/new_Dataset/Muzhumandi Augmented/dr_4_9383.jpg,dr_4_9383.jpg,Muzhumandi Augmented,confidence_0.2,160.55840298880727,106.97477257289793,119.38892758530883,93.24608180965015,133.22347490500502,102.36764859726199,124.15695324819416,85.28655935390775,0.2647362298556557,0.16566015254604746,0.3040077119632426,0.19053370751994295,38.87039389428641,30.85582630774303,53.58363041590934,26.142845775658685
/content/drive/MyDrive/Bharatanatyam_Digital_Twin/dataset/posture_images/extracted/new_Dataset/Muzhumandi Augmented/dr_4_9482.jpg,dr_4_9482.jpg,Muzhumandi Augmented,confidence_0.2,137.3308596525145,148.0143692273568,114.661478813782,119.59268433507351,85.5758147417947,85.85158444445517,62.05283328111108,50.666380809806874,0.21057195892446523,0.15046901801966636,0.33314290249407463,0.07794855151620618,11.386452471304203,0.27576970266046885,10.683509574842304,4.931205521291517
/content/drive/MyDrive/Bharatanatyam_Digital_Twin/dataset/posture_images/extracted/new_Dataset/Muzhumandi Augmented/dr_4_9489.jpg,dr_4_9489.jpg,Muzhumandi Augmented,confidence_0.2,121.75818274735343,138.55606019558584,114.48332881656191,107.17827411618231,97.48729662634736,85.69731528499729,67.84630395107786,37.94204145329744,0.22791751426904625,0.13047170198084815,0.5129779881998205,0.026880697046828536,29.904262497780415,11.789981341350071,16.797877448232413,7.3050547003796
/content/drive/MyDrive/Bharatanatyam_Digital_Twin/dataset/posture_images/extracted/new_Dataset/Muzhumandi Augmented/dr_4_9527.jpg,dr_4_9527.jpg,Muzhumandi Augmented,confidence_0.2,144.70457691476128,171.59786548231347,109.46561313594928,137.63660046722688,47.76850691614721,40.702318880676636,52.08299071960549,37.846458340830544,0.22069774145904045,0.14645796594423524,0.5211724213585748,0.04992958976369878,14.236532378774946,7.066188035470574,26.89328856755219,28.1709873312776
/content/drive/MyDrive/Bharatanatyam_Digital_Twin/dataset/posture_images/extracted/new_Dataset/Muzhumandi Augmented/dr_4_9599.jpg,dr_4_9599.jpg,Muzhumandi Augmented,confidence_0.2,160.98144439395864,162.37869292338942,121.53916620814235,125.38198145333897,107.89838861571185,108.00288204566348,63.24433323168851,60.24780579606672,0.1843487551146531,0.10242227917025651,0.17210773780188213,0.12943059848842153,2.996527435621786,0.10449342995163136,1.397248529430783,3.8428152451966184
/content/drive/MyDrive/Bharatanatyam_Digital_Twin/dataset/posture_images/extracted/new_Dataset/Muzhumandi Augmented/dr_4_9799.jpg,dr_4_9799.jpg,Muzhumandi Augmented,confidence_0.2,137.69201743128502,147.44581454554637,113.59387957214699,118.48647806369196,80.18704763306572,77.2586126224331,51.52874409977585,34.15140813760185,0.19241201178340495,0.1267124398163574,0.42634383556952604,0.07512202223369474,17.377335962174,2.9284350106326116,9.753797114261346,4.892598491544973
/content/drive/MyDrive/Bharatanatyam_Digital_Twin/dataset/posture_images/extracted/new_Dataset/Muzhumandi Augmented/dr_4_99.jpg,dr_4_99.jpg,Muzhumandi Augmented,confidence_0.2,123.43803813042214,158.12682441678828,106.29717423598113,123.1296124650346,139.94507252234962,139.14620835565046,142.01381061616678,171.85804734097914,0.23616053040327148,0.1290906546685003,0.3005514550778156,0.42220172682727164,29.84423672481236,0.7988641666991612,34.68878628636614,16.832438229053466
/content/drive/MyDrive/Bharatanatyam_Digital_Twin/dataset/posture_images/extracted/new_Dataset/Nagabandham Augmented/dr_0_1081.jpg,dr_0_1081.jpg,Nagabandham Augmented,confidence_0.2,104.97232613731501,86.1140192879355,68.2560090174136,76.8758716456969,69.98108044956739,73.14971623091299,51.499134684023076,48.6214482475064,0.28316874784285384,0.17138212910454098,0.2862348248467583,0.16471283276870652,2.877686436516676,3.1686357813456,18.858306849379503,8.6198626282833
/content/drive/MyDrive/Bharatanatyam_Digital_Twin/dataset/posture_images/extracted/new_Dataset/Nagabandham Augmented/dr_0_1145.jpg,dr_0_1145.jpg,Nagabandham Augmented,confidence_0.2,118.71673608305198,141.27042022451798,110.44750906364723,96.03796763835655,60.027882651907646,65.58875082384023,35.57257225989193,30.32077123852826,0.2430422778322811,0.1347354845630221,0.37346878698679525,0.19417830830351399,5.2518010213636686,5.560868171932583,22.553684141465993,14.409541425290683
/content/drive/MyDrive/Bharatanatyam_Digital_Twin/dataset/posture_images/extracted/new_Dataset/Nagabandham Augmented/dr_0_1469.jpg,dr_0_1469.jpg,Nagabandham Augmented,confidence_0.2,116.59625720738342,125.89611608367947,86.37927527259039,61.12533317027611,85.08786457248222,89.44160224527245,27.95799501107485,18.10046925004317,0.2849945902501428,0.16496844259268034,0.23464721363163746,0.23737185417377876,9.857525761031681,4.353737672790231,9.299858876296057,25.253942102314284
/content/drive/MyDrive/Bharatanatyam_Digital_Twin/dataset/posture_images/extracted/new_Dataset/Nagabandham Augmented/dr_0_1493.jpg,dr_0_1493.jpg,Nagabandham Augmented,confidence_0.2,114.85151575180367,113.69667876140966,77.56278676358154,100.04412148106925,51.426193457622404,50.99920680480504,41.95502268367386,36.63227322416399,0.23716730902500577,0.13979690042850268,0.26273978731272857,0.16301649837676643,5.322749459509872,0.42698665281736226,1.154836990394017,22.481334717487712
/content/drive/MyDrive/Bharatanatyam_Digital_Twin/dataset/posture_images/extracted/new_Dataset/Nagabandham Augmented/dr_0_1524.jpg,dr_0_1524.jpg,Nagabandham Augmented,confidence_0.2,118.659867921002,133.55953015461424,53.33705172591775,24.361490899437744,127.01962283570153,130.2598171296451,49.08906872337181,21.40559939025406,0.2909469370870164,0.16671288672549986,0.41675002252848975,0.27687717025458175,27.68346933311775,3.2401942939435884,14.899662233612233,28.97556082648001
/content/drive/MyDrive/Bharatanatyam_Digital_Twin/dataset/posture_images/extracted/new_Dataset/Nagabandham Augmented/dr_0_1613.jpg,dr_0_1613.jpg,Nagabandham Augmented,confidence_0.2,91.7972882462948,55.482502360416035,40.720567590883455,67.87965710403228,51.38522168451086,53.559964975455976,30.272499006560874,26.448636844472123,0.2438321984561755,0.13426929557794254,0.3853601821007926,0.19929433328797783,3.8238621620887514,2.1747432909451163,36.31478588587876,27.15908951314882
/content/drive/MyDrive/Bharatanatyam_Digital_Twin/dataset/posture_images/extracted/new_Dataset/Nagabandham Augmented/dr_0_1774.jpg,dr_0_1774.jpg,Nagabandham Augmented,confidence_0.2,81.87744108995531,100.5875082541898,60.578841665313234,37.606252483994474,103.33799396476667,118.32453140806493,61.107251781350634,76.95411981986436,0.21973912748763247,0.1350249694731013,0.24269044690404612,0.26935142160721726,15.846868038513726,14.98653744329826,18.710067164234488,22.97258918131876
/content/drive/MyDrive/Bharatanatyam_Digital_Twin/dataset/posture_images/extracted/new_Dataset/Nagabandham Augmented/dr_0_1865.jpg,dr_0_1865.jpg,Nagabandham Augmented,confidence_0.2,61.51828664918974,93.37388501186504,73.1703830436861,37.33192316106238,107.3896952269041,118.26993399120448,28.06662234209715,28.18967223549629,0.28011611150858917,0.16669196379242104,0.4996033836778653,0.25912707977573585,0.12304989339913774,10.880238764300387,31.855598362675302,35.838459882623724
/content/drive/MyDrive/Bharatanatyam_Digital_Twin/dataset/posture_images/extracted/new_Dataset/Nagabandham Augmented/dr_0_23.jpg,dr_0_23.jpg,Nagabandham Augmented,confidence_0.2,137.20043644371978,131.0936726593487,115.70476895782608,127.01590251299555,40.394432689297325,36.72534991663492,27.38193042365457,25.147267213081435,0.21527656187919184,0.12291963035874923,0.2826632918056535,0.2051173005668877,2.234663210573135,3.6690827726624065,6.106763784371083,11.311133555169476
/content/drive/MyDrive/Bharatanatyam_Digital_Twin/dataset/posture_images/extracted/new_Dataset/Nagabandham Augmented/dr_0_2760.jpg,dr_0_2760.jpg,Nagabandham Augmented,confidence_0.2,118.93819119991517,130.3854804902959,93.33801701933255,77.43756339266827,75.48756080807715,81.66390384318619,31.37730823590894,31.204150673238413,0.272075323279892,0.16996655384707815,0.37733049306824673,0.37528121648654816,0.17315756267052862,6.176343035109042,11.447289290380724,15.900453626664287
/content/drive/MyDrive/Bharatanatyam_Digital_Twin/dataset/posture_images/extracted/new_Dataset/Nagabandham Augmented/dr_0_2873.jpg,dr_0_2873.jpg,Nagabandham Augmented,confidence_0.2,97.61058730996109,65.97878955733835,68.49808611922366,80.20483780013303,45.778392543473736,47.4184302662376,25.8853637365375,23.736343498773277,0.2427676525686113,0.12455474251813047,0.30513286137228995,0.19234385128578202,2.1490202377642227,1.6400377227638643,31.631797752622745,11.706751680909377
/content/drive/MyDrive/Bharatanatyam_Digital_Twin/dataset/posture_images/extracted/new_Dataset/Nagabandham Augmented/dr_0_3152.jpg,dr_0_3152.jpg,Nagabandham Augmented,confidence_0.2,125.13070076772259,110.99534629851337,104.09087096297847,116.6048171173088,43.720568444532674,37.73322485556508,22.72730442070085,23.494595165162348,0.26452645529902985,0.15171348282860875,0.3444996037293099,0.1491042825538208,0.7672907444614978,5.98734358896759,14.135354469209219,12.513946154330327
/content/drive/MyDrive/Bharatanatyam_Digital_Twin/dataset/posture_images/extracted/new_Dataset/Nagabandham Augmented/dr_0_3506.jpg,dr_0_3506.jpg,Nagabandham Augmented,confidence_0.2,124.61121382349786,118.64251984649994,96.51790121250524,115.88239432769598,49.367873642638735,47.56748985858181,21.09564714610281,21.479328594937165,0.28210592072657037,0.17511438292450102,0.4109991532936712,0.22984380867516324,0.3836814488343556,1.8003837840569261,5.968693976997926,19.36449311519074
/content/drive/MyDrive/Bharatanatyam_Digital_Twin/dataset/posture_images/extracted/new_Dataset/Nagabandham Augmented/dr_0_3668.jpg,dr_0_3668.jpg,Nagabandham Augmented,confidence_0.2,150.20560346473547,139.56020925525232,127.28475759469087,126.02161730861172,33.3965884540357,40.05932839050433,34.44184603966479,28.280304215990302,0.28747910405394334,0.15194288691882568,0.46638904379642165,0.2761421831709703,6.1615418236744866,6.6627399364686255,10.645394209483158,1.2631402860791496
/content/drive/MyDrive/Bharatanatyam_Digital_Twin/dataset/posture_images/extracted/new_Dataset/Nagabandham Augmented/dr_0_4041.jpg,dr_0_4041.jpg,Nagabandham Augmented,confidence_0.2,77.63368374192802,117.86987769372176,58.33480287276006,10.722845540053536,134.95688182341837,132.12755279547036,59.54319757163951,38.77540523776368,0.23299679704197246,0.13632010328741323,0.26349318128977145,0.3139040772071936,20.767792333875832,2.829329027948006,40.23619395179374,47.611957332706524
/content/drive/MyDrive/Bharatanatyam_Digital_Twin/dataset/posture_images/extracted/new_Dataset/Nagabandham Augmented/dr_0_4084.jpg,dr_0_4084.jpg,Nagabandham Augmented,confidence_0.2,101.97298568621319,119.82404857996548,68.88895398975099,47.023998963111744,90.56111609225866,96.61703803110188,23.966832688667978,31.00938103572502,0.24109322334189526,0.15577674812441356,0.5038186732502039,0.6344476008179636,7.042548347057043,6.055921938843227,17.851062893752285,21.864955026639244
/content/drive/MyDrive/Bharatanatyam_Digital_Twin/dataset/posture_images/extracted/new_Dataset/Nagabandham Augmented/dr_0_467.jpg,dr_0_467.jpg,Nagabandham Augmented,confidence_0.2,105.6615814196389,130.35452006897754,92.05901566620376,70.83409703255523,76.85099647579713,85.08968181740667,25.59944413939073,22.606088714475618,0.288091118010304,0.16809691312808886,0.39124720319813483,0.16030853373242424,2.993355424915112,8.23868534160954,24.69293864933863,21.224918633648528
/content/drive/MyDrive/Bharatanatyam_Digital_Twin/dataset/posture_images/extracted/new_Dataset/Nagabandham Augmented/dr_0_4673.jpg,dr_0_4673.jpg,Nagabandham Augmented,confidence_0.2,123.01490351422069,136.81313783151327,49.06144971246126,20.64389843531094,127.27310582846349,138.02389236039375,29.166145371290547,20.72859649298955,0.30843149609331827,0.18692926683233835,0.5868092129384261,0.27243251491657483,8.437548878300998,10.75078653193026,13.798234317292582,28.41755127715032
/content/drive/MyDrive/Bharatanatyam_Digital_Twin/dataset/posture_images/extracted/new_Dataset/Nagabandham Augmented/dr_0_4728.jpg,dr_0_4728.jpg,Nagabandham Augmented,confidence_0.2,125.98994423436048,117.48069909216086,72.69013779881743,80.96734343829014,73.31887971347552,71.99291985014807,34.9313437888608,23.139069650399236,0.2748415689626618,0.17286710069645575,0.41093285579355376,0.1544733242286382,11.792274138461565,1.325959863327455,8.509245142199617,8.277205639472712
/content/drive/MyDrive/Bharatanatyam_Digital_Twin/dataset/posture_images/extracted/new_Dataset/Nagabandham Augmented/dr_0_5234.jpg,dr_0_5234.jpg,Nagabandham Augmented,confidence_0.2,130.34553785696852,130.62998199072777,78.95916146765764,103.76020458234375,74.52213914615733,72.39131158287486,35.4132332639355,26.889860219970895,0.29224507744447187,0.1782213333563065,0.43475202209840325,0.30732819404834555,8.523373043964607,2.130827563282466,0.28444413375925137,24.80104311468611
/content/drive/MyDrive/Bharatanatyam_Digital_Twin/dataset/posture_images/extracted/new_Dataset/Nagabandham Augmented/dr_0_5346.jpg,dr_0_5346.jpg,Nagabandham Augmented,confidence_0.2,97.51181038228408,119.72398344284764,55.34232337216893,19.949945017148266,127.73386407435112,131.5523782779346,45.109288880792576,34.197542939586974,0.2525090716362483,0.1544367256131802,0.41474782629230633,0.23852067896001938,10.911745941205602,3.818514203583476,22.212173060563558,35.39237835502066
/content/drive/MyDrive/Bharatanatyam_Digital_Twin/dataset/posture_images/extracted/new_Dataset/Nagabandham Augmented/dr_0_544.jpg,dr_0_544.jpg,Nagabandham Augmented,confidence_0.2,79.44822530112292,124.62168954295683,59.52383925803931,20.16382911341451,115.4867153080812,129.14189284387507,47.28722247841079,38.29422339016771,0.25014020925068325,0.14288081549842024,0.34770830821660964,0.40736632912850873,8.992999088243081,13.655177535793868,45.17346424183391,39.360010144624795
/content/drive/MyDrive/Bharatanatyam_Digital_Twin/dataset/posture_images/extracted/new_Dataset/Nagabandham Augmented/dr_0_5466.jpg,dr_0_5466.jpg,Nagabandham Augmented,confidence_0.2,78.13533748160025,92.30173547396616,79.08763474244343,24.91931831314393,69.51828655728256,79.88756650993064,37.65279309612278,35.745230474917655,0.27332905425056747,0.15955061042231555,0.4429565539432668,0.4964572362458318,1.9075626212051233,10.369279952648071,14.166397992365916,54.168316429299495
/content/drive/MyDrive/Bharatanatyam_Digital_Twin/dataset/posture_images/extracted/new_Dataset/Nagabandham Augmented/dr_0_5475.jpg,dr_0_5475.jpg,Nagabandham Augmented,confidence_0.2,104.06364622147781,92.37875707596942,52.39797413033182,76.63537830345005,151.66057514557852,167.3476554524309,152.6328603614986,175.68833106652082,0.20298008468586035,0.10030552817825321,0.20409117910798155,0.32381797555220715,23.05547070502223,15.68708030685238,11.684889145508393,24.237404173118236
/content/drive/MyDrive/Bharatanatyam_Digital_Twin/dataset/posture_images/extracted/new_Dataset/Nagabandham Augmented/dr_0_5881.jpg,dr_0_5881.jpg,Nagabandham Augmented,confidence_0.2,105.85593443664345,83.98945204319139,58.75384979308013,71.14872122279549,87.8818182667951,100.16199003191566,53.59675536516097,54.24020337582081,0.22712037667010815,0.12462376022168349,0.2495033296081576,0.19707061222815822,0.6434480106598386,12.28017176512057,21.86648239345206,12.394871429715359
/content/drive/MyDrive/Bharatanatyam_Digital_Twin/dataset/posture_images/extracted/new_Dataset/Nagabandham Augmented/dr_0_5995.jpg,dr_0_5995.jpg,Nagabandham Augmented,confidence_0.2,70.49432253389008,107.94855552310472,64.0642194114978,24.47749121410155,92.81861070283564,107.11032054151445,49.322022215994174,46.087197118928344,0.25926202424465644,0.14141775304694848,0.43571371584071433,0.3752841650127885,3.23482509706583,14.291709838678813,37.45423298921463,39.586728197396255
/content/drive/MyDrive/Bharatanatyam_Digital_Twin/dataset/posture_images/extracted/new_Dataset/Nagabandham Augmented/dr_0_6228.jpg,dr_0_6228.jpg,Nagabandham Augmented,confidence_0.2,110.90547324674972,111.37353149911637,67.02091644007636,90.32178809256845,59.181445288000866,58.97014819263815,39.543329428643865,35.068464486421796,0.23925982892678646,0.13357611913171508,0.2863050705493912,0.19887762420026275,4.474864942222069,0.2112970953627169,0.4680582523666459,23.30087165249209
/content/drive/MyDrive/Bharatanatyam_Digital_Twin/dataset/posture_images/extracted/new_Dataset/Nagabandham Augmented/dr_0_6401.jpg,dr_0_6401.jpg,Nagabandham Augmented,confidence_0.2,80.81947070513245,123.2713479929326,82.35214805322012,84.01073008790763,62.23880983661718,63.41822195102601,37.33576524775157,38.58724232378485,0.20912312247098533,0.10965914857862433,0.33280352346918013,0.2283629375111907,1.2514770760332823,1.1794121144088336,42.45187728780016,1.6585820346875124
/content/drive/MyDrive/Bharatanatyam_Digital_Twin/dataset/posture_images/extracted/new_Dataset/Nagabandham Augmented/dr_0_6421.jpg,dr_0_6421.jpg,Nagabandham Augmented,confidence_0.2,160.57105343767537,144.5401241504028,129.92931164511998,123.60539051135778,38.228933574203445,41.81225830054022,48.425270133144735,34.48748301088925,0.23345524782611002,0.12882209619830437,0.3226748443095244,0.2495183276611711,13.937787122255486,3.5833247263367767,16.030929287272585,6.323921133762198
/content/drive/MyDrive/Bharatanatyam_Digital_Twin/dataset/posture_images/extracted/new_Dataset/Nagabandham Augmented/dr_0_6547.jpg,dr_0_6547.jpg,Nagabandham Augmented,confidence_0.2,125.4209567581767,124.12105648289496,104.63091288742555,119.65755439237068,61.77912299709425,64.4074149150562,38.325589151659,35.570115022160664,0.31174397581933994,0.17493185813498635,0.31251398144132503,0.22455879805356418,2.7554741294983387,2.6282919179619455,1.2999002752817432,15.026641504945133
/content/drive/MyDrive/Bharatanatyam_Digital_Twin/dataset/posture_images/extracted/new_Dataset/Nagabandham Augmented/dr_0_6751.jpg,dr_0_6751.jpg,Nagabandham Augmented,confidence_0.2,88.55400683679039,130.17368855155598,61.787298070580164,41.959641787165005,109.2742813727113,114.91175879877548,41.23688163459435,40.65024176799511,0.22136294604959836,0.11835937779161582,0.38721536363492887,0.35057830476866614,0.586639866599235,5.63747742606418,41.61968171476559,19.82765628341516
/content/drive/MyDrive/Bharatanatyam_Digital_Twin/dataset/posture_images/extracted/new_Dataset/Nagabandham Augmented/dr_0_7016.jpg,dr_0_7016.jpg,Nagabandham Augmented,confidence_0.2,86.58433506853927,124.40388564721732,57.14920531474725,52.17892363051204,93.19395701876246,94.57520810356057,43.87676989264013,46.11969003118632,0.2580475540183714,0.179555272593048,0.38889703659105973,0.3891361310429149,2.2429201385461965,1.3812510847981088,37.81955057867805,4.970281684235211
/content/drive/MyDrive/Bharatanatyam_Digital_Twin/dataset/posture_images/extracted/new_Dataset/Nagabandham Augmented/dr_0_7103.jpg,dr_0_7103.jpg,Nagabandham Augmented,confidence_0.2,120.0721411630345,95.8752808799267,91.9668572195112,97.86342250501669,48.39535111054097,49.223534457133304,24.269134003377463,22.4708614339329,0.2611427313824866,0.14797377121079466,0.4476190040841258,0.22388236602023467,1.7982725694445634,0.8281833465923327,24.196860283107796,5.896565285505488
/content/drive/MyDrive/Bharatanatyam_Digital_Twin/dataset/posture_images/extracted/new_Dataset/Nagabandham Augmented/dr_0_7168.jpg,dr_0_7168.jpg,Nagabandham Augmented,confidence_0.2,137.26897676946004,125.0336842006318,121.92451951128734,130.91535421286645,35.58281379385941,33.54419541984375,24.893941770930958,26.927105833749458,0.26677182173943886,0.147065175736084,0.34939992692097954,0.2363922103702568,2.0331640628185,2.0386183740156554,12.235292568828243,8.990834701579104
/content/drive/MyDrive/Bharatanatyam_Digital_Twin/dataset/posture_images/extracted/new_Dataset/Nagabandham Augmented/dr_0_7259.jpg,dr_0_7259.jpg,Nagabandham Augmented,confidence_0.2,104.16821564545985,116.77498830443751,85.99280554395582,59.30752156831485,76.62844597419159,82.2110785587028,30.87874680977501,31.425692453383462,0.23471851079884942,0.13831945933331247,0.3448963239239541,0.3482665123016886,0.5469456436084528,5.582632584511202,12.606772658977661,26.685283975640978
/content/drive/MyDrive/Bharatanatyam_Digital_Twin/dataset/posture_images/extracted/new_Dataset/Nagabandham Augmented/dr_0_7366.jpg,dr_0_7366.jpg,Nagabandham Augmented,confidence_0.2,99.83651968899119,124.04670905723687,98.4745946957802,104.16246969313714,74.95415516568805,76.59368237901239,83.26224427547675,84.87834703684076,0.22032358276820427,0.12411279157985826,0.22986193927083745,0.20682402546643974,1.6161027613640186,1.6395272133243424,24.21018936824568,5.687874997356943
/content/drive/MyDrive/Bharatanatyam_Digital_Twin/dataset/posture_images/extracted/new_Dataset/Nagabandham Augmented/dr_0_7465.jpg,dr_0_7465.jpg,Nagabandham Augmented,confidence_0.2,127.23301812976062,112.62814975174356,102.84482572641234,114.1425666260077,44.24354709567978,43.49336476483494,25.920757951469962,23.232897177652394,0.2465254855823315,0.13481744134042487,0.4005976851069619,0.23824215819624436,2.687860773817569,0.7501823308448365,14.60486837801706,11.297740899595368
/content/drive/MyDrive/Bharatanatyam_Digital_Twin/dataset/posture_images/extracted/new_Dataset/Nagabandham Augmented/dr_0_7481.jpg,dr_0_7481.jpg,Nagabandham Augmented,confidence_0.2,122.65040471366426,133.45473479354445,60.28805087204722,36.47173877428086,110.81326061693073,118.78187791912988,51.05841541649085,25.32091928791518,0.2243385587440289,0.12897197202676622,0.4548560198172804,0.7326578528741039,25.73749612857567,7.968617302199149,10.804330079880188,23.816312097766364
/content/drive/MyDrive/Bharatanatyam_Digital_Twin/dataset/posture_images/extracted/new_Dataset/Nagabandham Augmented/dr_0_7623.jpg,dr_0_7623.jpg,Nagabandham Augmented,confidence_0.2,153.8613948690437,123.85730875611611,68.21503807836943,36.44093519286821,146.63860996052588,169.08473326643474,124.62337728903103,167.96362747341942,0.08326366344794653,0.050785756356563676,0.16674817029448402,0.10935475615603742,43.340250184388395,22.446123305908856,30.00408611292758,31.77410288550122
/content/drive/MyDrive/Bharatanatyam_Digital_Twin/dataset/posture_images/extracted/new_Dataset/Nagabandham Augmented/dr_0_8310.jpg,dr_0_8310.jpg,Nagabandham Augmented,confidence_0.2,60.07909175074124,96.82996070944378,65.75460703456818,23.477072631417474,114.89765979431495,118.39267061289878,34.56560526618141,37.64501038132651,0.27991358180188797,0.16738945768505306,0.4135544379402257,0.42714116224159787,3.0794051151451,3.495010818583836,36.75086895870254,42.27753440315071
/content/drive/MyDrive/Bharatanatyam_Digital_Twin/dataset/posture_images/extracted/new_Dataset/Nagabandham Augmented/dr_0_8516.jpg,dr_0_8516.jpg,Nagabandham Augmented,confidence_0.2,131.14952406683662,139.11870786663076,117.73285182056733,130.9728725524141,35.65815015381613,32.162327839379884,19.926244508655746,21.05006875742191,0.28892393491688734,0.1627511813594335,0.4470726716810226,0.2639761269842212,1.1238242487661658,3.4958223144362464,7.969183799794138,13.240020731846755
/content/drive/MyDrive/Bharatanatyam_Digital_Twin/dataset/posture_images/extracted/new_Dataset/Nagabandham Augmented/dr_0_8530.jpg,dr_0_8530.jpg,Nagabandham Augmented,confidence_0.2,126.50913408226569,124.74822264055187,91.08391312951763,105.31327803828144,51.7738369040549,53.41292135370404,31.586078862057906,33.20043992393395,0.23574671976081119,0.12874631444047327,0.29843622484640664,0.2407217674511298,1.6143610618760427,1.6390844496491397,1.7609114417138159,14.229364908763813
/content/drive/MyDrive/Bharatanatyam_Digital_Twin/dataset/posture_images/extracted/new_Dataset/Nagabandham Augmented/dr_0_8748.jpg,dr_0_8748.jpg,Nagabandham Augmented,confidence_0.2,115.9882022077763,123.46614421808803,109.0627387545969,87.18392502516632,53.08582417744555,61.22268444379399,26.876651808547575,23.18305539392949,0.2992192476803972,0.16530866772044703,0.31835277716239563,0.26137462667091116,3.693596414618085,8.136860266348435,7.477942010311736,21.878813729430576
/content/drive/MyDrive/Bharatanatyam_Digital_Twin/dataset/posture_images/extracted/new_Dataset/Nagabandham Augmented/dr_0_8776.jpg,dr_0_8776.jpg,Nagabandham Augmented,confidence_0.2,102.43535009258936,92.46624591079456,67.03660116373305,91.1634145524488,48.70119827637457,49.16394631300724,31.68798315341346,27.111646116852626,0.23266317559342659,0.1278012953294825,0.2947817169787919,0.20803455633059967,4.576337036560833,0.46274803663266795,9.969104181794805,24.126813388715746
/content/drive/MyDrive/Bharatanatyam_Digital_Twin/dataset/posture_images/extracted/new_Dataset/Nagabandham Augmented/dr_0_9780.jpg,dr_0_9780.jpg,Nagabandham Augmented,confidence_0.2,118.1809431867886,140.6903164140985,79.1260857214417,58.93645147252703,114.32824628718849,112.92703186908547,63.70828064044515,32.03872746084738,0.26518017901321916,0.17440461028568358,0.5173131260317627,0.27509207753157544,31.66955317959777,1.4012144181030237,22.509373227309908,20.189634248914665
/content/drive/MyDrive/Bharatanatyam_Digital_Twin/dataset/posture_images/extracted/new_Dataset/Nagabandham Augmented/dr_0_9855.jpg,dr_0_9855.jpg,Nagabandham Augmented,confidence_0.2,84.89115382806358,75.11965255351052,9.142803106557883,53.51564786513361,86.61747124724245,87.20310668432576,45.97653207687281,45.93358211011797,0.24352854109223007,0.15358254870811658,0.2635865642266465,0.14468042151954386,0.04294996675483986,0.5856354370833117,9.77150127455306,44.372844758575724
/content/drive/MyDrive/Bharatanatyam_Digital_Twin/dataset/posture_images/extracted/new_Dataset/Nagabandham Augmented/dr_0_9873.jpg,dr_0_9873.jpg,Nagabandham Augmented,confidence_0.2,90.04734602739758,79.34489825008173,36.23113788825628,53.19533742397139,95.6610376279394,112.2417299765036,58.91881597393675,73.02366116066204,0.22174301474811234,0.1386213432418747,0.2292483485602869,0.14156845001664645,14.104845186725292,16.580692348564213,10.702447777315854,16.96419953571511
/content/drive/MyDrive/Bharatanatyam_Digital_Twin/dataset/posture_images/extracted/new_Dataset/Nagabandham Augmented/dr_0_9908.jpg,dr_0_9908.jpg,Nagabandham Augmented,confidence_0.2,120.52130136413956,123.4995265453082,87.87908441868652,114.82872575530178,54.078255403078074,51.257341460543145,27.964954824861195,21.362109833730695,0.23057441124434952,0.13512248503316135,0.25957645109775407,0.07856197110725892,6.6028449911305,2.820913942534929,2.9782251811686393,26.949641336615258
/content/drive/MyDrive/Bharatanatyam_Digital_Twin/dataset/posture_images/extracted/new_Dataset/Nagabandham Augmented/dr_0_9913.jpg,dr_0_9913.jpg,Nagabandham Augmented,confidence_0.2,77.97567673592717,125.07644554949654,52.254819239939245,58.07836687889513,88.60920637125007,116.36647534287191,51.315754301945304,76.6054340956116,0.2284604171906462,0.1474466816065916,0.6505487571761257,0.7796880211648679,25.289679793666295,27.75726897162184,47.100768813569374,5.823547638955887
/content/drive/MyDrive/Bharatanatyam_Digital_Twin/dataset/posture_images/extracted/new_Dataset/Nagabandham Augmented/dr_1_1027.jpg,dr_1_1027.jpg,Nagabandham Augmented,confidence_0.2,90.62642858427736,93.70282671475742,39.41477627751547,74.87873161292221,126.64674230802011,168.24429852120662,131.4132793455722,157.69365041326807,0.24345215289041075,0.1794632832019228,0.34865029534656206,0.5212133159968203,26.28037106769588,41.59755621318651,3.076398130480058,35.46395533540674
/content/drive/MyDrive/Bharatanatyam_Digital_Twin/dataset/posture_images/extracted/new_Dataset/Nagabandham Augmented/dr_1_1030.jpg,dr_1_1030.jpg,Nagabandham Augmented,confidence_0.2,117.61027887682457,116.91140482015486,93.74981602136072,106.65489935316964,91.81196645351343,54.09112945421964,94.59313904623788,37.936452068179236,0.24094602102956972,0.13138541760138953,0.3926819209669607,0.31036787256126086,56.656686978058644,37.720836999293795,0.6988740566697089,12.905083331808925
/content/drive/MyDrive/Bharatanatyam_Digital_Twin/dataset/posture_images/extracted/new_Dataset/Nagabandham Augmented/dr_1_1582.jpg,dr_1_1582.jpg,Nagabandham Augmented,confidence_0.2,103.93591165590426,133.1474666845504,51.989835427060804,18.470138682696806,131.65240537035385,134.00558770617644,95.5233386230961,90.38833973536524,0.20850533751182557,0.13150084442849352,0.17379294589666983,0.2269159411553662,5.134998887730859,2.353182335822595,29.211555028646146,33.519696744364
/content/drive/MyDrive/Bharatanatyam_Digital_Twin/dataset/posture_images/extracted/new_Dataset/Nagabandham Augmented/dr_1_1636.jpg,dr_1_1636.jpg,Nagabandham Augmented,confidence_0.2,110.51417246521706,121.15606527548792,82.58489469235964,107.50095866317919,99.26960554315296,54.983198621550905,103.3676002678948,43.777544159767416,0.21207278274267646,0.12091663514257747,0.31870075295665873,0.2657256479933653,59.590056108127385,44.28640692160206,10.64189281027086,24.91606397081955
/content/drive/MyDrive/Bharatanatyam_Digital_Twin/dataset/posture_images/extracted/new_Dataset/Nagabandham Augmented/dr_1_1767.jpg,dr_1_1767.jpg,Nagabandham Augmented,confidence_0.2,125.5162877131855,134.11637286143664,58.46450329785939,40.23992086233357,117.76469063374404,133.38434902380607,51.76175750259718,68.81553543970928,0.20283083275192804,0.11741262352431836,0.4533340629354734,0.5144319189941498,17.053777937112102,15.619658390062028,8.60008514825114,18.224582435525818
/content/drive/MyDrive/Bharatanatyam_Digital_Twin/dataset/posture_images/extracted/new_Dataset/Nagabandham Augmented/dr_1_1837.jpg,dr_1_1837.jpg,Nagabandham Augmented,confidence_0.2,117.50998423030417,126.5225950526164,53.926305236811494,28.816026740186402,110.16028965885371,112.30298865017457,47.03372715947345,29.271308991140906,0.20589446166769354,0.13112046350016968,0.13358213074563005,0.1918033553123766,17.762418168332545,2.142698991320856,9.012610822312226,25.110278496625092
/content/drive/MyDrive/Bharatanatyam_Digital_Twin/dataset/posture_images/extracted/new_Dataset/Nagabandham Augmented/dr_1_2267.jpg,dr_1_2267.jpg,Nagabandham Augmented,confidence_0.2,106.44090377237048,124.5045141928266,60.05987178742228,47.36278325272709,106.87477997043887,128.65339809863556,66.12903604255578,100.53570341786055,0.21130627987903017,0.1232260912792294,0.3726001266042946,0.35487278051298254,34.406667375304764,21.778618128196698,18.06361042045613,12.69708853469519
/content/drive/MyDrive/Bharatanatyam_Digital_Twin/dataset/posture_images/extracted/new_Dataset/Nagabandham Augmented/dr_1_2577.jpg,dr_1_2577.jpg,Nagabandham Augmented,confidence_0.2,111.93140505325086,134.05769391919435,74.88016682682363,107.76458889337371,67.9092370356222,57.93338179739878,76.5572334232949,38.03354256769606,0.27802755433237664,0.15892681038687498,0.284655191428924,0.3595266994785349,38.52369085559884,9.975855238223417,22.126288865943494,32.88442206655009
/content/drive/MyDrive/Bharatanatyam_Digital_Twin/dataset/posture_images/extracted/new_Dataset/Nagabandham Augmented/dr_1_2782.jpg,dr_1_2782.jpg,Nagabandham Augmented,confidence_0.2,122.45303924286988,130.19415752048178,85.33266825050555,104.1475485947275,98.59337898821914,68.95984212288452,104.28434012702064,49.66642389308053,0.23521707463564562,0.1359256620990487,0.20096296329889068,0.2096209220789865,54.617916233940115,29.63353686533462,7.741118277611903,18.814880344221947
/content/drive/MyDrive/Bharatanatyam_Digital_Twin/dataset/posture_images/extracted/new_Dataset/Nagabandham Augmented/dr_1_2849.jpg,dr_1_2849.jpg,Nagabandham Augmented,confidence_0.2,118.46452577065673,131.16504256680585,71.30516217009077,98.44347777885112,99.28226172522982,85.65238574450129,122.47263698693689,69.7733322424359,0.2521499321118467,0.15885903400665535,0.18216245512871618,0.3213011500811513,52.69930474450099,13.629875980728528,12.700516796149117,27.13831560876035
/content/drive/MyDrive/Bharatanatyam_Digital_Twin/dataset/posture_images/extracted/new_Dataset/Nagabandham Augmented/dr_1_3335.jpg,dr_1_3335.jpg,Nagabandham Augmented,confidence_0.2,132.78570764753266,123.3752908123609,124.43054220053868,112.66539642931171,42.50790349184168,57.7981134908284,45.77934433776702,57.85948110926768,0.22296264007137745,0.11966681125284791,0.3299460986121838,0.30736025184728205,12.080136771500662,15.290209998986718,9.410416835171759,11.765145771226969
/content/drive/MyDrive/Bharatanatyam_Digital_Twin/dataset/posture_images/extracted/new_Dataset/Nagabandham Augmented/dr_1_3453.jpg,dr_1_3453.jpg,Nagabandham Augmented,confidence_0.2,113.7114374417405,115.68778469219264,69.07694888053565,93.35468493071478,121.72746999301691,77.04680185680802,137.58532846891242,62.67467041183085,0.2220248070591558,0.13362093092786523,0.18877409027023642,0.19782052703373815,74.91065805708158,44.680668136208894,1.976347250452136,24.27773605017913
/content/drive/MyDrive/Bharatanatyam_Digital_Twin/dataset/posture_images/extracted/new_Dataset/Nagabandham Augmented/dr_1_3533.jpg,dr_1_3533.jpg,Nagabandham Augmented,confidence_0.2,112.53300432914509,127.84490283957999,61.35495700621252,94.42658824051603,76.33946524289979,68.09993801081333,36.157110790067776,48.71363859012049,0.2622062144361184,0.15588346911268988,0.2556413023613628,0.3394779654077055,12.556527800052713,8.23952723208646,15.3118985104349,33.0716312343035
/content/drive/MyDrive/Bharatanatyam_Digital_Twin/dataset/posture_images/extracted/new_Dataset/Nagabandham Augmented/dr_1_3694.jpg,dr_1_3694.jpg,Nagabandham Augmented,confidence_0.2,110.382684588451,115.51145394999874,68.69170436516825,94.07312136051046,107.07360849159863,81.63458990238311,118.08704023814997,57.299596244483354,0.21865991617816977,0.13547823108110102,0.1862792857741889,0.2519845088837295,60.78744399366661,25.43901858921552,5.128769361547739,25.381416995342207
/content/drive/MyDrive/Bharatanatyam_Digital_Twin/dataset/posture_images/extracted/new_Dataset/Nagabandham Augmented/dr_1_3943.jpg,dr_1_3943.jpg,Nagabandham Augmented,confidence_0.2,90.2361656349065,67.72400411531086,13.766529889688114,92.56501891939894,133.72402293806599,130.44157421120224,120.09903982411984,94.14154219554393,0.18834646423870727,0.13121196819746203,0.21899521577045886,0.20766942462049542,25.957497628575908,3.2824487268637483,22.512161519595637,78.79848902971082
/content/drive/MyDrive/Bharatanatyam_Digital_Twin/dataset/posture_images/extracted/new_Dataset/Nagabandham Augmented/dr_1_4214.jpg,dr_1_4214.jpg,Nagabandham Augmented,confidence_0.2,113.87208615372327,126.50122321090998,112.02564076857001,116.04038837901678,37.42913984205371,49.061894071525124,31.68628662943252,39.72974878416118,0.22979853597130134,0.12319571251256321,0.24943198880314604,0.24368119803202887,8.043462154728662,11.632754229471416,12.62913705718671,4.014747610446761
/content/drive/MyDrive/Bharatanatyam_Digital_Twin/dataset/posture_images/extracted/new_Dataset/Nagabandham Augmented/dr_1_4394.jpg,dr_1_4394.jpg,Nagabandham Augmented,confidence_0.2,119.15694511105116,108.59596305038545,121.26921822422636,88.98223375352075,63.10877248674902,116.6185817086392,53.18073172128917,118.7293102839457,0.19387299670777833,0.1079171437303221,0.3287825990428293,0.3438924827636946,65.54857856265653,53.50980922189018,10.560982060665708,32.28698447070562
/content/drive/MyDrive/Bharatanatyam_Digital_Twin/dataset/posture_images/extracted/new_Dataset/Nagabandham Augmented/dr_1_4627.jpg,dr_1_4627.jpg,Nagabandham Augmented,confidence_0.2,119.274433502211,118.80060524138572,79.92782450987677,96.07326285448104,88.43369678197767,133.3038966808487,116.88013537654028,119.06643806739625,0.2775722953582593,0.19056150857875961,0.405627183553644,0.7098564300617961,2.1863026908559675,44.870199898871036,0.47382826082527174,16.145438344604273
/content/drive/MyDrive/Bharatanatyam_Digital_Twin/dataset/posture_images/extracted/new_Dataset/Nagabandham Augmented/dr_1_4708.jpg,dr_1_4708.jpg,Nagabandham Augmented,confidence_0.2,86.46182681726238,123.51696428496379,64.74434086079457,57.287588328341016,96.84007858468668,129.07405366591541,57.0066708782952,104.94789065751294,0.22849770190198893,0.12105371424301704,0.5322734741705502,0.5269513819268563,47.94121977921774,32.233975081228735,37.055137467701414,7.4567525324535495
/content/drive/MyDrive/Bharatanatyam_Digital_Twin/dataset/posture_images/extracted/new_Dataset/Nagabandham Augmented/dr_1_4783.jpg,dr_1_4783.jpg,Nagabandham Augmented,confidence_0.2,90.39523925559999,115.13814452470034,65.62157984206998,67.35525582173995,78.95041264518242,125.21707345871013,60.77730428820622,128.15157206477252,0.24935682570221906,0.13431159721336508,0.3397337166025339,0.29212204697102484,67.37426777656631,46.26666081352771,24.742905269100348,1.7336759796699681
/content/drive/MyDrive/Bharatanatyam_Digital_Twin/dataset/posture_images/extracted/new_Dataset/Nagabandham Augmented/dr_1_5017.jpg,dr_1_5017.jpg,Nagabandham Augmented,confidence_0.2,117.57109265812214,118.68138923584866,96.28424121153472,112.43135241613281,86.59980847818454,49.32345375787022,90.9093295321977,35.09053496547871,0.24739569450788354,0.13349457640735227,0.372534063538668,0.28776803060647843,55.81879456671899,37.27635472031432,1.1102965777265155,16.14711120459809
/content/drive/MyDrive/Bharatanatyam_Digital_Twin/dataset/posture_images/extracted/new_Dataset/Nagabandham Augmented/dr_1_5181.jpg,dr_1_5181.jpg,Nagabandham Augmented,confidence_0.2,133.00875021998428,131.31054377535742,53.23485847503344,34.41039101861028,121.84606676581237,127.16345419169183,78.13067992098327,77.25710688456066,0.23886163886254425,0.1413001066953619,0.2532401425105265,0.2706251709921361,0.8735730364226129,5.31738742587946,1.6982064446268623,18.824467456423164
/content/drive/MyDrive/Bharatanatyam_Digital_Twin/dataset/posture_images/extracted/new_Dataset/Nagabandham Augmented/dr_1_5230.jpg,dr_1_5230.jpg,Nagabandham Augmented,confidence_0.2,83.47816693774229,97.27652080356577,83.2341805508702,52.25479579671663,80.89792803379096,130.969763078893,63.408248449507454,124.79596844896479,0.18493216123665063,0.10342471050205865,0.4216691103822027,0.3755118018469892,61.38771999945733,50.07183504510205,13.798353865823486,30.97938475415358
/content/drive/MyDrive/Bharatanatyam_Digital_Twin/dataset/posture_images/extracted/new_Dataset/Nagabandham Augmented/dr_1_5463.jpg,dr_1_5463.jpg,Nagabandham Augmented,confidence_0.2,101.36695599866222,124.70950492508098,78.90230823590942,87.12000506529046,71.41893774894726,121.17439963556349,62.559166176301,108.24097225749527,0.19608328404161673,0.09981595334203612,0.6317878254920547,0.7071527602021311,45.681806081194274,49.75546188661623,23.342548926418758,8.21769682938104
/content/drive/MyDrive/Bharatanatyam_Digital_Twin/dataset/posture_images/extracted/new_Dataset/Nagabandham Augmented/dr_1_5626.jpg,dr_1_5626.jpg,Nagabandham Augmented,confidence_0.2,106.76832828081987,98.09392981830261,33.51703334878949,77.01458872449622,163.16142011400075,156.4668749056601,156.12984770169737,133.89034831300575,0.03472682301730236,0.023853652742605216,0.08583800926432981,0.050928858432259014,22.239499388691627,6.6945452083406565,8.67439846251726,43.49755537570673
/content/drive/MyDrive/Bharatanatyam_Digital_Twin/dataset/posture_images/extracted/new_Dataset/Nagabandham Augmented/dr_1_5814.jpg,dr_1_5814.jpg,Nagabandham Augmented,confidence_0.2,119.16372015144582,119.94093528073769,77.02894234804586,92.82470143076048,79.03677929631657,92.10108649983792,79.25080497443125,63.14746796318297,0.20342644896894088,0.11975249742846561,0.25125509673888047,0.40467242519509283,16.10333701124828,13.064307203521352,0.777215129291875,15.795759082714625
/content/drive/MyDrive/Bharatanatyam_Digital_Twin/dataset/posture_images/extracted/new_Dataset/Nagabandham Augmented/dr_1_593.jpg,dr_1_593.jpg,Nagabandham Augmented,confidence_0.2,109.42004994467672,132.16998760996415,65.7386599492754,106.06905924329932,112.89688202924722,131.23077086386797,131.28069548652223,105.07939157592294,0.22824438886536952,0.14429124609150648,0.25533642627259634,0.6084854285181833,26.201303910599293,18.33388883462075,22.749937665287433,40.33039929402392
/content/drive/MyDrive/Bharatanatyam_Digital_Twin/dataset/posture_images/extracted/new_Dataset/Nagabandham Augmented/dr_1_696.jpg,dr_1_696.jpg,Nagabandham Augmented,confidence_0.2,122.5976216635264,119.28457677980383,99.90929088998259,109.275450625335,66.56051080211772,44.89135903276997,69.52155048350467,36.41278353880661,0.28478987546233087,0.14654048323992602,0.38365843047136344,0.30974561023494696,33.10876694469806,21.66915176934775,3.3130448837225686,9.366159735352412
/content/drive/MyDrive/Bharatanatyam_Digital_Twin/dataset/posture_images/extracted/new_Dataset/Nagabandham Augmented/dr_1_7230.jpg,dr_1_7230.jpg,Nagabandham Augmented,confidence_0.2,99.94059230985374,112.11827244036611,64.81007565441065,34.20114738699511,111.504991451119,156.91195195865296,72.16711904197962,126.61018825753179,0.2478390093975922,0.1327894703848832,0.6223800168169772,0.6383346237069951,54.44306921555217,45.40696050753397,12.177680130512371,30.608928267415543
/content/drive/MyDrive/Bharatanatyam_Digital_Twin/dataset/posture_images/extracted/new_Dataset/Nagabandham Augmented/dr_1_7268.jpg,dr_1_7268.jpg,Nagabandham Augmented,confidence_0.2,123.90666624357029,125.77579081992013,78.97436646219833,98.99227500927485,95.42984328005402,125.10885449084375,114.95218134865027,105.0643117795044,0.26797032979340507,0.17812827357785455,0.3182634122101629,0.5517230027355003,9.887869569145877,29.67901121078974,1.8691245763498472,20.017908547076516
/content/drive/MyDrive/Bharatanatyam_Digital_Twin/dataset/posture_images/extracted/new_Dataset/Nagabandham Augmented/dr_1_7271.jpg,dr_1_7271.jpg,Nagabandham Augmented,confidence_0.2,119.10842265514373,130.92234665132133,79.52174466164371,105.28400463604821,89.2419292117761,64.67695403138282,93.16846092181811,41.627590957620285,0.20832882550893486,0.12221914447029104,0.20610524069188876,0.20875541164888436,51.540869964197825,24.564975180393276,11.813923996177607,25.7622599744045
/content/drive/MyDrive/Bharatanatyam_Digital_Twin/dataset/posture_images/extracted/new_Dataset/Nagabandham Augmented/dr_1_7349.jpg,dr_1_7349.jpg,Nagabandham Augmented,confidence_0.2,86.62554616117075,105.41694938390245,65.96691161598216,62.335047605686334,102.90407994673299,124.27012654758646,81.38075084754045,145.2058565143163,0.22960499570127338,0.1436338585811455,0.18355589321206306,0.27053456893642114,63.825105666775855,21.366046600853466,18.791403222731702,3.6318640102958213
/content/drive/MyDrive/Bharatanatyam_Digital_Twin/dataset/posture_images/extracted/new_Dataset/Nagabandham Augmented/dr_1_7412.jpg,dr_1_7412.jpg,Nagabandham Augmented,confidence_0.2,128.52093209921898,142.12123661854082,109.32146838188974,123.1885927905478,60.92012805828598,46.25353683082945,73.7011414291005,51.85870965192631,0.24533287002728782,0.1400867985746303,0.261552217243252,0.25730858793623324,21.84243177717419,14.666591227456536,13.600304519321838,13.867124408658057
/content/drive/MyDrive/Bharatanatyam_Digital_Twin/dataset/posture_images/extracted/new_Dataset/Nagabandham Augmented/dr_1_75.jpg,dr_1_75.jpg,Nagabandham Augmented,confidence_0.2,115.0630155153367,133.73387416509397,70.9165178373425,93.85685130877086,91.43631934123115,67.80156153535005,56.43693625987273,48.383674704388895,0.25267473848052463,0.1450830467964249,0.3518092687793838,0.43969097525969675,8.053261555483836,23.634757805881108,18.670858649757264,22.94033347142836
/content/drive/MyDrive/Bharatanatyam_Digital_Twin/dataset/posture_images/extracted/new_Dataset/Nagabandham Augmented/dr_1_7724.jpg,dr_1_7724.jpg,Nagabandham Augmented,confidence_0.2,122.08350981548409,128.31583508568892,60.651262946139326,67.78087458224658,100.60386537927178,87.88920215362975,53.94150808855648,41.69339313264817,0.22141419656796493,0.11378463588206299,0.2720823500742585,0.35118769491738144,12.248114955908314,12.714663225642028,6.232325270204825,7.129611636107256
/content/drive/MyDrive/Bharatanatyam_Digital_Twin/dataset/posture_images/extracted/new_Dataset/Nagabandham Augmented/dr_1_781.jpg,dr_1_781.jpg,Nagabandham Augmented,confidence_0.2,114.17665744984406,128.2088736406628,62.34143324836284,85.6126698199106,117.9329870862767,131.82699139648443,128.52639415889882,99.58774212960355,0.26449070942367076,0.16463381389683968,0.2465364555326413,0.47758015979427487,28.93865202929527,13.894004310207734,14.032216190818744,23.271236571547753
/content/drive/MyDrive/Bharatanatyam_Digital_Twin/dataset/posture_images/extracted/new_Dataset/Nagabandham Augmented/dr_1_8057.jpg,dr_1_8057.jpg,Nagabandham Augmented,confidence_0.2,108.48451947032977,127.02435074621735,63.87607198202535,97.04988443377499,109.1014681695511,130.21298345352847,135.37921967877412,109.0898224397784,0.22334966481357912,0.1500157725889725,0.24485871805016976,0.4799415417415815,26.28939723899572,21.11151528397737,18.53983127588758,33.17381245174964
/content/drive/MyDrive/Bharatanatyam_Digital_Twin/dataset/posture_images/extracted/new_Dataset/Nagabandham Augmented/dr_1_8118.jpg,dr_1_8118.jpg,Nagabandham Augmented,confidence_0.2,99.99982802011161,107.774915293135,72.04847476931126,61.395307359166885,83.29267174731143,110.44380090639736,61.10647276813666,100.93164272154812,0.21999080140725638,0.1307447505867374,0.18728382772067217,0.1384671573649244,39.825169953411454,27.151129159085926,7.775087273023388,10.65316741014437
/content/drive/MyDrive/Bharatanatyam_Digital_Twin/dataset/posture_images/extracted/new_Dataset/Nagabandham Augmented/dr_1_8121.jpg,dr_1_8121.jpg,Nagabandham Augmented,confidence_0.2,113.09626660668852,129.86435263114498,52.905300600138496,36.23911261284989,116.14605659631685,130.42430764839006,98.94458451089517,92.90813845274695,0.2051527653571638,0.11674154483481411,0.41576558008087083,0.5317509971268116,6.036446058148215,14.278251052073202,16.768086024456466,16.66618798728861
/content/drive/MyDrive/Bharatanatyam_Digital_Twin/dataset/posture_images/extracted/new_Dataset/Nagabandham Augmented/dr_1_8243.jpg,dr_1_8243.jpg,Nagabandham Augmented,confidence_0.2,106.5059443383967,82.27122315925978,34.72278750072833,62.83227851904292,151.87112511334564,151.20755091085041,87.03476111738975,76.507985653112,0.2980348366540182,0.16352897940177077,0.23303351079806003,0.1473777598523891,10.526775464277748,0.6635742024952265,24.234721179136926,28.109491018314593
/content/drive/MyDrive/Bharatanatyam_Digital_Twin/dataset/posture_images/extracted/new_Dataset/Nagabandham Augmented/dr_1_8298.jpg,dr_1_8298.jpg,Nagabandham Augmented,confidence_0.2,118.77135788775624,131.8385804094489,82.8488727522645,107.3030339256603,90.1944074142864,68.57972057927608,117.63253613225035,53.411221255825346,0.21432602042441656,0.13365961287831415,0.17555997516841199,0.3003496853880746,64.221314876425,21.614686835010318,13.067222521692656,24.454161173395804
/content/drive/MyDrive/Bharatanatyam_Digital_Twin/dataset/posture_images/extracted/new_Dataset/Nagabandham Augmented/dr_1_8613.jpg,dr_1_8613.jpg,Nagabandham Augmented,confidence_0.2,121.30663778322555,122.066307500602,48.24473231564029,11.037382595201723,134.12409321645825,135.84380362829882,66.83603026657974,44.092417290768594,0.2930172593466994,0.20362638307736808,0.18739965083838556,0.20314379595127022,22.743612975811146,1.7197104118405662,0.7596697173764397,37.20734972043857
/content/drive/MyDrive/Bharatanatyam_Digital_Twin/dataset/posture_images/extracted/new_Dataset/Nagabandham Augmented/dr_1_8623.jpg,dr_1_8623.jpg,Nagabandham Augmented,confidence_0.2,118.32147529292399,118.35763948052194,97.53985418932317,86.6592056894618,67.91180662221576,106.06647864083978,49.635828581537446,107.6420122720816,0.28402409051565286,0.16582115485749374,0.29498996266231403,0.21290672049463766,58.006183690544155,38.15467201862401,0.03616418759794726,10.880648499861366
/content/drive/MyDrive/Bharatanatyam_Digital_Twin/dataset/posture_images/extracted/new_Dataset/Nagabandham Augmented/dr_1_8632.jpg,dr_1_8632.jpg,Nagabandham Augmented,confidence_0.2,109.65006935404148,107.81452122595196,67.40334112241001,37.79819793456777,102.90028093738985,146.75925369857916,81.92267430066607,119.3939778597633,0.2404660504569757,0.12859988285434532,0.6312379522670771,0.681337184644917,37.47130355909722,43.85897276118931,1.8355481280895134,29.605143187842245
/content/drive/MyDrive/Bharatanatyam_Digital_Twin/dataset/posture_images/extracted/new_Dataset/Nagabandham Augmented/dr_1_8784.jpg,dr_1_8784.jpg,Nagabandham Augmented,confidence_0.2,130.58067970848435,126.55563581284244,67.63966733723673,51.22778426651975,109.0739293028359,119.91182588324612,90.0474484804652,87.16186534599754,0.23692929992195355,0.1348630329523302,0.4528308378596898,0.5555259447952701,2.885583134467666,10.83789658041023,4.025043895641915,16.411883070716982
/content/drive/MyDrive/Bharatanatyam_Digital_Twin/dataset/posture_images/extracted/new_Dataset/Nagabandham Augmented/dr_1_8857.jpg,dr_1_8857.jpg,Nagabandham Augmented,confidence_0.2,115.51914295609055,128.68022259125541,93.3842551218986,114.1737818618834,67.85057112072923,57.88901574641229,69.6713554451078,41.76757145716477,0.21659421071423957,0.1272314682452075,0.23166077444531852,0.23515747716102522,27.903783987943036,9.961555374316937,13.161079635164867,20.789526739984794
/content/drive/MyDrive/Bharatanatyam_Digital_Twin/dataset/posture_images/extracted/new_Dataset/Nagabandham Augmented/dr_1_9006.jpg,dr_1_9006.jpg,Nagabandham Augmented,confidence_0.2,112.01404703539423,133.38875664920923,103.37398488979017,127.99521178638179,76.39265989179711,57.25124719977298,83.8220066497975,44.630262261712,0.21254427105672435,0.14127133199431405,0.2963619269368664,0.3158688150716632,39.1917443880855,19.141412692024126,21.374709613815,24.621226896591622
/content/drive/MyDrive/Bharatanatyam_Digital_Twin/dataset/posture_images/extracted/new_Dataset/Nagabandham Augmented/dr_1_9451.jpg,dr_1_9451.jpg,Nagabandham Augmented,confidence_0.2,121.27276855527721,129.43009455255185,83.94628929961767,102.5998624970028,93.33189043466068,65.61399591565689,89.40397871030241,41.77730288233989,0.21726291079616536,0.1254511009108048,0.2344566788353545,0.19018770700937307,47.62667582796252,27.717894519003792,8.15732599727464,18.65357319738513
/content/drive/MyDrive/Bharatanatyam_Digital_Twin/dataset/posture_images/extracted/new_Dataset/Nagabandham Augmented/dr_1_95.jpg,dr_1_95.jpg,Nagabandham Augmented,confidence_0.2,107.90191473104265,117.43218166476997,64.65128604587002,43.914007569781525,90.34170966049346,134.9070816387282,57.333186817589464,107.84714130038611,0.23265005156413027,0.13015558423358098,0.5189066781819958,0.4443193572160531,50.51395448279665,44.56537197823472,9.530266933727319,20.7372784760885
/content/drive/MyDrive/Bharatanatyam_Digital_Twin/dataset/posture_images/extracted/new_Dataset/Nagabandham Augmented/dr_1_9756.jpg,dr_1_9756.jpg,Nagabandham Augmented,confidence_0.2,116.83398287512269,121.62596009678379,91.21519244508552,109.36417565070704,58.4189033669342,50.66964801960341,44.24284710336273,30.562148494505387,0.2569158875276121,0.14322229715012103,0.34613293690526126,0.2614618126904819,13.680698608857341,7.749255347330795,4.791977221661099,18.14898320562152
/content/drive/MyDrive/Bharatanatyam_Digital_Twin/dataset/posture_images/extracted/new_Dataset/Nagabandham Augmented/dr_2_1214.jpg,dr_2_1214.jpg,Nagabandham Augmented,confidence_0.2,107.93896681660816,107.97301274672436,46.060470506943936,77.73933629337988,116.57764682998427,137.03967665051812,147.84418227380553,111.54634273080212,0.2102016069220047,0.10741612885518567,0.19925965396352974,0.28516871903209623,36.297839543003406,20.462029820533843,0.034045930116207046,31.678865786435942
/content/drive/MyDrive/Bharatanatyam_Digital_Twin/dataset/posture_images/extracted/new_Dataset/Nagabandham Augmented/dr_2_1227.jpg,dr_2_1227.jpg,Nagabandham Augmented,confidence_0.2,128.80339616415773,116.53668918673735,93.46536216848781,106.8662686645194,84.01373235286246,57.43474247098529,113.0119092660623,26.700765684816748,0.2200306933900387,0.14053978000996298,0.5839508847493072,0.36895332239475626,86.31114358124556,26.57898988187717,12.266706977420384,13.400906496031581
/content/drive/MyDrive/Bharatanatyam_Digital_Twin/dataset/posture_images/extracted/new_Dataset/Nagabandham Augmented/dr_2_1491.jpg,dr_2_1491.jpg,Nagabandham Augmented,confidence_0.2,107.9810484937835,135.39338065109249,79.81530612738389,59.396404116394436,98.09610892908216,104.1908929982216,43.72440036477672,146.82001960434172,0.21484715620268424,0.12656499722550804,0.49517251821998304,0.35240995966114785,103.095619239565,6.094784069139436,27.41233215730898,20.418902010989456
/content/drive/MyDrive/Bharatanatyam_Digital_Twin/dataset/posture_images/extracted/new_Dataset/Nagabandham Augmented/dr_2_1783.jpg,dr_2_1783.jpg,Nagabandham Augmented,confidence_0.2,96.89042001787917,126.49350702186631,78.55465640465886,53.90824143311132,154.99482647479627,109.18313849006618,99.13797917789428,133.69256369783884,0.18667247399058848,0.11844901609500232,0.22084762119746867,0.27993861170122225,34.554584519944555,45.811687984730085,29.60308700398714,24.646414971547536
/content/drive/MyDrive/Bharatanatyam_Digital_Twin/dataset/posture_images/extracted/new_Dataset/Nagabandham Augmented/dr_2_2001.jpg,dr_2_2001.jpg,Nagabandham Augmented,confidence_0.2,101.17531888888007,117.7109501685814,42.79663049618478,80.68805556689591,119.18010082042495,100.63356001619292,154.45186950807354,44.548689220703444,0.21428081868132634,0.15999639187354492,0.45541116511596563,0.5045702543192402,109.9031802873701,18.546540804232038,16.535631279701335,37.89142507071113
/content/drive/MyDrive/Bharatanatyam_Digital_Twin/dataset/posture_images/extracted/new_Dataset/Nagabandham Augmented/dr_2_2389.jpg,dr_2_2389.jpg,Nagabandham Augmented,confidence_0.2,59.232444250744095,107.32106797859473,23.500337465188018,149.36926144228042,139.3007043707353,119.32748041576264,140.8616389793404,160.95834857186045,0.16212120011480224,0.10248053919963977,0.3858200641040566,0.6472422146540129,20.096709592520057,19.973223954972667,48.08862372785063,125.86892397709241
/content/drive/MyDrive/Bharatanatyam_Digital_Twin/dataset/posture_images/extracted/new_Dataset/Nagabandham Augmented/dr_2_2585.jpg,dr_2_2585.jpg,Nagabandham Augmented,confidence_0.2,105.68262358100962,131.73278949966354,77.64132362553958,61.86164759321058,101.7650507601641,113.37020720828241,52.51197531275308,148.58653216428775,0.2001705364919327,0.1184707679982078,0.3927882263459792,0.33293163299222545,96.07455685153467,11.605156448118308,26.050165918653917,15.779676032329007
/content/drive/MyDrive/Bharatanatyam_Digital_Twin/dataset/posture_images/extracted/new_Dataset/Nagabandham Augmented/dr_2_269.jpg,dr_2_269.jpg,Nagabandham Augmented,confidence_0.2,110.20718821114015,116.27253171430246,50.897736115635404,84.20563960800033,79.33692589087696,80.6738467401544,71.12363243693693,45.47798731284676,0.21467816073969112,0.1296006037474525,0.19861550325418778,0.0916363599311152,25.645645124090173,1.3369208492774476,6.06534350316231,33.30790349236492
/content/drive/MyDrive/Bharatanatyam_Digital_Twin/dataset/posture_images/extracted/new_Dataset/Nagabandham Augmented/dr_2_2698.jpg,dr_2_2698.jpg,Nagabandham Augmented,confidence_0.2,126.10784705741395,115.12905777613032,97.59550100479856,112.70470644693361,99.20431585618037,43.07610354632673,135.72167513232858,25.974960442500752,0.21723349312950685,0.14257549691341642,0.7326123007275444,0.46442432166988806,109.74671468982783,56.128212309853645,10.978789281283625,15.10920544213505
/content/drive/MyDrive/Bharatanatyam_Digital_Twin/dataset/posture_images/extracted/new_Dataset/Nagabandham Augmented/dr_2_2739.jpg,dr_2_2739.jpg,Nagabandham Augmented,confidence_0.2,89.19989099819489,113.19073871569367,69.32663619899294,41.16334196895113,146.09188406702862,114.63412646234512,95.22770274456715,144.21839832958884,0.19406293866766441,0.11443032467960247,0.2099161220219922,0.33072934376338803,48.99069558502168,31.457757604683493,23.99084771749878,28.163294230041814
/content/drive/MyDrive/Bharatanatyam_Digital_Twin/dataset/posture_images/extracted/new_Dataset/Nagabandham Augmented/dr_2_2989.jpg,dr_2_2989.jpg,Nagabandham Augmented,confidence_0.2,157.5039238654098,138.65215631815846,33.53289916101613,41.115754092849166,161.5639313355832,171.03552932880436,151.4785035388404,169.14914757261454,0.033194986522526684,0.02084152212264763,0.08598199991298268,0.06282209935034216,17.670644033774124,9.471597993221167,18.85176754725134,7.582854931833033
/content/drive/MyDrive/Bharatanatyam_Digital_Twin/dataset/posture_images/extracted/new_Dataset/Nagabandham Augmented/dr_2_3119.jpg,dr_2_3119.jpg,Nagabandham Augmented,confidence_0.2,137.4839478517825,96.82269746382494,98.3786598338647,89.10754454339538,97.25227753458937,65.36476635832918,131.58417507027346,29.586742240600326,0.21312879410394747,0.13364106802097903,0.7172241063873538,0.5296072463124282,101.99743282967313,31.88751117626019,40.66125038795755,9.271115290469325
/content/drive/MyDrive/Bharatanatyam_Digital_Twin/dataset/posture_images/extracted/new_Dataset/Nagabandham Augmented/dr_2_3158.jpg,dr_2_3158.jpg,Nagabandham Augmented,confidence_0.2,89.51417615553103,92.99337662900811,76.02700654175685,23.292941275919297,162.3269359914876,172.5427353982039,142.14577247922827,122.85335771360076,0.11706561891847315,0.0828586684705756,0.07562285442694433,0.0753057008535273,19.292414765627512,10.215799406716286,3.4792004734770785,52.73406526583755
/content/drive/MyDrive/Bharatanatyam_Digital_Twin/dataset/posture_images/extracted/new_Dataset/Nagabandham Augmented/dr_2_3384.jpg,dr_2_3384.jpg,Nagabandham Augmented,confidence_0.2,134.6066984100199,113.97383841521916,97.95589502559707,97.19341431674258,84.89180447280029,65.58201023390262,112.64477985732778,29.769018601364728,0.21806858196547454,0.1212146698998247,0.6229911535804503,0.4036346854573653,82.87576125596306,19.309794238897666,20.63285999480074,0.7624807088544969
/content/drive/MyDrive/Bharatanatyam_Digital_Twin/dataset/posture_images/extracted/new_Dataset/Nagabandham Augmented/dr_2_3388.jpg,dr_2_3388.jpg,Nagabandham Augmented,confidence_0.2,89.39304323613614,113.12504039112966,65.43539414948118,23.72798171855086,165.36792473252507,129.3003662141645,77.10167273392506,96.70655398621926,0.21070377480549868,0.11225454804374849,0.18436981319649548,0.2855460522825404,19.604881252294206,36.067558518360556,23.731997154993522,41.70741243093032
/content/drive/MyDrive/Bharatanatyam_Digital_Twin/dataset/posture_images/extracted/new_Dataset/Nagabandham Augmented/dr_2_3666.jpg,dr_2_3666.jpg,Nagabandham Augmented,confidence_0.2,95.91094295585872,128.65401934618075,45.42135912518386,36.63357106280387,130.43766278232133,95.26884022521841,119.71165387126887,126.1228489066429,0.2119347401017883,0.10625738196490002,0.10934801586469378,0.1366618147449528,6.4111950353740355,35.168822557102914,32.74307639032203,8.787788062379995
/content/drive/MyDrive/Bharatanatyam_Digital_Twin/dataset/posture_images/extracted/new_Dataset/Nagabandham Augmented/dr_2_3878.jpg,dr_2_3878.jpg,Nagabandham Augmented,confidence_0.2,126.15554776477396,142.08865449797128,87.94434078946549,106.12848637936119,91.15406716721743,57.3750075777948,118.72720512904341,42.88703333353515,0.22655714114364622,0.12368105156600122,0.44862659191423954,0.2944982136523722,75.84017179550827,33.77905958942264,15.93310673319732,18.184145589895707
/content/drive/MyDrive/Bharatanatyam_Digital_Twin/dataset/posture_images/extracted/new_Dataset/Nagabandham Augmented/dr_2_4045.jpg,dr_2_4045.jpg,Nagabandham Augmented,confidence_0.2,110.99975076486848,88.27852742107316,20.963708118654854,66.6231879029524,114.30749843741049,135.67136386416573,151.59446899183965,55.35057678533929,0.22221025578852013,0.11213676043446823,0.28328721109770555,0.3319323049329222,96.24389220650036,21.36386542675524,22.721223343795316,45.659479784297545
/content/drive/MyDrive/Bharatanatyam_Digital_Twin/dataset/posture_images/extracted/new_Dataset/Nagabandham Augmented/dr_2_4209.jpg,dr_2_4209.jpg,Nagabandham Augmented,confidence_0.2,142.51657481387744,129.7597434040905,49.982537042737874,68.03895567140314,58.22729913122822,52.05797756610828,87.91409449460477,51.333836379419616,0.24458441510607667,0.13378215792652723,0.37206496141551854,0.17570497329755996,36.58025811518515,6.169321565119944,12.75683140978694,18.05641862866527
/content/drive/MyDrive/Bharatanatyam_Digital_Twin/dataset/posture_images/extracted/new_Dataset/Nagabandham Augmented/dr_2_4491.jpg,dr_2_4491.jpg,Nagabandham Augmented,confidence_0.2,111.05994735525017,110.33181278007363,23.005713155602045,67.75099558057151,126.831965298303,143.1801333493146,141.37169866576787,69.78611242177598,0.21318883456124066,0.13928068545513414,0.342947178804611,0.28315392988624366,71.58558624399188,16.348168051011584,0.72813457517654,44.74528242496947
/content/drive/MyDrive/Bharatanatyam_Digital_Twin/dataset/posture_images/extracted/new_Dataset/Nagabandham Augmented/dr_2_4506.jpg,dr_2_4506.jpg,Nagabandham Augmented,confidence_0.2,112.90254180652964,136.67128820660017,54.14252814407211,42.500003780347875,128.37992936018068,103.19800141705481,96.58166543792109,95.1068991563463,0.2205512548515376,0.11902536852141647,0.22506983495248714,0.057069288464676925,1.4747662815747873,25.18192794312587,23.768746400070526,11.642524363724235
/content/drive/MyDrive/Bharatanatyam_Digital_Twin/dataset/posture_images/extracted/new_Dataset/Nagabandham Augmented/dr_2_4549.jpg,dr_2_4549.jpg,Nagabandham Augmented,confidence_0.2,73.04695882098267,125.8040394075187,59.48778252751743,66.67133662822009,101.39743537205567,93.43605752813264,52.21153874776239,119.17348098114077,0.22774585339015493,0.16114088066815532,0.3893218024412545,0.321920152544025,66.96194223337838,7.961377843923032,52.757080586536034,7.183554100702658
/content/drive/MyDrive/Bharatanatyam_Digital_Twin/dataset/posture_images/extracted/new_Dataset/Nagabandham Augmented/dr_2_4555.jpg,dr_2_4555.jpg,Nagabandham Augmented,confidence_0.2,135.68385979999547,129.39547316812062,89.12283316909522,96.88255650358592,142.25758548219758,125.27630816100614,146.25639302124665,118.85642048410905,0.1794921357055396,0.12156165813400392,0.21436268834309422,0.15796350300716483,27.3999725371376,16.981277321191442,6.288386631874857,7.759723334490701
/content/drive/MyDrive/Bharatanatyam_Digital_Twin/dataset/posture_images/extracted/new_Dataset/Nagabandham Augmented/dr_2_5067.jpg,dr_2_5067.jpg,Nagabandham Augmented,confidence_0.2,103.97008949944424,73.10179434157332,24.039165263167323,73.88274849219943,113.63171593070611,147.97688656138192,159.7663589128339,81.44755574444117,0.20281496600030954,0.1093319198685064,0.2357689803439421,0.4796901322738609,78.31880316839273,34.34517063067581,30.868295157870918,49.843583229032106
/content/drive/MyDrive/Bharatanatyam_Digital_Twin/dataset/posture_images/extracted/new_Dataset/Nagabandham Augmented/dr_2_5324.jpg,dr_2_5324.jpg,Nagabandham Augmented,confidence_0.2,133.1901128933902,143.47400015548232,61.734586607715485,95.52583288317379,82.5742638885591,79.11505784687085,55.006377538459134,101.20738696591556,0.2836509334310568,0.12624366320796251,0.5014193805062548,0.5289317158624168,46.20100942745643,3.4592060416882475,10.283887262092122,33.791246275458306
/content/drive/MyDrive/Bharatanatyam_Digital_Twin/dataset/posture_images/extracted/new_Dataset/Nagabandham Augmented/dr_2_5510.jpg,dr_2_5510.jpg,Nagabandham Augmented,confidence_0.2,102.11792745799977,83.00595423650667,46.867530948183244,68.69735707360707,107.24373880744974,136.33628278121978,140.07078706042185,118.78747813499542,0.2136236721316836,0.10908170189631396,0.22126914511145632,0.39188733541788123,21.283308925426425,29.092543973770034,19.111973221493102,21.82982612542382
/content/drive/MyDrive/Bharatanatyam_Digital_Twin/dataset/posture_images/extracted/new_Dataset/Nagabandham Augmented/dr_2_5667.jpg,dr_2_5667.jpg,Nagabandham Augmented,confidence_0.2,124.68047196293777,103.56867680471127,79.70288784885699,85.11674849242674,92.8869108850959,74.57545743905408,117.87449334711421,27.799169556360344,0.19436721567019694,0.10859252205489092,0.5323135825796835,0.3105025230036653,90.07532379075387,18.311453446041824,21.1117951582265,5.413860643569748
/content/drive/MyDrive/Bharatanatyam_Digital_Twin/dataset/posture_images/extracted/new_Dataset/Nagabandham Augmented/dr_2_5912.jpg,dr_2_5912.jpg,Nagabandham Augmented,confidence_0.2,100.60826284945556,86.34518640681573,26.81090711525015,70.247737628045,116.35866057634023,124.35178908423299,55.79308061026728,42.5065865857369,0.2246328330222758,0.13397633263233277,0.24790220087884887,0.09161863786460304,13.286494024530384,7.993128507892763,14.263076442639829,43.436830512794856
/content/drive/MyDrive/Bharatanatyam_Digital_Twin/dataset/posture_images/extracted/new_Dataset/Nagabandham Augmented/dr_2_5955.jpg,dr_2_5955.jpg,Nagabandham Augmented,confidence_0.2,117.93195054220116,87.95101006256854,60.397601368221316,72.25879770186582,87.61445247147427,78.392434839904,100.08165923806372,25.465748588164345,0.23510849319421848,0.14909676924101664,0.5062925669209289,0.2877877766823328,74.61591064989938,9.222017631570267,29.980940479632622,11.8611963336445
/content/drive/MyDrive/Bharatanatyam_Digital_Twin/dataset/posture_images/extracted/new_Dataset/Nagabandham Augmented/dr_2_6057.jpg,dr_2_6057.jpg,Nagabandham Augmented,confidence_0.2,110.88260009469784,96.37538937798473,74.75610514705224,86.64496848482811,91.43667427018426,68.92271808670831,74.67099427775642,32.0260769508174,0.24578791293982016,0.13989744200911394,0.4221986011358229,0.2820282300517969,42.64491732693902,22.51395618347594,14.507210716713104,11.888863337775874
/content/drive/MyDrive/Bharatanatyam_Digital_Twin/dataset/posture_images/extracted/new_Dataset/Nagabandham Augmented/dr_2_6734.jpg,dr_2_6734.jpg,Nagabandham Augmented,confidence_0.2,85.37701598056161,123.12435159151269,72.4498843372389,63.40512387843674,109.08526371268327,97.98698037843401,57.63050928244404,117.2933579176876,0.21300345450390043,0.10660619836969523,0.3040297646840005,0.28088860157544476,59.66284863524356,11.09828333424926,37.74733561095108,9.044760458802159
/content/drive/MyDrive/Bharatanatyam_Digital_Twin/dataset/posture_images/extracted/new_Dataset/Nagabandham Augmented/dr_2_7168.jpg,dr_2_7168.jpg,Nagabandham Augmented,confidence_0.2,115.48286735799375,127.11392173216747,55.20124601837826,66.41535773030027,88.76320180409729,55.89033512306404,106.21792298007891,50.909859099215616,0.2142771881217659,0.0849298488729709,0.14286422883737587,0.09577190615234514,55.308063880863294,32.87286668103325,11.631054374173715,11.214111711922016
/content/drive/MyDrive/Bharatanatyam_Digital_Twin/dataset/posture_images/extracted/new_Dataset/Nagabandham Augmented/dr_2_7229.jpg,dr_2_7229.jpg,Nagabandham Augmented,confidence_0.2,127.09491384501378,112.26038932750541,75.94239137548819,88.8441526871638,97.53322138645503,74.2315485777058,130.4358083804983,29.701764615784647,0.18930886126062582,0.14436015030778002,0.6103699708690228,0.37285800582164647,100.73404376471365,23.30167280874923,14.83452451750837,12.901761311675614
/content/drive/MyDrive/Bharatanatyam_Digital_Twin/dataset/posture_images/extracted/new_Dataset/Nagabandham Augmented/dr_2_7460.jpg,dr_2_7460.jpg,Nagabandham Augmented,confidence_0.2,123.04704363300162,114.06207240202953,69.18202791327765,87.27027834151626,118.30732163889213,83.18575526912453,150.06570435907506,30.28491490314087,0.18787770319996464,0.13092002991517473,0.6109951448341936,0.3974175266762963,119.78078945593418,35.121566369767606,8.984971230972093,18.08825042823861
/content/drive/MyDrive/Bharatanatyam_Digital_Twin/dataset/posture_images/extracted/new_Dataset/Nagabandham Augmented/dr_2_748.jpg,dr_2_748.jpg,Nagabandham Augmented,confidence_0.2,109.87368912961966,101.63984695745005,63.4330656212682,90.47617600639732,88.4682204654964,96.60049731992729,127.66744620660563,69.04195640021508,0.19037828791870245,0.0977487763021198,0.21144937118357607,0.3334014512724512,58.62548980639055,8.132276854430884,8.233842172169616,27.043110385129125
/content/drive/MyDrive/Bharatanatyam_Digital_Twin/dataset/posture_images/extracted/new_Dataset/Nagabandham Augmented/dr_2_7480.jpg,dr_2_7480.jpg,Nagabandham Augmented,confidence_0.2,123.77518795059682,121.49596462334623,65.88663626866393,86.6061916434097,99.63204275175643,87.07610792568602,125.17101963804531,42.66802061371587,0.23367714890776442,0.12079716785304892,0.4277004313925095,0.29699660623820995,82.50299902432944,12.555934826070413,2.279223327250591,20.719555374745767
/content/drive/MyDrive/Bharatanatyam_Digital_Twin/dataset/posture_images/extracted/new_Dataset/Nagabandham Augmented/dr_2_7780.jpg,dr_2_7780.jpg,Nagabandham Augmented,confidence_0.2,109.66848480325172,86.57881457185154,44.020276219059426,70.80952028870236,80.8712315144681,88.38664543644842,69.83354199261774,46.28334854446786,0.236593233756207,0.14615128244669767,0.23408316573686083,0.12213822019616478,23.550193448149876,7.515413921980311,23.089670231400177,26.789244069642933
/content/drive/MyDrive/Bharatanatyam_Digital_Twin/dataset/posture_images/extracted/new_Dataset/Nagabandham Augmented/dr_2_7820.jpg,dr_2_7820.jpg,Nagabandham Augmented,confidence_0.2,89.71306457900982,122.00927682029923,67.9690491590051,32.032782100100036,171.32287233697895,143.0201799142983,86.23621944567577,106.21002778359092,0.2269897456051755,0.1250233753559022,0.18018860953222016,0.24157377916162528,19.973808337915145,28.30269242268065,32.29621224128941,35.93626705890506
/content/drive/MyDrive/Bharatanatyam_Digital_Twin/dataset/posture_images/extracted/new_Dataset/Nagabandham Augmented/dr_2_8052.jpg,dr_2_8052.jpg,Nagabandham Augmented,confidence_0.2,105.06110614847096,100.12022333335665,40.41533298587101,74.27125275134627,105.6505941706406,100.98926148346152,94.06768978083473,53.67381201825381,0.21766701322203483,0.13884741632031286,0.37420946755212353,0.2621385229388265,40.393877762580914,4.661332687179083,4.940882815114307,33.85591976547526
/content/drive/MyDrive/Bharatanatyam_Digital_Twin/dataset/posture_images/extracted/new_Dataset/Nagabandham Augmented/dr_2_8285.jpg,dr_2_8285.jpg,Nagabandham Augmented,confidence_0.2,115.2272662635151,131.88931350237604,73.50343969885778,58.770388203531965,111.47745626617396,87.5738281615211,66.70678843297637,91.89612257714302,0.21183729345260396,0.11843851248221796,0.20309328287959702,0.2654287206577603,25.18933414416665,23.903628104652853,16.662047238860936,14.73305149532581
/content/drive/MyDrive/Bharatanatyam_Digital_Twin/dataset/posture_images/extracted/new_Dataset/Nagabandham Augmented/dr_2_9169.jpg,dr_2_9169.jpg,Nagabandham Augmented,confidence_0.2,100.77288223502164,135.10424604812042,77.35294896388264,59.74757690980491,138.89382190314603,112.60031230663544,73.01567367648977,133.6697424496445,0.20287564302772873,0.10335527138526596,0.24463095825761344,0.2757506294131778,60.654068773154734,26.29350959651059,34.331363813098775,17.605372054077726
/content/drive/MyDrive/Bharatanatyam_Digital_Twin/dataset/posture_images/extracted/new_Dataset/Nagabandham Augmented/dr_2_9246.jpg,dr_2_9246.jpg,Nagabandham Augmented,confidence_0.2,103.12648175509452,108.43143446017486,59.07087274614788,83.69464156363112,173.40661706989275,171.43143071953688,173.5451417502703,171.44858366920778,0.10805049120375136,0.06028610922703263,0.11914614262873345,0.1404094795479908,2.0965580810625113,1.9751863503558695,5.304952705080339,24.623768817483246
/content/drive/MyDrive/Bharatanatyam_Digital_Twin/dataset/posture_images/extracted/new_Dataset/Nagabandham Augmented/dr_2_9315.jpg,dr_2_9315.jpg,Nagabandham Augmented,confidence_0.2,129.20141789216942,116.15312909476341,78.95849049578906,84.771790072,95.1075139754206,80.10417188374731,130.47319975877167,29.23006649944414,0.21353175395528848,0.131804977051681,0.6885524611671946,0.43633758805448647,101.24313325932754,15.00334209167329,13.048288797406002,5.813299576210937
/content/drive/MyDrive/Bharatanatyam_Digital_Twin/dataset/posture_images/extracted/new_Dataset/Nagabandham Augmented/dr_2_933.jpg,dr_2_933.jpg,Nagabandham Augmented,confidence_0.2,99.35634661273583,128.90666288740897,73.87399402231209,49.72238717851774,114.61489207377038,90.61723775612448,67.89878155729551,82.07717563345018,0.1888865398608956,0.10098109989559764,0.15821068276567893,0.20003832461892906,14.178394076154675,23.997654317645896,29.550316274673136,24.151606843794347
/content/drive/MyDrive/Bharatanatyam_Digital_Twin/dataset/posture_images/extracted/new_Dataset/Nagabandham Augmented/dr_2_9344.jpg,dr_2_9344.jpg,Nagabandham Augmented,confidence_0.2,118.64964025498064,98.91447753346306,44.5668797894897,63.35972150033726,99.91760853617676,91.93581636390569,146.31796614044546,48.189188166010055,0.196814082152819,0.13039549977088657,0.5893485354577899,0.45499560277929557,98.12877797443541,7.981792172271071,19.735162721517582,18.79284171084756
/content/drive/MyDrive/Bharatanatyam_Digital_Twin/dataset/posture_images/extracted/new_Dataset/Nagabandham Augmented/dr_2_9464.jpg,dr_2_9464.jpg,Nagabandham Augmented,confidence_0.2,107.48031226604817,138.63282388634235,98.88660805895759,96.5215675537633,77.99355820334729,85.52442310584422,44.82423025798339,131.7122856187186,0.2221184653218411,0.12857659569086433,0.4354793299033081,0.331634089225941,86.88805536073521,7.53086490249693,31.152511620294177,2.365040505194287
/content/drive/MyDrive/Bharatanatyam_Digital_Twin/dataset/posture_images/extracted/new_Dataset/Nagabandham Augmented/dr_2_9677.jpg,dr_2_9677.jpg,Nagabandham Augmented,confidence_0.2,116.12924871487648,109.47667247946087,51.02240034789947,30.30269770832586,110.43641711326948,73.80256416101726,137.63248354597349,13.054038739872745,0.1835062178404465,0.114107228852166,0.13510436786816812,0.07561286823887886,124.57844480610075,36.63385295225223,6.652576235415609,20.71970263957361
/content/drive/MyDrive/Bharatanatyam_Digital_Twin/dataset/posture_images/extracted/new_Dataset/Nagabandham Augmented/dr_2_9774.jpg,dr_2_9774.jpg,Nagabandham Augmented,confidence_0.2,123.72351706882321,110.81952137783124,78.21142714746036,94.51824867032701,93.13214018267385,67.42812303770592,132.94519479493886,32.894289169063164,0.2055336659665927,0.12499407565300272,0.5969444493143243,0.3660186100000355,100.05090562587569,25.704017144967935,12.903995690991977,16.306821522866656
/content/drive/MyDrive/Bharatanatyam_Digital_Twin/dataset/posture_images/extracted/new_Dataset/Nagabandham Augmented/dr_2_9874.jpg,dr_2_9874.jpg,Nagabandham Augmented,confidence_0.2,142.2664173972984,116.12801503531804,60.669129647335836,65.83929274015306,103.61997510009915,116.4184188999373,157.11648917520054,36.87499118554705,0.20662143631883909,0.16694191022811233,0.7432978005165805,0.5593957762087906,120.24149798965348,12.79844379983814,26.138402361980354,5.170163092817219
/content/drive/MyDrive/Bharatanatyam_Digital_Twin/dataset/posture_images/extracted/new_Dataset/Nagabandham Augmented/dr_3_1030.jpg,dr_3_1030.jpg,Nagabandham Augmented,confidence_0.2,96.19318609029544,124.29172349588829,35.6445482778542,59.831681169367,172.01798719700002,164.53905613526544,126.47058835658609,135.16761339988568,0.06049875662560907,0.0468772892565001,0.05106025717886907,0.037599522810858335,8.69702504329959,7.478931061734585,28.09853740559285,24.187132891512803
/content/drive/MyDrive/Bharatanatyam_Digital_Twin/dataset/posture_images/extracted/new_Dataset/Nagabandham Augmented/dr_3_1100.jpg,dr_3_1100.jpg,Nagabandham Augmented,confidence_0.2,112.48462816340377,133.80327089591705,74.0202311228687,48.98569482318487,104.66701503320367,90.55021819368461,61.836504407382364,77.91319820795823,0.19808346771394938,0.13568521913704032,0.19576487201437287,0.19684370319201744,16.076693800575867,14.116796839519054,21.318642732513283,25.034536299683822
/content/drive/MyDrive/Bharatanatyam_Digital_Twin/dataset/posture_images/extracted/new_Dataset/Nagabandham Augmented/dr_3_1335.jpg,dr_3_1335.jpg,Nagabandham Augmented,confidence_0.2,121.31866171633571,95.69193258228228,70.5385762108981,77.43142866930131,101.98185590701863,74.9481018635437,132.2934383354114,43.90912817521573,0.22836281794694485,0.19977487360328045,0.6420152125125899,0.5020203738403773,88.38431016019567,27.03375404347493,25.626729134053434,6.892852458403212
/content/drive/MyDrive/Bharatanatyam_Digital_Twin/dataset/posture_images/extracted/new_Dataset/Nagabandham Augmented/dr_3_1383.jpg,dr_3_1383.jpg,Nagabandham Augmented,confidence_0.2,61.848265857491526,103.64389416631255,50.64058344805874,80.3905673533659,166.84832740129335,172.990463221203,174.33810660308225,172.23176619119621,0.16784932744458506,0.09811836925241885,0.2076153095717579,0.22733684216709962,2.1063404118860376,6.14213581990964,41.79562830882102,29.749983905307154
/content/drive/MyDrive/Bharatanatyam_Digital_Twin/dataset/posture_images/extracted/new_Dataset/Nagabandham Augmented/dr_3_1527.jpg,dr_3_1527.jpg,Nagabandham Augmented,confidence_0.2,92.68933228779572,118.04614287681605,77.44604899128962,79.90749969736792,165.84940864358893,171.76977880662574,166.44671890525942,163.89171933249028,0.17981587089633785,0.12992426292208134,0.30986329532033174,0.24479907164767467,2.554999572769134,5.920370163036807,25.356810589020327,2.4614507060783097
/content/drive/MyDrive/Bharatanatyam_Digital_Twin/dataset/posture_images/extracted/new_Dataset/Nagabandham Augmented/dr_3_1822.jpg,dr_3_1822.jpg,Nagabandham Augmented,confidence_0.2,107.3126533192442,127.47289635567363,55.50263613507577,10.518690395255254,133.6953664691781,116.67742293247836,108.57891578122873,80.44823057399657,0.21717302845504272,0.14679873430117765,0.13934619323204117,0.13304346096924446,28.130685207232162,17.017943536699747,20.16024303642942,44.98394573982051
/content/drive/MyDrive/Bharatanatyam_Digital_Twin/dataset/posture_images/extracted/new_Dataset/Nagabandham Augmented/dr_3_1851.jpg,dr_3_1851.jpg,Nagabandham Augmented,confidence_0.2,94.94992122152941,125.88663652406757,28.45956217645448,62.62430482527682,164.4663038587808,161.93223734794807,174.738134631284,173.99598663428475,0.025714937141895187,0.018299004433101753,0.029151247623226476,0.011788745156306284,0.7421479969992504,2.53406651083273,30.93671530253816,34.16474264882234
/content/drive/MyDrive/Bharatanatyam_Digital_Twin/dataset/posture_images/extracted/new_Dataset/Nagabandham Augmented/dr_3_2163.jpg,dr_3_2163.jpg,Nagabandham Augmented,confidence_0.2,122.79920641953576,144.75909912745885,56.69991604800762,79.91669013621177,35.567870918633844,54.45052632680113,90.83731482761236,38.03904123558627,0.22051629435692835,0.1351326076709084,0.10506299536586441,0.22793532072712588,52.79827359202609,18.882655408167288,21.95989270792309,23.216774088204147
/content/drive/MyDrive/Bharatanatyam_Digital_Twin/dataset/posture_images/extracted/new_Dataset/Nagabandham Augmented/dr_3_2724.jpg,dr_3_2724.jpg,Nagabandham Augmented,confidence_0.2,119.40242103790771,100.31371230099623,76.39061844054477,97.51122996426142,97.09591113398088,124.09997484755846,121.95298267455301,94.1232014261558,0.3023475811542417,0.23412875772335523,0.254701498753842,0.32637735469500784,27.82978124839721,27.00406371357758,19.088708736911485,21.120611523716647
/content/drive/MyDrive/Bharatanatyam_Digital_Twin/dataset/posture_images/extracted/new_Dataset/Nagabandham Augmented/dr_3_2888.jpg,dr_3_2888.jpg,Nagabandham Augmented,confidence_0.2,136.71744799950164,87.03669549565188,90.75630535779563,82.96169348608441,55.95397520981155,66.33343651969629,76.26410109128638,25.9671126280262,0.2358452373586022,0.19540997757044673,0.42042734249919866,0.28002763047094464,50.29698846326018,10.37946130988474,49.68075250384976,7.794611871711211
/content/drive/MyDrive/Bharatanatyam_Digital_Twin/dataset/posture_images/extracted/new_Dataset/Nagabandham Augmented/dr_3_2964.jpg,dr_3_2964.jpg,Nagabandham Augmented,confidence_0.2,122.8295114807662,134.16526845532564,78.27910247527122,81.85487747811258,101.49760350081573,83.15207185995509,103.54325154918163,63.862989413970574,0.17157652145943292,0.12527782504505672,0.21217986148955478,0.0703883838484672,39.68026213521106,18.345531640860642,11.335756974559445,3.575775002841368
/content/drive/MyDrive/Bharatanatyam_Digital_Twin/dataset/posture_images/extracted/new_Dataset/Nagabandham Augmented/dr_3_3033.jpg,dr_3_3033.jpg,Nagabandham Augmented,confidence_0.2,93.07920978899419,116.88713650704472,32.239060688175144,77.6490311599556,147.82272084615073,135.11759337049037,141.17337099248033,118.21597007652042,0.06241878744535098,0.03603699369605908,0.04957814309637552,0.03176132338326954,22.95740091595991,12.705127475660362,23.807926718050524,45.409970471780454
/content/drive/MyDrive/Bharatanatyam_Digital_Twin/dataset/posture_images/extracted/new_Dataset/Nagabandham Augmented/dr_3_3211.jpg,dr_3_3211.jpg,Nagabandham Augmented,confidence_0.2,93.80814902653549,75.65532515018035,59.62443596986836,64.0180484753556,97.76470510625451,84.35587143564092,117.45438230272369,67.21164774515327,0.24091168184695697,0.1855015705105154,0.341416390130656,0.3087708835084184,50.242734557570415,13.408833670613589,18.152823876355143,4.393612505487241
/content/drive/MyDrive/Bharatanatyam_Digital_Twin/dataset/posture_images/extracted/new_Dataset/Nagabandham Augmented/dr_3_3256.jpg,dr_3_3256.jpg,Nagabandham Augmented,confidence_0.2,122.84534398368585,139.7373217538178,86.28167571450126,65.74324768824471,90.31501641232582,81.52388773550476,31.36294061138888,35.813245371598654,0.2772110786932815,0.19315908824161107,0.22238666861311926,0.10734849180369889,4.450304760209775,8.79112867682106,16.89197777013196,20.538428026256554
/content/drive/MyDrive/Bharatanatyam_Digital_Twin/dataset/posture_images/extracted/new_Dataset/Nagabandham Augmented/dr_3_3291.jpg,dr_3_3291.jpg,Nagabandham Augmented,confidence_0.2,142.84303626236166,144.827910476621,38.82991207056524,58.627371937291024,143.92500380814906,129.52711540417434,135.10456821318934,134.16876542573408,0.05029833833328492,0.044022911184464754,0.08240376289387702,0.018988134914725327,0.935802787455259,14.397888403974719,1.9848742142593494,19.79745986672578
/content/drive/MyDrive/Bharatanatyam_Digital_Twin/dataset/posture_images/extracted/new_Dataset/Nagabandham Augmented/dr_3_3298.jpg,dr_3_3298.jpg,Nagabandham Augmented,confidence_0.2,104.50186136609632,140.55069407615198,23.1025254701618,59.63752066865348,135.3138157569265,139.89041680513517,126.58441090083733,138.33236958920963,0.02392794190736735,0.024729372635734412,0.026772416414853943,0.03345721523069596,11.747958688372307,4.576601048208687,36.04883271005566,36.53499519849168
/content/drive/MyDrive/Bharatanatyam_Digital_Twin/dataset/posture_images/extracted/new_Dataset/Nagabandham Augmented/dr_3_3596.jpg,dr_3_3596.jpg,Nagabandham Augmented,confidence_0.2,110.86720444030095,92.87376656383336,33.54390416789895,69.86695581436686,101.93111132874266,99.4707619268438,123.3504051100069,41.052440300062464,0.30199332936020207,0.2655047048455748,0.563607133367966,0.3815748628328451,82.29796480994443,2.4603494018988528,17.993437876467596,36.32305164646791
/content/drive/MyDrive/Bharatanatyam_Digital_Twin/dataset/posture_images/extracted/new_Dataset/Nagabandham Augmented/dr_3_3931.jpg,dr_3_3931.jpg,Nagabandham Augmented,confidence_0.2,150.93754264014933,141.190062931101,80.74950157935722,53.64572070928692,177.96994261254062,160.6458945437638,175.89940964033968,168.9297044462037,0.16136490730205802,0.10193777923490246,0.09317179677424063,0.09868684731926092,6.969705194135997,17.32404806877682,9.74747970904832,27.103780870070295
/content/drive/MyDrive/Bharatanatyam_Digital_Twin/dataset/posture_images/extracted/new_Dataset/Nagabandham Augmented/dr_3_3963.jpg,dr_3_3963.jpg,Nagabandham Augmented,confidence_0.2,143.34260528045772,113.69722070971487,81.62394366722427,46.49790676340179,171.78763354986944,168.34661483991914,170.6862329397795,177.669777424019,0.15280713995140605,0.10799888557667259,0.14341640194125738,0.1661943456257637,6.983544484239502,3.441018709950299,29.64538457074285,35.12603690382248
/content/drive/MyDrive/Bharatanatyam_Digital_Twin/dataset/posture_images/extracted/new_Dataset/Nagabandham Augmented/dr_3_4075.jpg,dr_3_4075.jpg,Nagabandham Augmented,confidence_0.2,90.76742462337045,90.74771020037876,29.564797905955967,51.51024103386571,61.94317461256026,73.85809047532399,52.691509837532244,48.71637990934167,0.24200322603730134,0.22217491078028972,0.28586387758449794,0.1633043954804845,3.975129928190576,11.914915862763728,0.019714422991683023,21.945443127909744
/content/drive/MyDrive/Bharatanatyam_Digital_Twin/dataset/posture_images/extracted/new_Dataset/Nagabandham Augmented/dr_3_4169.jpg,dr_3_4169.jpg,Nagabandham Augmented,confidence_0.2,120.00969629342951,85.45049071266563,52.68521099588917,72.23496632925247,71.0227297338786,74.96754364969327,75.63540571695997,44.149531415757316,0.22870440669413752,0.16772303857153684,0.21250561023655162,0.110394816863013,31.48587430120265,3.944813915814663,34.55920558076389,19.5497553333633
/content/drive/MyDrive/Bharatanatyam_Digital_Twin/dataset/posture_images/extracted/new_Dataset/Nagabandham Augmented/dr_3_4636.jpg,dr_3_4636.jpg,Nagabandham Augmented,confidence_0.2,106.72997801376364,124.56542904466052,92.63789331824887,84.27372902986164,78.08188635609513,88.0182131742463,37.28925702081175,60.90815869249641,0.2264992028408039,0.14611785709797984,0.2748149246300139,0.19369441279791966,23.618901671684654,9.936326818151173,17.835451030896877,8.36416428838723
/content/drive/MyDrive/Bharatanatyam_Digital_Twin/dataset/posture_images/extracted/new_Dataset/Nagabandham Augmented/dr_3_4835.jpg,dr_3_4835.jpg,Nagabandham Augmented,confidence_0.2,110.78385865148697,129.70568405169547,68.4896767583214,55.00022633222823,133.06433016836047,109.27715584452989,86.06364932616953,122.7347782696307,0.22134504687441828,0.18222287531782652,0.31542015493401965,0.3613156070746217,36.67112894346117,23.787174323830584,18.921825400208505,13.489450426093164
/content/drive/MyDrive/Bharatanatyam_Digital_Twin/dataset/posture_images/extracted/new_Dataset/Nagabandham Augmented/dr_3_5118.jpg,dr_3_5118.jpg,Nagabandham Augmented,confidence_0.2,131.98379062629482,97.28667045885739,106.7558548996887,97.92245434495061,51.565339169078975,51.45091533027438,55.832050808476936,32.36543470100739,0.18309381961218768,0.1413303314585788,0.28463171428968953,0.12090798891597486,23.466616107469548,0.11442383880459772,34.69712016743743,8.833400554738091
/content/drive/MyDrive/Bharatanatyam_Digital_Twin/dataset/posture_images/extracted/new_Dataset/Nagabandham Augmented/dr_3_5288.jpg,dr_3_5288.jpg,Nagabandham Augmented,confidence_0.2,118.29842280907368,124.40039775107327,52.84526633862127,21.59186307065765,129.6525635884093,117.33791253033395,100.16846251951804,92.7949568670104,0.17368630024148382,0.09229337573077796,0.16431066619346263,0.14466042772261395,7.373505652507646,12.314651058075341,6.101974941999586,31.253403267963623
/content/drive/MyDrive/Bharatanatyam_Digital_Twin/dataset/posture_images/extracted/new_Dataset/Nagabandham Augmented/dr_3_554.jpg,dr_3_554.jpg,Nagabandham Augmented,confidence_0.2,123.09448543450875,139.59681653443977,73.15421626849567,75.38699079210497,165.63179190095087,115.12547593715482,141.0931530737393,130.25409865576202,0.12082749498533463,0.05690608627012836,0.06095838674824079,0.11149792240514239,10.83905441797728,50.506315963796055,16.502331099931013,2.2327745236092937
/content/drive/MyDrive/Bharatanatyam_Digital_Twin/dataset/posture_images/extracted/new_Dataset/Nagabandham Augmented/dr_3_5561.jpg,dr_3_5561.jpg,Nagabandham Augmented,confidence_0.2,108.04680109916967,95.4574007041614,48.86716488059443,59.80936871515478,83.31583187929876,85.75763119480479,71.88159720024487,42.113009991117515,0.20802234968564634,0.16891038504951886,0.32076895253116766,0.19254531948878548,29.768587209127354,2.4417993155060316,12.58940039500827,10.942203834560353
/content/drive/MyDrive/Bharatanatyam_Digital_Twin/dataset/posture_images/extracted/new_Dataset/Nagabandham Augmented/dr_3_5690.jpg,dr_3_5690.jpg,Nagabandham Augmented,confidence_0.2,142.20231958236653,128.56523954048927,64.9432490336735,57.91425711465172,148.30846184012358,146.7337726817942,177.2906313167249,160.65711907906572,0.11077230136461688,0.060105050079994594,0.07128174814432668,0.10062687670949909,16.633512237659176,1.5746891583293916,13.637080041877255,7.028991919021777
/content/drive/MyDrive/Bharatanatyam_Digital_Twin/dataset/posture_images/extracted/new_Dataset/Nagabandham Augmented/dr_3_5815.jpg,dr_3_5815.jpg,Nagabandham Augmented,confidence_0.2,115.64328920455253,120.05332338385573,54.193499641269284,20.719555491273496,127.24035129983014,101.04152234509829,80.13143368654687,74.10220175013376,0.22132785558542206,0.13231504724171464,0.19087646339291184,0.29167749362875134,6.029231936413112,26.19882895473185,4.410034179303196,33.47394414999579
/content/drive/MyDrive/Bharatanatyam_Digital_Twin/dataset/posture_images/extracted/new_Dataset/Nagabandham Augmented/dr_3_6337.jpg,dr_3_6337.jpg,Nagabandham Augmented,confidence_0.2,117.9091748378784,89.16815369341565,59.30236243247372,78.79363749766088,74.69011176544939,79.7478143251893,64.90481257437162,44.24187197994226,0.25306058166795914,0.21618868772840513,0.3266216559070565,0.18974552162950764,20.662940594429358,5.057702559739909,28.74102114446275,19.49127506518716
/content/drive/MyDrive/Bharatanatyam_Digital_Twin/dataset/posture_images/extracted/new_Dataset/Nagabandham Augmented/dr_3_653.jpg,dr_3_653.jpg,Nagabandham Augmented,confidence_0.2,149.3618531294079,158.826062418572,28.618555336910767,27.511526661905393,150.84307020692188,165.68881481485795,45.34730665770542,38.89653186693513,0.28512491314036736,0.18120566689642195,0.26561184358582696,0.3770663733391899,6.450774790770289,14.84574460793607,9.464209289164103,1.107028675005374
/content/drive/MyDrive/Bharatanatyam_Digital_Twin/dataset/posture_images/extracted/new_Dataset/Nagabandham Augmented/dr_3_6556.jpg,dr_3_6556.jpg,Nagabandham Augmented,confidence_0.2,100.80285333165503,98.6612263639281,80.79395933819247,41.50840558078145,112.5066971769041,107.83561768148435,76.59110668213125,124.36999050129299,0.20230163412419772,0.1337028637121471,0.3442426663029043,0.3151934607986276,47.778883819161734,4.671079495419747,2.1416269677269355,39.285553757411016
/content/drive/MyDrive/Bharatanatyam_Digital_Twin/dataset/posture_images/extracted/new_Dataset/Nagabandham Augmented/dr_3_6723.jpg,dr_3_6723.jpg,Nagabandham Augmented,confidence_0.2,105.46387319097046,144.75416738337677,53.59437215873986,72.61818596606217,157.63117171515438,158.27550308875448,169.4982447770658,159.07563281433295,0.19483797428159608,0.13849712501388442,0.3855867880944145,0.36442608909220586,10.422611962732844,0.644331373600096,39.29029419240631,19.023813807322313
/content/drive/MyDrive/Bharatanatyam_Digital_Twin/dataset/posture_images/extracted/new_Dataset/Nagabandham Augmented/dr_3_6905.jpg,dr_3_6905.jpg,Nagabandham Augmented,confidence_0.2,131.5928759058196,141.52440064671697,28.659879932029963,119.40843192911102,156.62891098440383,162.50539567618637,168.58765388220814,139.40947148242063,0.24202244728873917,0.17756253109666176,0.347735116613302,0.39763935378621157,29.178182399787516,5.876484691782537,9.931524740897373,90.74855199708105
/content/drive/MyDrive/Bharatanatyam_Digital_Twin/dataset/posture_images/extracted/new_Dataset/Nagabandham Augmented/dr_3_7172.jpg,dr_3_7172.jpg,Nagabandham Augmented,confidence_0.2,113.0217013114287,122.1093644277946,99.72382620866637,97.39503263111423,53.60947464734043,42.30336042874616,60.83635918159639,50.62176864694381,0.15599260148969543,0.07618845312210605,0.15490931635367997,0.12673502219200797,10.21459053465258,11.306114218594267,9.087663116365903,2.3287935775521333
/content/drive/MyDrive/Bharatanatyam_Digital_Twin/dataset/posture_images/extracted/new_Dataset/Nagabandham Augmented/dr_3_7821.jpg,dr_3_7821.jpg,Nagabandham Augmented,confidence_0.2,129.74699506146902,149.78083989445764,52.73258787476407,82.29709150409418,90.42136999801194,60.0601005601108,97.86775227766448,61.97231689060967,0.19817086340821571,0.15891820008229574,0.2200483466602371,0.14177242493629377,35.89543538705481,30.361269437901143,20.03384483298862,29.564503629330112
/content/drive/MyDrive/Bharatanatyam_Digital_Twin/dataset/posture_images/extracted/new_Dataset/Nagabandham Augmented/dr_3_7957.jpg,dr_3_7957.jpg,Nagabandham Augmented,confidence_0.2,112.93744902324302,88.6795623896266,83.91944183030948,98.85916899499371,45.64082733647718,46.89353867339466,39.665243390404186,30.010548152841334,0.23817125926164945,0.17509728554564188,0.41492850291923367,0.3305922467343221,9.654695237562851,1.2527113369174785,24.257886633616423,14.939727164684228
/content/drive/MyDrive/Bharatanatyam_Digital_Twin/dataset/posture_images/extracted/new_Dataset/Nagabandham Augmented/dr_3_8477.jpg,dr_3_8477.jpg,Nagabandham Augmented,confidence_0.2,121.36649609472617,135.4050064045147,69.59651919879656,74.53222144765786,65.6921685171737,57.470430254670916,89.9434744001521,55.5097264383714,0.17810962234564556,0.09700821088783246,0.13542077341960573,0.10968166429110418,34.433747961780696,8.221738262502782,14.03851030978852,4.935702248861304
/content/drive/MyDrive/Bharatanatyam_Digital_Twin/dataset/posture_images/extracted/new_Dataset/Nagabandham Augmented/dr_3_8671.jpg,dr_3_8671.jpg,Nagabandham Augmented,confidence_0.2,97.57885546373012,117.00461734285567,54.36221445325399,13.800196672059423,172.09540075528827,154.04883494475325,98.03908957047702,98.26100604730702,0.19357436197343048,0.10245310711876704,0.11989738627610413,0.10728640609482917,0.22191647683000326,18.046565810535014,19.425761879125545,40.56201778119457
/content/drive/MyDrive/Bharatanatyam_Digital_Twin/dataset/posture_images/extracted/new_Dataset/Nagabandham Augmented/dr_3_8710.jpg,dr_3_8710.jpg,Nagabandham Augmented,confidence_0.2,123.14869691264954,81.45873248467193,65.71125683587208,74.35677715307942,97.09919075846045,85.55583442906608,131.1716134385886,44.56007407335018,0.2440802682389327,0.2088893148206523,0.5684778095488032,0.45226786533374397,86.61153936523841,11.54335632939437,41.689964427977614,8.645520317207342
/content/drive/MyDrive/Bharatanatyam_Digital_Twin/dataset/posture_images/extracted/new_Dataset/Nagabandham Augmented/dr_3_8852.jpg,dr_3_8852.jpg,Nagabandham Augmented,confidence_0.2,132.60456535129936,135.38864965943216,57.714182422420656,76.59457935923226,96.1681683906857,90.88752113822278,121.35935966684733,37.375187582630176,0.2580460691889564,0.222371421089634,1.019981465907751,0.9220970388701529,83.98417208421715,5.280647252462913,2.7840843081328046,18.8803969368116
/content/drive/MyDrive/Bharatanatyam_Digital_Twin/dataset/posture_images/extracted/new_Dataset/Nagabandham Augmented/dr_3_931.jpg,dr_3_931.jpg,Nagabandham Augmented,confidence_0.2,116.72606612996732,70.5706789697424,83.04065736389383,68.0751327410189,51.79277068830874,57.298138446854345,27.221330429367693,20.311635495373658,0.24481336900225595,0.18680348111081715,0.48108399966054416,0.1892264669216153,6.909694933994036,5.505367758545603,46.15538716022492,14.965524622874923
/content/drive/MyDrive/Bharatanatyam_Digital_Twin/dataset/posture_images/extracted/new_Dataset/Nagabandham Augmented/dr_3_9736.jpg,dr_3_9736.jpg,Nagabandham Augmented,confidence_0.2,127.50636603657367,102.63287702146573,95.45388234364276,96.90542328137964,89.43726536301793,68.15185103647302,78.76959096354247,32.566087950436746,0.277634768139791,0.24955732048664844,0.5169981748749835,0.3668477729330449,46.203503013105724,21.28541432654491,24.873489015107936,1.4515409377368798
/content/drive/MyDrive/Bharatanatyam_Digital_Twin/dataset/posture_images/extracted/new_Dataset/Nagabandham Augmented/dr_3_9841.jpg,dr_3_9841.jpg,Nagabandham Augmented,confidence_0.2,115.36162668677154,102.22602589874003,70.70041964505654,94.36174653802765,65.2722967820241,67.17624754650166,64.76298126247111,45.625738424276,0.2510317504629008,0.20867759702266084,0.3454876498847052,0.22665664396358706,19.137242838195114,1.9039507644775568,13.13560078803151,23.661326892971104
/content/drive/MyDrive/Bharatanatyam_Digital_Twin/dataset/posture_images/extracted/new_Dataset/Nagabandham Augmented/dr_3_9940.jpg,dr_3_9940.jpg,Nagabandham Augmented,confidence_0.2,133.30072440317605,102.56006658025144,94.32257986601012,90.05871575574936,59.31564586662853,63.14858733494073,68.21251369261448,40.724872316559626,0.21999082529572322,0.1857911015480066,0.49452386294835055,0.3874455507533974,27.487641376054853,3.8329414683121996,30.740657822924604,4.263864110260755
/content/drive/MyDrive/Bharatanatyam_Digital_Twin/dataset/posture_images/extracted/new_Dataset/Nagabandham Augmented/dr_4_1035.jpg,dr_4_1035.jpg,Nagabandham Augmented,confidence_0.2,106.82474534096096,106.9010661196991,87.34030987537528,73.41663471148613,73.69704223906669,67.86359608271698,61.7893644703999,44.04466217493407,0.23762164048726683,0.11997057798312076,0.22893005813093223,0.046820660436939374,17.744702295465835,5.833446156349709,0.07632077873813614,13.923675163889158
/content/drive/MyDrive/Bharatanatyam_Digital_Twin/dataset/posture_images/extracted/new_Dataset/Nagabandham Augmented/dr_4_1184.jpg,dr_4_1184.jpg,Nagabandham Augmented,confidence_0.2,99.46783564056102,136.1087929845967,81.57960228434162,72.08814489359088,173.74911931775904,173.59198096991392,175.57662488941014,175.59136904953382,0.15273944320822808,0.06420563770203278,0.06017415689367862,0.09032151771025972,0.014744160123683514,0.1571383478451196,36.640957344035684,9.491457390750739
/content/drive/MyDrive/Bharatanatyam_Digital_Twin/dataset/posture_images/extracted/new_Dataset/Nagabandham Augmented/dr_4_126.jpg,dr_4_126.jpg,Nagabandham Augmented,confidence_0.2,103.35429919571278,104.94997978969324,81.5525339907047,70.46927206107732,79.3744499436454,81.84513990153094,35.13804901226259,34.496084754949734,0.22516060704151084,0.12331009166912034,0.22869604443295402,0.13391477595907017,0.641964257312857,2.47068995788554,1.595680593980461,11.083261929627383
/content/drive/MyDrive/Bharatanatyam_Digital_Twin/dataset/posture_images/extracted/new_Dataset/Nagabandham Augmented/dr_4_1341.jpg,dr_4_1341.jpg,Nagabandham Augmented,confidence_0.2,131.21942039468144,144.49103556368294,86.81062105826199,97.22084681699923,75.7571789454587,59.57631153771636,16.231288696305082,79.73418833632151,0.2867177065908406,0.17781119677256113,0.5026863534196302,0.9012782940863201,63.50289964001642,16.180867407742348,13.271615169001507,10.41022575873724
/content/drive/MyDrive/Bharatanatyam_Digital_Twin/dataset/posture_images/extracted/new_Dataset/Nagabandham Augmented/dr_4_1511.jpg,dr_4_1511.jpg,Nagabandham Augmented,confidence_0.2,97.47947700733113,112.18458094095872,42.662216289393434,63.36790838908753,127.49289327065549,103.9158958157987,43.46864721481086,59.65038607284183,0.25963960846670714,0.17999613891156258,0.6745096027103534,0.8095175039077124,16.181738858030975,23.57699745485678,14.705103933627598,20.705692099694097
/content/drive/MyDrive/Bharatanatyam_Digital_Twin/dataset/posture_images/extracted/new_Dataset/Nagabandham Augmented/dr_4_1744.jpg,dr_4_1744.jpg,Nagabandham Augmented,confidence_0.2,89.99329480100731,68.18706206135768,35.01335811361896,60.80200640598375,137.99174018654514,124.8609265679396,37.81210515027857,70.71640228031588,0.220626475116291,0.14739288494895003,0.511314809602986,0.5927355547259685,32.90429713003731,13.130813618605544,21.80623273964963,25.788648292364783
/content/drive/MyDrive/Bharatanatyam_Digital_Twin/dataset/posture_images/extracted/new_Dataset/Nagabandham Augmented/dr_4_1749.jpg,dr_4_1749.jpg,Nagabandham Augmented,confidence_0.2,127.9016370679655,131.68494730494515,75.88740364165288,70.95141222715081,45.039084663577476,31.115148974190124,151.35664893134168,104.40418105628905,0.057144824882549176,0.05489645263831686,0.14810560014227978,0.1445692535309469,46.95246787505263,13.923935689387353,3.783310236979659,4.93599141450207
/content/drive/MyDrive/Bharatanatyam_Digital_Twin/dataset/posture_images/extracted/new_Dataset/Nagabandham Augmented/dr_4_2246.jpg,dr_4_2246.jpg,Nagabandham Augmented,confidence_0.2,109.94775210516352,90.17506004411037,70.89635131814624,89.55509793054,108.686088141081,85.02777488538806,46.480658467284755,65.87445721725031,0.19348110592284581,0.13221355627804487,0.4065607852748438,0.47121434741994594,19.393798749965555,23.658313255692946,19.77269206105315,18.658746612393756
/content/drive/MyDrive/Bharatanatyam_Digital_Twin/dataset/posture_images/extracted/new_Dataset/Nagabandham Augmented/dr_4_2297.jpg,dr_4_2297.jpg,Nagabandham Augmented,confidence_0.2,108.16583108948724,114.88104381560748,87.08553129902813,76.89425465087439,76.58107544316476,78.60852497188381,74.35122932879469,57.93335613769294,0.2233858904985772,0.11637639532692381,0.15862558348028635,0.14661078803320624,16.417873191101748,2.027449528719046,6.715212726120242,10.191276648153746
/content/drive/MyDrive/Bharatanatyam_Digital_Twin/dataset/posture_images/extracted/new_Dataset/Nagabandham Augmented/dr_4_232.jpg,dr_4_232.jpg,Nagabandham Augmented,confidence_0.2,68.93457491549191,94.29826239606905,60.14609421726301,49.58125575278266,97.10543260832225,98.46385119071871,40.26844457153281,39.360022543572896,0.2216568394421797,0.13250133858773736,0.19410058838970828,0.13664194519201667,0.9084220279599151,1.3584185823964674,25.36368748057714,10.564838464480353
/content/drive/MyDrive/Bharatanatyam_Digital_Twin/dataset/posture_images/extracted/new_Dataset/Nagabandham Augmented/dr_4_2344.jpg,dr_4_2344.jpg,Nagabandham Augmented,confidence_0.2,111.01953398397038,102.62810739950135,31.319807301305552,96.79171311059919,102.14634991637983,42.17521395465384,118.60603636393034,57.02395784642694,0.20012925355821087,0.16260357259457478,0.30526423962605775,0.2211719965666219,61.582078517503405,59.97113596172599,8.39142658446903,65.47190580929365
/content/drive/MyDrive/Bharatanatyam_Digital_Twin/dataset/posture_images/extracted/new_Dataset/Nagabandham Augmented/dr_4_2723.jpg,dr_4_2723.jpg,Nagabandham Augmented,confidence_0.2,71.09405514656018,63.73668171768889,27.0648003516478,64.95092622658572,134.04380428032053,138.34158623403536,62.92760767993163,83.76964797508485,0.26285484049097807,0.1884368094943009,0.25777411729280975,0.5104211524585763,20.842040295153218,4.297781953714832,7.357373428871291,37.88612587493792
/content/drive/MyDrive/Bharatanatyam_Digital_Twin/dataset/posture_images/extracted/new_Dataset/Nagabandham Augmented/dr_4_3193.jpg,dr_4_3193.jpg,Nagabandham Augmented,confidence_0.2,123.82676956564381,86.81865478447315,50.14728459137591,61.58865300711792,167.41761687302773,164.1628685946461,170.59485335826997,162.55326798292984,0.16161435170215277,0.09881451413304598,0.24800229852325154,0.2242512168810336,8.041585375340134,3.254748278381612,37.00811478117066,11.441368415742012
/content/drive/MyDrive/Bharatanatyam_Digital_Twin/dataset/posture_images/extracted/new_Dataset/Nagabandham Augmented/dr_4_3667.jpg,dr_4_3667.jpg,Nagabandham Augmented,confidence_0.2,80.85060728026656,79.26135387085726,60.36529439350618,31.674839747040167,132.9207770860119,105.74762176198976,78.96477564801235,52.57895951788757,0.2617924397602001,0.1591720588465923,0.2252510096410983,0.15330419996141864,26.38581613012478,27.173155324022133,1.5892534094092952,28.690454646466016
/content/drive/MyDrive/Bharatanatyam_Digital_Twin/dataset/posture_images/extracted/new_Dataset/Nagabandham Augmented/dr_4_450.jpg,dr_4_450.jpg,Nagabandham Augmented,confidence_0.2,101.91415042552538,79.96007312734164,69.69644703009527,85.13798626060264,117.59974637437101,97.7618841217361,49.31207647537991,73.18621827733655,0.20071548080989243,0.12094964453814905,0.41940231514155696,0.5900790328180046,23.87414180195664,19.837862252634906,21.954077298183734,15.441539230507374
/content/drive/MyDrive/Bharatanatyam_Digital_Twin/dataset/posture_images/extracted/new_Dataset/Nagabandham Augmented/dr_4_4643.jpg,dr_4_4643.jpg,Nagabandham Augmented,confidence_0.2,114.56902831006009,109.84900126312888,126.31840203839718,78.64988557674367,76.79433227798155,71.64179902314493,78.21710643122732,49.79820840300946,0.2138086328246624,0.11986378815082066,0.18299702470874088,0.2346924140309279,28.41889802821786,5.1525332548366265,4.720027046931207,47.66851646165351
/content/drive/MyDrive/Bharatanatyam_Digital_Twin/dataset/posture_images/extracted/new_Dataset/Nagabandham Augmented/dr_4_469.jpg,dr_4_469.jpg,Nagabandham Augmented,confidence_0.2,116.57082308644824,112.52509819541699,102.728897476667,96.48254857048286,50.3465393607097,63.32869287845152,52.9739247856707,28.565773709252138,0.25894544692373367,0.1585015386086406,0.6851833758251834,0.9142651586488937,24.40815107641856,12.982153517741821,4.045724891031256,6.246348906184139
/content/drive/MyDrive/Bharatanatyam_Digital_Twin/dataset/posture_images/extracted/new_Dataset/Nagabandham Augmented/dr_4_47.jpg,dr_4_47.jpg,Nagabandham Augmented,confidence_0.2,100.18472141792743,95.3184937802753,84.61403423154913,65.38596982495619,71.3786232275571,83.2697992651275,39.81444695658977,32.35785853410882,0.22635164417407044,0.1235527666995525,0.2673894639573083,0.3443141643134095,7.456588422480948,11.891176037570403,4.8662276376521305,19.228064406592935
/content/drive/MyDrive/Bharatanatyam_Digital_Twin/dataset/posture_images/extracted/new_Dataset/Nagabandham Augmented/dr_4_4845.jpg,dr_4_4845.jpg,Nagabandham Augmented,confidence_0.2,115.79284269861158,126.16110092810322,65.169508635304,70.44628910856837,95.51624004106242,83.28715036748078,33.59339567026375,72.85361578735886,0.26780114107035813,0.15987858198393695,0.6324782259798412,1.0483907972014666,39.26022011709511,12.22908967358164,10.368258229491644,5.276780473264367
/content/drive/MyDrive/Bharatanatyam_Digital_Twin/dataset/posture_images/extracted/new_Dataset/Nagabandham Augmented/dr_4_4851.jpg,dr_4_4851.jpg,Nagabandham Augmented,confidence_0.2,107.09741893668533,105.01351306139566,95.30018298305399,104.83004010496201,82.44910129289924,82.46675155439716,41.213306743159244,36.036855969079404,0.26062460550844596,0.15864113452741543,0.23607228812754208,0.11772142148827912,5.176450774079839,0.017650261497919928,2.0839058752896733,9.529857121908023
/content/drive/MyDrive/Bharatanatyam_Digital_Twin/dataset/posture_images/extracted/new_Dataset/Nagabandham Augmented/dr_4_5032.jpg,dr_4_5032.jpg,Nagabandham Augmented,confidence_0.2,110.32071395827785,125.95524055282148,28.469390800367897,48.063370565371606,153.7135300026847,169.62172134770904,71.82372739642202,100.70171572663162,0.28123228195696304,0.2146803315002175,0.2944964266258848,0.4984272206962383,28.877988330209604,15.908191345024335,15.63452659454363,19.59397976500371
/content/drive/MyDrive/Bharatanatyam_Digital_Twin/dataset/posture_images/extracted/new_Dataset/Nagabandham Augmented/dr_4_5571.jpg,dr_4_5571.jpg,Nagabandham Augmented,confidence_0.2,107.98364809670878,100.79814092306057,59.51029557992814,70.24885691182023,97.78632947920893,89.6994303377091,30.29278310041129,37.37014323417662,0.21373468324268907,0.1318836168409569,0.4546507213565397,0.4943809366031899,7.077360133765332,8.086899141499828,7.185507173648205,10.738561331892086
/content/drive/MyDrive/Bharatanatyam_Digital_Twin/dataset/posture_images/extracted/new_Dataset/Nagabandham Augmented/dr_4_5624.jpg,dr_4_5624.jpg,Nagabandham Augmented,confidence_0.2,99.66892893491459,105.28091049648155,67.51902534198041,42.62005592174546,108.29387178866213,119.88179188948024,39.01857314593154,35.318306499350605,0.23649691576333196,0.13650379773855054,0.3629605869776859,0.38297804341481717,3.7002666465809355,11.58792010081811,5.611981561566964,24.89896942023495
/content/drive/MyDrive/Bharatanatyam_Digital_Twin/dataset/posture_images/extracted/new_Dataset/Nagabandham Augmented/dr_4_5705.jpg,dr_4_5705.jpg,Nagabandham Augmented,confidence_0.2,104.62064120938405,105.30040188793815,68.98310218309672,44.372413343329114,98.63746288456038,115.17216830231682,67.01773179803614,26.08948056229477,0.2193018667302786,0.12079542432182794,0.3551021975777224,0.4603070131590731,40.92825123574137,16.53470541775644,0.6797606785541035,24.610688839767604
/content/drive/MyDrive/Bharatanatyam_Digital_Twin/dataset/posture_images/extracted/new_Dataset/Nagabandham Augmented/dr_4_6125.jpg,dr_4_6125.jpg,Nagabandham Augmented,confidence_0.2,100.8530172639169,64.5771410800143,31.715562463113717,64.38319255027037,151.221670953269,137.0281352108233,49.49135339020861,34.17350372829412,0.2140383046715825,0.14464931503485554,0.4778582381747909,0.3535767841401647,15.317849661914487,14.193535742445704,36.2758761839026,32.66763008715665
/content/drive/MyDrive/Bharatanatyam_Digital_Twin/dataset/posture_images/extracted/new_Dataset/Nagabandham Augmented/dr_4_6171.jpg,dr_4_6171.jpg,Nagabandham Augmented,confidence_0.2,95.06485659309406,91.74333797339061,71.68487102465942,103.67091140523314,92.69332497180355,62.157801572367134,117.95496980611489,67.64199847348205,0.20324001463401264,0.12230991704285872,0.1834439957924524,0.13918063722051902,50.31297133263284,30.535523399436414,3.321518619703454,31.986040380573726
/content/drive/MyDrive/Bharatanatyam_Digital_Twin/dataset/posture_images/extracted/new_Dataset/Nagabandham Augmented/dr_4_6198.jpg,dr_4_6198.jpg,Nagabandham Augmented,confidence_0.2,101.02214775572335,115.04080487088757,74.7475740342562,96.09177610730276,65.19988076487192,49.116478803043044,42.714414970690385,50.09412037241807,0.22470436124241044,0.1164613312378476,0.35149130196833456,0.48986190399182106,7.3797054017276835,16.083401961828876,14.018657115164217,21.34420207304656
/content/drive/MyDrive/Bharatanatyam_Digital_Twin/dataset/posture_images/extracted/new_Dataset/Nagabandham Augmented/dr_4_6450.jpg,dr_4_6450.jpg,Nagabandham Augmented,confidence_0.2,119.9877689799193,128.5193222153693,88.0466765374345,110.78145347968494,65.46855261514574,49.72022704182836,26.730091581247493,34.226297662693284,0.23717780355755316,0.1342176932742886,0.32961940650708715,0.19772544668754855,7.496206081445791,15.74832557331738,8.531553235450005,22.73477694225045
/content/drive/MyDrive/Bharatanatyam_Digital_Twin/dataset/posture_images/extracted/new_Dataset/Nagabandham Augmented/dr_4_6526.jpg,dr_4_6526.jpg,Nagabandham Augmented,confidence_0.2,106.13228899751242,114.61157140931324,55.287236567376766,33.989996654435345,115.4826767332226,126.69977089108428,77.48741394706578,22.687303367745432,0.21975277875622848,0.13186678905309454,0.30816562987144164,0.54581272574578,54.80011057932035,11.21709415786168,8.479282411800824,21.29723991294142
/content/drive/MyDrive/Bharatanatyam_Digital_Twin/dataset/posture_images/extracted/new_Dataset/Nagabandham Augmented/dr_4_6617.jpg,dr_4_6617.jpg,Nagabandham Augmented,confidence_0.2,119.63936210683357,126.88628696456632,81.67466798476886,89.94690468107571,85.4316862772149,69.31972686262515,32.75893401314918,78.38588271513031,0.24403614714040658,0.16216767766230253,0.6575853194989851,0.984437749165003,45.62694870198113,16.111959414589748,7.2469248577327505,8.272236696306848
/content/drive/MyDrive/Bharatanatyam_Digital_Twin/dataset/posture_images/extracted/new_Dataset/Nagabandham Augmented/dr_4_6679.jpg,dr_4_6679.jpg,Nagabandham Augmented,confidence_0.2,99.88427245765561,110.83446186039859,82.09557175811383,71.76866252792158,60.65715630280024,72.752443244145,41.18539478615802,33.43549555018208,0.24252872125134162,0.13360530860995115,0.35482304999896996,0.3619061117608881,7.749899235975938,12.09528694134476,10.950189402742978,10.326909230192257
/content/drive/MyDrive/Bharatanatyam_Digital_Twin/dataset/posture_images/extracted/new_Dataset/Nagabandham Augmented/dr_4_6698.jpg,dr_4_6698.jpg,Nagabandham Augmented,confidence_0.2,51.968913638198735,103.29424045847574,64.73937413737616,30.70238041217274,176.71170513442124,156.09524354515312,174.63035452620008,168.7094213713536,0.17765364820766077,0.08547891869113754,0.23275955059673933,0.3592699628839907,5.920933154846466,20.616461589268113,51.325326820277006,34.036993725203416
/content/drive/MyDrive/Bharatanatyam_Digital_Twin/dataset/posture_images/extracted/new_Dataset/Nagabandham Augmented/dr_4_6990.jpg,dr_4_6990.jpg,Nagabandham Augmented,confidence_0.2,125.52725325682377,133.5782082435891,118.36306042930848,77.20568614419587,50.260950476333925,88.09749329523282,52.195519090125636,33.73574059260474,0.21589671229954688,0.12487486303063618,0.3884484210118451,0.4092677512193462,18.459778497520894,37.8365428188989,8.050954986765333,41.15737428511261
/content/drive/MyDrive/Bharatanatyam_Digital_Twin/dataset/posture_images/extracted/new_Dataset/Nagabandham Augmented/dr_4_6994.jpg,dr_4_6994.jpg,Nagabandham Augmented,confidence_0.2,112.38323397370968,115.97308912768878,90.57439077133755,76.67668277655312,78.96589786215564,85.54841286815908,30.146853596788823,30.02377593654093,0.24008743962425563,0.135012085081094,0.23714231382353723,0.18955969115023835,0.12307766024789402,6.582515006003433,3.5898551539791015,13.897707994784426
/content/drive/MyDrive/Bharatanatyam_Digital_Twin/dataset/posture_images/extracted/new_Dataset/Nagabandham Augmented/dr_4_7167.jpg,dr_4_7167.jpg,Nagabandham Augmented,confidence_0.2,91.57175446542067,102.23456287163009,92.49607479166959,84.03370711558647,69.62009132085662,72.658796961066,23.78446191872012,24.64878181426999,0.2520766991641875,0.14028636038385073,0.23060928810145132,0.15279837707999425,0.8643198955498725,3.038705640209386,10.662808406209422,8.462367676083119
/content/drive/MyDrive/Bharatanatyam_Digital_Twin/dataset/posture_images/extracted/new_Dataset/Nagabandham Augmented/dr_4_722.jpg,dr_4_722.jpg,Nagabandham Augmented,confidence_0.2,110.04330730218125,126.850721454403,62.85175139428685,48.53596871184509,100.93558456513833,112.75176747388043,49.07270512597545,24.410838892088208,0.22600670403217088,0.12818670267693766,0.38525155965473307,0.4479832030150925,24.661866233887245,11.816182908742107,16.807414152221753,14.315782682441757
/content/drive/MyDrive/Bharatanatyam_Digital_Twin/dataset/posture_images/extracted/new_Dataset/Nagabandham Augmented/dr_4_730.jpg,dr_4_730.jpg,Nagabandham Augmented,confidence_0.2,113.3569511095273,105.40878345966381,85.47573536496719,60.96299208513524,87.99880360228343,95.42521349778981,44.67654372387825,48.354701109741434,0.23148875591198115,0.12899425277773421,0.19348509100075537,0.09389156940057856,3.6781573858631873,7.4264098955063815,7.948167649863493,24.512743279831952
/content/drive/MyDrive/Bharatanatyam_Digital_Twin/dataset/posture_images/extracted/new_Dataset/Nagabandham Augmented/dr_4_7638.jpg,dr_4_7638.jpg,Nagabandham Augmented,confidence_0.2,122.24848675995425,112.967849455712,106.42310072837302,83.22455245509767,55.56081641881484,51.46002560032233,45.03608575436398,27.121556180815105,0.24696340344157305,0.14437642169022266,0.22856910407938813,0.1593311282761392,17.914529573548876,4.100790818492506,9.280637304242248,23.19854827327535
/content/drive/MyDrive/Bharatanatyam_Digital_Twin/dataset/posture_images/extracted/new_Dataset/Nagabandham Augmented/dr_4_7795.jpg,dr_4_7795.jpg,Nagabandham Augmented,confidence_0.2,165.18120097283665,100.05462872072329,26.737171594238934,63.31608590790414,113.76933550590687,87.34690709643102,55.455062360891,25.10515508498962,0.08609541400535752,0.04344642575301071,0.11348384902324168,0.13812338450907533,30.34990727590138,26.42242840947584,65.12657225211336,36.57891431366521
/content/drive/MyDrive/Bharatanatyam_Digital_Twin/dataset/posture_images/extracted/new_Dataset/Nagabandham Augmented/dr_4_8033.jpg,dr_4_8033.jpg,Nagabandham Augmented,confidence_0.2,162.77398738519207,137.23018938317864,74.86400932061272,29.783835899137852,22.98459242740801,19.975881554133515,27.096180376153697,57.525670219961796,0.19504425124512748,0.10858185988584688,0.3003220569469977,0.2223358071801867,30.4294898438081,3.008710873274495,25.543798002013432,45.08017342147487
/content/drive/MyDrive/Bharatanatyam_Digital_Twin/dataset/posture_images/extracted/new_Dataset/Nagabandham Augmented/dr_4_8216.jpg,dr_4_8216.jpg,Nagabandham Augmented,confidence_0.2,108.94447302659076,90.27609808247772,104.28964207911287,104.19547895185934,47.5473025435941,39.07897819804564,53.15698077345569,49.20696109597229,0.22831780695003692,0.11840551199605867,0.40921404619100116,0.3436187072275429,3.9500196774834038,8.46832434554846,18.66837494411304,0.09416312725352327
/content/drive/MyDrive/Bharatanatyam_Digital_Twin/dataset/posture_images/extracted/new_Dataset/Nagabandham Augmented/dr_4_8404.jpg,dr_4_8404.jpg,Nagabandham Augmented,confidence_0.2,114.18146543339533,121.85364581542548,64.79891595758926,70.01726981888366,103.96184843225063,92.27072090524442,40.14603045544269,88.08867826193026,0.23422599658809784,0.14177893268571326,0.5651244311120388,0.8520294534371584,47.942647806487564,11.691127527006216,7.672180382030149,5.218353861294403
/content/drive/MyDrive/Bharatanatyam_Digital_Twin/dataset/posture_images/extracted/new_Dataset/Nagabandham Augmented/dr_4_8514.jpg,dr_4_8514.jpg,Nagabandham Augmented,confidence_0.2,93.8288868505415,108.21557143396474,71.27517616389945,85.41261691026739,98.22155673266948,66.20343181171444,50.23265729273914,58.40112773955085,0.27717322398973876,0.14824148176539592,0.628365443756243,0.9317892004186961,8.16847044681171,32.018124920955046,14.386684583423246,14.137440746367943
/content/drive/MyDrive/Bharatanatyam_Digital_Twin/dataset/posture_images/extracted/new_Dataset/Nagabandham Augmented/dr_4_8576.jpg,dr_4_8576.jpg,Nagabandham Augmented,confidence_0.2,102.53521995540419,102.47490761964218,62.52158117468187,38.9102893197285,111.9821345293751,119.9760471542015,87.75538308478298,29.826636398910246,0.23288661132349084,0.1431351395864095,0.29374279576190165,0.4566588598074304,57.92874668587273,7.993912624826393,0.06031233576200634,23.61129185495337
/content/drive/MyDrive/Bharatanatyam_Digital_Twin/dataset/posture_images/extracted/new_Dataset/Nagabandham Augmented/dr_4_8927.jpg,dr_4_8927.jpg,Nagabandham Augmented,confidence_0.2,57.136453401641944,84.46388626007742,73.87399870050972,52.16397605341884,82.89094971479113,99.20087200548394,90.69233181931004,34.19140582486588,0.2252901096753511,0.11689385145084494,0.2767780574482775,0.33500233562053144,56.50092599444416,16.30992229069281,27.327432858435472,21.710022647090874
/content/drive/MyDrive/Bharatanatyam_Digital_Twin/dataset/posture_images/extracted/new_Dataset/Nagabandham Augmented/dr_4_9340.jpg,dr_4_9340.jpg,Nagabandham Augmented,confidence_0.2,44.455394531529016,79.5394249925743,76.71210055150269,83.3163886345555,38.4291107838463,53.506691821227925,51.842382196779205,28.323776832694612,0.22900442379653554,0.11925806378731375,0.3104786664515728,0.35465543829425444,23.518605364084593,15.077581037381627,35.08403046104528,6.604288083052808
/content/drive/MyDrive/Bharatanatyam_Digital_Twin/dataset/posture_images/extracted/new_Dataset/Nagabandham Augmented/dr_4_9342.jpg,dr_4_9342.jpg,Nagabandham Augmented,confidence_0.2,52.27370419686813,99.0112359064472,101.03714934619414,87.55401739236314,125.63476472159122,148.7651726926325,110.69470108466024,121.42592551193437,0.17696774771092183,0.09254024069533759,0.1565731481969794,0.09428575704346479,10.731224427274128,23.130407971041265,46.737531709579066,13.483131953831005
/content/drive/MyDrive/Bharatanatyam_Digital_Twin/dataset/posture_images/extracted/new_Dataset/Nagabandham Augmented/dr_4_9562.jpg,dr_4_9562.jpg,Nagabandham Augmented,confidence_0.2,104.31394132777338,104.74794029375283,21.49599128583862,117.7583022510593,142.09817691984915,137.41195032324296,130.86676846516542,111.89444462908531,0.26093509671458043,0.17131795544404674,0.21662661153903262,0.16331880552154418,18.972323836080108,4.68622659660619,0.4339989659794554,96.26231096522068
/content/drive/MyDrive/Bharatanatyam_Digital_Twin/dataset/posture_images/extracted/new_Dataset/Nagabandham Augmented/dr_4_9643.jpg,dr_4_9643.jpg,Nagabandham Augmented,confidence_0.2,109.03166913856688,84.88503652097214,10.233168235806215,121.72623080974857,133.03815846004161,134.8303605539216,130.07520545055806,115.52607048867172,0.2783011451414705,0.18496447269601204,0.21593019810817202,0.1246751706327438,14.549134961886338,1.792202093879979,24.146632617594747,111.49306257394235
/content/drive/MyDrive/Bharatanatyam_Digital_Twin/dataset/posture_images/extracted/new_Dataset/Nagabandham Augmented/dr_4_9752.jpg,dr_4_9752.jpg,Nagabandham Augmented,confidence_0.2,89.69031966108365,94.05431914032268,76.48584878116229,37.35631956935003,105.70713822002877,118.73581012845122,76.94852739886407,23.59538315713075,0.21622794096209208,0.12829164762997877,0.30262262883178076,0.37586698731439355,53.35314424173332,13.028671908422453,4.363999479239027,39.12952921181226
/content/drive/MyDrive/Bharatanatyam_Digital_Twin/dataset/posture_images/extracted/new_Dataset/Nagabandham Augmented/dr_4_999.jpg,dr_4_999.jpg,Nagabandham Augmented,confidence_0.2,105.24153895726289,104.57052479055339,91.55629645541309,70.29360146507032,112.43773325692311,88.02839225148259,101.45965420576857,67.73751712037918,0.24934649224829009,0.13539733025168507,0.2956169007716583,0.2629780068569804,33.72213708538939,24.409341005440524,0.6710141667094973,21.262694990342766
/content/drive/MyDrive/Bharatanatyam_Digital_Twin/dataset/posture_images/extracted/new_Dataset/Nataraj Augmented/dr_0_1059.jpg,dr_0_1059.jpg,Nataraj Augmented,confidence_0.2,161.68809741429217,163.43122688948685,40.73554655063923,44.44952291431902,124.95447553137484,137.09474006738566,116.6752064653688,84.68311366631706,0.4643004635666694,0.32985725931810295,0.3771668088107276,0.5142015677092125,31.992092799051747,12.140264536010818,1.743129475194678,3.713976363679791
/content/drive/MyDrive/Bharatanatyam_Digital_Twin/dataset/posture_images/extracted/new_Dataset/Nataraj Augmented/dr_0_1321.jpg,dr_0_1321.jpg,Nataraj Augmented,confidence_0.2,159.16434294735595,168.11132831069912,37.946912633598295,44.12695257162722,125.16889382126428,159.31914450701387,140.24027523680365,130.92067252920683,0.40807561907276274,0.30723929652949133,0.3432525342919822,0.49279466871279554,9.319602707596829,34.1502506857496,8.946985363343174,6.180039938028926
/content/drive/MyDrive/Bharatanatyam_Digital_Twin/dataset/posture_images/extracted/new_Dataset/Nataraj Augmented/dr_0_1706.jpg,dr_0_1706.jpg,Nataraj Augmented,confidence_0.2,161.24227956617847,166.07439672491776,54.13828079939948,63.413980952229686,109.90641461826183,159.27643609584553,127.52426730539383,117.21086513235934,0.34218457616296427,0.28571521100194214,0.5867939196639655,0.803861492805075,10.31340217303449,49.37002147758369,4.832117158739294,9.275700152830204
/content/drive/MyDrive/Bharatanatyam_Digital_Twin/dataset/posture_images/extracted/new_Dataset/Nataraj Augmented/dr_0_1799.jpg,dr_0_1799.jpg,Nataraj Augmented,confidence_0.2,156.8624613000715,164.22914651948426,46.9132518688781,62.57470690194294,113.18341568164058,155.5894025134208,122.63295548531882,97.51359310752402,0.3510056922554178,0.30001288168782836,0.48163380269472633,0.6848803379526912,25.1193623777948,42.40598683178021,7.366685219412773,15.66145503306484
/content/drive/MyDrive/Bharatanatyam_Digital_Twin/dataset/posture_images/extracted/new_Dataset/Nataraj Augmented/dr_0_203.jpg,dr_0_203.jpg,Nataraj Augmented,confidence_0.2,150.187979842256,172.05383607446566,66.51865392300127,74.39776685566005,98.66563783643988,152.3630776859125,145.23614371724022,138.67604400726648,0.32027308479052086,0.24438758546985903,0.5037504377807251,0.8121526790551593,6.560099709973741,53.6974398494726,21.865856232209666,7.879112932658785
/content/drive/MyDrive/Bharatanatyam_Digital_Twin/dataset/posture_images/extracted/new_Dataset/Nataraj Augmented/dr_0_2052.jpg,dr_0_2052.jpg,Nataraj Augmented,confidence_0.2,157.12523355306698,165.07556458817203,65.72883094508722,78.16821092745539,92.42993434257205,117.26175983660734,119.39731491059321,91.74096726714599,0.3284843824849752,0.2677121569936812,0.6294774879409214,0.8915325884501195,27.65634764344722,24.831825494035286,7.950331035105052,12.439379982368166
/content/drive/MyDrive/Bharatanatyam_Digital_Twin/dataset/posture_images/extracted/new_Dataset/Nataraj Augmented/dr_0_2056.jpg,dr_0_2056.jpg,Nataraj Augmented,confidence_0.2,164.17044695346664,160.40760017040978,61.76809042371495,47.44459733991381,140.303272777898,118.95071676208867,108.00287744585626,138.24839050987507,0.32108020907143636,0.2881380580679103,0.5322871034715965,0.8197929139874542,30.24551306401881,21.352556015809327,3.762846783056858,14.32349308380114
/content/drive/MyDrive/Bharatanatyam_Digital_Twin/dataset/posture_images/extracted/new_Dataset/Nataraj Augmented/dr_0_2275.jpg,dr_0_2275.jpg,Nataraj Augmented,confidence_0.2,152.82511376283438,157.54598180055848,77.63433209781745,76.88975906093127,151.9158689059088,84.75130964726449,107.29252508170198,104.0367674932132,0.4811883569859116,0.40407090374296567,0.9440230868272718,1.2097881000321848,3.255757588488777,67.16455925864432,4.720868037724102,0.7445730368861803
/content/drive/MyDrive/Bharatanatyam_Digital_Twin/dataset/posture_images/extracted/new_Dataset/Nataraj Augmented/dr_0_230.jpg,dr_0_230.jpg,Nataraj Augmented,confidence_0.2,156.33388933975255,167.31582256680318,65.25198951207607,73.81761379364721,93.2953334609483,116.65816332137567,118.37292800416023,122.38564411420562,0.394104057693073,0.3098907431252968,0.5246759122840444,0.5649537686223359,4.012716110045389,23.362829860427368,10.981933227050632,8.565624281571147
/content/drive/MyDrive/Bharatanatyam_Digital_Twin/dataset/posture_images/extracted/new_Dataset/Nataraj Augmented/dr_0_243.jpg,dr_0_243.jpg,Nataraj Augmented,confidence_0.2,162.8941124409864,161.6102263141472,81.21669863027219,64.46675092298035,167.7390480194128,93.62067431857315,126.72795448584002,106.19813438822932,0.3501375827336791,0.3232497405879454,0.8975072758080693,1.1362262417454474,20.529820097610695,74.11837370083964,1.2838861268391781,16.749947707291838
/content/drive/MyDrive/Bharatanatyam_Digital_Twin/dataset/posture_images/extracted/new_Dataset/Nataraj Augmented/dr_0_2489.jpg,dr_0_2489.jpg,Nataraj Augmented,confidence_0.2,160.47975411267848,167.66116200428425,49.22500187904197,62.67801050773413,110.00958448402122,163.7327424895115,124.77130649788174,133.20054676538786,0.34126683961675924,0.2870408605777885,0.7097631817848498,0.9116841060972406,8.429240267506117,53.72315800549029,7.181407891605772,13.45300862869216
/content/drive/MyDrive/Bharatanatyam_Digital_Twin/dataset/posture_images/extracted/new_Dataset/Nataraj Augmented/dr_0_2924.jpg,dr_0_2924.jpg,Nataraj Augmented,confidence_0.2,166.39204807044126,156.4845777277713,68.46217089224997,46.822392057160684,161.87474050299681,113.78402055136466,122.73306932971515,131.4225854738622,0.31975741670119245,0.2996033552998293,0.7591757105113204,1.088311963963855,8.68951614414705,48.09071995163215,9.907470342669967,21.639778835089288
/content/drive/MyDrive/Bharatanatyam_Digital_Twin/dataset/posture_images/extracted/new_Dataset/Nataraj Augmented/dr_0_295.jpg,dr_0_295.jpg,Nataraj Augmented,confidence_0.2,158.35285670830424,164.85456847640907,58.335111005492124,50.00091268212318,166.42920836964836,111.94980881851993,117.7423350215498,111.18287510543642,0.3759650138811819,0.33213374418913205,0.7244936131082876,0.8891227050212436,6.559459916113383,54.47939955112844,6.501711768104826,8.334198323368945
/content/drive/MyDrive/Bharatanatyam_Digital_Twin/dataset/posture_images/extracted/new_Dataset/Nataraj Augmented/dr_0_3300.jpg,dr_0_3300.jpg,Nataraj Augmented,confidence_0.2,149.9566060265573,159.61059971494365,65.95042995522049,70.2764810089612,91.74856139142395,112.76347845228385,91.93468864162118,81.80005755051866,0.4439756296677839,0.3422302250691271,0.60901955360735,0.7164768227943557,10.13463109110252,21.0149170608599,9.65399368838635,4.326051053740713
/content/drive/MyDrive/Bharatanatyam_Digital_Twin/dataset/posture_images/extracted/new_Dataset/Nataraj Augmented/dr_0_3301.jpg,dr_0_3301.jpg,Nataraj Augmented,confidence_0.2,158.00916769477297,164.9026352713075,58.80039399929669,70.9714130154071,100.54611245729151,150.53249384492955,120.67555316026377,103.76290054877242,0.29218253336534955,0.24505256703510298,0.5252777282769063,0.7904996764852561,16.912652611491353,49.98638138763803,6.893467576534533,12.171019016110407
/content/drive/MyDrive/Bharatanatyam_Digital_Twin/dataset/posture_images/extracted/new_Dataset/Nataraj Augmented/dr_0_3361.jpg,dr_0_3361.jpg,Nataraj Augmented,confidence_0.2,161.42326730087566,160.20073927818407,47.950638044713216,47.68032721870243,117.64470812537878,149.41206429502245,119.33980014568297,117.10307014670902,0.42942757726040615,0.3289647226029276,0.499344318317563,0.6103893319356007,2.2367299989739564,31.767356169643662,1.2225280226915913,0.2703108260107854
/content/drive/MyDrive/Bharatanatyam_Digital_Twin/dataset/posture_images/extracted/new_Dataset/Nataraj Augmented/dr_0_337.jpg,dr_0_337.jpg,Nataraj Augmented,confidence_0.2,96.72527127871298,103.68955758027367,30.872820852650523,59.96436427498348,147.83223643937072,147.13310222432642,148.71634173025524,138.9132972126008,0.3889321165563057,0.24242872467638657,0.3570413360901941,0.5087111144956699,9.803044517654428,0.6991342150442961,6.964286301560691,29.091543422332958
/content/drive/MyDrive/Bharatanatyam_Digital_Twin/dataset/posture_images/extracted/new_Dataset/Nataraj Augmented/dr_0_3405.jpg,dr_0_3405.jpg,Nataraj Augmented,confidence_0.2,166.39697386670025,158.71762570809395,66.95968143537806,53.0413426229806,161.0193505063313,108.91830228164494,96.60581215112512,125.94922297475162,0.31694417193244623,0.275322147448369,0.6497203340102354,0.9562455594180972,29.3434108236265,52.101048224686366,7.679348158606302,13.918338812397458
/content/drive/MyDrive/Bharatanatyam_Digital_Twin/dataset/posture_images/extracted/new_Dataset/Nataraj Augmented/dr_0_3741.jpg,dr_0_3741.jpg,Nataraj Augmented,confidence_0.2,159.5632495888006,163.87511527328505,57.703725121948,57.237306229728304,104.51602975756428,161.19784098060725,93.25719574724013,113.48626855957572,0.49095361740565985,0.3672543299072455,0.5951993786106973,0.6929353056426036,20.229072812335588,56.68181122304297,4.311865684484445,0.4664188922196928
/content/drive/MyDrive/Bharatanatyam_Digital_Twin/dataset/posture_images/extracted/new_Dataset/Nataraj Augmented/dr_0_3749.jpg,dr_0_3749.jpg,Nataraj Augmented,confidence_0.2,161.6159496457741,149.7698964668018,85.98353760747004,74.42088008230073,125.7330123621622,69.36850381989444,159.43963926344406,85.17369254339738,0.09243944473689106,0.07482166586088583,0.19720155583077184,0.23259747158070693,74.26594672004668,56.36450854226776,11.846053178972284,11.562657525169314
/content/drive/MyDrive/Bharatanatyam_Digital_Twin/dataset/posture_images/extracted/new_Dataset/Nataraj Augmented/dr_0_3793.jpg,dr_0_3793.jpg,Nataraj Augmented,confidence_0.2,149.7228483610836,162.81220144568184,61.6206304158791,75.21598407016907,98.19189106182102,152.24080284353488,122.43699022252825,164.24101582274992,0.2860684754316456,0.2326013198307186,0.4043746542131146,0.43806491332883946,41.804025600221664,54.048911781713855,13.08935308459823,13.595353654289973
/content/drive/MyDrive/Bharatanatyam_Digital_Twin/dataset/posture_images/extracted/new_Dataset/Nataraj Augmented/dr_0_4111.jpg,dr_0_4111.jpg,Nataraj Augmented,confidence_0.2,164.8927910192236,158.65193833536733,72.7343412729613,56.15922544205036,152.91503488277365,103.76138798112973,117.44263859325916,113.78874492140847,0.3632814659877607,0.3348394260205474,0.8023261126206488,1.0413684275288861,3.653893671850696,49.153646901643924,6.240852683856275,16.575115830910946
/content/drive/MyDrive/Bharatanatyam_Digital_Twin/dataset/posture_images/extracted/new_Dataset/Nataraj Augmented/dr_0_4268.jpg,dr_0_4268.jpg,Nataraj Augmented,confidence_0.2,147.75897124142418,160.98045518910098,69.22142009896002,75.5385946958647,87.97058646026926,109.77790895120553,104.2575134900539,103.12590283506701,0.3574161924562398,0.2659129755577424,0.34197501522329915,0.34807981599084986,1.1316106549868863,21.807322490936272,13.221483947676802,6.317174596904678
/content/drive/MyDrive/Bharatanatyam_Digital_Twin/dataset/posture_images/extracted/new_Dataset/Nataraj Augmented/dr_0_4363.jpg,dr_0_4363.jpg,Nataraj Augmented,confidence_0.2,160.3373774362469,163.04042221688294,75.3015604743783,53.76270855611295,135.53731294579327,106.98535337688041,83.07412926923838,103.96736488769804,0.35528832831883456,0.3578645046195919,0.7513406137980582,1.0426761425951703,20.893235618459656,28.551959568912864,2.7030447806360485,21.538851918265358
/content/drive/MyDrive/Bharatanatyam_Digital_Twin/dataset/posture_images/extracted/new_Dataset/Nataraj Augmented/dr_0_4670.jpg,dr_0_4670.jpg,Nataraj Augmented,confidence_0.2,149.04648326891,161.99973272584333,71.53074556984309,84.97777884380129,81.51787174551163,105.57500486422836,105.80280768191993,87.80641793370484,0.3388990991066996,0.2644608089134519,0.4868213520969541,0.5936637705405273,17.996389748215094,24.057133118716735,12.953249456933321,13.447033273958198
/content/drive/MyDrive/Bharatanatyam_Digital_Twin/dataset/posture_images/extracted/new_Dataset/Nataraj Augmented/dr_0_4716.jpg,dr_0_4716.jpg,Nataraj Augmented,confidence_0.2,156.9274001292448,159.19383601340277,49.40922056493495,56.20141556007278,109.86465452992081,160.19586386008353,114.27208344577608,99.87576116765734,0.3207869263654906,0.2634527091013176,0.5968191950159261,0.8118947825833609,14.396322278118731,50.33120933016272,2.2664358841579713,6.792194995137834
/content/drive/MyDrive/Bharatanatyam_Digital_Twin/dataset/posture_images/extracted/new_Dataset/Nataraj Augmented/dr_0_520.jpg,dr_0_520.jpg,Nataraj Augmented,confidence_0.2,162.9191736580739,172.97560323424682,32.5528224561583,35.77894499436975,125.303588152396,152.142617304477,118.55864720513866,121.18115104009915,0.48506724772754733,0.3487516020235162,0.30435525267471614,0.350424886815351,2.622503834960497,26.839029152080997,10.056429576172917,3.226122538211449
/content/drive/MyDrive/Bharatanatyam_Digital_Twin/dataset/posture_images/extracted/new_Dataset/Nataraj Augmented/dr_0_5443.jpg,dr_0_5443.jpg,Nataraj Augmented,confidence_0.2,163.45745219446982,161.72514375126923,75.94412454339816,60.15240258040946,120.72823956402802,99.88319669156813,82.82690722745022,111.73335780433652,0.41767854414578537,0.3880095009860662,0.6252672671938472,0.8231306135204093,28.9064505768863,20.845042872459885,1.7323084432005942,15.791721962988703
/content/drive/MyDrive/Bharatanatyam_Digital_Twin/dataset/posture_images/extracted/new_Dataset/Nataraj Augmented/dr_0_5750.jpg,dr_0_5750.jpg,Nataraj Augmented,confidence_0.2,158.14495930743905,164.6278763793755,52.86635465480236,56.13417623190304,111.32574766593817,152.5982507821165,127.32977235592479,134.7321939023221,0.3628513034826464,0.2792563451886971,0.3985078012512924,0.47656572819834314,7.402421546397321,41.27250311617834,6.482917071936441,3.2678215771006833
/content/drive/MyDrive/Bharatanatyam_Digital_Twin/dataset/posture_images/extracted/new_Dataset/Nataraj Augmented/dr_0_5941.jpg,dr_0_5941.jpg,Nataraj Augmented,confidence_0.2,113.68845293176882,136.96771319761308,86.60615676823629,115.89880365285423,66.28221677449189,89.91990165464335,55.948842578619335,74.80922469044059,0.059042218817704856,0.040575183354594764,0.06401267394791865,0.0652517867624733,18.860382111821252,23.63768488015147,23.279260265844258,29.292646884617938
/content/drive/MyDrive/Bharatanatyam_Digital_Twin/dataset/posture_images/extracted/new_Dataset/Nataraj Augmented/dr_0_6051.jpg,dr_0_6051.jpg,Nataraj Augmented,confidence_0.2,156.3325617112843,161.72581720218324,76.68301307736621,75.44531086877447,86.47465815779684,128.26529689906005,103.91435193069795,105.63852236016756,0.43380876648763583,0.3231494824258548,0.5786070322459222,0.7231807592446414,1.7241704294696092,41.79063874126321,5.393255490898923,1.2377022085917417
/content/drive/MyDrive/Bharatanatyam_Digital_Twin/dataset/posture_images/extracted/new_Dataset/Nataraj Augmented/dr_0_6554.jpg,dr_0_6554.jpg,Nataraj Augmented,confidence_0.2,166.58252562151316,158.0080300408633,52.51112407326474,38.81343569632463,159.60970963115005,125.86883593745975,125.09254060718119,138.19532421212023,0.2816796109380993,0.238069918475256,0.44788138795202814,0.6453715945375453,13.102783604939034,33.740873693690304,8.574495580649852,13.697688376940107
/content/drive/MyDrive/Bharatanatyam_Digital_Twin/dataset/posture_images/extracted/new_Dataset/Nataraj Augmented/dr_0_6863.jpg,dr_0_6863.jpg,Nataraj Augmented,confidence_0.2,161.17717170934102,162.80868115808516,66.29156522989184,56.127094218846565,151.3587894743735,105.55933224361381,105.3635334650522,112.9592848701716,0.3919333507489621,0.3558185650700428,0.8345065837831768,1.0731261996246229,7.595751405119401,45.7994572307597,1.63150944874414,10.16447101104528
/content/drive/MyDrive/Bharatanatyam_Digital_Twin/dataset/posture_images/extracted/new_Dataset/Nataraj Augmented/dr_0_7105.jpg,dr_0_7105.jpg,Nataraj Augmented,confidence_0.2,160.55198100038206,171.67182205150806,48.83492949944932,57.83664730713935,116.10243916063173,155.43528453964,134.36746962515872,108.96138330169173,0.3824535372829517,0.3135895498419125,0.6644319954199946,0.9768456143197635,25.406086323466994,39.332845379008276,11.119841051126002,9.001717807690028
/content/drive/MyDrive/Bharatanatyam_Digital_Twin/dataset/posture_images/extracted/new_Dataset/Nataraj Augmented/dr_0_7401.jpg,dr_0_7401.jpg,Nataraj Augmented,confidence_0.2,156.4441621777922,164.65715744782992,72.2737841947084,77.409174043976,88.23046269292625,108.56837144662106,113.078890394269,84.51605416968518,0.4120596832748005,0.32388639388199536,0.5246181134128518,0.6709508392559894,28.56283622458382,20.337908753694805,8.212995270037709,5.135389849267597
/content/drive/MyDrive/Bharatanatyam_Digital_Twin/dataset/posture_images/extracted/new_Dataset/Nataraj Augmented/dr_0_7607.jpg,dr_0_7607.jpg,Nataraj Augmented,confidence_0.2,154.5978364222177,162.12312668987204,74.09592275735388,76.06540910381071,82.78696668840915,119.1729038010919,101.57609846458273,120.79753653126089,0.4576714332690773,0.33986847986666574,0.593136108348275,0.6101849630711639,19.22143806667816,36.385937112682754,7.525290267654327,1.9694863464568328
/content/drive/MyDrive/Bharatanatyam_Digital_Twin/dataset/posture_images/extracted/new_Dataset/Nataraj Augmented/dr_0_7686.jpg,dr_0_7686.jpg,Nataraj Augmented,confidence_0.2,163.1643653048948,157.8035764202128,50.1156081750263,38.12593381440824,165.05995220878836,129.22087414554227,121.86041631340137,141.0695035453965,0.3420918143619553,0.2937316586445145,0.5856112822670667,0.8368728375525801,19.209087231995113,35.83907806324609,5.360788884681995,11.98967436061806
/content/drive/MyDrive/Bharatanatyam_Digital_Twin/dataset/posture_images/extracted/new_Dataset/Nataraj Augmented/dr_0_7776.jpg,dr_0_7776.jpg,Nataraj Augmented,confidence_0.2,156.44212802469076,158.48051564182876,61.16358000373769,65.1806663588103,94.47059567635112,96.21688349396474,123.74785469009294,81.33733724459131,0.41056676456399177,0.31432213778204837,0.6825578782742708,0.8555536267274975,42.410517445501625,1.74628781761362,2.0383876171379995,4.017086355072607
/content/drive/MyDrive/Bharatanatyam_Digital_Twin/dataset/posture_images/extracted/new_Dataset/Nataraj Augmented/dr_0_7823.jpg,dr_0_7823.jpg,Nataraj Augmented,confidence_0.2,153.22961491830685,160.35862478753424,75.09777668494378,76.140471746249,85.05650836559124,119.58160554168623,101.34135703326196,98.9811963476073,0.4181040776693589,0.309369350001571,0.5534684505685074,0.6420367832591679,2.3601606856546624,34.52509717609499,7.129009869227389,1.0426950613052242
/content/drive/MyDrive/Bharatanatyam_Digital_Twin/dataset/posture_images/extracted/new_Dataset/Nataraj Augmented/dr_0_7907.jpg,dr_0_7907.jpg,Nataraj Augmented,confidence_0.2,161.5202745208452,157.02567145889682,61.713672902560916,51.32694693110756,128.12627113339414,111.38393240079176,98.69088599523117,110.46144120833533,0.4547104717871489,0.3951602955889143,0.4711692895403884,0.5564638137640129,11.77055521310416,16.742338732602377,4.494603061948368,10.386725971453359
/content/drive/MyDrive/Bharatanatyam_Digital_Twin/dataset/posture_images/extracted/new_Dataset/Nataraj Augmented/dr_0_8198.jpg,dr_0_8198.jpg,Nataraj Augmented,confidence_0.2,162.7222629345172,160.3249569757453,79.14747706376916,85.56130043404707,111.52768879223585,77.19878249947199,50.008464784769544,44.965204289342104,0.5360651251131916,0.4048697797271958,0.5143730236804647,0.5430505751029161,5.04326049542744,34.32890629276386,2.397305958771909,6.41382337027791
/content/drive/MyDrive/Bharatanatyam_Digital_Twin/dataset/posture_images/extracted/new_Dataset/Nataraj Augmented/dr_0_8307.jpg,dr_0_8307.jpg,Nataraj Augmented,confidence_0.2,158.3901150825652,169.55094716449173,48.701735814380505,36.58144937275463,155.3644925123158,132.63373058919646,102.71516541966598,109.63264660708911,0.33065815356284967,0.3067480959091794,0.4285929624840369,0.5457087776709876,6.917481187423135,22.73076192311933,11.160832081926543,12.120286441625872
/content/drive/MyDrive/Bharatanatyam_Digital_Twin/dataset/posture_images/extracted/new_Dataset/Nataraj Augmented/dr_0_8380.jpg,dr_0_8380.jpg,Nataraj Augmented,confidence_0.2,155.9377036132222,164.0175058904524,51.23282539385756,48.8388930976621,114.52596906411429,138.19172279603356,131.31667313691867,93.24089042294759,0.46703529243974173,0.355021811723651,0.5431645117509907,0.8054253534842264,38.07578271397108,23.665753731919267,8.079802277230215,2.3939322961954588
/content/drive/MyDrive/Bharatanatyam_Digital_Twin/dataset/posture_images/extracted/new_Dataset/Nataraj Augmented/dr_0_8430.jpg,dr_0_8430.jpg,Nataraj Augmented,confidence_0.2,115.68583111489554,105.36341294378143,58.2736530869876,11.753015060620962,93.35379035941989,103.04971581946937,101.10319222915297,108.0886555640008,0.07288641102205277,0.03909212696988049,0.07157753877908729,0.03405949615102366,6.985463334847836,9.69592546004948,10.322418171114109,46.52063802636664
/content/drive/MyDrive/Bharatanatyam_Digital_Twin/dataset/posture_images/extracted/new_Dataset/Nataraj Augmented/dr_0_8479.jpg,dr_0_8479.jpg,Nataraj Augmented,confidence_0.2,160.3834608442244,160.7426464491464,57.059036923949336,46.94685590308085,133.14945838547033,116.58933045061521,99.37035128943134,115.08570035990577,0.44568675095088933,0.3770412724858762,0.4329536647612744,0.5485951902894017,15.715349070474431,16.560127934855117,0.35918560492200413,10.112181020868483
/content/drive/MyDrive/Bharatanatyam_Digital_Twin/dataset/posture_images/extracted/new_Dataset/Nataraj Augmented/dr_0_9.jpg,dr_0_9.jpg,Nataraj Augmented,confidence_0.2,159.266112314484,163.21629036964836,62.3986624182929,55.98937237058891,121.6262325171939,104.14840650822184,77.37534396148516,114.51521158207665,0.44907838610366424,0.38132243645464087,0.5092839347091614,0.6983679495639851,37.13986762059149,17.47782600897206,3.950178055164372,6.4092900477039905
/content/drive/MyDrive/Bharatanatyam_Digital_Twin/dataset/posture_images/extracted/new_Dataset/Nataraj Augmented/dr_0_9154.jpg,dr_0_9154.jpg,Nataraj Augmented,confidence_0.2,160.5026074797429,165.08206972036368,78.71085222010721,75.56323055518865,165.948869381745,83.76794391162333,126.17558999737136,97.61683276333198,0.4450194291304585,0.36599196917076743,1.0561638054726719,1.3923558479943925,28.558757234039376,82.18092547012166,4.579462240620785,3.14762166491856
/content/drive/MyDrive/Bharatanatyam_Digital_Twin/dataset/posture_images/extracted/new_Dataset/Nataraj Augmented/dr_0_9525.jpg,dr_0_9525.jpg,Nataraj Augmented,confidence_0.2,155.15513963194672,162.3254722250362,51.59543571539103,60.751297464154106,109.28496660995117,162.67429714736,119.985210457979,133.686926818759,0.3251763534251123,0.24427422804434945,0.45924839494089165,0.5671310329758128,13.701716360779997,53.389330537408824,7.1703325930894835,9.15586174876308
/content/drive/MyDrive/Bharatanatyam_Digital_Twin/dataset/posture_images/extracted/new_Dataset/Nataraj Augmented/dr_0_9750.jpg,dr_0_9750.jpg,Nataraj Augmented,confidence_0.2,168.0816454385021,154.3891326712392,65.24426343250052,50.46090546776274,154.0568916131761,111.39537001446901,112.24782981546277,136.9097743065688,0.36894561867399983,0.3210431709376795,0.7827417172813358,1.1348405313341765,24.66194449110604,42.6615215987071,13.692512767262912,14.783357964737775
/content/drive/MyDrive/Bharatanatyam_Digital_Twin/dataset/posture_images/extracted/new_Dataset/Nataraj Augmented/dr_0_9814.jpg,dr_0_9814.jpg,Nataraj Augmented,confidence_0.2,157.63622982451156,156.01236607287018,59.79522178654959,46.84507864890435,128.54007811250497,114.4177089044129,110.3670443465983,127.2490952061045,0.3763213445921033,0.31750717815778867,0.3756897936467525,0.5032187383744839,16.882050859506194,14.122369208092067,1.6238637516413803,12.950143137645242
/content/drive/MyDrive/Bharatanatyam_Digital_Twin/dataset/posture_images/extracted/new_Dataset/Nataraj Augmented/dr_1_1360.jpg,dr_1_1360.jpg,Nataraj Augmented,confidence_0.2,175.7375584948244,111.8238421198218,140.8181744012747,163.9148794218892,76.94602575958116,36.297839501219116,158.53735091079574,173.1190817117149,0.25817540319004983,0.1935023234989309,0.4405973153818613,0.6844681729479024,14.58173080091916,40.648186258362045,63.91371637500261,23.096705020614507
/content/drive/MyDrive/Bharatanatyam_Digital_Twin/dataset/posture_images/extracted/new_Dataset/Nataraj Augmented/dr_1_1368.jpg,dr_1_1368.jpg,Nataraj Augmented,confidence_0.2,156.23390653682128,160.8889396978069,76.74279117271222,68.00230600071143,140.63759473145237,87.95962142157113,99.5856671282381,75.17537686062738,0.49320023375813776,0.36439793399499326,0.8772564699813004,0.9453452946461093,24.41029026761072,52.67797330988124,4.655033160985624,8.740485172000788
/content/drive/MyDrive/Bharatanatyam_Digital_Twin/dataset/posture_images/extracted/new_Dataset/Nataraj Augmented/dr_1_1425.jpg,dr_1_1425.jpg,Nataraj Augmented,confidence_0.2,153.51588272080747,148.34564195088748,102.46931751176702,111.1326678310117,50.08852999146555,122.81456110559832,90.11975641220496,96.39601287712432,0.45625440454229005,0.31852415517428,0.6326036859709403,0.786973939064981,6.276256464919356,72.72603111413277,5.170240769919985,8.663350319244685
/content/drive/MyDrive/Bharatanatyam_Digital_Twin/dataset/posture_images/extracted/new_Dataset/Nataraj Augmented/dr_1_1457.jpg,dr_1_1457.jpg,Nataraj Augmented,confidence_0.2,147.27062025971907,107.74821947308496,34.73672833354584,98.81790118087919,98.91485060061565,166.47102137923324,80.86885523145362,101.38668097959314,0.5089668598750492,0.3507982208173765,0.702178165357002,0.8362980483530954,20.517825748139515,67.55617077861758,39.52240078663411,64.08117284733335
/content/drive/MyDrive/Bharatanatyam_Digital_Twin/dataset/posture_images/extracted/new_Dataset/Nataraj Augmented/dr_1_1619.jpg,dr_1_1619.jpg,Nataraj Augmented,confidence_0.2,132.82385673488355,163.41411228215324,101.18443633807738,84.38190172826262,137.89210664085172,70.5308943808567,90.03463272753336,124.93728740220824,0.5066068097791154,0.3872494365421121,0.7789378574401603,1.0840278543690514,34.90265467467488,67.36121225999503,30.59025554726969,16.802534609814757
/content/drive/MyDrive/Bharatanatyam_Digital_Twin/dataset/posture_images/extracted/new_Dataset/Nataraj Augmented/dr_1_173.jpg,dr_1_173.jpg,Nataraj Augmented,confidence_0.2,156.89348916187342,166.14329886653263,107.09384454463579,93.03551491156139,147.85789752156583,59.830952298653365,101.71485428304172,86.45583443156296,0.4236824827177754,0.36107693782955397,0.9507343089063507,1.2444086501991813,15.259019851478755,88.02694522291247,9.249809704659214,14.058329633074393
/content/drive/MyDrive/Bharatanatyam_Digital_Twin/dataset/posture_images/extracted/new_Dataset/Nataraj Augmented/dr_1_1768.jpg,dr_1_1768.jpg,Nataraj Augmented,confidence_0.2,148.05038356189124,161.41589498535149,80.06917567809846,51.67846059184242,141.76640255037427,99.92709214372988,105.57993137028785,99.74213155854581,0.40992583510385605,0.27733783478179663,0.44692496501762125,0.5498449913890756,5.837799811742045,41.83931040664439,13.365511423460248,28.390715086256037
/content/drive/MyDrive/Bharatanatyam_Digital_Twin/dataset/posture_images/extracted/new_Dataset/Nataraj Augmented/dr_1_2097.jpg,dr_1_2097.jpg,Nataraj Augmented,confidence_0.2,144.3140486838264,140.07900675289724,47.38145842419765,109.32123593975456,103.03310337228831,161.64172965964534,137.01621674436413,119.4807843508584,0.4593084717048882,0.31988956227241966,0.6415360744216482,0.8867655222096247,17.53543239350573,58.608626287357026,4.235041930929157,61.939777515556905
/content/drive/MyDrive/Bharatanatyam_Digital_Twin/dataset/posture_images/extracted/new_Dataset/Nataraj Augmented/dr_1_2112.jpg,dr_1_2112.jpg,Nataraj Augmented,confidence_0.2,151.23413330234823,138.5042968487146,81.56587234110417,103.79997663516033,63.94177411401012,135.00685669375932,136.32095414059503,84.60147063970695,0.47389685293425376,0.31981013810569336,0.6484297371628528,0.9999325660137818,51.71948350088809,71.0650825797492,12.729836453633624,22.234104294056166
/content/drive/MyDrive/Bharatanatyam_Digital_Twin/dataset/posture_images/extracted/new_Dataset/Nataraj Augmented/dr_1_2167.jpg,dr_1_2167.jpg,Nataraj Augmented,confidence_0.2,154.80803725678598,148.72967439935456,97.18955452817836,104.59964809466058,49.5008407622574,124.76446543003544,95.94362936600486,90.33516742666113,0.4559582257524929,0.32013069288070767,0.6731934160945826,0.8635918054923399,5.6084619393437265,75.26362466777805,6.078362857431415,7.410093566482217
/content/drive/MyDrive/Bharatanatyam_Digital_Twin/dataset/posture_images/extracted/new_Dataset/Nataraj Augmented/dr_1_2277.jpg,dr_1_2277.jpg,Nataraj Augmented,confidence_0.2,155.40331637524733,137.34952643797973,63.62355658139102,85.02301007659307,88.48891858671344,158.5683618346506,70.65699968089444,95.20919733987479,0.5419291713515392,0.3681816382587721,0.6846160285091939,0.7832784294664612,24.552197658980347,70.07944324793716,18.053789937267595,21.399453495202046
/content/drive/MyDrive/Bharatanatyam_Digital_Twin/dataset/posture_images/extracted/new_Dataset/Nataraj Augmented/dr_1_2631.jpg,dr_1_2631.jpg,Nataraj Augmented,confidence_0.2,96.74113582208861,165.78897190446557,80.7141165650224,113.34770608528058,52.62866995703517,32.82004282545369,71.52130834936786,61.953579628079595,0.2977304817379491,0.20548830625190964,0.26546489602642587,0.2629223098750457,9.567728721288262,19.80862713158148,69.04783608237696,32.633589520258184
/content/drive/MyDrive/Bharatanatyam_Digital_Twin/dataset/posture_images/extracted/new_Dataset/Nataraj Augmented/dr_1_2684.jpg,dr_1_2684.jpg,Nataraj Augmented,confidence_0.2,165.48909605339793,158.2152045295332,115.5156961306037,90.32843032323697,110.74554545898846,56.788120313400334,79.94352457159212,117.57271224174723,0.30650822863143773,0.23596475520011145,0.6883880235340849,0.9912471370094451,37.629187670155105,53.957425145588125,7.273891523864734,25.187265807366728
/content/drive/MyDrive/Bharatanatyam_Digital_Twin/dataset/posture_images/extracted/new_Dataset/Nataraj Augmented/dr_1_272.jpg,dr_1_272.jpg,Nataraj Augmented,confidence_0.2,161.48739535145864,166.20938950661736,113.72571301601043,100.31243289158176,122.74128991358042,48.870966348780314,82.87408715688686,92.7049201536596,0.33901951191060103,0.26570827970483596,0.783189237355899,1.0697571282240597,9.830832996772742,73.8703235648001,4.721994155158711,13.413280124428667
/content/drive/MyDrive/Bharatanatyam_Digital_Twin/dataset/posture_images/extracted/new_Dataset/Nataraj Augmented/dr_1_3003.jpg,dr_1_3003.jpg,Nataraj Augmented,confidence_0.2,160.34817473676821,137.20920608314884,74.94996626091627,99.30985583216273,82.0344637857322,144.6034255619976,145.171225116737,101.07358247988726,0.5209069772547206,0.3696615302244517,0.8506752700074885,1.2442435969641623,44.09764263684973,62.5689617762654,23.138968653619372,24.359889571246455
/content/drive/MyDrive/Bharatanatyam_Digital_Twin/dataset/posture_images/extracted/new_Dataset/Nataraj Augmented/dr_1_3107.jpg,dr_1_3107.jpg,Nataraj Augmented,confidence_0.2,155.0739806295554,143.91495172928072,111.80736520873744,115.79150940435235,39.75387349673539,161.09655035100243,115.8428144001292,132.13176356159363,0.5201097413445722,0.3198796569590093,0.905036835847099,1.3666415170096482,16.28894916146443,121.34267685426704,11.159028900274677,3.984144195614917
/content/drive/MyDrive/Bharatanatyam_Digital_Twin/dataset/posture_images/extracted/new_Dataset/Nataraj Augmented/dr_1_3188.jpg,dr_1_3188.jpg,Nataraj Augmented,confidence_0.2,137.17167801048967,130.10963260096267,136.65019423335244,33.57574675675617,89.77049284912624,82.35515027691707,135.4874039429067,114.18415922042631,0.13902906315382257,0.08158598142670465,0.2949176065669296,0.5146538104632146,21.303244722480386,7.41534257220917,7.062045409527002,103.07444747659628
/content/drive/MyDrive/Bharatanatyam_Digital_Twin/dataset/posture_images/extracted/new_Dataset/Nataraj Augmented/dr_1_3358.jpg,dr_1_3358.jpg,Nataraj Augmented,confidence_0.2,153.61482339600894,162.14303298430386,102.73706206353518,84.87724891185331,127.8660665269456,66.87269936756294,79.99461533685052,98.53179450063112,0.4044857120958205,0.3171569530339139,0.710945577673824,0.9393838927222147,18.537179163780607,60.99336715938266,8.528209588294914,17.859813151681863
/content/drive/MyDrive/Bharatanatyam_Digital_Twin/dataset/posture_images/extracted/new_Dataset/Nataraj Augmented/dr_1_3532.jpg,dr_1_3532.jpg,Nataraj Augmented,confidence_0.2,147.2768373305133,129.32070566149102,58.68673322734302,110.31813614936313,95.94789949403894,144.12930881221195,146.12272138754977,110.48567587472351,0.5516668051922209,0.3994491084109255,0.8923215615266777,1.2819071548723688,35.63704551282626,48.18140931817301,17.956131669022284,51.63140292202011
/content/drive/MyDrive/Bharatanatyam_Digital_Twin/dataset/posture_images/extracted/new_Dataset/Nataraj Augmented/dr_1_3694.jpg,dr_1_3694.jpg,Nataraj Augmented,confidence_0.2,147.57538560269785,143.34020459281132,92.42096323327966,89.78229971354196,154.29715792981037,155.70969699664997,144.91585897670296,158.58179871830487,0.015049274049848052,0.04095731055275227,0.15522385593103918,0.18073309657991926,13.665939741601903,1.4125390668395994,4.2351810098865315,2.6386635197377046
/content/drive/MyDrive/Bharatanatyam_Digital_Twin/dataset/posture_images/extracted/new_Dataset/Nataraj Augmented/dr_1_4444.jpg,dr_1_4444.jpg,Nataraj Augmented,confidence_0.2,152.1292311424504,163.59517242197978,101.51938268132761,89.78990314505411,121.657036395535,64.7947668802251,70.5334528414572,100.21388591135731,0.5415409411168572,0.42206573082035376,0.7919421588202035,1.0557391228517703,29.680433069900104,56.862269515309904,11.465941279529375,11.729479536273502
/content/drive/MyDrive/Bharatanatyam_Digital_Twin/dataset/posture_images/extracted/new_Dataset/Nataraj Augmented/dr_1_4510.jpg,dr_1_4510.jpg,Nataraj Augmented,confidence_0.2,151.11429738840678,142.69274355640343,110.08619666034093,116.90002821035363,37.88029166839267,83.0046570850483,71.79486764927624,83.96609950374622,0.4801894877070154,0.30587773979355426,0.5531591063666383,0.6538758382341364,12.17123185446998,45.12436541665562,8.421553832003355,6.813831550012694
/content/drive/MyDrive/Bharatanatyam_Digital_Twin/dataset/posture_images/extracted/new_Dataset/Nataraj Augmented/dr_1_4918.jpg,dr_1_4918.jpg,Nataraj Augmented,confidence_0.2,155.23508657896602,160.52663034796143,98.59581851178639,101.9489172859034,58.881964423408434,107.53522834006125,120.16517517386536,79.98766261594967,0.4942397498544928,0.33245399436542894,0.49794088806325426,0.7377738028304037,40.17751255791569,48.65326391665282,5.29154376899541,3.353098774117015
/content/drive/MyDrive/Bharatanatyam_Digital_Twin/dataset/posture_images/extracted/new_Dataset/Nataraj Augmented/dr_1_502.jpg,dr_1_502.jpg,Nataraj Augmented,confidence_0.2,161.4361750165171,160.745830929187,87.55139004271867,65.66595452366374,138.4214521235623,90.67837083930613,68.71960058280376,125.16391497732126,0.4543196749722894,0.37814444970801314,0.7614539115447546,1.1168893367028363,56.44431439451749,47.743081284256164,0.6903440873300895,21.885435519054923
/content/drive/MyDrive/Bharatanatyam_Digital_Twin/dataset/posture_images/extracted/new_Dataset/Nataraj Augmented/dr_1_5446.jpg,dr_1_5446.jpg,Nataraj Augmented,confidence_0.2,150.4187185179603,161.11684320022292,98.37727927056848,92.08635772596514,168.3319590344102,89.95725528513921,125.27878108254602,124.51441951021202,0.30324591634242826,0.1888061612761455,0.4673818120219262,0.6109966645889332,0.7643615723339963,78.37470374927099,10.69812468226263,6.290921544603336
/content/drive/MyDrive/Bharatanatyam_Digital_Twin/dataset/posture_images/extracted/new_Dataset/Nataraj Augmented/dr_1_5552.jpg,dr_1_5552.jpg,Nataraj Augmented,confidence_0.2,134.0185266933791,157.53124813578205,103.38145799542608,56.68358602021462,134.34081949612317,87.08403571973045,118.52304721806445,133.28519861861886,0.4154561144686271,0.31826829484292113,0.44685528414930104,0.6246820366504913,14.762151400554416,47.25678377639272,23.51272144240295,46.697871975211456
/content/drive/MyDrive/Bharatanatyam_Digital_Twin/dataset/posture_images/extracted/new_Dataset/Nataraj Augmented/dr_1_5725.jpg,dr_1_5725.jpg,Nataraj Augmented,confidence_0.2,150.59123125694782,141.8615566192957,109.51201441629208,105.0473211690599,45.931971766799684,108.58973657567184,98.75594431029941,76.7236378593108,0.5200238690722137,0.34768573408622316,0.6039229578992461,0.7856551612220045,22.032306450988614,62.65776480887215,8.729674637652124,4.4646932472321765
/content/drive/MyDrive/Bharatanatyam_Digital_Twin/dataset/posture_images/extracted/new_Dataset/Nataraj Augmented/dr_1_7184.jpg,dr_1_7184.jpg,Nataraj Augmented,confidence_0.2,148.6703746390628,126.63444792073741,82.24550357288345,104.82949555825033,72.77136634621802,142.68561533737847,102.6164726020022,95.36466270726376,0.5308788275046301,0.3716099863306171,0.7135235096813681,0.893608741245208,7.251809894738443,69.91424899116045,22.035926718325385,22.58399198536688
/content/drive/MyDrive/Bharatanatyam_Digital_Twin/dataset/posture_images/extracted/new_Dataset/Nataraj Augmented/dr_1_7283.jpg,dr_1_7283.jpg,Nataraj Augmented,confidence_0.2,164.411566233874,158.90905021353396,87.42747805802709,83.13332718522585,143.51913120500353,70.46520752123251,81.29327683881225,131.24266286105862,0.4959196533522769,0.3915748090533953,0.9268106871185358,1.3551674954346018,49.94938602224637,73.05392368377102,5.502516020340039,4.294150872801239
/content/drive/MyDrive/Bharatanatyam_Digital_Twin/dataset/posture_images/extracted/new_Dataset/Nataraj Augmented/dr_1_7335.jpg,dr_1_7335.jpg,Nataraj Augmented,confidence_0.2,150.62066524063954,156.2685919507656,70.0526892350016,84.74120511277177,82.57674784773347,141.57295348516305,80.63655458556627,90.39591032561947,0.4937716618625391,0.3488713774285207,0.6608436069143424,0.7937395731790747,9.759355740053195,58.99620563742958,5.6479267101260575,14.688515877770172
/content/drive/MyDrive/Bharatanatyam_Digital_Twin/dataset/posture_images/extracted/new_Dataset/Nataraj Augmented/dr_1_7392.jpg,dr_1_7392.jpg,Nataraj Augmented,confidence_0.2,125.00457621685852,125.41305808527633,125.22741889718954,80.19142644443814,3.8232723072743373,74.76079395383243,137.696425873399,156.80069510360448,0.22980996351990596,0.15798479378085056,0.4472294035810068,0.702540319869328,19.10426923020549,70.9375216465581,0.40848186841780887,45.0359924527514
/content/drive/MyDrive/Bharatanatyam_Digital_Twin/dataset/posture_images/extracted/new_Dataset/Nataraj Augmented/dr_1_7452.jpg,dr_1_7452.jpg,Nataraj Augmented,confidence_0.2,123.09749346495049,163.6826408334052,103.16972443978823,79.20245975541273,114.62966757581296,67.74601059456792,81.82464682628907,99.05895297839369,0.42395968481636587,0.30605867304636314,0.48446409636045323,0.5831731031176224,17.234306152104622,46.88365698124504,40.58514736845471,23.967264684375493
/content/drive/MyDrive/Bharatanatyam_Digital_Twin/dataset/posture_images/extracted/new_Dataset/Nataraj Augmented/dr_1_7747.jpg,dr_1_7747.jpg,Nataraj Augmented,confidence_0.2,152.9030450678723,160.86128902787843,118.42199692499702,109.20645666901392,107.44399158281152,47.67092559000078,69.71837519636448,125.33226649658883,0.5159041712834727,0.40812611609456373,0.8179101953399202,1.1880495761719072,55.61389130022435,59.77306599281074,7.958243960006115,9.2155402559831
/content/drive/MyDrive/Bharatanatyam_Digital_Twin/dataset/posture_images/extracted/new_Dataset/Nataraj Augmented/dr_1_7840.jpg,dr_1_7840.jpg,Nataraj Augmented,confidence_0.2,151.84143305734398,128.35106419134058,88.45222912238457,101.51619156944977,44.836416338551714,126.55450559888439,65.10115264541575,116.44542418918324,0.5232251787144958,0.31727012416337186,0.7577715046981314,0.8102162670680747,51.34427154376749,81.71808926033268,23.490368866003394,13.063962447065208
/content/drive/MyDrive/Bharatanatyam_Digital_Twin/dataset/posture_images/extracted/new_Dataset/Nataraj Augmented/dr_1_7866.jpg,dr_1_7866.jpg,Nataraj Augmented,confidence_0.2,117.50791700629149,165.03248150486988,104.53457403115674,50.930337483913476,143.52227513300042,106.08648542146541,116.83815353164229,112.96771185446602,0.37661506000647677,0.23003910073691347,0.37831467180194217,0.4636854501576915,3.8704416771762737,37.43578971153501,47.524564498578385,53.60423654724326
/content/drive/MyDrive/Bharatanatyam_Digital_Twin/dataset/posture_images/extracted/new_Dataset/Nataraj Augmented/dr_1_7932.jpg,dr_1_7932.jpg,Nataraj Augmented,confidence_0.2,151.4918915850481,165.08138610554653,86.10768403472605,59.519175039580595,159.87191134627938,95.1922740181757,104.5458695773418,74.67435587566531,0.4290081733563619,0.3745345952786367,0.9457143053759632,1.1217677465082567,29.87151370167649,64.67963732810368,13.58949452049842,26.588508995145453
/content/drive/MyDrive/Bharatanatyam_Digital_Twin/dataset/posture_images/extracted/new_Dataset/Nataraj Augmented/dr_1_8160.jpg,dr_1_8160.jpg,Nataraj Augmented,confidence_0.2,149.80460321711664,150.68569182858394,97.00610087441086,89.76201492392583,50.99754308714545,54.117967921440766,69.05460814674056,51.988220112751556,0.27890238946965595,0.1911565565398871,0.3615495741630783,0.44983401178064736,17.066388033989007,3.1204248342953136,0.8810886114673053,7.2440859504850295
/content/drive/MyDrive/Bharatanatyam_Digital_Twin/dataset/posture_images/extracted/new_Dataset/Nataraj Augmented/dr_1_8176.jpg,dr_1_8176.jpg,Nataraj Augmented,confidence_0.2,151.61670381122872,134.17501498375228,72.73233163766352,94.97257661887625,78.86653346416026,128.4977238045746,106.44699868544545,85.67486701443617,0.5390330715500999,0.3689378425946474,0.5751180866509159,0.7241559343474516,20.772131671009276,49.63119034041435,17.44168882747644,22.240244981212726
/content/drive/MyDrive/Bharatanatyam_Digital_Twin/dataset/posture_images/extracted/new_Dataset/Nataraj Augmented/dr_1_821.jpg,dr_1_821.jpg,Nataraj Augmented,confidence_0.2,160.05340146352046,159.8407601254213,89.14094300677749,65.98082005588373,132.92548212574505,86.86331801950816,96.10500267793807,74.04120461107497,0.3778710045620691,0.31509463540399757,0.6635341029704133,0.755190712190426,22.0637980668631,46.06216410623689,0.21264133809916075,23.160122950893765
/content/drive/MyDrive/Bharatanatyam_Digital_Twin/dataset/posture_images/extracted/new_Dataset/Nataraj Augmented/dr_1_8486.jpg,dr_1_8486.jpg,Nataraj Augmented,confidence_0.2,147.59687487317976,151.89494090836553,50.341195135734104,77.52269613815567,98.54820921643591,157.3668893852621,101.64044460704088,97.2396466994347,0.5115860775244948,0.36845449799163454,0.7373442329846732,0.9739590718714216,4.400797907606176,58.818680168826205,4.298066035185769,27.181501002421562
/content/drive/MyDrive/Bharatanatyam_Digital_Twin/dataset/posture_images/extracted/new_Dataset/Nataraj Augmented/dr_1_9117.jpg,dr_1_9117.jpg,Nataraj Augmented,confidence_0.2,151.27299484658815,150.78606377974108,68.01382198636409,60.660561557153635,161.77901233163465,151.08030902767743,178.3520917853083,157.75190980315563,0.055828514799051196,0.03013870429505986,0.114684152199909,0.1425874539838157,20.600181982152662,10.698703303957217,0.4869310668470632,7.353260429210458
/content/drive/MyDrive/Bharatanatyam_Digital_Twin/dataset/posture_images/extracted/new_Dataset/Nataraj Augmented/dr_1_9172.jpg,dr_1_9172.jpg,Nataraj Augmented,confidence_0.2,54.70334684414314,145.76979491868258,28.47676500665457,112.55991868296718,63.31248423255514,46.84600660300046,77.62808192275587,63.245844815405825,0.020014755104602773,0.016336021655664376,0.02053821962134406,0.022458147173127153,14.382237107350043,16.46647762955468,91.06644807453944,84.0831536763126
/content/drive/MyDrive/Bharatanatyam_Digital_Twin/dataset/posture_images/extracted/new_Dataset/Nataraj Augmented/dr_1_9180.jpg,dr_1_9180.jpg,Nataraj Augmented,confidence_0.2,147.31465069969434,140.4246578507963,64.5989611668721,105.21279358693266,88.58353953747532,140.51086676875568,144.8253627808704,117.24190373196747,0.5509254567386409,0.3820020437429356,0.7908251186118685,1.1420120698653518,27.583459048902924,51.92732723128036,6.889992848898032,40.61383242006056
/content/drive/MyDrive/Bharatanatyam_Digital_Twin/dataset/posture_images/extracted/new_Dataset/Nataraj Augmented/dr_1_944.jpg,dr_1_944.jpg,Nataraj Augmented,confidence_0.2,94.49256276683705,88.7528353843594,49.315912618737414,43.40517392486854,138.46989358436142,163.01203546461383,138.25095202002825,157.07198774994217,0.134856241201686,0.09334714849794298,0.16576288834644712,0.18445523040585077,18.821035729913916,24.542141880252416,5.739727382477653,5.910738693868872
/content/drive/MyDrive/Bharatanatyam_Digital_Twin/dataset/posture_images/extracted/new_Dataset/Nataraj Augmented/dr_1_9563.jpg,dr_1_9563.jpg,Nataraj Augmented,confidence_0.2,153.05702243846994,148.88513863809982,56.58438687263572,77.15049895079284,94.72384813095923,150.13929922306514,99.97564731750565,96.64229739392553,0.47007491453096406,0.3366957647680697,0.6337611264524318,0.8138104526283287,3.3333499235801156,55.41545109210591,4.171883800370125,20.56611207815712
/content/drive/MyDrive/Bharatanatyam_Digital_Twin/dataset/posture_images/extracted/new_Dataset/Nataraj Augmented/dr_1_9570.jpg,dr_1_9570.jpg,Nataraj Augmented,confidence_0.2,159.35166142054678,159.0850398728093,107.9515142787887,97.7944952489287,115.46306699698225,55.68555673550177,69.54139389448466,135.87802991372243,0.4896175086766694,0.39351472603513266,0.8255324420551743,1.2506812263306244,66.33663601923777,59.77751026148048,0.26662154773748625,10.157019029859995
/content/drive/MyDrive/Bharatanatyam_Digital_Twin/dataset/posture_images/extracted/new_Dataset/Nataraj Augmented/dr_1_9899.jpg,dr_1_9899.jpg,Nataraj Augmented,confidence_0.2,158.3883651156816,148.47193742013437,125.37096218755435,117.80673293259275,40.59767154266717,64.13190761511824,102.12619371338317,67.35285834364282,0.5663205851925226,0.3623923003521073,0.5032055682888268,0.717200769211749,34.77333536974035,23.534236072451066,9.916427695547242,7.564229254961603
/content/drive/MyDrive/Bharatanatyam_Digital_Twin/dataset/posture_images/extracted/new_Dataset/Nataraj Augmented/dr_1_9939.jpg,dr_1_9939.jpg,Nataraj Augmented,confidence_0.2,151.98148345622548,143.39686137207227,98.3524418799845,115.74193482936988,46.1915409008382,126.53779150662474,96.67142040516624,93.76943027113994,0.4758353910342587,0.34460090878454236,0.7370616739609298,0.9822378744110224,2.901990134026306,80.34625060578654,8.58462208415321,17.389492949385385
/content/drive/MyDrive/Bharatanatyam_Digital_Twin/dataset/posture_images/extracted/new_Dataset/Nataraj Augmented/dr_2_1321.jpg,dr_2_1321.jpg,Nataraj Augmented,confidence_0.2,173.21467933671204,111.68979646892376,81.74273147297227,27.188317155378957,101.30774003373557,75.67949282600505,143.38188070118395,178.5049450072459,0.16699894994667194,0.06411864701384508,0.23727087221823023,0.3826697646227254,35.12306430606196,25.628247207730524,61.52488286778828,54.55441431759331
/content/drive/MyDrive/Bharatanatyam_Digital_Twin/dataset/posture_images/extracted/new_Dataset/Nataraj Augmented/dr_2_1499.jpg,dr_2_1499.jpg,Nataraj Augmented,confidence_0.2,158.47498232428626,150.01825412902133,88.2755800872534,78.01580334075472,109.1006117138352,70.72759882893529,106.25424207919188,119.78843991137109,0.4099182532884773,0.28561713679556094,0.33239255671498436,0.5139361702875839,13.534197832179203,38.37301288489992,8.45672819526493,10.259776746498687
/content/drive/MyDrive/Bharatanatyam_Digital_Twin/dataset/posture_images/extracted/new_Dataset/Nataraj Augmented/dr_2_1697.jpg,dr_2_1697.jpg,Nataraj Augmented,confidence_0.2,162.46758404946803,178.29356743628472,119.22452077084984,131.96177271990763,66.45616004666024,45.890478314440365,158.36330963928827,143.3108463843092,0.040115309212612964,0.10957654257907982,0.2361083293723698,0.059326007376181294,15.052463254979074,20.56568173221988,15.825983386816688,12.737251949057793
/content/drive/MyDrive/Bharatanatyam_Digital_Twin/dataset/posture_images/extracted/new_Dataset/Nataraj Augmented/dr_2_2021.jpg,dr_2_2021.jpg,Nataraj Augmented,confidence_0.2,127.86188756161262,106.36306990711311,117.60508016502855,160.98509026570778,28.702799164435053,28.48938308139436,141.11056999121993,121.87870879606321,0.04968644111918531,0.031556788681650724,0.04970111193453106,0.029764282034931273,19.231861195156725,0.21341608304069126,21.498817654499504,43.38001010067923
/content/drive/MyDrive/Bharatanatyam_Digital_Twin/dataset/posture_images/extracted/new_Dataset/Nataraj Augmented/dr_2_2222.jpg,dr_2_2222.jpg,Nataraj Augmented,confidence_0.2,55.692036161379654,166.96773224303706,95.3403124127788,144.6150585306115,124.09919729397049,94.25660054977482,146.11902859981836,93.54046731491708,0.06753064135510196,0.04235038184525972,0.07122732176046288,0.07052622721267388,52.578561284901284,29.842596744195674,111.2756960816574,49.27474611783269
/content/drive/MyDrive/Bharatanatyam_Digital_Twin/dataset/posture_images/extracted/new_Dataset/Nataraj Augmented/dr_2_2256.jpg,dr_2_2256.jpg,Nataraj Augmented,confidence_0.2,51.194114238933835,133.44357969005557,54.160597056102624,98.14718206668151,165.9853192627868,158.4309813836692,154.5063685698516,128.86738376722775,0.32188085849024967,0.24534431235658863,0.3835001787231954,0.3330690432494598,25.63898480262384,7.554337879117583,82.24946545112174,43.986585010578885
/content/drive/MyDrive/Bharatanatyam_Digital_Twin/dataset/posture_images/extracted/new_Dataset/Nataraj Augmented/dr_2_2331.jpg,dr_2_2331.jpg,Nataraj Augmented,confidence_0.2,156.29502355177843,170.48208529946922,48.74784635495486,70.84646674114862,165.32893677339172,107.01529894695886,175.04569411750086,146.73835132867896,0.06305045127154255,0.025960598628981802,0.12592175183799664,0.1677721991934658,28.3073427888219,58.31363782643285,14.187061747690791,22.09862038619376
/content/drive/MyDrive/Bharatanatyam_Digital_Twin/dataset/posture_images/extracted/new_Dataset/Nataraj Augmented/dr_2_2378.jpg,dr_2_2378.jpg,Nataraj Augmented,confidence_0.2,123.33826981820239,110.14911816813425,48.34642760235998,125.8807334175232,113.1935320936822,38.45150149686164,122.26827786374596,156.44364415441538,0.08369715824972641,0.043722664151873765,0.13402056850105246,0.15116954168514185,34.175366290669416,74.74203059682056,13.18915165006814,77.53430581516322
/content/drive/MyDrive/Bharatanatyam_Digital_Twin/dataset/posture_images/extracted/new_Dataset/Nataraj Augmented/dr_2_2913.jpg,dr_2_2913.jpg,Nataraj Augmented,confidence_0.2,163.50918010057697,164.24793583702285,4.298494303491181,10.840921796567052,87.86148443102248,90.70203769188014,84.61649553523264,88.55889052115458,0.20270481728466097,0.11284241687323729,0.08984295887249603,0.09262157918430586,3.9423949859219363,2.8405532608576607,0.7387557364458814,6.542427493075871
/content/drive/MyDrive/Bharatanatyam_Digital_Twin/dataset/posture_images/extracted/new_Dataset/Nataraj Augmented/dr_2_4276.jpg,dr_2_4276.jpg,Nataraj Augmented,confidence_0.2,168.33777088997545,165.68094687873955,108.60454578285203,107.1073903340856,60.489447579562814,42.68615292117824,170.83055704209974,127.97053357955157,0.3351819512402185,0.19070995716869135,0.16492143688205552,0.24986178199211664,42.86002346254817,17.803294658384573,2.656824011235898,1.497155448766435
/content/drive/MyDrive/Bharatanatyam_Digital_Twin/dataset/posture_images/extracted/new_Dataset/Nataraj Augmented/dr_2_4525.jpg,dr_2_4525.jpg,Nataraj Augmented,confidence_0.2,168.63476788132567,167.87794751405178,25.71870471670534,48.29090834724941,151.95118112826628,148.04616948866416,153.72312673712713,164.1534673051149,0.1289764718680358,0.0944720819102519,0.394854249728211,0.4115627028780745,10.43034056798777,3.9050116396021224,0.7568203672738889,22.572203630544074
/content/drive/MyDrive/Bharatanatyam_Digital_Twin/dataset/posture_images/extracted/new_Dataset/Nataraj Augmented/dr_2_4557.jpg,dr_2_4557.jpg,Nataraj Augmented,confidence_0.2,146.47774919611004,122.29215240462155,156.23445073901308,146.20376322416598,88.03309812920148,55.552234613160664,160.1729483051765,161.96616606256583,0.7133478118829872,0.4392937049977806,0.42889828545461317,0.38375262467121873,1.7932177573893284,32.48086351604081,24.185596791488493,10.030687514847102
/content/drive/MyDrive/Bharatanatyam_Digital_Twin/dataset/posture_images/extracted/new_Dataset/Nataraj Augmented/dr_2_4625.jpg,dr_2_4625.jpg,Nataraj Augmented,confidence_0.2,154.80813062897425,173.76897932773713,24.570200080682213,64.59240948699443,85.76257419074575,64.37574924015584,72.03327703100646,104.5743041143639,0.22356673719759165,0.13742550926508723,0.21082979315104497,0.3507751903364077,32.541027083357434,21.38682495058991,18.960848698762874,40.022209406312214
/content/drive/MyDrive/Bharatanatyam_Digital_Twin/dataset/posture_images/extracted/new_Dataset/Nataraj Augmented/dr_2_4727.jpg,dr_2_4727.jpg,Nataraj Augmented,confidence_0.2,123.8421869141108,108.880079234019,26.973779714138114,13.972627496656557,117.66409490257304,165.273532617661,99.17499338711761,161.85364144503728,0.08739178475670048,0.07467828066534786,0.2701193319428697,0.3065247199828536,62.67864805791967,47.609437715087964,14.962107680091805,13.001152217481557
/content/drive/MyDrive/Bharatanatyam_Digital_Twin/dataset/posture_images/extracted/new_Dataset/Nataraj Augmented/dr_2_5050.jpg,dr_2_5050.jpg,Nataraj Augmented,confidence_0.2,88.01734565768864,90.28642656477125,109.77461106720274,87.5260832084124,81.98948041029297,48.0869318327627,150.47188001471653,133.30709743171232,0.24760638067969548,0.150267944771834,0.1166478487567028,0.12176526523823335,17.16478258300421,33.90254857753027,2.2690809070826106,22.24852785879034
/content/drive/MyDrive/Bharatanatyam_Digital_Twin/dataset/posture_images/extracted/new_Dataset/Nataraj Augmented/dr_2_5275.jpg,dr_2_5275.jpg,Nataraj Augmented,confidence_0.2,59.988522320970986,98.11114581968147,29.987296313597398,29.10750407494215,135.10291263288428,89.60415318296175,120.90022983397174,89.30929705291658,0.02273059285157914,0.019909565561566388,0.15150560889924408,0.10509128056505332,31.59093278105516,45.49875944992253,38.12262349871048,0.8797922386552486
/content/drive/MyDrive/Bharatanatyam_Digital_Twin/dataset/posture_images/extracted/new_Dataset/Nataraj Augmented/dr_2_5322.jpg,dr_2_5322.jpg,Nataraj Augmented,confidence_0.2,158.58447516192416,152.64296979016297,87.06204521395763,109.37738577850926,81.52673231964852,78.81354927891324,166.64897632917308,105.04685624294436,0.2815252073161205,0.17520994497413028,0.20724903468993813,0.15630087628648776,61.60212008622872,2.7131830407352737,5.941505371761195,22.315340564551633
/content/drive/MyDrive/Bharatanatyam_Digital_Twin/dataset/posture_images/extracted/new_Dataset/Nataraj Augmented/dr_2_5326.jpg,dr_2_5326.jpg,Nataraj Augmented,confidence_0.2,171.67888816600458,173.5730650689975,110.21068136594143,104.30963083137527,104.48435284222755,88.00867138622641,155.77271383378945,168.4897694815905,0.09621123887190049,0.11080072879095981,0.21074519332070213,0.391872291988665,12.717055647801061,16.47568145600114,1.8941769029929105,5.901050534566153
/content/drive/MyDrive/Bharatanatyam_Digital_Twin/dataset/posture_images/extracted/new_Dataset/Nataraj Augmented/dr_2_5417.jpg,dr_2_5417.jpg,Nataraj Augmented,confidence_0.2,127.39513630250246,153.24323263176905,53.97714270894757,11.736879730979128,92.76378840018953,95.5357971520103,145.40796314062672,159.5830449275454,0.08803873398105987,0.061793127511028424,0.1932793786370256,0.26073353752579065,14.175081786918668,2.7720087518207777,25.848096329266582,42.24026297796844
/content/drive/MyDrive/Bharatanatyam_Digital_Twin/dataset/posture_images/extracted/new_Dataset/Nataraj Augmented/dr_2_5427.jpg,dr_2_5427.jpg,Nataraj Augmented,confidence_0.2,127.44878343756857,95.70382572650153,93.68674834110324,37.66814881297113,47.41678813277115,78.5932354694727,72.85889266989415,125.23588220036304,0.395775306833559,0.2869328490902288,0.40738696168442773,0.22306756786164167,52.37698953046889,31.17644733670155,31.74495771106703,56.01859952813211
/content/drive/MyDrive/Bharatanatyam_Digital_Twin/dataset/posture_images/extracted/new_Dataset/Nataraj Augmented/dr_2_5597.jpg,dr_2_5597.jpg,Nataraj Augmented,confidence_0.2,171.77815519094443,160.86010825293604,119.0238639958217,119.31267744813994,37.80744811692296,27.04751704028319,175.18680319073664,112.8298814689417,0.3082407275425268,0.17300702648066535,0.17911411198579436,0.3576786621932045,62.35692172179495,10.759931076639774,10.918046938008388,0.2888134523182373
/content/drive/MyDrive/Bharatanatyam_Digital_Twin/dataset/posture_images/extracted/new_Dataset/Nataraj Augmented/dr_2_5733.jpg,dr_2_5733.jpg,Nataraj Augmented,confidence_0.2,165.95088441979223,156.00984307059187,56.44425862333023,84.66739611091877,46.2397813537304,34.90754555539725,105.85628240429043,56.47311917207451,0.21623997364558892,0.12865842563270172,0.3008815286456332,0.1603986398640179,49.383163232215914,11.332235798333151,9.941041349200361,28.223137487588545
/content/drive/MyDrive/Bharatanatyam_Digital_Twin/dataset/posture_images/extracted/new_Dataset/Nataraj Augmented/dr_2_5771.jpg,dr_2_5771.jpg,Nataraj Augmented,confidence_0.2,150.0885483343755,175.45056310871084,112.23093107084294,116.68741217363102,30.419306624814993,39.67245983679375,148.92058935304203,132.711308180602,0.3460131781698851,0.2914242443036563,0.20555782752159998,0.05117043290023927,16.20928117244003,9.253153211978756,25.362014774335336,4.456481102788075
/content/drive/MyDrive/Bharatanatyam_Digital_Twin/dataset/posture_images/extracted/new_Dataset/Nataraj Augmented/dr_2_6229.jpg,dr_2_6229.jpg,Nataraj Augmented,confidence_0.2,137.2798428459419,155.82507319762047,47.95151478912612,33.82924783439658,92.33099141639701,111.96198801595217,178.395701791274,160.30771115476423,0.09546662273113321,0.043368419013904,0.07211739366944064,0.17202013741045277,18.087990636509772,19.63099659955516,18.545230351678583,14.12226695472954
/content/drive/MyDrive/Bharatanatyam_Digital_Twin/dataset/posture_images/extracted/new_Dataset/Nataraj Augmented/dr_2_6476.jpg,dr_2_6476.jpg,Nataraj Augmented,confidence_0.2,128.38377677889594,70.66433631357619,37.69788907650224,52.92602774218525,122.04648785539369,146.00642622447864,112.68579656686032,132.29140985009695,0.07205703927047298,0.030193755189095454,0.047172182886327706,0.04828907871059469,19.605613283236636,23.959938369084952,57.71944046531975,15.228138665683005
/content/drive/MyDrive/Bharatanatyam_Digital_Twin/dataset/posture_images/extracted/new_Dataset/Nataraj Augmented/dr_2_6501.jpg,dr_2_6501.jpg,Nataraj Augmented,confidence_0.2,131.48309084255624,116.40223640645316,110.04762287227562,87.94740905484838,78.99314519457747,73.49939745120412,98.41941813719605,88.24719434423423,0.07208827390238189,0.09270792544669479,0.10424212928524171,0.07294555122821011,10.172223792961816,5.493747743373348,15.080854436103081,22.100213817427246
/content/drive/MyDrive/Bharatanatyam_Digital_Twin/dataset/posture_images/extracted/new_Dataset/Nataraj Augmented/dr_2_6642.jpg,dr_2_6642.jpg,Nataraj Augmented,confidence_0.2,158.60771348518693,144.26584099771952,69.07359316830154,88.04233968489318,74.19317103999569,70.25881182626985,167.44025916789002,100.31100510254427,0.3115121746718705,0.21825159629788193,0.35597790062555934,0.2618360080186165,67.12925406534575,3.934359213725841,14.341872487467413,18.968746516591636
/content/drive/MyDrive/Bharatanatyam_Digital_Twin/dataset/posture_images/extracted/new_Dataset/Nataraj Augmented/dr_2_6865.jpg,dr_2_6865.jpg,Nataraj Augmented,confidence_0.2,165.6424513807093,161.93283623587516,73.56722405051298,67.24926741750708,68.8921313824376,105.92439989600807,103.06221702633646,128.9900441548951,0.3578438721257407,0.21122447208758638,0.14485450993163998,0.18156457599304432,25.927827128558633,37.03226851357047,3.709615144834146,6.317956633005892
/content/drive/MyDrive/Bharatanatyam_Digital_Twin/dataset/posture_images/extracted/new_Dataset/Nataraj Augmented/dr_2_6972.jpg,dr_2_6972.jpg,Nataraj Augmented,confidence_0.2,90.90932983731307,119.93398166700577,94.05572828216806,82.5499911920083,28.566525246397468,41.73584901274574,133.53384029712498,147.03402413949476,0.05454737371491492,0.07132247856001316,0.09882331179217664,0.07383285411765761,13.500183842369779,13.16932376634827,29.0246518296927,11.505737090159755
/content/drive/MyDrive/Bharatanatyam_Digital_Twin/dataset/posture_images/extracted/new_Dataset/Nataraj Augmented/dr_2_7104.jpg,dr_2_7104.jpg,Nataraj Augmented,confidence_0.2,155.49139136369715,117.05225225630385,61.43932441002518,41.25619177872877,106.72176916406195,73.42657527229866,159.53286520217372,172.5700453720012,0.5338818457415974,0.29234706265065785,0.33154278609619986,0.12205408458866926,13.03718016982748,33.29519389176329,38.4391391073933,20.18313263129641
/content/drive/MyDrive/Bharatanatyam_Digital_Twin/dataset/posture_images/extracted/new_Dataset/Nataraj Augmented/dr_2_7459.jpg,dr_2_7459.jpg,Nataraj Augmented,confidence_0.2,129.60974433218774,111.1929735388525,70.00295402589938,102.5284789952928,83.24575353822121,62.65629843592362,147.41824801538365,123.09065691569488,0.24707565915926435,0.1870604673959167,0.23183853430622756,0.2024870452251437,24.327591099688775,20.589455102297592,18.416770793335246,32.525524969393416
/content/drive/MyDrive/Bharatanatyam_Digital_Twin/dataset/posture_images/extracted/new_Dataset/Nataraj Augmented/dr_2_7603.jpg,dr_2_7603.jpg,Nataraj Augmented,confidence_0.2,104.66647339225527,159.93928601073952,82.99993135399703,95.20798589454188,125.42072894575884,101.66606696035304,124.07523972225071,74.12838627472227,0.08940866410044543,0.06321089872915353,0.12953554087201674,0.08693739106095498,49.94685344752844,23.754661985405804,55.27281261848425,12.20805454054485
/content/drive/MyDrive/Bharatanatyam_Digital_Twin/dataset/posture_images/extracted/new_Dataset/Nataraj Augmented/dr_2_8360.jpg,dr_2_8360.jpg,Nataraj Augmented,confidence_0.2,93.71105291312709,88.40044790103315,17.045364952584475,108.54544853594963,141.00896535992916,166.35285710203533,138.44425789365295,147.81724365014284,0.10402561086597022,0.05843634914377451,0.0725919900574684,0.10034894944392016,9.372985756489896,25.343891742106166,5.310605012093944,91.50008358336515
/content/drive/MyDrive/Bharatanatyam_Digital_Twin/dataset/posture_images/extracted/new_Dataset/Nataraj Augmented/dr_2_8525.jpg,dr_2_8525.jpg,Nataraj Augmented,confidence_0.2,137.36113689506922,153.3340624638566,121.12997363464014,137.20297960501335,128.15031177913033,53.68875175413496,145.6297309969935,94.79371031352953,0.08394245427712639,0.04544756933013607,0.053085843518787874,0.10283330992927957,50.83602068346396,74.46156002499538,15.972925568787389,16.073005970373217
/content/drive/MyDrive/Bharatanatyam_Digital_Twin/dataset/posture_images/extracted/new_Dataset/Nataraj Augmented/dr_2_8813.jpg,dr_2_8813.jpg,Nataraj Augmented,confidence_0.2,163.72108311535646,162.14887821476916,64.96180473302296,74.12479359587925,122.09018832835005,91.36266065587485,150.03296856957462,128.89227599992708,0.11490584362195795,0.05483893350226726,0.18024140580411213,0.281052560403401,21.14069256964754,30.727527672475205,1.5722049005873089,9.162988862856295
/content/drive/MyDrive/Bharatanatyam_Digital_Twin/dataset/posture_images/extracted/new_Dataset/Nataraj Augmented/dr_2_8843.jpg,dr_2_8843.jpg,Nataraj Augmented,confidence_0.2,158.5267862238303,170.27178112427794,42.429905403275306,46.390341085853805,108.6607287199427,139.23944304340418,129.72271912657212,138.5408548822805,0.3398931689299766,0.20505924505928325,0.16392396319489486,0.16725303638371686,8.818135755708397,30.578714323461483,11.744994900447637,3.960435682578499
/content/drive/MyDrive/Bharatanatyam_Digital_Twin/dataset/posture_images/extracted/new_Dataset/Nataraj Augmented/dr_2_9104.jpg,dr_2_9104.jpg,Nataraj Augmented,confidence_0.2,120.7212866310138,165.75947843173486,32.88361072108043,82.82476541197603,133.55251946887245,100.37282677491261,154.2943256222759,125.18416176641502,0.2545650903500616,0.1701715391837171,0.2600969153479958,0.2591429515476146,29.110163855860876,33.179692693959836,45.038191800721066,49.9411546908956
/content/drive/MyDrive/Bharatanatyam_Digital_Twin/dataset/posture_images/extracted/new_Dataset/Nataraj Augmented/dr_2_9445.jpg,dr_2_9445.jpg,Nataraj Augmented,confidence_0.2,153.6983645841788,161.78861433244688,75.37776157362927,83.36639584021336,53.530127320353834,49.90211602389229,152.34945503962703,85.56015551475775,0.35638097902236726,0.2339813404585687,0.5301287912413666,0.38987837889464444,66.78929952486928,3.628011296461544,8.090249748268093,7.988634266584086
/content/drive/MyDrive/Bharatanatyam_Digital_Twin/dataset/posture_images/extracted/new_Dataset/Nataraj Augmented/dr_2_950.jpg,dr_2_950.jpg,Nataraj Augmented,confidence_0.2,162.7168314140848,156.3360529028338,19.406403396792523,49.34483918987942,134.18410533810626,68.8493233241181,71.9810253368477,101.25772327197785,0.3704650432397506,0.2660918213698042,0.4612694891752593,0.4673491242074988,29.27669793513016,65.33478201398816,6.3807785112509805,29.9384357930869
/content/drive/MyDrive/Bharatanatyam_Digital_Twin/dataset/posture_images/extracted/new_Dataset/Nataraj Augmented/dr_2_9512.jpg,dr_2_9512.jpg,Nataraj Augmented,confidence_0.2,166.04247730949035,157.055075460194,22.825525842623627,32.99676970471774,119.64575802232405,144.57425428363112,108.46974276137375,89.59327685924782,0.20290900841980372,0.11707529691796462,0.2622260872511765,0.2224790191725953,18.87646590212593,24.928496261307075,8.987401849296361,10.171243862094116
/content/drive/MyDrive/Bharatanatyam_Digital_Twin/dataset/posture_images/extracted/new_Dataset/Nataraj Augmented/dr_2_9712.jpg,dr_2_9712.jpg,Nataraj Augmented,confidence_0.2,45.68671113346901,141.52621398206335,48.368526061790284,46.38030575564543,6.592458011474785,51.603177638731815,94.85215970609347,103.59881742163378,0.09293362333737977,0.10543606510981175,0.2322044542412522,0.2478745808975037,8.746657715540309,45.01071962725703,95.83950284859435,1.9882203061448536
/content/drive/MyDrive/Bharatanatyam_Digital_Twin/dataset/posture_images/extracted/new_Dataset/Nataraj Augmented/dr_2_9747.jpg,dr_2_9747.jpg,Nataraj Augmented,confidence_0.2,38.372123015082025,124.03038522953734,31.345846548296084,59.71234230346947,118.89120841683541,130.56990666349176,166.10916108212245,131.13290593546535,0.11344878464094493,0.08147176867292205,0.08172641817921747,0.09707597218679018,34.97625514665711,11.678698246656353,85.65826221445532,28.366495755173386
/content/drive/MyDrive/Bharatanatyam_Digital_Twin/dataset/posture_images/extracted/new_Dataset/Nataraj Augmented/dr_3_1064.jpg,dr_3_1064.jpg,Nataraj Augmented,confidence_0.2,155.30671688790136,140.05710576799905,73.42851756624032,53.98435747285468,164.2136596973368,124.10740205782297,108.3429393590526,111.39545532373229,0.20859589411373428,0.294369745791143,0.5657784077386006,0.8355038878150765,3.0525159646796993,40.10625763951383,15.249611119902312,19.444160093385634
/content/drive/MyDrive/Bharatanatyam_Digital_Twin/dataset/posture_images/extracted/new_Dataset/Nataraj Augmented/dr_3_1085.jpg,dr_3_1085.jpg,Nataraj Augmented,confidence_0.2,150.2590293329097,150.17860150340877,58.83765363763301,48.24611190684852,169.86802631597416,124.14389724304107,108.24857309396928,99.62956072477853,0.2614711356828988,0.2972081649013914,0.5919126474645187,0.7755627742337092,8.619012369190756,45.724129072933096,0.08042782950093397,10.591541730784492
/content/drive/MyDrive/Bharatanatyam_Digital_Twin/dataset/posture_images/extracted/new_Dataset/Nataraj Augmented/dr_3_1223.jpg,dr_3_1223.jpg,Nataraj Augmented,confidence_0.2,155.45663459793786,161.97558271325514,76.79305698989107,62.42119173365708,166.43573965986687,91.37548864036106,132.3337512260284,85.41014084089622,0.2444883175959244,0.22111510522108344,0.566380682113294,0.6470216961045854,46.92361038513218,75.06025101950581,6.518948115317272,14.371865256233988
/content/drive/MyDrive/Bharatanatyam_Digital_Twin/dataset/posture_images/extracted/new_Dataset/Nataraj Augmented/dr_3_1368.jpg,dr_3_1368.jpg,Nataraj Augmented,confidence_0.2,151.43020419702842,146.87367341589257,65.01413168914559,67.90249375247413,111.6362910910797,159.73297129866427,81.42258387577029,86.89001347065901,0.23920091309867292,0.24440205824378283,0.5201688180946027,0.6979101811176696,5.467429594888728,48.09668020758457,4.556530781135848,2.888362063328543
/content/drive/MyDrive/Bharatanatyam_Digital_Twin/dataset/posture_images/extracted/new_Dataset/Nataraj Augmented/dr_3_1443.jpg,dr_3_1443.jpg,Nataraj Augmented,confidence_0.2,88.84306031444267,138.79005548942456,34.66140411802096,46.26141845480403,157.69354909364324,156.48520210998808,122.41430591535612,120.23691390170094,0.04131586228790005,0.029130541850281102,0.022227066306718904,0.011190649625273557,2.1773920136551794,1.2083469836551615,49.94699517498189,11.600014336783069
/content/drive/MyDrive/Bharatanatyam_Digital_Twin/dataset/posture_images/extracted/new_Dataset/Nataraj Augmented/dr_3_1597.jpg,dr_3_1597.jpg,Nataraj Augmented,confidence_0.2,143.0802712160997,156.09992995007013,88.39999543147431,98.24481939053595,91.22662139897827,138.97283877850217,91.38065950767538,93.43425447751532,0.24280934137559132,0.2660823524125694,0.5628859267027718,0.8126309117145631,2.053594969839949,47.7462173795239,13.01965873397043,9.844823959061642
/content/drive/MyDrive/Bharatanatyam_Digital_Twin/dataset/posture_images/extracted/new_Dataset/Nataraj Augmented/dr_3_2166.jpg,dr_3_2166.jpg,Nataraj Augmented,confidence_0.2,148.35960656820046,153.34714724329152,71.70244283851571,54.102863229252264,162.34109440317772,118.49938122672533,115.34004893999779,104.87112893797239,0.23262651822298314,0.2997509427208218,0.5825717760349877,0.792559522314137,10.4689200020254,43.84171317645239,4.987540675091054,17.599579609263444
/content/drive/MyDrive/Bharatanatyam_Digital_Twin/dataset/posture_images/extracted/new_Dataset/Nataraj Augmented/dr_3_250.jpg,dr_3_250.jpg,Nataraj Augmented,confidence_0.2,171.18507359340714,120.29341863259356,35.71207502433141,18.057052202846073,107.67043313348874,125.57326991024365,160.65906416164162,109.89844691375232,0.17936100135444946,0.1274291506687694,0.2158373530672115,0.295308418386668,50.7606172478893,17.90283677675491,50.89165496081358,17.65502282148534
/content/drive/MyDrive/Bharatanatyam_Digital_Twin/dataset/posture_images/extracted/new_Dataset/Nataraj Augmented/dr_3_2546.jpg,dr_3_2546.jpg,Nataraj Augmented,confidence_0.2,162.36505686180135,135.82808141314075,88.66424461867767,31.96271931624381,124.054513470204,104.41050125943455,93.19476908818832,126.84076710690468,0.4341303055600935,0.2505178702247406,0.4467767978628003,0.4621325774424415,33.645998018716355,19.644012210769446,26.5369754486606,56.701525302433865
/content/drive/MyDrive/Bharatanatyam_Digital_Twin/dataset/posture_images/extracted/new_Dataset/Nataraj Augmented/dr_3_2562.jpg,dr_3_2562.jpg,Nataraj Augmented,confidence_0.2,150.3283255542988,155.24275071608045,63.59346771890539,75.8926216512064,111.64398306800418,150.00289020875104,97.70810193238087,94.60269604533626,0.22741104553895766,0.252042150785464,0.518107976696363,0.691206805378549,3.1054058870446113,38.358907140746865,4.914425161781651,12.29915393230101
/content/drive/MyDrive/Bharatanatyam_Digital_Twin/dataset/posture_images/extracted/new_Dataset/Nataraj Augmented/dr_3_2822.jpg,dr_3_2822.jpg,Nataraj Augmented,confidence_0.2,153.99386945993749,154.02577274092596,59.55511269702383,69.55587209795759,117.19916808905872,159.2442332757107,103.24004633821727,87.80471097802514,0.32344798771421823,0.3274737366173786,0.6811301263915738,0.9338507019726607,15.435335360192127,42.045065186651996,0.03190328098847317,10.00075940093376
/content/drive/MyDrive/Bharatanatyam_Digital_Twin/dataset/posture_images/extracted/new_Dataset/Nataraj Augmented/dr_3_3056.jpg,dr_3_3056.jpg,Nataraj Augmented,confidence_0.2,146.9571364758155,159.34493813204907,74.2056284315578,70.79072997457716,160.75161080523716,103.38325048990771,123.80695987075818,92.37090421887133,0.266454967037789,0.27659928608713436,0.6084115070368942,0.7991671410954772,31.436055651886846,57.368360315329454,12.387801656233563,3.4148984569806373
/content/drive/MyDrive/Bharatanatyam_Digital_Twin/dataset/posture_images/extracted/new_Dataset/Nataraj Augmented/dr_3_3133.jpg,dr_3_3133.jpg,Nataraj Augmented,confidence_0.2,153.48864889369352,152.07017326169338,83.94186988155147,61.09988816868722,156.38452253972886,108.52391952184072,119.36728565667546,98.90505845567651,0.17537743171590023,0.23613612775341014,0.5427210222143545,0.75049853940571,20.462227200998953,47.86060301788814,1.4184756320001384,22.841981712864246
/content/drive/MyDrive/Bharatanatyam_Digital_Twin/dataset/posture_images/extracted/new_Dataset/Nataraj Augmented/dr_3_3143.jpg,dr_3_3143.jpg,Nataraj Augmented,confidence_0.2,153.35577588412053,148.11610151109153,74.56414741064613,79.21071261619365,101.34194540743263,155.12669906475594,86.77514284251187,95.68518243436282,0.23247561773794714,0.23379450920088607,0.5617706597578869,0.7577657904070165,8.910039591850946,53.78475365732331,5.239674373029004,4.6465652055475175
/content/drive/MyDrive/Bharatanatyam_Digital_Twin/dataset/posture_images/extracted/new_Dataset/Nataraj Augmented/dr_3_3279.jpg,dr_3_3279.jpg,Nataraj Augmented,confidence_0.2,156.55467553347046,152.9871450205706,91.72706137787854,63.16517470990731,150.08046949812322,104.2672946191708,114.16109818132053,78.26449772807668,0.17099212418648274,0.25031308742962965,0.6043602359439241,0.7409522384450403,35.89660045324385,45.813174878952424,3.5675305128998502,28.56188666797123
/content/drive/MyDrive/Bharatanatyam_Digital_Twin/dataset/posture_images/extracted/new_Dataset/Nataraj Augmented/dr_3_3386.jpg,dr_3_3386.jpg,Nataraj Augmented,confidence_0.2,147.33643786512818,158.7467020457088,69.69243796602885,59.96114869086969,160.56688089479533,116.43749018264377,107.095342864116,115.93027970366731,0.26497147328928294,0.31042730574231886,0.6543095675934363,0.9941477264343889,8.834936839551304,44.12939071215156,11.410264180580612,9.731289275159156
/content/drive/MyDrive/Bharatanatyam_Digital_Twin/dataset/posture_images/extracted/new_Dataset/Nataraj Augmented/dr_3_3536.jpg,dr_3_3536.jpg,Nataraj Augmented,confidence_0.2,156.23644993589602,159.87396487134475,66.51464160290244,78.4094532069929,89.28134248413983,162.43032109391436,89.6868021101644,127.69053253509655,0.2873605763054525,0.24793337915801983,0.5782072487490811,0.6713201047260141,38.00373042493216,73.14897860977453,3.637514935448735,11.89481160409045
/content/drive/MyDrive/Bharatanatyam_Digital_Twin/dataset/posture_images/extracted/new_Dataset/Nataraj Augmented/dr_3_3589.jpg,dr_3_3589.jpg,Nataraj Augmented,confidence_0.2,155.51780578924894,139.54714589077938,86.50925860693744,53.151579077091206,151.02019780241272,121.3932390226319,98.73259248878821,107.05448135757416,0.1891214507637528,0.2923190657003556,0.622761903423259,0.8725791327192105,8.321888868785948,29.62695877978082,15.970659898469563,33.35767952984623
/content/drive/MyDrive/Bharatanatyam_Digital_Twin/dataset/posture_images/extracted/new_Dataset/Nataraj Augmented/dr_3_375.jpg,dr_3_375.jpg,Nataraj Augmented,confidence_0.2,156.33010137329842,142.45630730324913,86.08094376003362,60.14522192373427,159.47650501136354,125.65154213141425,98.16276719713098,117.9406185770676,0.1769583050342924,0.2810947859781163,0.5593613807117713,0.8673758376719884,19.77785137993662,33.8249628799493,13.873794070049286,25.93572183629935
/content/drive/MyDrive/Bharatanatyam_Digital_Twin/dataset/posture_images/extracted/new_Dataset/Nataraj Augmented/dr_3_3853.jpg,dr_3_3853.jpg,Nataraj Augmented,confidence_0.2,151.25401280955964,150.25328074687707,75.8304608875889,62.3822537041118,160.2382852030346,101.20102448341744,95.89188720097911,88.17865682465556,0.22435419347637167,0.2752406496540851,0.5631056662250503,0.8412255572520156,7.713230376323551,59.03726071961715,1.000732062682573,13.448207183477102
/content/drive/MyDrive/Bharatanatyam_Digital_Twin/dataset/posture_images/extracted/new_Dataset/Nataraj Augmented/dr_3_398.jpg,dr_3_398.jpg,Nataraj Augmented,confidence_0.2,155.27174597039527,129.72732700527487,76.58884669236545,65.91558063937464,151.34781030824306,130.26033276259685,92.1358336117305,118.04894552214425,0.17392967846695392,0.2886681762740658,0.5195360116131186,0.755678453240088,25.913111910413747,21.08747754564621,25.5444189651204,10.673266052990812
/content/drive/MyDrive/Bharatanatyam_Digital_Twin/dataset/posture_images/extracted/new_Dataset/Nataraj Augmented/dr_3_4033.jpg,dr_3_4033.jpg,Nataraj Augmented,confidence_0.2,156.60822888642153,155.19300063565527,67.18365887825331,66.45399440251471,95.64479332199065,169.15799014444588,73.73300476545477,94.40893893748911,0.30644823123927034,0.24731322539112577,0.6212429480908388,0.8339074541439043,20.675934172034346,73.51319682245523,1.415228250766262,0.7296644757386019
/content/drive/MyDrive/Bharatanatyam_Digital_Twin/dataset/posture_images/extracted/new_Dataset/Nataraj Augmented/dr_3_41.jpg,dr_3_41.jpg,Nataraj Augmented,confidence_0.2,154.87584837444413,150.1883076636985,73.29911040334133,78.11124559244311,107.0977810161142,142.68989327522354,94.54113587854658,80.34436135998521,0.2505733478180345,0.25388625323976416,0.5248109670529245,0.7194189590464872,14.19677451856137,35.59211225910934,4.687540710745623,4.812135189101781
/content/drive/MyDrive/Bharatanatyam_Digital_Twin/dataset/posture_images/extracted/new_Dataset/Nataraj Augmented/dr_3_4668.jpg,dr_3_4668.jpg,Nataraj Augmented,confidence_0.2,152.6705797305436,155.9954149097339,36.02640286759212,53.38889531750862,131.7892568940927,146.8090228173769,123.72272064329775,82.60808936565543,0.24782360820457314,0.2176302923701605,0.44462906611869957,0.7654472269181308,41.11463127764232,15.019765923284211,3.324835179190302,17.362492449916502
/content/drive/MyDrive/Bharatanatyam_Digital_Twin/dataset/posture_images/extracted/new_Dataset/Nataraj Augmented/dr_3_4705.jpg,dr_3_4705.jpg,Nataraj Augmented,confidence_0.2,152.20478276302015,146.46609175630942,76.13179312999083,73.77446704691904,91.66790101913469,150.5202946948467,94.01887383263039,84.67462107909311,0.3038439652921534,0.25348009605611205,0.4890720464171741,0.704319126409133,9.344252753537276,58.85239367571202,5.738691006710724,2.357326083071783
/content/drive/MyDrive/Bharatanatyam_Digital_Twin/dataset/posture_images/extracted/new_Dataset/Nataraj Augmented/dr_3_4797.jpg,dr_3_4797.jpg,Nataraj Augmented,confidence_0.2,147.4666416572774,146.27363290203525,50.573049899014435,59.995241235523046,125.87633256599867,149.1855702392744,108.77493349202142,112.43130250354527,0.22110532483474832,0.25424042708856437,0.5541931022184936,0.7413228742650653,3.65636901152385,23.30923767327573,1.193008755242147,9.422191336508611
/content/drive/MyDrive/Bharatanatyam_Digital_Twin/dataset/posture_images/extracted/new_Dataset/Nataraj Augmented/dr_3_4798.jpg,dr_3_4798.jpg,Nataraj Augmented,confidence_0.2,161.84800744752533,151.8257083253269,85.38858458497234,77.35906554583495,81.1109161316411,146.61187892867477,106.5929132985055,93.58477972675816,0.3446071657443412,0.2775062983472626,0.5738153379616209,0.7616794698789652,13.008133571747337,65.50096279703367,10.022299122198433,8.029519039137384
/content/drive/MyDrive/Bharatanatyam_Digital_Twin/dataset/posture_images/extracted/new_Dataset/Nataraj Augmented/dr_3_4936.jpg,dr_3_4936.jpg,Nataraj Augmented,confidence_0.2,138.12570577069334,160.59663053136535,76.64064244508246,80.24607304760897,158.0903321892585,99.20743201888918,110.88584657360397,99.68261882654288,0.28037106459108546,0.2937104118813319,0.5862925145369356,0.8296501902974684,11.203227747061092,58.882900170369325,22.470924760672006,3.6054306025265106
/content/drive/MyDrive/Bharatanatyam_Digital_Twin/dataset/posture_images/extracted/new_Dataset/Nataraj Augmented/dr_3_5379.jpg,dr_3_5379.jpg,Nataraj Augmented,confidence_0.2,158.19162342490205,145.91382332354144,81.02194028230117,57.9889213075882,154.95211616848837,122.13550088195687,95.98370719228987,112.29180373219124,0.1482783105177381,0.23335881029623637,0.548524085482661,0.8191067669514274,16.30809653990137,32.8166152865315,12.277800101360612,23.033018974712974
/content/drive/MyDrive/Bharatanatyam_Digital_Twin/dataset/posture_images/extracted/new_Dataset/Nataraj Augmented/dr_3_6014.jpg,dr_3_6014.jpg,Nataraj Augmented,confidence_0.2,154.81522968596852,155.21915019432765,77.80260395110864,59.47289099459117,154.38218310196496,111.52783703230284,97.3096497765147,107.37396781151291,0.25199786424197357,0.3080820554977854,0.6076819628618636,0.888898789508406,10.064318034998209,42.854346069662114,0.4039205083591355,18.32971295651747
/content/drive/MyDrive/Bharatanatyam_Digital_Twin/dataset/posture_images/extracted/new_Dataset/Nataraj Augmented/dr_3_6451.jpg,dr_3_6451.jpg,Nataraj Augmented,confidence_0.2,156.54018843513822,149.47632860132506,85.97178097894071,54.29767752448946,150.69806370541633,119.97707747782125,100.98822447076486,116.00259615148353,0.17959542171943293,0.29219155626182536,0.654693004090402,0.9667714084895627,15.014371680718668,30.720986227595077,7.063859833813154,31.674103454451256
/content/drive/MyDrive/Bharatanatyam_Digital_Twin/dataset/posture_images/extracted/new_Dataset/Nataraj Augmented/dr_3_6759.jpg,dr_3_6759.jpg,Nataraj Augmented,confidence_0.2,151.08217211655128,139.0742961651558,52.64787353947709,67.72302867578635,110.72452342665974,162.23420070947358,86.33891406997219,87.02440600153564,0.27382619087704624,0.24067414549556593,0.5256809869790133,0.7020322681272323,0.6854919315634476,51.50967728281384,12.007875951395476,15.075155136309263
/content/drive/MyDrive/Bharatanatyam_Digital_Twin/dataset/posture_images/extracted/new_Dataset/Nataraj Augmented/dr_3_6778.jpg,dr_3_6778.jpg,Nataraj Augmented,confidence_0.2,155.94143068739223,139.92259000835026,85.19400501136289,60.72467796359433,151.44607789148864,121.2646258553865,97.72822455911327,118.78303170652752,0.16863507949240794,0.2546556932516694,0.5402142742921063,0.8170632698884995,21.05480714741425,30.181452036102144,16.018840679041972,24.46932704776856
/content/drive/MyDrive/Bharatanatyam_Digital_Twin/dataset/posture_images/extracted/new_Dataset/Nataraj Augmented/dr_3_6828.jpg,dr_3_6828.jpg,Nataraj Augmented,confidence_0.2,151.38299535163353,147.93317316445345,56.362736998312904,76.37157691508332,157.25422407969984,81.83125418340586,120.06534208127255,98.68223780301332,0.3759097161767188,0.28161527615429666,0.5365868448140668,0.6772712587843064,21.383104278259225,75.42296989629398,3.449822187180075,20.00883991677042
/content/drive/MyDrive/Bharatanatyam_Digital_Twin/dataset/posture_images/extracted/new_Dataset/Nataraj Augmented/dr_3_7231.jpg,dr_3_7231.jpg,Nataraj Augmented,confidence_0.2,163.2437949673841,169.33742617177205,35.71468289665581,34.864716328701356,91.88094146965761,109.46603982895122,148.2625774921727,92.96131869272422,0.22192537068252438,0.1847233615525255,0.3610875105491987,0.45105228816074583,55.30125879944849,17.58509835929361,6.093631204387947,0.8499665679544535
/content/drive/MyDrive/Bharatanatyam_Digital_Twin/dataset/posture_images/extracted/new_Dataset/Nataraj Augmented/dr_3_7527.jpg,dr_3_7527.jpg,Nataraj Augmented,confidence_0.2,141.240401750644,155.7945683571986,65.54545249084588,66.28964237677374,115.64646134889423,164.62486759888714,87.30074145010923,98.91527140559778,0.1558083471229798,0.16412514721677127,0.4339304959459695,0.5770387055695468,11.61452995548855,48.9784062499929,14.554166606554617,0.7441898859278666
/content/drive/MyDrive/Bharatanatyam_Digital_Twin/dataset/posture_images/extracted/new_Dataset/Nataraj Augmented/dr_3_7569.jpg,dr_3_7569.jpg,Nataraj Augmented,confidence_0.2,66.04454003007298,39.94436187211205,105.80533032269256,15.049464160236107,134.263599920658,115.38122279689874,78.56068609750426,129.35227107862892,0.1248260696699141,0.10227300667591104,0.23856428395825224,0.20128185942113286,50.79158498112466,18.88237712375927,26.100178157960933,90.75586616245644
/content/drive/MyDrive/Bharatanatyam_Digital_Twin/dataset/posture_images/extracted/new_Dataset/Nataraj Augmented/dr_3_7641.jpg,dr_3_7641.jpg,Nataraj Augmented,confidence_0.2,150.32792519525634,153.0200141547891,64.87506800159566,46.409285687141455,162.18714864442023,127.94722623736457,102.75334656217676,105.90095430671425,0.28733933640892007,0.359132918817278,0.6998293791685364,0.8995710657144396,3.1476077445374955,34.23992240705566,2.6920889595327537,18.46578231445421
/content/drive/MyDrive/Bharatanatyam_Digital_Twin/dataset/posture_images/extracted/new_Dataset/Nataraj Augmented/dr_3_7668.jpg,dr_3_7668.jpg,Nataraj Augmented,confidence_0.2,162.48550623320017,143.24142060362578,41.15934509130932,46.44003555436606,110.7265979352985,175.5006513170211,102.67344207183994,119.92942218047037,0.25531150703010697,0.20664524735998854,0.5128945986829319,0.631047511900328,17.255980108630425,64.7740533817226,19.244085629574386,5.280690463056743
/content/drive/MyDrive/Bharatanatyam_Digital_Twin/dataset/posture_images/extracted/new_Dataset/Nataraj Augmented/dr_3_7865.jpg,dr_3_7865.jpg,Nataraj Augmented,confidence_0.2,127.36771350445714,145.42705526617564,56.68100541838157,63.82592585162189,117.34022395111243,152.5165565212623,85.27909887380238,108.09674983000095,0.2997702774771456,0.2918691495966047,0.5966706644328983,0.7129568790872253,22.817650956198563,35.17633257014985,18.0593417617185,7.144920433240323
/content/drive/MyDrive/Bharatanatyam_Digital_Twin/dataset/posture_images/extracted/new_Dataset/Nataraj Augmented/dr_3_8401.jpg,dr_3_8401.jpg,Nataraj Augmented,confidence_0.2,151.1327072030233,139.01290622591745,98.07497982811402,66.72764839030289,119.74779363875243,103.19387828876918,125.44777374720998,86.73719283427103,0.18164122840262825,0.10086965970132095,0.0603464761777044,0.1476598688809398,38.71058091293895,16.553915349983242,12.119800977105854,31.347331437811135
/content/drive/MyDrive/Bharatanatyam_Digital_Twin/dataset/posture_images/extracted/new_Dataset/Nataraj Augmented/dr_3_8537.jpg,dr_3_8537.jpg,Nataraj Augmented,confidence_0.2,148.36625360520048,155.51577133716728,83.02736113809237,64.06936033950393,158.31887767063324,103.86686732785996,113.65281141080484,79.72455826024789,0.24021613921042353,0.28146053589578074,0.5702679266360169,0.7035225961526295,33.928253150556955,54.45201034277328,7.149517731966796,18.958000798588444
/content/drive/MyDrive/Bharatanatyam_Digital_Twin/dataset/posture_images/extracted/new_Dataset/Nataraj Augmented/dr_3_8627.jpg,dr_3_8627.jpg,Nataraj Augmented,confidence_0.2,161.56713780007723,158.55516843348457,56.29502845107659,55.71672765830197,103.88999126268898,161.99344287124677,118.67872437898957,102.05570908501915,0.3973741188803607,0.3178525696647195,0.7249645851127945,1.0506334476778392,16.623015293970425,58.10345160855779,3.011969366592666,0.5783007927746198
/content/drive/MyDrive/Bharatanatyam_Digital_Twin/dataset/posture_images/extracted/new_Dataset/Nataraj Augmented/dr_3_8703.jpg,dr_3_8703.jpg,Nataraj Augmented,confidence_0.2,156.02166756612675,152.64515992027577,69.55299599475715,72.7680215277475,104.73748040485395,152.59669864024892,93.45625482283677,92.33187241118489,0.27485398955691714,0.2668371321487565,0.5218389908017047,0.6933838342425097,1.1243824116518795,47.85921823539496,3.376507645850978,3.215025532990353
/content/drive/MyDrive/Bharatanatyam_Digital_Twin/dataset/posture_images/extracted/new_Dataset/Nataraj Augmented/dr_3_9531.jpg,dr_3_9531.jpg,Nataraj Augmented,confidence_0.2,147.07440418471975,152.23234001580835,55.06376688320603,67.52351582940325,104.46132791668586,168.19013871746125,89.79982546306152,93.34611028876334,0.25151256529561034,0.21793995475360842,0.4983923366583346,0.6923288140330609,3.546284825701818,63.72881080077539,5.157935831088594,12.459748946197223
/content/drive/MyDrive/Bharatanatyam_Digital_Twin/dataset/posture_images/extracted/new_Dataset/Nataraj Augmented/dr_3_9724.jpg,dr_3_9724.jpg,Nataraj Augmented,confidence_0.2,156.04037837440552,156.84307256818613,60.22900784887144,56.09556110133729,98.39338852388369,168.8699032933753,102.33778755824002,97.15494630518187,0.38127702395233454,0.290467480026863,0.6290057863270102,0.8533773856345032,5.182841253058157,70.47651476949162,0.80269419378061,4.133446747534151
/content/drive/MyDrive/Bharatanatyam_Digital_Twin/dataset/posture_images/extracted/new_Dataset/Nataraj Augmented/dr_3_9862.jpg,dr_3_9862.jpg,Nataraj Augmented,confidence_0.2,159.15204763306133,151.597352906872,85.36341416229556,52.50508223744118,149.38289218275156,117.97817210459029,94.42923875344898,110.31993530659442,0.19452842288847333,0.28260335007810766,0.6051089751415801,0.8710361512570853,15.890696553145432,31.404720078161276,7.554694726189325,32.858331924854376
/content/drive/MyDrive/Bharatanatyam_Digital_Twin/dataset/posture_images/extracted/new_Dataset/Nataraj Augmented/dr_3_993.jpg,dr_3_993.jpg,Nataraj Augmented,confidence_0.2,140.28772368645508,157.9588189182003,66.36900421926657,55.009241039626325,155.44542999492725,122.0131492660415,108.39944553192458,114.57745297611925,0.25720560934799863,0.27434357806224785,0.5426518760203384,0.7466129036057474,6.178007444194662,33.43228072888576,17.671095231745227,11.359763179640247
/content/drive/MyDrive/Bharatanatyam_Digital_Twin/dataset/posture_images/extracted/new_Dataset/Nataraj Augmented/dr_3_9956.jpg,dr_3_9956.jpg,Nataraj Augmented,confidence_0.2,154.85368080652228,158.0692800150125,49.286150610749715,60.63209087648844,118.3038471554295,158.40133933148877,114.41538314510238,85.05854744527159,0.32548747466377637,0.2917845144556164,0.5222878659606041,0.7871645812747895,29.356835699830796,40.097492176059276,3.2155992084902323,11.345940265738726
/content/drive/MyDrive/Bharatanatyam_Digital_Twin/dataset/posture_images/extracted/new_Dataset/Nataraj Augmented/dr_3_9985.jpg,dr_3_9985.jpg,Nataraj Augmented,confidence_0.2,139.24657709788676,155.66197827977493,97.47519293967194,108.49313222722463,77.1682805709619,137.15526943777311,80.20453180925058,100.84285479726994,0.2365387853749107,0.24769280807934171,0.5146721268239322,0.679518760113935,20.638322988019354,59.98698886681122,16.41540118188817,11.017939287552693
/content/drive/MyDrive/Bharatanatyam_Digital_Twin/dataset/posture_images/extracted/new_Dataset/Nataraj Augmented/dr_4_1341.jpg,dr_4_1341.jpg,Nataraj Augmented,confidence_0.2,160.37633394094055,133.73030830140274,36.93815042912027,46.74791521773911,127.19209223397664,159.8010435765759,132.15861129742672,124.42592815492011,0.21295617803839542,0.11801462174559828,0.26780868305319927,0.4419575193827393,7.732683142506602,32.608951342599255,26.64602563953781,9.809764788618843
/content/drive/MyDrive/Bharatanatyam_Digital_Twin/dataset/posture_images/extracted/new_Dataset/Nataraj Augmented/dr_4_1792.jpg,dr_4_1792.jpg,Nataraj Augmented,confidence_0.2,112.56163886065615,150.50654037311784,49.94458749991329,37.72320591007847,156.91466981925606,94.75783802761427,150.86208651252474,117.6548169292309,0.2647626283199777,0.12224444432937975,0.22494404512342966,0.19161645686731102,33.20726958329384,62.15683179164179,37.9449015124617,12.22138158983482
/content/drive/MyDrive/Bharatanatyam_Digital_Twin/dataset/posture_images/extracted/new_Dataset/Nataraj Augmented/dr_4_1978.jpg,dr_4_1978.jpg,Nataraj Augmented,confidence_0.2,158.42506935273414,127.06216175689823,44.404049321488,47.29918406818221,117.1003231352908,136.82152960995055,137.63937076853168,127.22038069039712,0.26910634855857757,0.14521901677613175,0.11868541063749462,0.12469583426289937,10.418990078134556,19.721206474659752,31.362907595835907,2.895134746694204
/content/drive/MyDrive/Bharatanatyam_Digital_Twin/dataset/posture_images/extracted/new_Dataset/Nataraj Augmented/dr_4_2294.jpg,dr_4_2294.jpg,Nataraj Augmented,confidence_0.2,169.62682711911015,136.49850953086207,28.21944524899899,40.49225916174012,139.61617582503374,146.5086017987124,144.08289572788013,102.28169063789478,0.2332579773916882,0.16533341124346176,0.7434953821498442,1.378497760194664,41.801205089985345,6.892425973678655,33.12831758824808,12.272813912741132
/content/drive/MyDrive/Bharatanatyam_Digital_Twin/dataset/posture_images/extracted/new_Dataset/Nataraj Augmented/dr_4_2334.jpg,dr_4_2334.jpg,Nataraj Augmented,confidence_0.2,162.24946787822628,154.61607361435728,33.193495447363475,20.97128877558845,133.50755271245154,144.81274332648726,130.10547859040926,122.7125288598783,0.32857049945938294,0.15751315972746172,0.28225374136999387,0.24119745841577478,7.392949730530958,11.305190614035723,7.6333942638690075,12.222206671775023
/content/drive/MyDrive/Bharatanatyam_Digital_Twin/dataset/posture_images/extracted/new_Dataset/Nataraj Augmented/dr_4_251.jpg,dr_4_251.jpg,Nataraj Augmented,confidence_0.2,163.04708043981734,128.08893353639039,27.642323634665434,36.6857573209845,136.5167879390936,157.78484101141692,137.53869655368018,148.4521012174805,0.24677304106660708,0.12900288413085462,0.15821237411708317,0.12131429582715038,10.913404663800321,21.268053072323312,34.95814690342695,9.043433686319066
/content/drive/MyDrive/Bharatanatyam_Digital_Twin/dataset/posture_images/extracted/new_Dataset/Nataraj Augmented/dr_4_2700.jpg,dr_4_2700.jpg,Nataraj Augmented,confidence_0.2,132.3907646996597,154.99297175429734,56.62078961707687,58.761076901929826,134.22506490822332,103.78825539862125,141.7191260134074,124.28334675504875,0.2297751611808937,0.13207063015115425,0.18740075217190127,0.13050226270372384,17.435779258358636,30.43680950960207,22.60220705463763,2.1402872848529526
/content/drive/MyDrive/Bharatanatyam_Digital_Twin/dataset/posture_images/extracted/new_Dataset/Nataraj Augmented/dr_4_335.jpg,dr_4_335.jpg,Nataraj Augmented,confidence_0.2,167.7849661420247,134.5628936745612,38.94853185285614,44.86167779481794,124.94881287657383,173.4086370401199,126.42325677393508,51.220645735570905,0.22759926810421788,0.12717794586021863,0.4586062964429553,0.895439909668658,75.20261103836418,48.45982416354609,33.222072467463505,5.913145941961801
/content/drive/MyDrive/Bharatanatyam_Digital_Twin/dataset/posture_images/extracted/new_Dataset/Nataraj Augmented/dr_4_3404.jpg,dr_4_3404.jpg,Nataraj Augmented,confidence_0.2,165.58846959227432,136.1777491730571,80.79370068316439,71.54354794541497,87.59007654872018,113.75884378848492,143.73435474296306,83.75174884063046,0.23033596191101283,0.12952967565094248,0.16872407962547356,0.40612857440423555,59.98260590233261,26.168767239764748,29.410720419217228,9.250152737749417
/content/drive/MyDrive/Bharatanatyam_Digital_Twin/dataset/posture_images/extracted/new_Dataset/Nataraj Augmented/dr_4_3972.jpg,dr_4_3972.jpg,Nataraj Augmented,confidence_0.2,168.84321863690803,156.15379887948515,80.39382485626844,52.057856431665854,92.87302925366568,128.35703991283955,156.346216526131,165.4929557722992,0.3292748301688364,0.18297000350989598,0.1758221532814816,0.14015433340872804,9.14673924616821,35.484010659173876,12.689419757422883,28.335968424602584
/content/drive/MyDrive/Bharatanatyam_Digital_Twin/dataset/posture_images/extracted/new_Dataset/Nataraj Augmented/dr_4_4062.jpg,dr_4_4062.jpg,Nataraj Augmented,confidence_0.2,163.20072530549444,128.39397233971718,42.45743871176624,45.92009672533209,117.75064671191964,148.4901137389494,130.66181435452734,100.50719065139087,0.2764376271347169,0.13529057990445778,0.17081087322212463,0.41858964980246693,30.154623703136465,30.739467027029747,34.806752965777264,3.46265801356585
/content/drive/MyDrive/Bharatanatyam_Digital_Twin/dataset/posture_images/extracted/new_Dataset/Nataraj Augmented/dr_4_4130.jpg,dr_4_4130.jpg,Nataraj Augmented,confidence_0.2,91.15605825461016,148.39417790175457,38.7189269193941,53.547518230724,87.0958503386222,93.37182013972922,123.61808232354004,69.79159038026499,0.09459882252045936,0.05036631031230692,0.047182299294767,0.2143930260162258,53.826491943275045,6.275969801107024,57.238119647144416,14.828591311329902
/content/drive/MyDrive/Bharatanatyam_Digital_Twin/dataset/posture_images/extracted/new_Dataset/Nataraj Augmented/dr_4_434.jpg,dr_4_434.jpg,Nataraj Augmented,confidence_0.2,133.97538684073245,153.6835376087996,58.478800756764336,47.049970106425086,147.3940144253728,115.30997862154679,79.35159112259296,67.55040884527426,0.2593816080862792,0.17614518323014694,0.550024902430838,0.5699716396346393,11.801182277318702,32.08403580382601,19.708150768067156,11.42883065033925
/content/drive/MyDrive/Bharatanatyam_Digital_Twin/dataset/posture_images/extracted/new_Dataset/Nataraj Augmented/dr_4_4717.jpg,dr_4_4717.jpg,Nataraj Augmented,confidence_0.2,162.25027906451635,143.78934371155242,79.52820635757828,69.4730263097544,91.6845828902758,121.84974015421761,140.68486309916534,128.1396138479759,0.2740693830772887,0.15683238650497347,0.2256793948231694,0.34833050896686807,12.545249251189432,30.165157263941808,18.46093535296393,10.055180047823882
/content/drive/MyDrive/Bharatanatyam_Digital_Twin/dataset/posture_images/extracted/new_Dataset/Nataraj Augmented/dr_4_4789.jpg,dr_4_4789.jpg,Nataraj Augmented,confidence_0.2,144.31578143943116,155.1252489235077,33.929019843606625,43.72179791892931,166.46259625386284,72.6111485935987,86.11651343568843,33.942536238360695,0.20489890824146878,0.07719523998582674,0.23685130173017627,0.16044388749913702,52.17397719732774,93.85144766026414,10.80946748407655,9.792778075322687
/content/drive/MyDrive/Bharatanatyam_Digital_Twin/dataset/posture_images/extracted/new_Dataset/Nataraj Augmented/dr_4_4893.jpg,dr_4_4893.jpg,Nataraj Augmented,confidence_0.2,123.49253152373186,160.4634827167675,46.81537925313706,50.25222063525784,149.60443804399227,106.58902792527023,138.8570325345908,125.37328914374602,0.21488700187077547,0.10608595895085797,0.1709084648476745,0.141549436615833,13.483743390844765,43.015410118722045,36.97095119303563,3.4368413821207824
/content/drive/MyDrive/Bharatanatyam_Digital_Twin/dataset/posture_images/extracted/new_Dataset/Nataraj Augmented/dr_4_5248.jpg,dr_4_5248.jpg,Nataraj Augmented,confidence_0.2,165.27077529004225,148.46337976475775,86.66697491491594,63.956571068096586,86.65107894035637,115.51431211620934,147.90203644994511,121.26362162380119,0.29356083861431,0.1632498026873356,0.11075809666782013,0.26844048470030973,26.63841482614393,28.86323317585297,16.807395525284505,22.710403846819354
/content/drive/MyDrive/Bharatanatyam_Digital_Twin/dataset/posture_images/extracted/new_Dataset/Nataraj Augmented/dr_4_5291.jpg,dr_4_5291.jpg,Nataraj Augmented,confidence_0.2,170.90310567751027,163.20828310451623,65.81225620978888,62.192855855378625,110.33904384959021,155.70849554995445,165.15636942166563,93.44689409585962,0.22513197418461642,0.15386469608501807,0.7096271730536371,1.358382054756434,71.70947532580601,45.36945170036424,7.694822572994042,3.61940035441026
/content/drive/MyDrive/Bharatanatyam_Digital_Twin/dataset/posture_images/extracted/new_Dataset/Nataraj Augmented/dr_4_5461.jpg,dr_4_5461.jpg,Nataraj Augmented,confidence_0.2,153.8948931799113,131.051640998658,59.3422700379199,63.530349583977255,108.49837541657628,131.13040415698674,138.82431784172203,87.54206583438146,0.21524497752773364,0.12916422993479806,0.21392374957678487,0.41659044246889126,51.282252007340574,22.632028740410462,22.84325218125329,4.188079546057352
/content/drive/MyDrive/Bharatanatyam_Digital_Twin/dataset/posture_images/extracted/new_Dataset/Nataraj Augmented/dr_4_5524.jpg,dr_4_5524.jpg,Nataraj Augmented,confidence_0.2,128.00298047534082,162.74023793632392,40.69011056218517,37.13379214779149,157.75121773263433,114.19086704459329,101.9479990820978,87.52031353958385,0.2117063750748228,0.12299929010713317,0.49663770453141176,0.584768024593452,14.427685542513942,43.56035068804104,34.7372574609831,3.5563184143936795
/content/drive/MyDrive/Bharatanatyam_Digital_Twin/dataset/posture_images/extracted/new_Dataset/Nataraj Augmented/dr_4_6018.jpg,dr_4_6018.jpg,Nataraj Augmented,confidence_0.2,168.6802595325059,131.91302471527115,75.52688114795639,73.48338289116374,89.63804942317303,137.2043127199278,104.08139786487007,39.80274364474347,0.20745444765012266,0.11329477863224963,0.4234756189337378,0.8158028786917189,64.2786542201266,47.56626329675477,36.76723481723474,2.0434982567926454
/content/drive/MyDrive/Bharatanatyam_Digital_Twin/dataset/posture_images/extracted/new_Dataset/Nataraj Augmented/dr_4_6032.jpg,dr_4_6032.jpg,Nataraj Augmented,confidence_0.2,153.10546483657643,162.95594248094088,58.5676404462781,56.39270179453266,128.74863714809777,116.61068010655089,137.18405812219757,98.33870020645188,0.1800745503433899,0.14215636385034736,0.31514398515130204,0.23915609936721086,38.845357915745694,12.137957041546883,9.850477644364446,2.1749386517454354
/content/drive/MyDrive/Bharatanatyam_Digital_Twin/dataset/posture_images/extracted/new_Dataset/Nataraj Augmented/dr_4_6056.jpg,dr_4_6056.jpg,Nataraj Augmented,confidence_0.2,137.54795895229435,160.2431915079834,38.21842819765564,35.9523763973127,169.95635657868095,122.68219971759896,69.1437832085285,58.6808349778607,0.2706258286515568,0.1690824225865171,0.5857794197684685,0.6291789228039733,10.462948230667806,47.27415686108199,22.695232555689046,2.266051800342943
/content/drive/MyDrive/Bharatanatyam_Digital_Twin/dataset/posture_images/extracted/new_Dataset/Nataraj Augmented/dr_4_6058.jpg,dr_4_6058.jpg,Nataraj Augmented,confidence_0.2,166.3842820500176,164.29890001302707,14.001537029743554,13.44281280742701,132.30573267290907,144.73674625833152,138.29206776420838,118.18647804638111,0.14624130329283197,0.10473722419707115,0.33313810330585003,0.4572898665493025,20.10558971782727,12.431013585422448,2.0853820369905236,0.5587242223165436
/content/drive/MyDrive/Bharatanatyam_Digital_Twin/dataset/posture_images/extracted/new_Dataset/Nataraj Augmented/dr_4_6067.jpg,dr_4_6067.jpg,Nataraj Augmented,confidence_0.2,168.3819431119249,144.60664556282714,30.706768052347712,32.95339414070124,142.47502385924886,153.42589088633164,157.72917366083973,150.57883379655058,0.26869696302425816,0.14137581061940382,0.14216936717172582,0.09886898148535958,7.150339864289151,10.95086702708278,23.775297549097758,2.24662608835353
/content/drive/MyDrive/Bharatanatyam_Digital_Twin/dataset/posture_images/extracted/new_Dataset/Nataraj Augmented/dr_4_6408.jpg,dr_4_6408.jpg,Nataraj Augmented,confidence_0.2,130.3215473155206,158.1469666279894,39.01466092296543,35.810282031579874,165.68147266944231,125.8211860110107,120.61524220444467,130.85093125440156,0.27576799105725114,0.17548527402999872,0.5871427980656766,0.73861058527418,10.235689049956889,39.86028665843162,27.825419312468796,3.2043788913855593
/content/drive/MyDrive/Bharatanatyam_Digital_Twin/dataset/posture_images/extracted/new_Dataset/Nataraj Augmented/dr_4_6458.jpg,dr_4_6458.jpg,Nataraj Augmented,confidence_0.2,121.1375732701332,158.21683027334976,55.82426068591779,56.82152320633014,142.94488127514617,98.15582102344064,69.88598066273005,73.33061603684392,0.2155882947732187,0.11642069764729283,0.250362691128759,0.19621239894660397,3.444635374113872,44.789060251705536,37.079257003216554,0.9972625204123489
/content/drive/MyDrive/Bharatanatyam_Digital_Twin/dataset/posture_images/extracted/new_Dataset/Nataraj Augmented/dr_4_6463.jpg,dr_4_6463.jpg,Nataraj Augmented,confidence_0.2,164.01210976083144,141.39493142106193,94.29776559068034,81.14260259972744,70.52057174859762,94.89900939453476,140.50331291932594,132.69742905910144,0.24054225256545603,0.13609643573620828,0.1301816966788613,0.09795503375664276,7.8058838602244975,24.37843764593714,22.61717833976951,13.155162990952903
/content/drive/MyDrive/Bharatanatyam_Digital_Twin/dataset/posture_images/extracted/new_Dataset/Nataraj Augmented/dr_4_6486.jpg,dr_4_6486.jpg,Nataraj Augmented,confidence_0.2,130.44969454225387,158.70161403006693,51.38277199230808,38.908613217201285,159.45002922020473,110.62755661827187,79.78527607462205,92.50456796970839,0.22560048284798,0.13715266355143396,0.6664585585878107,0.8463909201063515,12.719291895086343,48.82247260193286,28.25191948781307,12.474158775106794
/content/drive/MyDrive/Bharatanatyam_Digital_Twin/dataset/posture_images/extracted/new_Dataset/Nataraj Augmented/dr_4_6649.jpg,dr_4_6649.jpg,Nataraj Augmented,confidence_0.2,138.44796873567864,163.036350459225,121.72957685023816,118.83222350467948,80.77960405016559,34.91312176047131,52.72887821393355,24.410455093816463,0.18948724849016718,0.11084679749148994,0.5645094669048906,0.634116150894679,28.318423120117085,45.866482289694275,24.588381723546348,2.8973533455586846
/content/drive/MyDrive/Bharatanatyam_Digital_Twin/dataset/posture_images/extracted/new_Dataset/Nataraj Augmented/dr_4_6863.jpg,dr_4_6863.jpg,Nataraj Augmented,confidence_0.2,141.81862146274705,150.09278205919915,57.24923925339201,51.70551221556941,159.384397655885,104.19165269781391,72.00844939941065,71.04874427044506,0.1967142696756884,0.10721620087135945,0.5317739540506564,0.7655707338682417,0.9597051289655951,55.1927449580711,8.274160596452106,5.543727037822606
/content/drive/MyDrive/Bharatanatyam_Digital_Twin/dataset/posture_images/extracted/new_Dataset/Nataraj Augmented/dr_4_7280.jpg,dr_4_7280.jpg,Nataraj Augmented,confidence_0.2,125.21733214409028,162.55947638412582,47.7805294464456,45.714986438348866,144.3268989688813,114.36657403719181,148.63497423991157,137.7050631924618,0.2466073701253119,0.13075988684069487,0.1789679830343655,0.15732019254058588,10.929911047449764,29.960324931689485,37.34214424003554,2.065543008096732
/content/drive/MyDrive/Bharatanatyam_Digital_Twin/dataset/posture_images/extracted/new_Dataset/Nataraj Augmented/dr_4_781.jpg,dr_4_781.jpg,Nataraj Augmented,confidence_0.2,162.24071403660398,135.68455275830553,21.34954599249699,33.85604191169703,144.29046420361934,148.59171185680148,103.4035414684834,113.34665731595383,0.2677439153902582,0.14999031721440653,0.5909624109740407,0.7759253055765634,9.943115847470438,4.301247653182145,26.556161278298447,12.506495919200038
/content/drive/MyDrive/Bharatanatyam_Digital_Twin/dataset/posture_images/extracted/new_Dataset/Nataraj Augmented/dr_4_8148.jpg,dr_4_8148.jpg,Nataraj Augmented,confidence_0.2,163.73167580112,132.6631452386113,27.468273545181514,38.04955696884071,137.9330611865739,163.735014630835,116.07990327214142,91.70994343921562,0.2464227068302507,0.12509848298621104,0.20817923382346365,0.3806821248292393,24.3699598329258,25.801953444261102,31.0685305625087,10.581283423659197
/content/drive/MyDrive/Bharatanatyam_Digital_Twin/dataset/posture_images/extracted/new_Dataset/Nataraj Augmented/dr_4_8203.jpg,dr_4_8203.jpg,Nataraj Augmented,confidence_0.2,136.39451196888373,153.50644786452065,52.94839373205483,41.71201534058773,176.2637017313649,118.62760432391742,94.95174726401764,93.74794884855474,0.26222040103386085,0.20163686808670805,0.7453491327263092,0.9691691583142947,1.2037984154628987,57.63609740744748,17.11193589563692,11.236378391467099
/content/drive/MyDrive/Bharatanatyam_Digital_Twin/dataset/posture_images/extracted/new_Dataset/Nataraj Augmented/dr_4_8251.jpg,dr_4_8251.jpg,Nataraj Augmented,confidence_0.2,138.6156823652296,151.51735442379143,99.62538100900942,116.94306756153847,83.50983786155918,47.37551336468715,168.34816562746101,137.44496270934496,0.24250597892772224,0.12094223334707727,0.2714205978187189,0.19113147628237548,30.90320291811605,36.134324496872026,12.901672058561843,17.317686552529054
/content/drive/MyDrive/Bharatanatyam_Digital_Twin/dataset/posture_images/extracted/new_Dataset/Nataraj Augmented/dr_4_8446.jpg,dr_4_8446.jpg,Nataraj Augmented,confidence_0.2,165.45535568691858,136.99939625056837,28.145314742898766,36.95691342825824,140.77834517857724,161.2999318430341,136.05523228842037,142.84178966811268,0.2572493521765394,0.13425584006355734,0.19765069831726548,0.20783714508629028,6.7865573796923115,20.521586664456862,28.455959436350213,8.811598685359474
/content/drive/MyDrive/Bharatanatyam_Digital_Twin/dataset/posture_images/extracted/new_Dataset/Nataraj Augmented/dr_4_8636.jpg,dr_4_8636.jpg,Nataraj Augmented,confidence_0.2,159.75824335480215,144.67394588566705,104.5076589534383,104.68444873233982,61.40606738363687,77.44679964594977,134.9652851686251,45.22128044460097,0.20518184934597905,0.15309331567959222,0.27784808394868293,0.6746943322757246,89.74400472402411,16.0407322623129,15.084297469135095,0.17678977890152225
/content/drive/MyDrive/Bharatanatyam_Digital_Twin/dataset/posture_images/extracted/new_Dataset/Nataraj Augmented/dr_4_8682.jpg,dr_4_8682.jpg,Nataraj Augmented,confidence_0.2,168.5531114088919,157.2541017594456,51.556521347905445,36.18474261326601,115.8588038125348,148.23986700137925,128.74595444737005,114.57337595562082,0.24952610072687756,0.1233648781013836,0.23835172362719562,0.3506502898488571,14.172578491749235,32.38106318884445,11.299009649446305,15.371778734639435
/content/drive/MyDrive/Bharatanatyam_Digital_Twin/dataset/posture_images/extracted/new_Dataset/Nataraj Augmented/dr_4_8747.jpg,dr_4_8747.jpg,Nataraj Augmented,confidence_0.2,131.83766934580365,159.20139645240158,71.57139010838333,84.1717348487339,111.90193020676692,76.54824683659017,61.09979702902961,51.5228007595412,0.252128343622567,0.1363398427822937,0.2078790527280582,0.14884057937172815,9.576996269488411,35.35368337017675,27.363727106597935,12.600344740350579
/content/drive/MyDrive/Bharatanatyam_Digital_Twin/dataset/posture_images/extracted/new_Dataset/Nataraj Augmented/dr_4_8785.jpg,dr_4_8785.jpg,Nataraj Augmented,confidence_0.2,165.8817061713821,137.2866704339991,102.04095968291105,88.57734122804983,70.08344686898118,98.4739747312005,162.90891267671816,149.83427543250158,0.22820071904436265,0.12361319971210091,0.11392561269310991,0.3803365679734487,13.074637244216575,28.390527862219315,28.595035737383,13.46361845486122
/content/drive/MyDrive/Bharatanatyam_Digital_Twin/dataset/posture_images/extracted/new_Dataset/Nataraj Augmented/dr_4_8940.jpg,dr_4_8940.jpg,Nataraj Augmented,confidence_0.2,131.19189227876615,151.3136601623269,40.296119675157435,34.84339175181055,123.30692679256137,137.39434240225572,64.91475947604063,35.89418581914494,0.24621248846506658,0.1234197982645048,0.3287322155900679,0.09231969688839284,29.020573656895692,14.087415609694347,20.12176788356075,5.452727923346885
/content/drive/MyDrive/Bharatanatyam_Digital_Twin/dataset/posture_images/extracted/new_Dataset/Nataraj Augmented/dr_4_8959.jpg,dr_4_8959.jpg,Nataraj Augmented,confidence_0.2,155.50166490020985,143.67387330976234,13.006886495275461,27.967743505659172,153.65045247453034,165.32091566434812,131.52686907949095,145.6147835559311,0.2896416921966982,0.15186035876899417,0.19560147638225997,0.11732904462993828,14.087914476440147,11.67046318981778,11.827791590447504,14.96085701038371
/content/drive/MyDrive/Bharatanatyam_Digital_Twin/dataset/posture_images/extracted/new_Dataset/Nataraj Augmented/dr_4_8984.jpg,dr_4_8984.jpg,Nataraj Augmented,confidence_0.2,140.91341218841197,153.4195835718958,42.293019977597034,48.57437570925094,143.11293125085052,119.34312880226035,143.51996461400782,94.88252570802986,0.14443111149135945,0.09374178623791486,0.1614013018489927,0.16788452013899802,48.63743890597796,23.76980244859017,12.506171383483832,6.281355731653903
/content/drive/MyDrive/Bharatanatyam_Digital_Twin/dataset/posture_images/extracted/new_Dataset/Nataraj Augmented/dr_4_9075.jpg,dr_4_9075.jpg,Nataraj Augmented,confidence_0.2,152.84510859972798,162.30572541177136,34.675956139146436,27.383709012488755,161.24296964554605,140.93297027701718,148.9022413849617,134.71325592306823,0.17696647011740088,0.1167007581595446,0.3225802416815036,0.3648901745011689,14.18898546189348,20.309999368528878,9.460616812043384,7.292247126657681
/content/drive/MyDrive/Bharatanatyam_Digital_Twin/dataset/posture_images/extracted/new_Dataset/Nataraj Augmented/dr_4_9396.jpg,dr_4_9396.jpg,Nataraj Augmented,confidence_0.2,169.48004225563398,147.59604033153303,51.91177825918859,45.02753717358035,119.58597507747781,145.74530795685052,148.26576469345738,174.61660565343928,0.2502534565182312,0.12728372887166065,0.23871379062903778,0.15736277866503942,26.350840959981895,26.159332879372712,21.884001924100943,6.884241085608238
/content/drive/MyDrive/Bharatanatyam_Digital_Twin/dataset/posture_images/extracted/new_Dataset/Nataraj Augmented/dr_4_948.jpg,dr_4_948.jpg,Nataraj Augmented,confidence_0.2,114.3819323386717,155.57413031467684,36.76490372094816,28.492850336679457,137.5150405682167,153.6385871063789,85.90100629129938,52.784102173190135,0.34074840481062324,0.21560012464701572,0.3060333851570405,0.13434487251204044,33.11690411810925,16.123546538162202,41.19219797600513,8.272053384268705
/content/drive/MyDrive/Bharatanatyam_Digital_Twin/dataset/posture_images/extracted/new_Dataset/Nataraj Augmented/dr_4_9783.jpg,dr_4_9783.jpg,Nataraj Augmented,confidence_0.2,160.61930899618093,148.28555502960836,123.02785070229895,103.62188373378706,50.4768787517914,77.71658078982475,158.66583403082794,157.92084110856402,0.2156479883141854,0.13509983477321966,0.12020955252169609,0.1922517353562363,0.7449929222639184,27.239702038033343,12.333753966572573,19.40596696851189
/content/drive/MyDrive/Bharatanatyam_Digital_Twin/dataset/posture_images/extracted/new_Dataset/Nataraj Augmented/dr_5_1225.jpg,dr_5_1225.jpg,Nataraj Augmented,confidence_0.2,111.01736262709991,140.88093548203994,70.04083119812117,95.31557295241781,73.63452467822846,54.98664764757804,107.2900589503398,24.083970121788663,0.4707375127844065,0.29095804293582356,0.49997067822999347,0.47510790659818,83.20608882855113,18.64787703065042,29.86357285494003,25.27474175429664
/content/drive/MyDrive/Bharatanatyam_Digital_Twin/dataset/posture_images/extracted/new_Dataset/Nataraj Augmented/dr_5_1279.jpg,dr_5_1279.jpg,Nataraj Augmented,confidence_0.2,117.59829487609271,107.20248717872627,80.83226637285425,114.70034398876071,95.05956416183474,164.1991340421447,114.51935710457475,159.35899876244213,0.4817580239812891,0.3198614172852903,0.5089892357245761,0.554180376429504,44.839641657867375,69.13956988030995,10.395807697366436,33.86807761590646
/content/drive/MyDrive/Bharatanatyam_Digital_Twin/dataset/posture_images/extracted/new_Dataset/Nataraj Augmented/dr_5_1659.jpg,dr_5_1659.jpg,Nataraj Augmented,confidence_0.2,82.8779766617442,127.32765135326437,75.62983405617854,52.26310366297494,151.2144985322996,103.64235730060187,149.11287318952924,113.82134433826053,0.438977109786918,0.2883021141525764,0.4885513628045357,0.5741192048868659,35.29152885126871,47.572141231697714,44.44967469152017,23.366730393203596
/content/drive/MyDrive/Bharatanatyam_Digital_Twin/dataset/posture_images/extracted/new_Dataset/Nataraj Augmented/dr_5_1857.jpg,dr_5_1857.jpg,Nataraj Augmented,confidence_0.2,77.2400167837721,109.82257520307634,106.81953558145587,59.55817858819769,140.65344431421752,80.40811087702322,156.66011748825568,112.90521317763185,0.4742348121200767,0.3063138784038067,0.4069790770169189,0.4928407928583793,43.75490431062383,60.245333437194304,32.582558419304235,47.261356993258175
/content/drive/MyDrive/Bharatanatyam_Digital_Twin/dataset/posture_images/extracted/new_Dataset/Nataraj Augmented/dr_5_2127.jpg,dr_5_2127.jpg,Nataraj Augmented,confidence_0.2,114.7507916449178,96.1329149762785,54.092750457316704,93.76901503515802,76.29409797376162,149.52822386809603,111.10264561021886,150.83870959686857,0.5321321070650026,0.32163177775336493,0.33675294766130603,0.4364528602964444,39.73606398664971,73.23412589433441,18.617876668639298,39.676264577841316
/content/drive/MyDrive/Bharatanatyam_Digital_Twin/dataset/posture_images/extracted/new_Dataset/Nataraj Augmented/dr_5_238.jpg,dr_5_238.jpg,Nataraj Augmented,confidence_0.2,92.37043427239419,106.40270903919217,61.37754403078991,124.87720334329192,65.86061630231445,150.96668819688097,116.16332669465378,150.61839025136982,0.5256793291789675,0.3087332108115824,0.3168460328313154,0.41805037739759066,34.45506355671604,85.10607189456651,14.032274766797983,63.49965931250201
/content/drive/MyDrive/Bharatanatyam_Digital_Twin/dataset/posture_images/extracted/new_Dataset/Nataraj Augmented/dr_5_2706.jpg,dr_5_2706.jpg,Nataraj Augmented,confidence_0.2,71.10469943358963,110.77715148323614,84.14953135538974,60.48554268182544,158.08638303014294,88.363483450341,162.50143551867623,91.74900744874803,0.49735249431837003,0.3161670877650538,0.5272764238747434,0.5340470032464225,70.7524280699282,69.72289957980195,39.67245204964651,23.663988673564297
/content/drive/MyDrive/Bharatanatyam_Digital_Twin/dataset/posture_images/extracted/new_Dataset/Nataraj Augmented/dr_5_2831.jpg,dr_5_2831.jpg,Nataraj Augmented,confidence_0.2,125.27119661971517,83.49878294557918,68.98969192888917,104.9528701213471,97.58535698422816,167.7765371586535,105.57115567693278,156.87722805858692,0.4684541665887283,0.2856963136476067,0.5398291173756068,0.5711545187204431,51.30607238165415,70.19118017442534,41.77241367413599,35.96317819245793
/content/drive/MyDrive/Bharatanatyam_Digital_Twin/dataset/posture_images/extracted/new_Dataset/Nataraj Augmented/dr_5_298.jpg,dr_5_298.jpg,Nataraj Augmented,confidence_0.2,83.26211431932069,106.36146207574899,72.87082724637338,59.47480968294924,147.6728359035061,78.5965736655591,161.69635574705757,100.3496429644638,0.40916957990105046,0.26266516877774393,0.38158094349704286,0.433914080123399,61.34671278259377,69.07626223794699,23.0993477564283,13.396017563424138
/content/drive/MyDrive/Bharatanatyam_Digital_Twin/dataset/posture_images/extracted/new_Dataset/Nataraj Augmented/dr_5_3020.jpg,dr_5_3020.jpg,Nataraj Augmented,confidence_0.2,61.579788065399796,109.40538658130265,109.67156065031807,63.45706243176705,156.73694884404193,75.31928302222039,157.35470132687647,93.84578186475133,0.4681895399209291,0.293340327498259,0.42807186312400775,0.44970126626007345,63.508919462125135,81.41766582182154,47.825598515902854,46.21449821855102
/content/drive/MyDrive/Bharatanatyam_Digital_Twin/dataset/posture_images/extracted/new_Dataset/Nataraj Augmented/dr_5_3551.jpg,dr_5_3551.jpg,Nataraj Augmented,confidence_0.2,74.74662261238613,122.35149582993529,92.85454568581684,70.38234080349905,82.7162427393759,73.42009238944637,101.3717339244662,85.62982705743765,0.4460208200282892,0.2838137373317308,0.3591655077238507,0.2320898374655561,15.741906867028547,9.296150349929533,47.604873217549155,22.472204882317797
/content/drive/MyDrive/Bharatanatyam_Digital_Twin/dataset/posture_images/extracted/new_Dataset/Nataraj Augmented/dr_5_3608.jpg,dr_5_3608.jpg,Nataraj Augmented,confidence_0.2,62.19909208764785,114.48446466669824,110.38619613413158,53.901556047365816,151.9075704459868,97.84458431932421,154.56720639964573,121.86059840059221,0.46456345415634154,0.2976616745690438,0.39875666051827613,0.4786601429201645,32.70660799905352,54.062986126662594,52.285372579050396,56.484640086765765
/content/drive/MyDrive/Bharatanatyam_Digital_Twin/dataset/posture_images/extracted/new_Dataset/Nataraj Augmented/dr_5_383.jpg,dr_5_383.jpg,Nataraj Augmented,confidence_0.2,99.42431818973833,118.00275428088983,60.309796522897294,123.49432829563742,68.39737905198716,149.69865332737965,104.35865638936319,152.50035309399226,0.5767589667202253,0.3413652777066286,0.34534511862440526,0.4025418495476379,48.14169670462907,81.30127427539249,18.578436091151502,63.18453177274012
/content/drive/MyDrive/Bharatanatyam_Digital_Twin/dataset/posture_images/extracted/new_Dataset/Nataraj Augmented/dr_5_3842.jpg,dr_5_3842.jpg,Nataraj Augmented,confidence_0.2,108.51432845114307,93.98146257277455,104.02221515932432,65.54933463186308,115.27056828802056,84.60708212590912,124.54593826597127,107.36921226598895,0.4756541334070235,0.3060824618399004,0.4241212519307072,0.3507966834709989,17.176725999982324,30.66348616211144,14.532865878368526,38.47288052746124
/content/drive/MyDrive/Bharatanatyam_Digital_Twin/dataset/posture_images/extracted/new_Dataset/Nataraj Augmented/dr_5_4188.jpg,dr_5_4188.jpg,Nataraj Augmented,confidence_0.2,100.52616082679793,72.91662904871043,71.3615732630526,64.7974942785598,100.85822963490507,92.86585032424422,124.66190577084583,110.58102105113204,0.513644005775187,0.3153647086519727,0.28728288823252623,0.21373514819758724,14.080884719713794,7.992379310660851,27.6095317780875,6.564078984492809
/content/drive/MyDrive/Bharatanatyam_Digital_Twin/dataset/posture_images/extracted/new_Dataset/Nataraj Augmented/dr_5_4428.jpg,dr_5_4428.jpg,Nataraj Augmented,confidence_0.2,74.20138683401787,114.11069212320537,108.00366566416676,58.535635070474235,141.20494953593342,72.55200416733928,155.28746874360814,111.72872466461962,0.4940717819917357,0.299238658883667,0.3389040726634909,0.43293630934868155,43.558744078988525,68.65294536859415,39.9093052891875,49.468030593692525
/content/drive/MyDrive/Bharatanatyam_Digital_Twin/dataset/posture_images/extracted/new_Dataset/Nataraj Augmented/dr_5_4705.jpg,dr_5_4705.jpg,Nataraj Augmented,confidence_0.2,91.486421974642,136.74292643818734,50.57223729712386,123.90864889066076,84.98736145543874,166.69775977652728,111.22534196950615,165.09373482271894,0.5172032820893084,0.3101891433969405,0.3227011980698696,0.4182408346346405,53.8683928532128,81.71039832108853,45.25650446354534,73.3364115935369
/content/drive/MyDrive/Bharatanatyam_Digital_Twin/dataset/posture_images/extracted/new_Dataset/Nataraj Augmented/dr_5_5065.jpg,dr_5_5065.jpg,Nataraj Augmented,confidence_0.2,82.51127794005069,114.33556148301305,81.88119623322936,54.84256056265646,144.12689141764895,74.77559687228731,155.42693539583811,105.71193741969813,0.45657385885876406,0.29157525038861,0.37709512722873156,0.4591572517909893,49.71499797613998,69.35129454536164,31.824283542962363,27.0386356705729
/content/drive/MyDrive/Bharatanatyam_Digital_Twin/dataset/posture_images/extracted/new_Dataset/Nataraj Augmented/dr_5_5506.jpg,dr_5_5506.jpg,Nataraj Augmented,confidence_0.2,109.91492687831015,120.19992871735678,49.20530264918948,46.12574628569067,153.93417464633134,104.79395100390336,159.36052046614734,119.90532533038662,0.5122308971991079,0.3233760439326528,0.5242080043506868,0.6100545242427888,39.45519513576072,49.14022364242798,10.285001839046629,3.07955636349881
/content/drive/MyDrive/Bharatanatyam_Digital_Twin/dataset/posture_images/extracted/new_Dataset/Nataraj Augmented/dr_5_5911.jpg,dr_5_5911.jpg,Nataraj Augmented,confidence_0.2,75.7366519617411,107.46421869910014,106.3554595301104,49.22234746739865,135.3270679814738,82.63046179695063,143.12982866666675,123.59219912564556,0.47681902994931463,0.30377743384114886,0.36163537582648436,0.47502549242685277,19.53762954102119,52.69660618452316,31.72756673735904,57.133112062711746
/content/drive/MyDrive/Bharatanatyam_Digital_Twin/dataset/posture_images/extracted/new_Dataset/Nataraj Augmented/dr_5_6072.jpg,dr_5_6072.jpg,Nataraj Augmented,confidence_0.2,71.86938469306986,100.94354317471986,102.58909849789656,56.87986823256465,145.07562098201873,74.156604345034,156.13060009762603,112.04545152927648,0.504977654537485,0.3190505650320539,0.39128430428624816,0.45223370932037205,44.08514856834955,70.91901663698474,29.074158481650002,45.70923026533191
/content/drive/MyDrive/Bharatanatyam_Digital_Twin/dataset/posture_images/extracted/new_Dataset/Nataraj Augmented/dr_5_6465.jpg,dr_5_6465.jpg,Nataraj Augmented,confidence_0.2,128.52223627452395,160.32570295597432,80.22635214431666,131.0276361836542,94.67788299621692,163.13068521836075,107.94339008283988,158.98411887141432,0.49752727054728696,0.31400545543773756,0.4485049370416113,0.5132458538694262,51.04072878857444,68.45280222214383,31.803466681450374,50.801284039337546
/content/drive/MyDrive/Bharatanatyam_Digital_Twin/dataset/posture_images/extracted/new_Dataset/Nataraj Augmented/dr_5_662.jpg,dr_5_662.jpg,Nataraj Augmented,confidence_0.2,93.16389856193852,145.3535185519242,63.12983726577511,122.94880834867857,65.25659626355643,168.53692977303967,102.09059164826449,154.7790190178598,0.5345448354674971,0.34570713208247267,0.3634179593734802,0.46560944512598446,52.68842736959532,103.28033350948324,52.18961998998567,59.81897108290346
/content/drive/MyDrive/Bharatanatyam_Digital_Twin/dataset/posture_images/extracted/new_Dataset/Nataraj Augmented/dr_5_6699.jpg,dr_5_6699.jpg,Nataraj Augmented,confidence_0.2,96.1738620384508,128.1420918186476,53.923696274887305,120.83460023502163,75.76012769321873,155.27729381158653,112.70390679334344,150.79948237690212,0.583130553495943,0.3646395622305202,0.33564815141274046,0.44957514523768827,38.095575583558684,79.5171661183678,31.968229780196793,66.91090396013432
/content/drive/MyDrive/Bharatanatyam_Digital_Twin/dataset/posture_images/extracted/new_Dataset/Nataraj Augmented/dr_5_6724.jpg,dr_5_6724.jpg,Nataraj Augmented,confidence_0.2,104.35335159508607,123.3142092810542,62.22869381781335,110.69605634156672,78.05700055293708,175.5024009390361,86.22289532832345,167.50981052672185,0.5230890360875482,0.3144116925948405,0.47292253907814286,0.47387156709338735,81.2869151983984,97.44540038609902,18.960857685968136,48.467362523753366
/content/drive/MyDrive/Bharatanatyam_Digital_Twin/dataset/posture_images/extracted/new_Dataset/Nataraj Augmented/dr_5_6985.jpg,dr_5_6985.jpg,Nataraj Augmented,confidence_0.2,89.52218326668614,145.62474923075678,50.77774437668067,125.80331045722941,73.05024951869663,161.2961330728571,105.72159922825608,154.42899992842348,0.5465915219061234,0.3409004177586524,0.317243671112421,0.4463671228455172,48.7074007001674,88.24588355416046,56.102565964070635,75.02556608054874
/content/drive/MyDrive/Bharatanatyam_Digital_Twin/dataset/posture_images/extracted/new_Dataset/Nataraj Augmented/dr_5_7316.jpg,dr_5_7316.jpg,Nataraj Augmented,confidence_0.2,82.83467757351424,115.30521367517007,67.75568298726033,48.2189236172579,146.17995473516189,98.78553243010538,154.13782794496927,92.79783740934896,0.44890650493011564,0.3031834226877585,0.5383651868704424,0.6044155045152015,61.339990535620316,47.39442230505651,32.470536101655824,19.53675937000243
/content/drive/MyDrive/Bharatanatyam_Digital_Twin/dataset/posture_images/extracted/new_Dataset/Nataraj Augmented/dr_5_7351.jpg,dr_5_7351.jpg,Nataraj Augmented,confidence_0.2,99.50125204866964,78.32172409117021,69.2541301073999,93.43523233999376,75.03001247142852,162.0453180056028,106.94507481442045,154.12711325643258,0.573575081576658,0.3389870337529108,0.3361346116608856,0.4362769003331567,47.18203844201213,87.01530553417429,21.17952795749943,24.181102232593858
/content/drive/MyDrive/Bharatanatyam_Digital_Twin/dataset/posture_images/extracted/new_Dataset/Nataraj Augmented/dr_5_7580.jpg,dr_5_7580.jpg,Nataraj Augmented,confidence_0.2,96.74495019858784,125.7383981345874,52.5742020453247,72.32061250544339,88.25675843439481,90.33546773294621,110.35663882035718,107.73122011523584,0.41203161548129025,0.2524396431325207,0.21033100565901275,0.144308975065754,2.6254187051213336,2.078709298551402,28.993447935999555,19.746410460118696
/content/drive/MyDrive/Bharatanatyam_Digital_Twin/dataset/posture_images/extracted/new_Dataset/Nataraj Augmented/dr_5_7660.jpg,dr_5_7660.jpg,Nataraj Augmented,confidence_0.2,73.0377368399073,100.13907207413376,98.46557821906916,48.99706471484176,145.3904477333627,76.4265628617717,134.24102869494502,112.36109820434784,0.5558928865890295,0.35807844238032555,0.3044357480609708,0.385390582374206,21.879930490597175,68.96388487159099,27.101335234226468,49.468513504227396
/content/drive/MyDrive/Bharatanatyam_Digital_Twin/dataset/posture_images/extracted/new_Dataset/Nataraj Augmented/dr_5_781.jpg,dr_5_781.jpg,Nataraj Augmented,confidence_0.2,76.19149480388859,108.59166639275125,111.13358634366294,57.179960248473094,82.27940742028035,77.52162362800242,107.86783168030988,102.98113638373779,0.4371253745815323,0.2990428423372347,0.3297355524837727,0.3097431267071745,4.886695296572086,4.757783792277934,32.40017158886266,53.95362609518985
/content/drive/MyDrive/Bharatanatyam_Digital_Twin/dataset/posture_images/extracted/new_Dataset/Nataraj Augmented/dr_5_8068.jpg,dr_5_8068.jpg,Nataraj Augmented,confidence_0.2,129.5133727023143,119.45042502946718,73.67509234376581,108.32839564758636,59.10017128861963,84.88213912382082,83.4097591695881,73.5447584793326,0.410742630080618,0.24182482090609947,0.29183493208568945,0.30038743224130254,9.8650006902555,25.781967835201193,10.06294767284713,34.65330330382055
/content/drive/MyDrive/Bharatanatyam_Digital_Twin/dataset/posture_images/extracted/new_Dataset/Nataraj Augmented/dr_5_8119.jpg,dr_5_8119.jpg,Nataraj Augmented,confidence_0.2,80.93933166128289,93.31456980439452,64.91758412154886,64.75905778575232,131.58494404756215,84.96267358489898,116.18852282646941,108.86650800154703,0.524221481412655,0.33852047658490036,0.4387993616267162,0.44654089969510347,7.322014824922377,46.62227046266317,12.37523814311163,0.1585263357965374
/content/drive/MyDrive/Bharatanatyam_Digital_Twin/dataset/posture_images/extracted/new_Dataset/Nataraj Augmented/dr_5_8121.jpg,dr_5_8121.jpg,Nataraj Augmented,confidence_0.2,93.21953867506373,134.1669162220418,51.63767488004112,123.9426892820543,76.58795842419373,148.14060846215253,111.90583630839303,149.7115274568238,0.5800990390833979,0.35501582404627163,0.3575117885451427,0.4298174164014935,37.80569114843077,71.5526500379588,40.947377546978075,72.30501440201319
/content/drive/MyDrive/Bharatanatyam_Digital_Twin/dataset/posture_images/extracted/new_Dataset/Nataraj Augmented/dr_5_8610.jpg,dr_5_8610.jpg,Nataraj Augmented,confidence_0.2,121.65010773038156,78.32867658013114,70.76618694841729,100.9475079497463,67.27047348777127,93.54372482365962,103.28400405015631,103.12855203133994,0.5436081825845298,0.3577034871135748,0.5277898124570121,0.44541622855554636,0.15545201881637638,26.273251335888347,43.32143115025042,30.18132100132901
/content/drive/MyDrive/Bharatanatyam_Digital_Twin/dataset/posture_images/extracted/new_Dataset/Nataraj Augmented/dr_5_8737.jpg,dr_5_8737.jpg,Nataraj Augmented,confidence_0.2,76.54069341044925,104.32167683365276,121.62688243912253,57.02672649009454,142.79857590282958,73.45877409040666,149.61142370041023,115.79316355101444,0.5163851758182478,0.3174899616897094,0.37363759816490827,0.47442143566535777,33.81826014939578,69.33980181242292,27.78098342320351,64.600155949028
/content/drive/MyDrive/Bharatanatyam_Digital_Twin/dataset/posture_images/extracted/new_Dataset/Nataraj Augmented/dr_5_8786.jpg,dr_5_8786.jpg,Nataraj Augmented,confidence_0.2,113.13949933579843,78.72081086346138,58.83194065244417,81.0599244037103,73.23338438488923,85.00333524805148,96.70549824807628,93.13589815430797,0.45754024013732647,0.2841209107501358,0.2639826006089027,0.13207853691100727,3.569600093768315,11.76995086316225,34.41868847233705,22.22798375126613
/content/drive/MyDrive/Bharatanatyam_Digital_Twin/dataset/posture_images/extracted/new_Dataset/Nataraj Augmented/dr_5_8833.jpg,dr_5_8833.jpg,Nataraj Augmented,confidence_0.2,97.94914918110555,141.62770348554673,60.806823524866076,126.35265102317979,76.1157808556605,161.61375003654402,99.84563030438981,161.4267406698927,0.607678738455154,0.36931547492390865,0.44231477295748217,0.4671094984705401,61.58111036550288,85.49796918088352,43.67855430444118,65.54582749831371
/content/drive/MyDrive/Bharatanatyam_Digital_Twin/dataset/posture_images/extracted/new_Dataset/Nataraj Augmented/dr_5_8985.jpg,dr_5_8985.jpg,Nataraj Augmented,confidence_0.2,84.0182834543912,118.71073271016063,68.65049261719727,49.119594795287156,153.44535177807506,99.33131943800647,159.9159587679622,109.71650038218931,0.4883413301110845,0.3159088073485895,0.511520013276174,0.579116624560019,50.199458385772886,54.11403234006859,34.69244925576943,19.530897821910116
/content/drive/MyDrive/Bharatanatyam_Digital_Twin/dataset/posture_images/extracted/new_Dataset/Nataraj Augmented/dr_5_9309.jpg,dr_5_9309.jpg,Nataraj Augmented,confidence_0.2,120.88700163894924,99.6850906139059,72.96795402863886,109.61680800799884,102.14713940620314,162.2741228534825,117.48240133610614,157.91876246117292,0.37449768853427745,0.24127009456384643,0.3437665593146676,0.4059258234278735,40.43636112506678,60.12698344727937,21.201911025043344,36.648853979359984
/content/drive/MyDrive/Bharatanatyam_Digital_Twin/dataset/posture_images/extracted/new_Dataset/Nataraj Augmented/dr_5_9435.jpg,dr_5_9435.jpg,Nataraj Augmented,confidence_0.2,99.32381624199994,97.13464035638398,53.96889426488921,110.57484538729204,70.63401813050386,155.10987913390142,106.13101834358983,152.66553574506787,0.5638142510538912,0.3632833596964012,0.3877923695586816,0.49967302638135647,46.53451740147804,84.47586100339755,2.1891758856159527,56.605951122402836
/content/drive/MyDrive/Bharatanatyam_Digital_Twin/dataset/posture_images/extracted/new_Dataset/Nataraj Augmented/dr_5_9456.jpg,dr_5_9456.jpg,Nataraj Augmented,confidence_0.2,64.09595595560465,130.57550001953578,105.59208568348596,58.21284021237545,149.64950109607707,77.40544884920371,159.50206560635448,95.15880298449207,0.485623446430836,0.3015881078352268,0.4175590869738482,0.4300474461070542,64.34326262186241,72.24405224687337,66.47954406393113,47.379245471110515
/content/drive/MyDrive/Bharatanatyam_Digital_Twin/dataset/posture_images/extracted/new_Dataset/Nataraj Augmented/dr_5_9471.jpg,dr_5_9471.jpg,Nataraj Augmented,confidence_0.2,90.21580037936991,131.89405928412643,56.70474835136174,117.20965065170077,65.05695845089363,149.42880232201944,92.03917257481665,149.78948142036154,0.47220747198957247,0.2836633942791593,0.26266709619253126,0.34469241074812484,57.75030884554489,84.3718438711258,41.67825890475652,60.50490230033903
/content/drive/MyDrive/Bharatanatyam_Digital_Twin/dataset/posture_images/extracted/new_Dataset/Nataraj Augmented/dr_5_9508.jpg,dr_5_9508.jpg,Nataraj Augmented,confidence_0.2,94.0853598974912,116.22989364535526,69.35846407925047,55.65151376861295,156.39626009535087,93.573557970617,159.07026645715675,110.74415962627486,0.4410989722633303,0.2827620442174979,0.40973476320820373,0.4728543635372593,48.32610683088188,62.822702124733866,22.14453374786406,13.706950310637517
/content/drive/MyDrive/Bharatanatyam_Digital_Twin/dataset/posture_images/extracted/new_Dataset/Nataraj Augmented/dr_5_9516.jpg,dr_5_9516.jpg,Nataraj Augmented,confidence_0.2,129.3854377733583,117.73120735580846,101.90465619241158,66.85174404273069,147.50508740420986,55.95768318261048,158.81607348988524,82.13769299889726,0.48160814907330296,0.3247084559280207,0.47412684832809193,0.49909046588269146,76.67838049098798,91.54740422159938,11.654230417549826,35.05291214968089
/content/drive/MyDrive/Bharatanatyam_Digital_Twin/dataset/posture_images/extracted/new_Dataset/Nataraj Augmented/dr_5_9585.jpg,dr_5_9585.jpg,Nataraj Augmented,confidence_0.2,88.52993385947379,149.64022531236114,52.61854746164909,120.7256872864155,73.25378188606759,159.14889617829405,99.96396332093221,154.81428690676043,0.5224470265699471,0.3114858962526616,0.2941488449760955,0.40962368700185114,54.85032358582822,85.89511429222647,61.11029145288735,68.10713982476642
/content/drive/MyDrive/Bharatanatyam_Digital_Twin/dataset/posture_images/extracted/new_Dataset/Nataraj Augmented/dr_5_9594.jpg,dr_5_9594.jpg,Nataraj Augmented,confidence_0.2,94.65575338488343,114.75435768586227,55.25567323617797,118.22152288912524,79.70497054420396,161.31148820618205,107.3231990873153,156.99102337510436,0.6174217734210667,0.37492218792295434,0.43783306248458415,0.49341028160016787,49.66782428778906,81.60651766197809,20.09860430097885,62.96584965294727
/content/drive/MyDrive/Bharatanatyam_Digital_Twin/dataset/posture_images/extracted/new_Dataset/Nataraj Augmented/dr_5_9690.jpg,dr_5_9690.jpg,Nataraj Augmented,confidence_0.2,66.98993824506385,116.25778640426948,110.78268467950831,50.55087284183424,146.50616191586917,90.98813549186791,157.60540836873582,123.45890859349396,0.5201409712793118,0.3191167979216038,0.45113964156064473,0.5611828646552165,34.146499775241864,55.51802642400126,49.26784815920563,60.231811837674066
/content/drive/MyDrive/Bharatanatyam_Digital_Twin/dataset/posture_images/extracted/new_Dataset/Nataraj Augmented/dr_5_9797.jpg,dr_5_9797.jpg,Nataraj Augmented,confidence_0.2,125.0285133360663,99.23248310420874,53.233172711730674,55.523786879836486,103.12348915496247,170.31908302240598,133.9607421522805,123.93542626501825,0.2726293182462481,0.17421365469485817,0.3511984329621367,0.26797670937900525,10.025315887262238,67.1955938674435,25.796030231857557,2.2906141681058116
/content/drive/MyDrive/Bharatanatyam_Digital_Twin/dataset/posture_images/extracted/new_Dataset/Nataraj Augmented/dr_5_9899.jpg,dr_5_9899.jpg,Nataraj Augmented,confidence_0.2,78.59862742760782,109.99221164385155,115.44966220254747,56.53959173820095,153.07034475142024,90.6579046296273,157.18404763081764,103.94096257857785,0.40536108833954515,0.2662864746542772,0.40193508319889026,0.4715034458637946,53.24308505223979,62.41244012179294,31.393584216243724,58.910070464346525
/content/drive/MyDrive/Bharatanatyam_Digital_Twin/dataset/posture_images/extracted/new_Dataset/Nataraj Augmented/dr_5_9990.jpg,dr_5_9990.jpg,Nataraj Augmented,confidence_0.2,111.45258095912168,86.96440457936801,55.0500256630482,101.21931484342382,70.11589454936353,146.90399528840607,114.78128510297194,145.28142409449185,0.5443073417082834,0.3475613794474777,0.33316807407681115,0.4559664310313181,30.50013899151992,76.78810073904253,24.488176379753668,46.169289180375614
/content/drive/MyDrive/Bharatanatyam_Digital_Twin/dataset/posture_images/extracted/new_Dataset/Nataraj Augmented/dr_6_1105.jpg,dr_6_1105.jpg,Nataraj Augmented,confidence_0.2,174.01467758976298,158.08062157782996,77.01182193192551,59.28466186814205,149.20784174489935,105.0354413372983,73.17271431925529,138.40002124963166,0.2862916256962515,0.22822674377172747,0.667354894125645,1.1920815671960836,65.22730693037637,44.17240040760106,15.934056011933023,17.727160063783458
/content/drive/MyDrive/Bharatanatyam_Digital_Twin/dataset/posture_images/extracted/new_Dataset/Nataraj Augmented/dr_6_14.jpg,dr_6_14.jpg,Nataraj Augmented,confidence_0.2,160.2638743214271,152.88417520194236,57.28256073882108,69.87305277697783,92.62553305958033,157.8228582183258,99.56841265261626,100.45637665346871,0.3401077536421904,0.24991070191020223,0.9496167506184093,1.4971120580272717,0.887964000852449,65.19732515874546,7.379699119484741,12.590492038156746
/content/drive/MyDrive/Bharatanatyam_Digital_Twin/dataset/posture_images/extracted/new_Dataset/Nataraj Augmented/dr_6_1690.jpg,dr_6_1690.jpg,Nataraj Augmented,confidence_0.2,161.16259389065934,166.868118660438,144.43297619821018,146.4255409581424,25.530391574473057,35.06463365208028,42.47787968783661,39.07893434875381,0.2333320303281001,0.14128255525783134,0.2718139728564554,0.24000413229801326,3.3989453390828004,9.534242077607225,5.705524769778663,1.9925647599322076
/content/drive/MyDrive/Bharatanatyam_Digital_Twin/dataset/posture_images/extracted/new_Dataset/Nataraj Augmented/dr_6_1695.jpg,dr_6_1695.jpg,Nataraj Augmented,confidence_0.2,159.1538608314426,146.33929053866697,41.96116782041631,73.29945187121406,111.55205488921693,159.4184229452189,134.51493958245473,93.85907069699438,0.2956634926027149,0.25070015279270014,0.8290991834586332,1.337491619356108,40.65586888546035,47.866368056001974,12.814570292775642,31.338284050797753
/content/drive/MyDrive/Bharatanatyam_Digital_Twin/dataset/posture_images/extracted/new_Dataset/Nataraj Augmented/dr_6_1785.jpg,dr_6_1785.jpg,Nataraj Augmented,confidence_0.2,128.92621033110942,124.44262734697361,81.89010418859108,123.94337961952584,101.84265893230501,70.08629207896666,85.66374502721466,106.04070687823396,0.25042228825201773,0.13845923577806502,0.436689736659812,0.4739632606061004,20.376961851019303,31.75636685333835,4.483582984135808,42.05327543093476
/content/drive/MyDrive/Bharatanatyam_Digital_Twin/dataset/posture_images/extracted/new_Dataset/Nataraj Augmented/dr_6_2394.jpg,dr_6_2394.jpg,Nataraj Augmented,confidence_0.2,164.62676832823678,173.07895455625675,35.27745473085505,45.421615175376175,108.24161913632457,84.37875612768204,157.70152740623558,154.0694318254344,0.16065059304185442,0.14446981367411826,0.4202766729624774,0.6473244512826202,3.6320955808011774,23.862863008642535,8.452186228019968,10.144160444521127
/content/drive/MyDrive/Bharatanatyam_Digital_Twin/dataset/posture_images/extracted/new_Dataset/Nataraj Augmented/dr_6_2627.jpg,dr_6_2627.jpg,Nataraj Augmented,confidence_0.2,160.6051814175382,166.6336935368236,64.28540917719195,69.71379408507093,136.25220362894575,91.86590908570945,53.668028526234984,93.08665640865188,0.2792642001668285,0.17134534550060346,0.4395849413479981,0.6541817845563723,39.41862788241689,44.3862945432363,6.028512119285409,5.4283849078789785
/content/drive/MyDrive/Bharatanatyam_Digital_Twin/dataset/posture_images/extracted/new_Dataset/Nataraj Augmented/dr_6_3120.jpg,dr_6_3120.jpg,Nataraj Augmented,confidence_0.2,176.2277252002357,145.93060814478807,135.313892548754,112.26028563829921,55.28287731698962,43.83395835251511,169.50869900389998,66.81611830655073,0.20861232711521724,0.1297886227368635,0.349167313438649,0.1752665709248514,102.69258069734924,11.448918964474508,30.297117055447643,23.053606910454803
/content/drive/MyDrive/Bharatanatyam_Digital_Twin/dataset/posture_images/extracted/new_Dataset/Nataraj Augmented/dr_6_3612.jpg,dr_6_3612.jpg,Nataraj Augmented,confidence_0.2,166.24118887379964,152.74846404609355,126.03279560276538,169.24082061027696,16.706187356663982,18.48075536733656,159.34461309872523,175.927198393989,0.15894092964422157,0.12522355782349356,0.13267931409620373,0.12782540344621435,16.582585295263755,1.7745680106725779,13.492724827706098,43.20802500751158
/content/drive/MyDrive/Bharatanatyam_Digital_Twin/dataset/posture_images/extracted/new_Dataset/Nataraj Augmented/dr_6_3791.jpg,dr_6_3791.jpg,Nataraj Augmented,confidence_0.2,160.86278340567344,159.45042679611336,90.31392717517443,95.49104362198896,76.51036639658689,142.68150982159756,122.82870714263471,77.29663165893773,0.26372125273199776,0.1729423328951928,0.7180116832255088,1.392754756535134,45.532075483696985,66.17114342501067,1.412356609560078,5.177116446814537
/content/drive/MyDrive/Bharatanatyam_Digital_Twin/dataset/posture_images/extracted/new_Dataset/Nataraj Augmented/dr_6_3879.jpg,dr_6_3879.jpg,Nataraj Augmented,confidence_0.2,162.806308191988,175.6143812449374,63.727397727922515,78.58197370784613,112.28383455794555,128.15319188980962,146.68814133083063,59.553961294701544,0.25249814283316235,0.20317538015930267,0.31630720968881126,0.7703144887016998,87.1341800361291,15.869357331864066,12.808073052949396,14.854575979923617
/content/drive/MyDrive/Bharatanatyam_Digital_Twin/dataset/posture_images/extracted/new_Dataset/Nataraj Augmented/dr_6_3910.jpg,dr_6_3910.jpg,Nataraj Augmented,confidence_0.2,167.26601160706872,178.21112917067575,67.64340903708522,82.47049125437394,128.7598858058109,77.27421907084747,57.59355762404539,156.45113485725508,0.19775301969436265,0.2008383904216677,0.3400070582341511,0.45039152291254575,98.8575772332097,51.485666734963445,10.945117563607027,14.82708221728872
/content/drive/MyDrive/Bharatanatyam_Digital_Twin/dataset/posture_images/extracted/new_Dataset/Nataraj Augmented/dr_6_4072.jpg,dr_6_4072.jpg,Nataraj Augmented,confidence_0.2,164.89729645876466,169.02964496250272,74.4966836460054,90.32197230572116,95.88399308822552,133.60123478199233,146.19795848868304,65.37298217390693,0.31181399144330346,0.2415675560907757,0.661026116510308,1.3620020936841626,80.82497631477611,37.71724169376681,4.132348503738058,15.825288659715767
/content/drive/MyDrive/Bharatanatyam_Digital_Twin/dataset/posture_images/extracted/new_Dataset/Nataraj Augmented/dr_6_4132.jpg,dr_6_4132.jpg,Nataraj Augmented,confidence_0.2,92.67728048336744,144.45026415215685,59.26430070596619,103.1204400686638,83.06239603982033,49.616297014056094,112.94245220366918,77.15751994538907,0.1580899555136483,0.12481209065300533,0.22917568487419318,0.27933037566045615,35.78493225828011,33.446099025764234,51.77298366878941,43.856139362697604
/content/drive/MyDrive/Bharatanatyam_Digital_Twin/dataset/posture_images/extracted/new_Dataset/Nataraj Augmented/dr_6_4306.jpg,dr_6_4306.jpg,Nataraj Augmented,confidence_0.2,165.52515436783025,178.18048269528293,98.20042319737126,110.9640808043386,73.19222802729516,99.56250416026415,121.38942716511102,48.921856112476576,0.2624030478269577,0.2093916660055577,0.6072368530115849,1.1348013469891471,72.46757105263444,26.370276132968996,12.655328327452679,12.763657606967328
/content/drive/MyDrive/Bharatanatyam_Digital_Twin/dataset/posture_images/extracted/new_Dataset/Nataraj Augmented/dr_6_4471.jpg,dr_6_4471.jpg,Nataraj Augmented,confidence_0.2,144.58664981648442,164.72931185435712,56.905553188335524,63.844256698198244,99.65023283198947,138.73888123091575,124.14234279659576,112.01717008146082,0.3264730821250509,0.19327182198765688,0.5028651695575878,0.8638559418614025,12.125172715134937,39.08864839892628,20.142662037872697,6.938703509862719
/content/drive/MyDrive/Bharatanatyam_Digital_Twin/dataset/posture_images/extracted/new_Dataset/Nataraj Augmented/dr_6_4546.jpg,dr_6_4546.jpg,Nataraj Augmented,confidence_0.2,155.70989501670581,157.6601529515113,29.54002985832806,57.181851489900005,118.63259006534608,161.47939421625608,97.41794093645233,51.51600049434516,0.301538376782731,0.21351392302694241,0.6088465073529851,1.1430723126856712,45.90194044210717,42.84680415091,1.950257934805478,27.641821631571943
/content/drive/MyDrive/Bharatanatyam_Digital_Twin/dataset/posture_images/extracted/new_Dataset/Nataraj Augmented/dr_6_4707.jpg,dr_6_4707.jpg,Nataraj Augmented,confidence_0.2,154.32809117687182,154.3091474308703,63.661913179982506,33.770252873672604,157.24205420262044,108.92996788336232,72.37279219502679,104.99137612201872,0.28773041798039545,0.24966863851344231,0.7815940326550671,1.288451607532253,32.61858392699193,48.312086319258114,0.018943746001525597,29.891660306309902
/content/drive/MyDrive/Bharatanatyam_Digital_Twin/dataset/posture_images/extracted/new_Dataset/Nataraj Augmented/dr_6_4813.jpg,dr_6_4813.jpg,Nataraj Augmented,confidence_0.2,173.99969741964966,155.5364399328554,82.33564041301071,74.13850928956569,146.34909656506437,90.33748493790543,69.48942417345496,96.13868227630455,0.36434667089068273,0.2641268780105668,0.7976280784545516,1.1595732900084548,26.649258102849586,56.01161162715894,18.463257486794276,8.197131123445018
/content/drive/MyDrive/Bharatanatyam_Digital_Twin/dataset/posture_images/extracted/new_Dataset/Nataraj Augmented/dr_6_4847.jpg,dr_6_4847.jpg,Nataraj Augmented,confidence_0.2,158.68955873014227,146.60168651862446,103.62027442099301,79.04057598456878,96.65338127010747,74.3816893991126,55.22436598056345,115.04798009899221,0.2656629369201985,0.19434810536061564,0.4129789413906444,0.6604516556557193,59.823614118428765,22.27169187099487,12.087872211517805,24.579698436424238
/content/drive/MyDrive/Bharatanatyam_Digital_Twin/dataset/posture_images/extracted/new_Dataset/Nataraj Augmented/dr_6_4989.jpg,dr_6_4989.jpg,Nataraj Augmented,confidence_0.2,139.6010282413253,113.21038356459835,92.47919058585899,110.48623337313215,107.764732308595,78.06441637878251,132.68488620664428,63.12032403787878,0.1916143227550276,0.10984673888254683,0.25389257124626086,0.24250396793291373,69.56456216876549,29.70031592981249,26.390644676726964,18.007042787273164
/content/drive/MyDrive/Bharatanatyam_Digital_Twin/dataset/posture_images/extracted/new_Dataset/Nataraj Augmented/dr_6_5078.jpg,dr_6_5078.jpg,Nataraj Augmented,confidence_0.2,159.87177376609287,156.6613939762409,61.713343659430905,77.7904208619963,90.52538306967587,138.14631672890815,109.61574753590214,63.45509345947309,0.3354212590267551,0.2436307816061907,0.626546443678804,1.0913009253506896,46.160654076429054,47.62093365923228,3.21037978985197,16.07707720256539
/content/drive/MyDrive/Bharatanatyam_Digital_Twin/dataset/posture_images/extracted/new_Dataset/Nataraj Augmented/dr_6_5254.jpg,dr_6_5254.jpg,Nataraj Augmented,confidence_0.5_fallback,55.37508119881269,123.41783775158432,65.59101405770252,129.55162228406823,94.53452664300775,111.79723202070113,138.4616492904748,126.95028602575528,0.25066111416437414,0.127357138417757,0.25744584877532317,0.24647299365408568,11.511363264719535,17.26270537769338,68.04275655277164,63.96060822636571
/content/drive/MyDrive/Bharatanatyam_Digital_Twin/dataset/posture_images/extracted/new_Dataset/Nataraj Augmented/dr_6_5571.jpg,dr_6_5571.jpg,Nataraj Augmented,confidence_0.2,134.2984603324444,143.60430119572698,111.33442329235467,116.13843859535524,84.13960356111212,88.85423612211582,103.69034262519976,95.16797116342414,0.37212230624551906,0.2591944727773605,0.20606273087186802,0.250879073179855,8.52237146177562,4.714632561003697,9.305840863282583,4.804015303000568
/content/drive/MyDrive/Bharatanatyam_Digital_Twin/dataset/posture_images/extracted/new_Dataset/Nataraj Augmented/dr_6_5596.jpg,dr_6_5596.jpg,Nataraj Augmented,confidence_0.2,162.7817382039783,174.6643927200332,124.67838349220695,136.70263291456536,41.47774554016299,58.299279382886226,86.26242246397068,36.539449109778765,0.22989180007877874,0.13506985990371895,0.508501262958808,0.8663148543813716,49.722973354191915,16.821533842723234,11.882654516054885,12.024249422358409
/content/drive/MyDrive/Bharatanatyam_Digital_Twin/dataset/posture_images/extracted/new_Dataset/Nataraj Augmented/dr_6_5644.jpg,dr_6_5644.jpg,Nataraj Augmented,confidence_0.2,175.64971016344816,161.43513960237834,145.04673908598284,134.39125622396105,48.41895763294573,29.74845484283874,102.60743150550927,70.3501787149784,0.24833210693841787,0.16237599324742477,0.4754171157003958,0.3790259780291823,32.25725279053087,18.670502790106987,14.21457056106982,10.655482862021785
/content/drive/MyDrive/Bharatanatyam_Digital_Twin/dataset/posture_images/extracted/new_Dataset/Nataraj Augmented/dr_6_6387.jpg,dr_6_6387.jpg,Nataraj Augmented,confidence_0.5_fallback,152.33715791363915,168.0062381502062,61.92882647783829,29.793470056802388,114.13444089622917,29.086291905182353,146.75353950103005,98.61026348138984,0.09458408682652852,0.052029765367888496,0.31144311798426483,0.375220056610457,48.14327601964021,85.04814899104682,15.669080236567055,32.13535642103591
/content/drive/MyDrive/Bharatanatyam_Digital_Twin/dataset/posture_images/extracted/new_Dataset/Nataraj Augmented/dr_6_647.jpg,dr_6_647.jpg,Nataraj Augmented,confidence_0.2,163.40061736024833,166.69655264680142,46.05248045995258,64.24136167702355,117.72105707549882,152.7069942524441,152.54358169795682,80.29803261808546,0.3361484550689344,0.28092938654220084,0.8156687012182833,1.4543447018490152,72.24554907987137,34.985937176945285,3.295935286553089,18.18888121707097
/content/drive/MyDrive/Bharatanatyam_Digital_Twin/dataset/posture_images/extracted/new_Dataset/Nataraj Augmented/dr_6_6690.jpg,dr_6_6690.jpg,Nataraj Augmented,confidence_0.2,171.43360769444837,156.43138481116952,76.39689246493482,50.42428984354093,154.1979390186355,113.40158414175829,77.85791178761916,113.06077603865833,0.22845589873752728,0.19937930361466868,0.613567805323785,1.005938774007052,35.20286425103917,40.79635487687722,15.002222883278847,25.97260262139389
/content/drive/MyDrive/Bharatanatyam_Digital_Twin/dataset/posture_images/extracted/new_Dataset/Nataraj Augmented/dr_6_678.jpg,dr_6_678.jpg,Nataraj Augmented,confidence_0.2,150.70166114978818,155.11722875876222,110.72550436715646,94.8479819640902,81.82475185653838,58.341697551275594,98.72790717450907,116.01721037455982,0.2986366432459158,0.1869917134053311,0.4539423733223481,0.6058962986182006,17.289303200050753,23.48305430526279,4.415567608974044,15.877522403066266
/content/drive/MyDrive/Bharatanatyam_Digital_Twin/dataset/posture_images/extracted/new_Dataset/Nataraj Augmented/dr_6_6810.jpg,dr_6_6810.jpg,Nataraj Augmented,confidence_0.2,161.2082257540598,172.23643032732474,68.47323940233424,77.72442043046782,101.41967896748051,116.41499097239691,126.25273346049578,58.372584773116465,0.2485427747458835,0.16868908358421286,0.2307233410876911,0.6157642231794305,67.88014868737932,14.9953120049164,11.02820457326493,9.251181028133573
/content/drive/MyDrive/Bharatanatyam_Digital_Twin/dataset/posture_images/extracted/new_Dataset/Nataraj Augmented/dr_6_6884.jpg,dr_6_6884.jpg,Nataraj Augmented,confidence_0.2,164.36055491942219,159.13714771032326,85.36341602984213,93.62112081720485,75.66274092770088,132.26854425880165,108.06934316968915,93.31906193545132,0.30388344586994076,0.21639088489423328,0.8664976210087412,1.265414692249143,14.750281234237832,56.60580333110077,5.223407209098923,8.257704787362727
/content/drive/MyDrive/Bharatanatyam_Digital_Twin/dataset/posture_images/extracted/new_Dataset/Nataraj Augmented/dr_6_7419.jpg,dr_6_7419.jpg,Nataraj Augmented,confidence_0.2,157.86267008470523,159.3511212806486,113.06810351171886,128.25767334895923,44.418711848556384,76.19017503923841,111.78880908872111,88.87496565634319,0.25464320574188615,0.14954397998596067,0.39876634435118313,0.792506728934113,22.913843432377917,31.771463190682027,1.4884511959433837,15.18956983724037
/content/drive/MyDrive/Bharatanatyam_Digital_Twin/dataset/posture_images/extracted/new_Dataset/Nataraj Augmented/dr_6_7707.jpg,dr_6_7707.jpg,Nataraj Augmented,confidence_0.2,166.31023641230982,155.5620919675232,89.12451835244887,88.81753714170019,108.53449773169191,72.01565672259342,93.03302122964503,82.08497259933957,0.26634659852680287,0.14770853167633535,0.47141505066370826,0.5724170993017418,10.948048630305465,36.518841009098495,10.748144444786618,0.3069812107486882
/content/drive/MyDrive/Bharatanatyam_Digital_Twin/dataset/posture_images/extracted/new_Dataset/Nataraj Augmented/dr_6_7749.jpg,dr_6_7749.jpg,Nataraj Augmented,confidence_0.2,158.7227453999403,158.5291332091134,111.83224783142208,99.59202613605122,74.28029780558276,56.80501121775935,66.16021404707661,115.20824991109119,0.279387082228101,0.18822013963779255,0.4069218576807874,0.7131724626601751,49.04803586401458,17.475286587823412,0.19361219082688308,12.240221695370863
/content/drive/MyDrive/Bharatanatyam_Digital_Twin/dataset/posture_images/extracted/new_Dataset/Nataraj Augmented/dr_6_7839.jpg,dr_6_7839.jpg,Nataraj Augmented,confidence_0.2,164.45080124791247,160.731735595488,79.11842085403184,60.14850505065508,131.01196167846504,96.76228007968051,50.88190636927646,122.30633292751895,0.3121566607044207,0.24725249799261603,0.7216677360083534,1.41674496261191,71.42442655824249,34.249681598784534,3.7190656524244616,18.969915803376757
/content/drive/MyDrive/Bharatanatyam_Digital_Twin/dataset/posture_images/extracted/new_Dataset/Nataraj Augmented/dr_6_8239.jpg,dr_6_8239.jpg,Nataraj Augmented,confidence_0.2,159.7406610191865,167.90500145281388,112.28447537087557,121.42401741720654,48.97986589841567,90.41271606924684,142.57429503283277,72.38117921348895,0.3954515885062196,0.29411337862009096,0.6240880359522685,1.1255409135370391,70.19311581934382,41.43285017083117,8.164340433627387,9.139542046330973
/content/drive/MyDrive/Bharatanatyam_Digital_Twin/dataset/posture_images/extracted/new_Dataset/Nataraj Augmented/dr_6_83.jpg,dr_6_83.jpg,Nataraj Augmented,confidence_0.2,151.89990522766345,150.2436672300157,69.06157017559708,72.47298120340197,134.52195162539903,97.69778426522004,74.10395317168482,86.70376237293712,0.2307167189136852,0.11280304900701267,0.3155497448441903,0.4173260593446607,12.599809201252299,36.82416736017899,1.6562379976477644,3.4114110278048884
/content/drive/MyDrive/Bharatanatyam_Digital_Twin/dataset/posture_images/extracted/new_Dataset/Nataraj Augmented/dr_6_8494.jpg,dr_6_8494.jpg,Nataraj Augmented,confidence_0.2,165.93578424129305,143.6369865330713,28.09816448619324,25.981550456702617,136.43042335308562,161.570123089103,139.9770450389115,165.04496644273,0.134078483647496,0.05758809017210374,0.2687681017291856,0.42301198958754604,25.067921403818474,25.139699736017377,22.29879770822174,2.1166140294906235
/content/drive/MyDrive/Bharatanatyam_Digital_Twin/dataset/posture_images/extracted/new_Dataset/Nataraj Augmented/dr_6_867.jpg,dr_6_867.jpg,Nataraj Augmented,confidence_0.2,170.03708013874342,156.59577347791372,72.1781050727414,53.20162263859272,157.5664524169119,108.36751258375226,70.09779531665569,128.60862183162772,0.3065689695120881,0.26910944506508466,0.8012919575204175,1.4007834490709041,58.510826514972024,49.19893983315963,13.441306660829696,18.976482434148686
/content/drive/MyDrive/Bharatanatyam_Digital_Twin/dataset/posture_images/extracted/new_Dataset/Nataraj Augmented/dr_6_8741.jpg,dr_6_8741.jpg,Nataraj Augmented,confidence_0.2,128.76041520617744,176.26703111082034,70.32374820116048,91.939446775285,102.98872156708285,91.31334676615562,125.8743107335882,126.67186536782457,0.05236853653882607,0.026012207332667216,0.03847584233076967,0.06059248519760172,0.7975546342363629,11.67537480092723,47.5066159046429,21.615698574124522
/content/drive/MyDrive/Bharatanatyam_Digital_Twin/dataset/posture_images/extracted/new_Dataset/Nataraj Augmented/dr_6_8756.jpg,dr_6_8756.jpg,Nataraj Augmented,confidence_0.2,156.21754264835866,157.66540170773968,87.51862842140896,69.69710996161339,132.16041953568694,85.53443103741905,61.34687361978618,111.56555758082433,0.26161169635734866,0.18115911839974494,0.6501387909366602,1.1644837929520082,50.21868396103815,46.62598849826789,1.4478590593810168,17.82151845979557
/content/drive/MyDrive/Bharatanatyam_Digital_Twin/dataset/posture_images/extracted/new_Dataset/Nataraj Augmented/dr_6_8904.jpg,dr_6_8904.jpg,Nataraj Augmented,confidence_0.2,164.68910937533013,168.4329321956421,152.27120168981392,136.6186512198458,31.735056194161714,40.90348956168722,25.611611153809385,69.25908806929259,0.2241010970408951,0.12193747759506783,0.398261392719222,0.29272820841672503,43.6474769154832,9.168433367525509,3.7438228203119763,15.652550469968133
/content/drive/MyDrive/Bharatanatyam_Digital_Twin/dataset/posture_images/extracted/new_Dataset/Nataraj Augmented/dr_6_9117.jpg,dr_6_9117.jpg,Nataraj Augmented,confidence_0.2,157.5134496712608,168.8777868036924,48.698956637070935,77.93755212078511,111.6555207620462,150.96480153844576,121.68864428770529,76.45893738953508,0.26330438802134526,0.19444323355630397,0.5796748192865906,1.0787295028209791,45.22970689817021,39.30928077639956,11.364337132431615,29.238595483714178
/content/drive/MyDrive/Bharatanatyam_Digital_Twin/dataset/posture_images/extracted/new_Dataset/Nataraj Augmented/dr_6_9460.jpg,dr_6_9460.jpg,Nataraj Augmented,confidence_0.2,174.7064122277014,148.02639266040325,79.8999718231906,63.77757257115323,152.82380635914438,105.26807254804312,76.3330000542086,131.96884238548012,0.29348545394578934,0.22533284063038547,0.733726135727839,1.2131714122200978,55.63584233127152,47.55573381110126,26.68001956729816,16.12239925203737
/content/drive/MyDrive/Bharatanatyam_Digital_Twin/dataset/posture_images/extracted/new_Dataset/Nataraj Augmented/dr_6_9685.jpg,dr_6_9685.jpg,Nataraj Augmented,confidence_0.2,167.79145637798095,162.5488593489305,69.88500240483877,59.661000184159995,133.1385790206342,99.6985509943931,46.927984806604826,110.15769625011339,0.3249238304833199,0.22495952024037763,0.555974940810042,0.9876341302878268,63.22971144350856,33.44002802624111,5.242597029050444,10.224002220678777
/content/drive/MyDrive/Bharatanatyam_Digital_Twin/dataset/posture_images/extracted/new_Dataset/Nataraj Augmented/dr_6_9790.jpg,dr_6_9790.jpg,Nataraj Augmented,confidence_0.2,167.8891832674819,164.04885295422545,117.57304465109905,106.95133736509844,86.8292428457338,54.49188807833755,44.121480376695,106.00048771172514,0.2651069938922749,0.1825526128787282,0.5517212552304135,1.068252715187992,61.879007335030145,32.33735476739625,3.840330313256459,10.621707286000614
/content/drive/MyDrive/Bharatanatyam_Digital_Twin/dataset/posture_images/extracted/new_Dataset/Nataraj Augmented/dr_7_101.jpg,dr_7_101.jpg,Nataraj Augmented,confidence_0.2,156.7388692691167,133.01826104435546,94.70989190946666,31.20048152744936,87.1001994510329,29.097853807874895,122.27485809865571,129.3409373304706,0.39164657453948787,0.27330529460688235,0.19155458920627166,0.5310093869122405,7.066079231814896,58.00234564315801,23.720608224761236,63.50941038201731
/content/drive/MyDrive/Bharatanatyam_Digital_Twin/dataset/posture_images/extracted/new_Dataset/Nataraj Augmented/dr_7_1234.jpg,dr_7_1234.jpg,Nataraj Augmented,confidence_0.2,144.8955405823949,149.79469224098827,23.309680170832486,114.63755629758305,148.72810350514504,47.72110060176467,177.3376356243228,90.19111777647618,0.2339358455267044,0.18720962668516972,1.2047882069410374,1.6491673641191826,87.14651784784661,101.00700290338037,4.899151658593382,91.32787612675057
/content/drive/MyDrive/Bharatanatyam_Digital_Twin/dataset/posture_images/extracted/new_Dataset/Nataraj Augmented/dr_7_1358.jpg,dr_7_1358.jpg,Nataraj Augmented,confidence_0.2,87.70889394069303,147.03386845553132,72.2389207898797,130.94470321165616,142.3282864684187,110.82481522702685,154.75757987787222,112.85171740277886,0.30923560662894245,0.22238832761374802,0.41956229779130416,0.30735934677284377,41.90586247509336,31.50347124139185,59.32497451483829,58.70578242177646
/content/drive/MyDrive/Bharatanatyam_Digital_Twin/dataset/posture_images/extracted/new_Dataset/Nataraj Augmented/dr_7_1732.jpg,dr_7_1732.jpg,Nataraj Augmented,confidence_0.2,107.9350206629942,166.97618037071763,61.0553962505581,55.35572364212965,169.61366603114436,119.18708404973944,127.73893750886911,90.5188957658176,0.2543093451917853,0.15011645417411032,0.4340713953942446,0.5845996584051686,37.22004174305151,50.42658198140492,59.04115970772342,5.69967260842845
/content/drive/MyDrive/Bharatanatyam_Digital_Twin/dataset/posture_images/extracted/new_Dataset/Nataraj Augmented/dr_7_2738.jpg,dr_7_2738.jpg,Nataraj Augmented,confidence_0.2,148.88393240054967,156.29299197835545,62.341230053414016,62.00984491415025,97.91280416632998,141.07443759317977,145.4805407337685,114.06226840806374,0.30780029159982086,0.26762011133155117,0.5434732900997917,1.0189707693154515,31.41827232570475,43.16163342684979,7.4090595778057775,0.3313851392637659
/content/drive/MyDrive/Bharatanatyam_Digital_Twin/dataset/posture_images/extracted/new_Dataset/Nataraj Augmented/dr_7_2791.jpg,dr_7_2791.jpg,Nataraj Augmented,confidence_0.2,132.71108383010517,165.58213787894246,59.18994175826484,54.08603911377131,10.070912068380368,78.48772552844318,98.54769097817609,39.91800313268568,0.2961618868562642,0.3030569740618152,0.7795772917053422,0.7242047299397519,58.62968784549041,68.41681346006281,32.871054048837294,5.10390264449353
/content/drive/MyDrive/Bharatanatyam_Digital_Twin/dataset/posture_images/extracted/new_Dataset/Nataraj Augmented/dr_7_3190.jpg,dr_7_3190.jpg,Nataraj Augmented,confidence_0.2,150.52390210029535,166.44056211106275,81.89002960415142,49.819375842830524,112.42268836304413,81.4316229381402,111.92164730343609,136.0232099929736,0.3470287142304839,0.35130178429286224,0.3587534769833309,0.6548170301978132,24.101562689537502,30.991065424903937,15.916660010767401,32.0706537613209
/content/drive/MyDrive/Bharatanatyam_Digital_Twin/dataset/posture_images/extracted/new_Dataset/Nataraj Augmented/dr_7_3342.jpg,dr_7_3342.jpg,Nataraj Augmented,confidence_0.2,144.79737834515834,147.29378665687437,46.501377959300356,50.68436992036629,85.44860515751711,151.0017063332189,115.8087764041659,122.19961967964716,0.3062568334741046,0.2633520076917385,0.5960848293139868,0.8632828637843188,6.390843275481259,65.55310117570178,2.4964083117160385,4.18299196106593
/content/drive/MyDrive/Bharatanatyam_Digital_Twin/dataset/posture_images/extracted/new_Dataset/Nataraj Augmented/dr_7_3405.jpg,dr_7_3405.jpg,Nataraj Augmented,confidence_0.2,121.40149229708831,155.22299670650145,19.940148059491126,18.299330307960577,164.0268266547667,167.26734788773595,149.81598407165743,149.89500364927846,0.38069798841791397,0.24685167656520257,0.3309593243858084,0.5701206566412694,0.07901957762103962,3.2405212329692574,33.82150440941314,1.6408177515305482
/content/drive/MyDrive/Bharatanatyam_Digital_Twin/dataset/posture_images/extracted/new_Dataset/Nataraj Augmented/dr_7_385.jpg,dr_7_385.jpg,Nataraj Augmented,confidence_0.2,88.91267307730924,162.25530546713168,62.24806433995563,71.66067859805948,122.87166005050432,75.00031833804576,167.5326787186655,100.28413981864567,0.36508567776025846,0.33553780136012534,1.0488542718841432,1.486909375054653,67.24853890001982,47.87134171245856,73.34263238982244,9.412614258103844
/content/drive/MyDrive/Bharatanatyam_Digital_Twin/dataset/posture_images/extracted/new_Dataset/Nataraj Augmented/dr_7_4175.jpg,dr_7_4175.jpg,Nataraj Augmented,confidence_0.2,140.54844799908923,137.31214929519447,96.2092538798161,94.64834426682869,114.68244671296479,58.09214036521593,90.1382657309754,70.29283569531916,0.33970321505129325,0.1583913469596644,0.26562059568323804,0.1640269607860417,19.84543003565625,56.59030634774886,3.236298703894761,1.560909612987416
/content/drive/MyDrive/Bharatanatyam_Digital_Twin/dataset/posture_images/extracted/new_Dataset/Nataraj Augmented/dr_7_4261.jpg,dr_7_4261.jpg,Nataraj Augmented,confidence_0.2,124.5385127494454,32.03728026495264,135.9818511766635,57.54698109649397,165.0335002005409,171.0979617364147,163.14917285516742,139.37196127854875,0.28562739348110766,0.16407807946209663,0.22612207890427827,0.25170829711418086,23.77721157661867,6.064461535873789,92.50123248449276,78.43487008016953
/content/drive/MyDrive/Bharatanatyam_Digital_Twin/dataset/posture_images/extracted/new_Dataset/Nataraj Augmented/dr_7_457.jpg,dr_7_457.jpg,Nataraj Augmented,confidence_0.2,145.90826055187853,145.39417174933038,53.29768346509488,56.16406322568207,96.32086810019663,151.18112348410486,100.62656805671632,110.9905562703191,0.3064453356191037,0.27231934101385413,0.5695822788399361,0.8060864944145336,10.36398821360278,54.860255383908225,0.5140888025481445,2.8663797605871935
/content/drive/MyDrive/Bharatanatyam_Digital_Twin/dataset/posture_images/extracted/new_Dataset/Nataraj Augmented/dr_7_4692.jpg,dr_7_4692.jpg,Nataraj Augmented,confidence_0.2,163.89949176784035,153.14104419144863,136.35399233350245,94.5233193811746,100.15844152415345,101.86447979329252,145.70009715887926,154.00656847506053,0.13802406402158757,0.13277308829401938,0.10781852182629285,0.05948152619775282,8.306471316181273,1.7060382691390714,10.758447576391717,41.830672952327845
/content/drive/MyDrive/Bharatanatyam_Digital_Twin/dataset/posture_images/extracted/new_Dataset/Nataraj Augmented/dr_7_4698.jpg,dr_7_4698.jpg,Nataraj Augmented,confidence_0.2,152.9082771798651,159.25046391710225,69.20899844387037,50.39435471106325,137.78258526295056,89.68420925715637,102.34669065506853,113.15235461345003,0.32423806544090683,0.3304651787163247,0.6400951378840358,0.8970525016894358,10.805663958381501,48.098376005794194,6.342186737237142,18.81464373280712
/content/drive/MyDrive/Bharatanatyam_Digital_Twin/dataset/posture_images/extracted/new_Dataset/Nataraj Augmented/dr_7_5194.jpg,dr_7_5194.jpg,Nataraj Augmented,confidence_0.2,77.20196795195397,114.42530990947013,43.73545184425057,93.39968808388215,148.7630628411698,170.70831061195017,119.28081459381902,124.409781661191,0.5287111265959039,0.307577956052095,0.44477232767355307,0.5840821127251172,5.128967067371988,21.945247770780355,37.223341957516155,49.664236239631585
/content/drive/MyDrive/Bharatanatyam_Digital_Twin/dataset/posture_images/extracted/new_Dataset/Nataraj Augmented/dr_7_56.jpg,dr_7_56.jpg,Nataraj Augmented,confidence_0.2,106.17508405381531,135.33755512081197,60.824007208645035,59.664833683141204,142.72443799494178,88.33589519513079,109.64720859043298,79.65018041006478,0.25851750752521635,0.26146082986369656,0.5360022525519328,0.6629879681765005,29.997028180368204,54.38854279981099,29.16247106699666,1.1591735255038316
/content/drive/MyDrive/Bharatanatyam_Digital_Twin/dataset/posture_images/extracted/new_Dataset/Nataraj Augmented/dr_7_6092.jpg,dr_7_6092.jpg,Nataraj Augmented,confidence_0.2,165.78175671292112,153.99397838394364,40.78252255426554,34.39484282472086,132.63341138217325,150.83073302208908,141.15067319475497,116.48262899790666,0.3675425326239302,0.36426784054074896,0.8003304404769143,1.142991842111787,24.668044196848314,18.197321639915828,11.787778328977481,6.387679729544679
/content/drive/MyDrive/Bharatanatyam_Digital_Twin/dataset/posture_images/extracted/new_Dataset/Nataraj Augmented/dr_7_6384.jpg,dr_7_6384.jpg,Nataraj Augmented,confidence_0.2,93.37951166996882,133.3284262820005,62.551885839667584,127.5914575089056,139.75758293286415,132.44017212970695,176.92576514444153,171.18128141654293,0.08013776904327773,0.08406845497863825,0.18314196572956848,0.20925885820807316,5.744483727898597,7.317410803157202,39.94891461203167,65.03957166923803
/content/drive/MyDrive/Bharatanatyam_Digital_Twin/dataset/posture_images/extracted/new_Dataset/Nataraj Augmented/dr_7_6535.jpg,dr_7_6535.jpg,Nataraj Augmented,confidence_0.2,155.14254986555616,151.1292982897566,61.38406865090196,60.511624262042616,105.67968414761087,132.62004588692812,134.3384946341277,114.01953321755849,0.34069660809660013,0.3329971101916586,0.6873112067149275,1.053242009286235,20.31896141656921,26.940361739317254,4.013251575799558,0.8724443888593427
/content/drive/MyDrive/Bharatanatyam_Digital_Twin/dataset/posture_images/extracted/new_Dataset/Nataraj Augmented/dr_7_6756.jpg,dr_7_6756.jpg,Nataraj Augmented,confidence_0.2,157.66477764794996,152.55676707019867,55.52304840354838,57.04003317986378,105.38994279958682,138.4009366855929,130.40225909398777,120.9427651348542,0.31684234399497274,0.30349718704727774,0.5903700068242678,0.887813121912549,9.459493959133567,33.01099388600609,5.108010577751287,1.5169847763153967
/content/drive/MyDrive/Bharatanatyam_Digital_Twin/dataset/posture_images/extracted/new_Dataset/Nataraj Augmented/dr_7_7031.jpg,dr_7_7031.jpg,Nataraj Augmented,confidence_0.2,133.27463786194815,161.7886529963349,52.74287890317444,45.003217746360434,131.73955612337215,129.0084798723577,151.37544607092326,119.4137761713846,0.27380120458775375,0.20715085211252338,0.24696896003753663,0.10563951013699016,31.961669899538663,2.731076251014457,28.51401513438674,7.739661156814009
/content/drive/MyDrive/Bharatanatyam_Digital_Twin/dataset/posture_images/extracted/new_Dataset/Nataraj Augmented/dr_7_7132.jpg,dr_7_7132.jpg,Nataraj Augmented,confidence_0.2,143.25543266805957,132.7742055001619,39.20400478809414,25.45288260514614,110.51240427710691,123.76798904669637,160.39879860957367,171.54181717721625,0.23438754512808677,0.18423299340925675,0.18566304576076498,0.2242572301775027,11.14301856764257,13.255584769589461,10.481227167897657,13.751122182947999
/content/drive/MyDrive/Bharatanatyam_Digital_Twin/dataset/posture_images/extracted/new_Dataset/Nataraj Augmented/dr_7_7304.jpg,dr_7_7304.jpg,Nataraj Augmented,confidence_0.2,121.64153500773374,154.4363889399473,69.45625842998936,49.807166794279965,117.72256463784181,143.75820616919327,123.31369523109844,117.33487009807597,0.3374753451152441,0.28217439019164064,0.41191467233445267,0.40655778730710934,5.978825133022468,26.03564153135146,32.79485393221357,19.649091635709397
/content/drive/MyDrive/Bharatanatyam_Digital_Twin/dataset/posture_images/extracted/new_Dataset/Nataraj Augmented/dr_7_7828.jpg,dr_7_7828.jpg,Nataraj Augmented,confidence_0.2,143.41494775047025,157.805113982264,68.4196162276018,49.6735312725014,142.2605172665209,102.85535354549896,109.65630263471427,101.94647750887235,0.27160198654126394,0.29879236076026033,0.6330236665326788,0.8244803671877278,7.709825125841917,39.40516372102195,14.390166231793756,18.746084955100393
/content/drive/MyDrive/Bharatanatyam_Digital_Twin/dataset/posture_images/extracted/new_Dataset/Nataraj Augmented/dr_7_8223.jpg,dr_7_8223.jpg,Nataraj Augmented,confidence_0.2,165.9089605354093,156.60219538496918,54.619400018479446,40.76178120983038,132.60457020922127,142.51908838928264,145.75206614268185,125.03411381926678,0.37218013792289845,0.35150000961857464,0.6391266378043723,0.9086365182461651,20.717952323415076,9.914518180061378,9.306765150440128,13.857618808649065
/content/drive/MyDrive/Bharatanatyam_Digital_Twin/dataset/posture_images/extracted/new_Dataset/Nataraj Augmented/dr_7_8418.jpg,dr_7_8418.jpg,Nataraj Augmented,confidence_0.2,118.71927662704692,152.57167784454478,50.329718607459235,73.67343283000152,157.38463932295974,150.654758950614,132.34480260671913,106.17630190880503,0.30983150426495054,0.21017937735280698,0.2535015420018656,0.3580946811317662,26.168500697914098,6.729880372345747,33.85240121749786,23.343714222542282
/content/drive/MyDrive/Bharatanatyam_Digital_Twin/dataset/posture_images/extracted/new_Dataset/Nataraj Augmented/dr_7_8746.jpg,dr_7_8746.jpg,Nataraj Augmented,confidence_0.2,119.48416702124034,94.85356973379402,66.47457796171483,7.779177644109432,97.84642963232254,61.06408695833923,149.14279466306525,122.6446724995982,0.3628844668771429,0.1410376443608949,0.19918802214382664,0.2034394875246062,26.498122163467045,36.78234267398331,24.63059728744632,58.6954003176054
/content/drive/MyDrive/Bharatanatyam_Digital_Twin/dataset/posture_images/extracted/new_Dataset/Nataraj Augmented/dr_7_8919.jpg,dr_7_8919.jpg,Nataraj Augmented,confidence_0.2,139.1847658665321,146.99675283098,117.40034477898581,115.64378177254503,154.02858787617996,119.80402305415865,171.04419650319176,128.65520317748866,0.4378789546769019,0.2311738870758614,0.42859846886214037,0.40785668298196326,42.3889933257031,34.22456482202131,7.811986964447897,1.7565630064407856
/content/drive/MyDrive/Bharatanatyam_Digital_Twin/dataset/posture_images/extracted/new_Dataset/Nataraj Augmented/dr_7_9367.jpg,dr_7_9367.jpg,Nataraj Augmented,confidence_0.2,153.41490113410867,170.53673259124477,73.40669853722642,57.58708989614284,113.61167386995118,131.72844538293361,127.14169375350575,98.35924659484077,0.3168066991543572,0.10641560178706376,0.2814390977084587,0.21467248787841597,28.78244715866498,18.11677151298244,17.121831457136096,15.819608641083576
/content/drive/MyDrive/Bharatanatyam_Digital_Twin/dataset/posture_images/extracted/new_Dataset/Nataraj Augmented/dr_7_9752.jpg,dr_7_9752.jpg,Nataraj Augmented,confidence_0.2,146.63580704258464,125.31405846792043,94.85222806410879,85.47000473727167,141.73971822309784,118.9278815669464,119.75621832285975,98.39352826781405,0.20931867121842457,0.26083435842872643,0.745359641264948,0.9865118833587083,21.362690055045704,22.811836656151442,21.321748574664213,9.38222332683712
/content/drive/MyDrive/Bharatanatyam_Digital_Twin/dataset/posture_images/extracted/new_Dataset/Nataraj Augmented/dr_7_9921.jpg,dr_7_9921.jpg,Nataraj Augmented,confidence_0.2,116.62699777851745,145.36865515770376,57.30360396591642,74.66039114244165,128.6324601740225,120.14534709309855,127.60839442388178,111.15727479186356,0.1981697426656036,0.2180886470479817,0.728017987598309,0.932529040446752,16.45111963201822,8.487113080923947,28.741657379186307,17.35678717652523
/content/drive/MyDrive/Bharatanatyam_Digital_Twin/dataset/posture_images/extracted/new_Dataset/Nataraj Augmented/dr_8_1302.jpg,dr_8_1302.jpg,Nataraj Augmented,confidence_0.2,129.94939079660168,158.69921636150426,79.0866289369852,71.8153809831806,129.18832928183008,95.54296965198228,89.1936753220768,131.10633993694617,0.4121573180257247,0.29277191347578524,0.485634731764478,0.7468200791276723,41.91266461486937,33.6453596298478,28.74982556490258,7.271247953804604
/content/drive/MyDrive/Bharatanatyam_Digital_Twin/dataset/posture_images/extracted/new_Dataset/Nataraj Augmented/dr_8_1417.jpg,dr_8_1417.jpg,Nataraj Augmented,confidence_0.2,141.43759003072037,164.73393829454827,84.13662389742383,75.2839365884189,90.46654152769885,128.00451605888898,142.6678355272634,80.8458418463136,0.4127920878963712,0.2806671666657321,0.36592924748696004,0.6501524591075885,61.8219936809498,37.53797453119013,23.296348263827895,8.852687309004935
/content/drive/MyDrive/Bharatanatyam_Digital_Twin/dataset/posture_images/extracted/new_Dataset/Nataraj Augmented/dr_8_1542.jpg,dr_8_1542.jpg,Nataraj Augmented,confidence_0.2,159.2748357290344,139.8953677996548,33.252508987534874,49.82296477427547,153.50761325843885,123.99684572533258,161.812965933059,128.8484843274489,0.4259928585808348,0.2662486150643705,0.30389478824630156,0.34539352085641245,32.9644816056101,29.510767533106275,19.379467929379615,16.570455786740595
/content/drive/MyDrive/Bharatanatyam_Digital_Twin/dataset/posture_images/extracted/new_Dataset/Nataraj Augmented/dr_8_1573.jpg,dr_8_1573.jpg,Nataraj Augmented,confidence_0.2,167.02071080413688,166.47895693010204,79.39856372147777,72.10727038925721,142.66916624141913,94.61879182282468,80.10582046516032,126.43611342356826,0.4279499238147839,0.3652566783749606,0.621076255634938,0.9851278410807586,46.33029295840794,48.05037441859446,0.5417538740348391,7.291293332220562
/content/drive/MyDrive/Bharatanatyam_Digital_Twin/dataset/posture_images/extracted/new_Dataset/Nataraj Augmented/dr_8_2044.jpg,dr_8_2044.jpg,Nataraj Augmented,confidence_0.2,159.19063589236734,161.59877599843898,78.69114276885384,71.48054172744698,93.80400165148465,138.18045725138305,153.34647534634595,85.47375965842856,0.476415507132537,0.34901570223587536,0.5481682622810158,0.9139002422000304,67.87271568791739,44.37645559989839,2.4081401060716416,7.210601041406861
/content/drive/MyDrive/Bharatanatyam_Digital_Twin/dataset/posture_images/extracted/new_Dataset/Nataraj Augmented/dr_8_2248.jpg,dr_8_2248.jpg,Nataraj Augmented,confidence_0.2,120.8004933653347,147.73098621722144,52.27045846264212,84.15239754014122,106.71383824950199,136.51985453632992,135.51898147374357,114.9259811296307,0.4633725487415859,0.354505526451586,0.501447007197362,0.6977363302293867,20.593000344112866,29.806016286827926,26.93049285188674,31.881939077499105
/content/drive/MyDrive/Bharatanatyam_Digital_Twin/dataset/posture_images/extracted/new_Dataset/Nataraj Augmented/dr_8_2310.jpg,dr_8_2310.jpg,Nataraj Augmented,confidence_0.2,81.00091260584031,83.5273369586064,77.00823773695423,108.14448401791185,95.60561420771698,55.06447660180175,140.71119139921026,94.5352476964666,0.03307687199027458,0.0170764086397083,0.02103273631472309,0.01537468496485867,46.175943702743666,40.54113760591523,2.5264243527660852,31.13624628095762
/content/drive/MyDrive/Bharatanatyam_Digital_Twin/dataset/posture_images/extracted/new_Dataset/Nataraj Augmented/dr_8_2861.jpg,dr_8_2861.jpg,Nataraj Augmented,confidence_0.2,146.0760152777941,163.6582150043505,66.31894665370464,73.40121185907276,143.0735131650436,92.94323868189784,78.6650733163383,145.54726939280616,0.4504329899364961,0.32992140226040334,0.5997349231504165,1.0417600239162272,66.88219607646786,50.13027448314577,17.582199726556382,7.082265205368117
/content/drive/MyDrive/Bharatanatyam_Digital_Twin/dataset/posture_images/extracted/new_Dataset/Nataraj Augmented/dr_8_316.jpg,dr_8_316.jpg,Nataraj Augmented,confidence_0.2,96.78897493640741,71.36956662056492,34.41984123812388,55.39165779405286,82.93483227701971,139.97171315441602,143.0245487455083,137.49080170694566,0.09726243940336449,0.07264811939483554,0.1250827402754257,0.1067126689527853,5.5337470385626375,57.036880877396314,25.41940831584249,20.97181655592898
/content/drive/MyDrive/Bharatanatyam_Digital_Twin/dataset/posture_images/extracted/new_Dataset/Nataraj Augmented/dr_8_3627.jpg,dr_8_3627.jpg,Nataraj Augmented,confidence_0.2,112.37431704637915,169.17344033686126,85.22769896664,141.34799355888362,76.56324151616998,43.68973652527808,86.03625963063944,47.71508778933396,0.26683051155095544,0.215470607527487,0.274563072413894,0.17146929440023664,38.32117184130548,32.8735049908919,56.799123290482115,56.12029459224361
/content/drive/MyDrive/Bharatanatyam_Digital_Twin/dataset/posture_images/extracted/new_Dataset/Nataraj Augmented/dr_8_3798.jpg,dr_8_3798.jpg,Nataraj Augmented,confidence_0.2,157.25800817588757,166.62590478712207,81.25632823626911,81.52958102012181,93.05900636658518,130.2319343590884,154.40909040237023,82.79472162493367,0.4058018310109156,0.30630465103816656,0.4545568931840925,0.8041238211295015,71.61436877743655,37.17292799250322,9.3678966112345,0.2732527838526977
/content/drive/MyDrive/Bharatanatyam_Digital_Twin/dataset/posture_images/extracted/new_Dataset/Nataraj Augmented/dr_8_4008.jpg,dr_8_4008.jpg,Nataraj Augmented,confidence_0.2,136.85418689455918,164.26055705479135,39.70254006818064,43.27219775704848,125.65837739065549,131.7864754296485,142.58543453648775,113.50418308094852,0.5327984924205054,0.3905470889269718,0.51578164858533,0.7276722538032956,29.08125145553923,6.128098038993016,27.40637016023217,3.569657688867842
/content/drive/MyDrive/Bharatanatyam_Digital_Twin/dataset/posture_images/extracted/new_Dataset/Nataraj Augmented/dr_8_4505.jpg,dr_8_4505.jpg,Nataraj Augmented,confidence_0.2,168.3599227182338,38.510999439213165,107.33327536887154,64.5057430543706,110.98328713920732,100.90474985620294,81.67009053834718,92.71522951357393,0.23423488026971212,0.16049160206005036,0.27230815349894366,0.22391823900947042,11.045138975226749,10.07853728300438,129.84892327902065,42.82753231450094
/content/drive/MyDrive/Bharatanatyam_Digital_Twin/dataset/posture_images/extracted/new_Dataset/Nataraj Augmented/dr_8_4711.jpg,dr_8_4711.jpg,Nataraj Augmented,confidence_0.2,156.7772652693017,171.75306169949587,67.38768436581938,74.99202367116297,98.69500875734802,146.79485842297387,134.69850933568813,100.62203339017373,0.3860857399541079,0.3024430766089328,0.49419605985093046,0.7663148819059268,34.0764759455144,48.099849665625854,14.97579643019418,7.604339305343586
/content/drive/MyDrive/Bharatanatyam_Digital_Twin/dataset/posture_images/extracted/new_Dataset/Nataraj Augmented/dr_8_4804.jpg,dr_8_4804.jpg,Nataraj Augmented,confidence_0.2,169.0948369987458,161.1111608490175,94.10516535650191,82.16208630048112,118.50892659386858,78.5891002101943,64.30939750974242,82.62569915810288,0.46727925703019496,0.4108555785285537,0.7810950230587763,1.0853878625866675,18.31630164836045,39.91982638367428,7.983676149728296,11.943079056020792
/content/drive/MyDrive/Bharatanatyam_Digital_Twin/dataset/posture_images/extracted/new_Dataset/Nataraj Augmented/dr_8_486.jpg,dr_8_486.jpg,Nataraj Augmented,confidence_0.2,139.4072913455907,141.03908773286807,90.8345829678985,96.6575928943906,95.97765975777752,111.81022524491082,149.75186030512467,80.62591152270018,0.45061866451546184,0.29594042286614314,0.23383795038615948,0.367775341378965,69.12594878242449,15.832565487133309,1.631796387277376,5.823009926492105
/content/drive/MyDrive/Bharatanatyam_Digital_Twin/dataset/posture_images/extracted/new_Dataset/Nataraj Augmented/dr_8_5234.jpg,dr_8_5234.jpg,Nataraj Augmented,confidence_0.2,162.31850652143996,160.28705422380366,58.813834670423255,57.28690629299089,153.0223697186827,108.16778014244584,85.21097049459458,111.92033786700863,0.43304379918800046,0.33472408830915246,0.4716981140718681,0.6535706529936447,26.70936737241405,44.854589576236876,2.0314522976362923,1.5269283774323625
/content/drive/MyDrive/Bharatanatyam_Digital_Twin/dataset/posture_images/extracted/new_Dataset/Nataraj Augmented/dr_8_5918.jpg,dr_8_5918.jpg,Nataraj Augmented,confidence_0.2,164.1010645744264,167.4482297716086,78.90376465487066,78.14723878061896,91.79429633003289,136.99227921976464,147.4233006229446,87.68412915903284,0.4138549594253727,0.3199264341227472,0.5707687774963716,0.9441453309018052,59.73917146391176,45.19798288973175,3.3471651971821927,0.7565258742516932
/content/drive/MyDrive/Bharatanatyam_Digital_Twin/dataset/posture_images/extracted/new_Dataset/Nataraj Augmented/dr_8_5993.jpg,dr_8_5993.jpg,Nataraj Augmented,confidence_0.2,155.53695188911695,158.63013999216685,63.10710017841861,67.39769771263876,150.2249404297922,103.04772069386291,84.66730519080964,126.58136767233725,0.5114033839518682,0.3843126065667698,0.5569470911175052,0.8578471815591661,41.91406248152761,47.1772197359293,3.093188103049897,4.290597534220147
/content/drive/MyDrive/Bharatanatyam_Digital_Twin/dataset/posture_images/extracted/new_Dataset/Nataraj Augmented/dr_8_6038.jpg,dr_8_6038.jpg,Nataraj Augmented,confidence_0.2,168.70925372381143,161.95108777512053,74.86816849951842,63.87965355908441,136.44846697246777,103.89293527397588,97.41851811417627,146.54285948348286,0.39994111562288975,0.35222391078258125,0.5843046384635731,1.0939993125773857,49.12434136930659,32.55553169849189,6.758165948690902,10.988514940434008
/content/drive/MyDrive/Bharatanatyam_Digital_Twin/dataset/posture_images/extracted/new_Dataset/Nataraj Augmented/dr_8_6576.jpg,dr_8_6576.jpg,Nataraj Augmented,confidence_0.2,156.50598226919172,160.54321863137102,60.377300703150574,67.872410352648,151.27388112156737,97.94381580562036,87.27410153025076,141.28042199094483,0.5385203853391012,0.42628858482226445,0.7102718276471122,1.2439037760105922,54.00632046069407,53.33006531594701,4.0372363621793,7.495109649497429
/content/drive/MyDrive/Bharatanatyam_Digital_Twin/dataset/posture_images/extracted/new_Dataset/Nataraj Augmented/dr_8_661.jpg,dr_8_661.jpg,Nataraj Augmented,confidence_0.2,158.04327186062062,158.75785027302047,95.80056127089156,95.93908884127048,116.52205244326441,72.74961549201836,81.85119576279045,139.69464164290773,0.44841881565042746,0.346065272711934,0.561642042453573,0.9895729732207329,57.84344588011727,43.77243695124605,0.7145784123998453,0.13852757037891195
/content/drive/MyDrive/Bharatanatyam_Digital_Twin/dataset/posture_images/extracted/new_Dataset/Nataraj Augmented/dr_8_6741.jpg,dr_8_6741.jpg,Nataraj Augmented,confidence_0.2,105.35457093891641,157.35397347019986,86.99292628884143,93.2796230868738,113.33368689710845,87.40509220144563,85.80314450297585,144.78239738916758,0.558798811323504,0.4149839605211027,0.5093718877871682,0.7873219216250518,58.97925288619173,25.928594695662824,51.99940253128345,6.2866967980323665
/content/drive/MyDrive/Bharatanatyam_Digital_Twin/dataset/posture_images/extracted/new_Dataset/Nataraj Augmented/dr_8_6851.jpg,dr_8_6851.jpg,Nataraj Augmented,confidence_0.2,160.94962025879317,170.4517627428319,66.77163259982989,70.82177369084084,101.37355860332752,147.48827540166815,136.07290430830906,106.58330038643187,0.4119236466781578,0.3112838060338152,0.5232088956606442,0.805076039220124,29.48960392187719,46.11471679834062,9.502142484038728,4.050141091010957
/content/drive/MyDrive/Bharatanatyam_Digital_Twin/dataset/posture_images/extracted/new_Dataset/Nataraj Augmented/dr_8_6908.jpg,dr_8_6908.jpg,Nataraj Augmented,confidence_0.2,155.93605952998405,170.87150460032396,68.51699561604343,82.5457947778908,96.39109608481196,145.864033117287,130.66543373116735,101.37442533214752,0.34891306963785684,0.28258171787689645,0.47289029334970206,0.7476463397747511,29.29100839901983,49.47293703247503,14.93544507033991,14.028799161847374
/content/drive/MyDrive/Bharatanatyam_Digital_Twin/dataset/posture_images/extracted/new_Dataset/Nataraj Augmented/dr_8_6989.jpg,dr_8_6989.jpg,Nataraj Augmented,confidence_0.2,113.23483053619378,155.33429044870118,90.90731897989697,83.71610026316047,114.4307766592595,80.34559753351883,88.46851777728571,66.84655359229495,0.3659608498566622,0.24952340305931767,0.30571126936401394,0.19735568364835604,21.62196418499076,34.085179125740666,42.0994599125074,7.1912187167365005
/content/drive/MyDrive/Bharatanatyam_Digital_Twin/dataset/posture_images/extracted/new_Dataset/Nataraj Augmented/dr_8_7020.jpg,dr_8_7020.jpg,Nataraj Augmented,confidence_0.2,131.10815829495786,143.5384223385196,80.72049702952096,109.72849079932405,117.3124641394212,71.9359857282264,102.71854287368761,67.47582168667357,0.3707644778861307,0.25099878165036904,0.38742218073109547,0.20760190570841763,35.24272118701404,45.376478411194796,12.430264043561749,29.007993769803093
/content/drive/MyDrive/Bharatanatyam_Digital_Twin/dataset/posture_images/extracted/new_Dataset/Nataraj Augmented/dr_8_7213.jpg,dr_8_7213.jpg,Nataraj Augmented,confidence_0.2,157.1318714134301,164.7875655231625,74.84583562836136,69.75495663821702,93.04839952363386,147.5305124001796,131.36175976443678,80.45298518867031,0.4215524427331484,0.30184548280892826,0.531053664161057,0.9107264099950985,50.90877457576647,54.48211287654573,7.655694109732394,5.090878990144333
/content/drive/MyDrive/Bharatanatyam_Digital_Twin/dataset/posture_images/extracted/new_Dataset/Nataraj Augmented/dr_8_7488.jpg,dr_8_7488.jpg,Nataraj Augmented,confidence_0.2,172.66344887078117,177.28028583025412,12.593004077096877,15.976475599150119,154.83000843349944,151.0479717924909,167.91839899082416,159.59770666529934,0.06476176348415905,0.0403989039394294,0.08394850434871699,0.06547329744671276,8.320692325524817,3.7820366410085455,4.616836959472948,3.3834715220532416
/content/drive/MyDrive/Bharatanatyam_Digital_Twin/dataset/posture_images/extracted/new_Dataset/Nataraj Augmented/dr_8_7747.jpg,dr_8_7747.jpg,Nataraj Augmented,confidence_0.2,145.4739588070579,161.21885778656022,76.50665817680833,97.85707524075028,133.600230445035,83.17750017115401,89.21140501273362,97.14290221325952,0.5741569886189464,0.4392607609986806,0.5240649720128829,0.5894261268709043,7.931497200525897,50.422730273881,15.744898979502324,21.350417063941947
/content/drive/MyDrive/Bharatanatyam_Digital_Twin/dataset/posture_images/extracted/new_Dataset/Nataraj Augmented/dr_8_790.jpg,dr_8_790.jpg,Nataraj Augmented,confidence_0.2,147.8931270107369,169.45747347686435,67.72925129752353,69.25873765054713,100.05580711242835,132.314034472921,140.11437484760276,78.04368250397098,0.4336969555359369,0.3170050576940135,0.4748286087491171,0.8420103223929853,62.07069234363178,32.258227360492654,21.56434646612746,1.5294863530236
/content/drive/MyDrive/Bharatanatyam_Digital_Twin/dataset/posture_images/extracted/new_Dataset/Nataraj Augmented/dr_8_81.jpg,dr_8_81.jpg,Nataraj Augmented,confidence_0.2,142.29985305560444,166.84848364774876,73.28388571774512,74.35146339233356,96.55530818461729,130.2685241095525,143.8125848008525,86.36063830453044,0.483801809728049,0.33469377917044474,0.3736594173898816,0.6744644501675188,57.451946496322066,33.7132159249352,24.54863059214432,1.0675776745884349
/content/drive/MyDrive/Bharatanatyam_Digital_Twin/dataset/posture_images/extracted/new_Dataset/Nataraj Augmented/dr_8_8110.jpg,dr_8_8110.jpg,Nataraj Augmented,confidence_0.2,161.72474809201276,171.36666374295925,72.7793728452654,62.68187408816058,95.88941335068714,142.7235851380622,117.36913074872491,116.74270793695923,0.5195951859930186,0.3617499737264114,0.6984153609871071,0.923807154606884,0.6264228117656785,46.834171787375055,9.641915650946487,10.097498757104816
/content/drive/MyDrive/Bharatanatyam_Digital_Twin/dataset/posture_images/extracted/new_Dataset/Nataraj Augmented/dr_8_823.jpg,dr_8_823.jpg,Nataraj Augmented,confidence_0.2,159.23967031591204,165.96183773678368,78.33086151960363,82.6842890733867,91.43420718666229,129.07052495828717,143.39608285733027,84.07884742839666,0.38813847004116303,0.28533233424855653,0.41102796744698855,0.7120372918495654,59.317235428933614,37.636317771624874,6.722167420871642,4.353427553783064
/content/drive/MyDrive/Bharatanatyam_Digital_Twin/dataset/posture_images/extracted/new_Dataset/Nataraj Augmented/dr_8_8262.jpg,dr_8_8262.jpg,Nataraj Augmented,confidence_0.2,162.23310812447184,164.3727786800184,14.560930664611377,27.014528672275066,114.49728260488816,100.87588649533332,116.41749593117926,137.9032022469399,0.3114577089418461,0.15753564331057635,0.2303204939980229,0.4156580767760437,21.485706315760652,13.621396109554837,2.1396705555465587,12.45359800766369
/content/drive/MyDrive/Bharatanatyam_Digital_Twin/dataset/posture_images/extracted/new_Dataset/Nataraj Augmented/dr_8_8336.jpg,dr_8_8336.jpg,Nataraj Augmented,confidence_0.2,142.37183640483906,158.40324385848007,100.43852970489897,97.54000324492993,83.31221389965887,103.29106444695374,128.30060444195564,68.81098798476089,0.42681901006678424,0.2774197459733125,0.2697336849815616,0.4383612268614905,59.48961645719476,19.97885054729487,16.03140745364101,2.898526459969034
/content/drive/MyDrive/Bharatanatyam_Digital_Twin/dataset/posture_images/extracted/new_Dataset/Nataraj Augmented/dr_8_8545.jpg,dr_8_8545.jpg,Nataraj Augmented,confidence_0.2,129.14979934204143,156.59411297319534,17.045982658267068,33.44001618627098,118.55239368532646,46.704442490010955,159.39033107807455,139.84635351359447,0.3743886348611976,0.2265801171362213,0.3607287466269416,0.5031308359622049,19.543977564480087,71.84795119531552,27.444313631153904,16.394033528003913
/content/drive/MyDrive/Bharatanatyam_Digital_Twin/dataset/posture_images/extracted/new_Dataset/Nataraj Augmented/dr_8_8576.jpg,dr_8_8576.jpg,Nataraj Augmented,confidence_0.2,126.26924933526155,112.0395805650754,130.68200230731588,93.09863560524951,97.37155144397902,68.66550758567728,165.08298847559686,145.70661327572526,0.6208273198948779,0.43132010338066046,0.3559649493272609,0.41484279706468574,19.376375199871603,28.70604385830174,14.229668770186152,37.58336670206637
/content/drive/MyDrive/Bharatanatyam_Digital_Twin/dataset/posture_images/extracted/new_Dataset/Nataraj Augmented/dr_8_8975.jpg,dr_8_8975.jpg,Nataraj Augmented,confidence_0.2,122.24363056114868,158.72501334209807,82.36057423909463,103.5772085434778,110.44547322493922,77.66080040854371,86.99321887799653,124.22149024323065,0.5114976223110254,0.37488201451551545,0.4411927374768398,0.5785093009913572,37.22827136523412,32.78467281639551,36.48138278094939,21.216634304383163
/content/drive/MyDrive/Bharatanatyam_Digital_Twin/dataset/posture_images/extracted/new_Dataset/Nataraj Augmented/dr_8_9067.jpg,dr_8_9067.jpg,Nataraj Augmented,confidence_0.2,154.42324597265034,148.08103924810922,69.90558689409251,67.09403780306558,101.81924140704804,143.31059510379202,118.93421603822696,116.51329674794276,0.420063841693572,0.2554507345443717,0.3190255036179547,0.4183851086422407,2.4209192902842034,41.491353696743985,6.342206724541114,2.811549091026933
/content/drive/MyDrive/Bharatanatyam_Digital_Twin/dataset/posture_images/extracted/new_Dataset/Nataraj Augmented/dr_8_9109.jpg,dr_8_9109.jpg,Nataraj Augmented,confidence_0.2,169.00601580487194,114.64380048222894,106.15405694344004,89.4489499231103,30.223599879994588,47.989177023704535,100.18178063028871,109.62641060807768,0.3066591387468457,0.20918144892070487,0.25352219599939707,0.24628393981571697,9.444629977788964,17.765577143709947,54.362215322642996,16.705107020329734
/content/drive/MyDrive/Bharatanatyam_Digital_Twin/dataset/posture_images/extracted/new_Dataset/Nataraj Augmented/dr_8_9192.jpg,dr_8_9192.jpg,Nataraj Augmented,confidence_0.2,161.55828274858257,162.64051223067105,71.54464811593077,61.14389094104733,142.77197394954496,98.01821598109991,72.50296632002818,134.79862526337936,0.41456560764962297,0.3364389273136483,0.5663077833152178,1.0144220946410123,62.295658943351185,44.75375796844504,1.0822294820884792,10.400757174883438
/content/drive/MyDrive/Bharatanatyam_Digital_Twin/dataset/posture_images/extracted/new_Dataset/Nataraj Augmented/dr_8_9345.jpg,dr_8_9345.jpg,Nataraj Augmented,confidence_0.2,80.56021046675211,153.909877860163,57.39025702689107,133.87313949261218,117.76984245023455,96.41625500276663,162.14108638940837,123.07273134959551,0.3563369176948108,0.21656708537605204,0.323750207576119,0.2607492898346652,39.06835503981286,21.353587447467916,73.34966739341088,76.4828824657211
/content/drive/MyDrive/Bharatanatyam_Digital_Twin/dataset/posture_images/extracted/new_Dataset/Nataraj Augmented/dr_8_948.jpg,dr_8_948.jpg,Nataraj Augmented,confidence_0.2,107.00214274868388,158.18684418842474,91.74928190516523,118.11472771835949,87.56320810576301,65.02838222713109,89.72646073679778,140.49795660510304,0.536149386732698,0.3977937220004142,0.4640611899012375,0.6564671656320346,50.771495868305266,22.53482587863192,51.18470143974086,26.365445813194256
/content/drive/MyDrive/Bharatanatyam_Digital_Twin/dataset/posture_images/extracted/new_Dataset/Nataraj Augmented/dr_8_9702.jpg,dr_8_9702.jpg,Nataraj Augmented,confidence_0.2,124.32745543952446,162.95876936524058,80.37405538434422,59.174351458257725,135.12336887122268,104.36843373054457,84.0606806618745,137.9049903189779,0.43848008969300906,0.33752978611553014,0.5156134780870951,0.8845151415930488,53.844309657103395,30.754935140678114,38.63131392571613,21.199703926086492
/content/drive/MyDrive/Bharatanatyam_Digital_Twin/dataset/posture_images/extracted/new_Dataset/Nataraj Augmented/dr_8_9814.jpg,dr_8_9814.jpg,Nataraj Augmented,confidence_0.2,170.8902842921414,165.05584431083233,75.23832289734669,64.26075968597084,143.63679364589407,101.88671013984097,77.97224452257971,109.45379156147153,0.45069527332375664,0.40622781147870746,0.6855121584687299,0.9964171506303905,31.48154703889182,41.7500835060531,5.83443998130906,10.977563211375852
/content/drive/MyDrive/Bharatanatyam_Digital_Twin/dataset/posture_images/extracted/new_Dataset/Nataraj Augmented/dr_8_988.jpg,dr_8_988.jpg,Nataraj Augmented,confidence_0.2,114.64342883080901,147.67972566035834,97.69868373296968,91.01204048782085,97.02591805300419,68.74627599907318,93.55528951418724,144.72157989272054,0.4148610785003417,0.3191647601576646,0.3261193935339613,0.4555025270026079,51.166290378533304,28.279642053931013,33.03629682954933,6.686643245148829
/content/drive/MyDrive/Bharatanatyam_Digital_Twin/dataset/posture_images/extracted/new_Dataset/Prenkhana Augmented/dr_0_1147.jpg,dr_0_1147.jpg,Prenkhana Augmented,confidence_0.2,158.01446545913333,147.6209608498947,117.18023752067442,94.28104102644934,100.3325166695058,90.4820709858804,48.179951277657516,171.10596463353002,0.22283602877638728,0.12078028957791324,0.48169514863036356,0.4526228312860634,122.9260133558725,9.850445683625395,10.393504609238647,22.89919649422508
/content/drive/MyDrive/Bharatanatyam_Digital_Twin/dataset/posture_images/extracted/new_Dataset/Prenkhana Augmented/dr_0_1569.jpg,dr_0_1569.jpg,Prenkhana Augmented,confidence_0.2,161.26999123828398,144.071188605947,117.49784815643112,102.21830312366002,94.58080489955817,84.44778736499565,85.17984886119761,129.80359879233077,0.2575282838538332,0.1440046096031952,0.460501978044649,0.6269521714698353,44.62374993113316,10.133017534562526,17.198802632336992,15.279545032771097
/content/drive/MyDrive/Bharatanatyam_Digital_Twin/dataset/posture_images/extracted/new_Dataset/Prenkhana Augmented/dr_0_1746.jpg,dr_0_1746.jpg,Prenkhana Augmented,confidence_0.2,163.22504156838912,155.2002870427041,99.09522998199407,121.53534320054548,126.96807997221687,62.84643114480097,150.6664747293927,167.58361351778638,0.21721887604214127,0.13075188278442443,0.41023563795720536,0.7693134973160667,16.917138788393686,64.1216488274159,8.024754525685012,22.440113218551417
/content/drive/MyDrive/Bharatanatyam_Digital_Twin/dataset/posture_images/extracted/new_Dataset/Prenkhana Augmented/dr_0_1896.jpg,dr_0_1896.jpg,Prenkhana Augmented,confidence_0.2,145.46445485614382,159.11410162922806,109.98092104954165,104.88599931258193,81.43068248772019,51.25376649483133,142.94709082591461,59.172614502858586,0.22554518709201238,0.1390175204994614,0.6295945465834162,0.7823798444501787,83.77447632305604,30.17691599288886,13.649646773084243,5.094921736959719
/content/drive/MyDrive/Bharatanatyam_Digital_Twin/dataset/posture_images/extracted/new_Dataset/Prenkhana Augmented/dr_0_1940.jpg,dr_0_1940.jpg,Prenkhana Augmented,confidence_0.2,159.4496984191656,147.53582846147722,123.19162624876333,102.49531185425127,83.31479578789694,80.3344795712899,69.1005811988023,109.06931951452918,0.25079481307049645,0.1426624324396393,0.45943579846920346,0.5731487494406238,39.96873831572688,2.9803162166070365,11.913869957688377,20.696314394512058
/content/drive/MyDrive/Bharatanatyam_Digital_Twin/dataset/posture_images/extracted/new_Dataset/Prenkhana Augmented/dr_0_1975.jpg,dr_0_1975.jpg,Prenkhana Augmented,confidence_0.2,159.6484730794324,158.04796523944503,106.28610904938817,120.37422307174226,65.19456072655316,64.39305261685281,69.62731945175139,152.86861470039744,0.2416233086808443,0.14668652995979103,0.47894456339199065,0.7825351228532343,83.24129524864605,0.8015081097003502,1.6005078399873582,14.088114022354091
/content/drive/MyDrive/Bharatanatyam_Digital_Twin/dataset/posture_images/extracted/new_Dataset/Prenkhana Augmented/dr_0_20.jpg,dr_0_20.jpg,Prenkhana Augmented,confidence_0.2,163.02528404571856,160.2652456054342,92.29868146238637,126.25255489262668,164.34759739708488,50.793222045603464,168.47534834301987,139.30147243721788,0.21947731798806402,0.14155786076639226,0.46604078474655936,0.8399552939436458,29.173875905801992,113.55437535148141,2.760038440284376,33.95387343024031
/content/drive/MyDrive/Bharatanatyam_Digital_Twin/dataset/posture_images/extracted/new_Dataset/Prenkhana Augmented/dr_0_2146.jpg,dr_0_2146.jpg,Prenkhana Augmented,confidence_0.2,159.21265907492477,156.61330501509983,98.40410021684045,120.74840110714602,114.02180818492461,57.934805592216854,128.452614858151,142.37683411874264,0.19967223176589935,0.11847093556806328,0.3951083495445273,0.6628225903099675,13.924219260591627,56.087002592707755,2.5993540598249467,22.344300890305576
/content/drive/MyDrive/Bharatanatyam_Digital_Twin/dataset/posture_images/extracted/new_Dataset/Prenkhana Augmented/dr_0_2356.jpg,dr_0_2356.jpg,Prenkhana Augmented,confidence_0.2,96.58316582259256,166.9475789410015,95.38789619821338,126.08257241096705,65.39043389132588,140.59133865270996,81.34368212167318,140.04521755179377,0.13752730787210324,0.09069670472076795,0.10774869477631158,0.18870379480708682,58.701535430120586,75.20090476138408,70.36441311840893,30.694676212753663
/content/drive/MyDrive/Bharatanatyam_Digital_Twin/dataset/posture_images/extracted/new_Dataset/Prenkhana Augmented/dr_0_241.jpg,dr_0_241.jpg,Prenkhana Augmented,confidence_0.2,146.3725754534378,154.35752229187622,110.15826346432142,102.86536593175408,94.61813621284725,101.37555594393056,151.2347196412134,58.56255125082467,0.1967259245190128,0.13148658730718038,0.5173595111054148,0.6725094432457186,92.67216839038872,6.757419731083317,7.984946838438418,7.292897532567338
/content/drive/MyDrive/Bharatanatyam_Digital_Twin/dataset/posture_images/extracted/new_Dataset/Prenkhana Augmented/dr_0_2448.jpg,dr_0_2448.jpg,Prenkhana Augmented,confidence_0.2,146.8129982736611,167.77194063745387,95.00134900391478,130.14041334346467,80.6198732511892,66.06211763937895,176.070700575811,37.249313676273594,0.19930824719104903,0.12048725574670922,0.5385278163202714,0.4168901629243799,138.8213868995374,14.55775561181025,20.958942363792772,35.13906433954989
/content/drive/MyDrive/Bharatanatyam_Digital_Twin/dataset/posture_images/extracted/new_Dataset/Prenkhana Augmented/dr_0_2480.jpg,dr_0_2480.jpg,Prenkhana Augmented,confidence_0.2,160.90606095980874,147.80648088381287,110.82942601410956,111.60244158195043,104.10313719590091,72.7448211325252,84.02951250700994,147.6071822915048,0.21129738501347128,0.11683820989694996,0.461384511359906,0.6821240918947056,63.57766978449487,31.35831606337571,13.099580075995874,0.7730155678408721
/content/drive/MyDrive/Bharatanatyam_Digital_Twin/dataset/posture_images/extracted/new_Dataset/Prenkhana Augmented/dr_0_2502.jpg,dr_0_2502.jpg,Prenkhana Augmented,confidence_0.2,159.82172915504242,154.69563425626723,112.92075317306612,114.38528402390169,130.53404390699842,70.30129181126955,142.7727465478402,160.99758612375078,0.22941162562861303,0.13325180267241277,0.4334844274526245,0.7422013961595216,18.22483957591058,60.23275209572887,5.126094898775193,1.4645308508355726
/content/drive/MyDrive/Bharatanatyam_Digital_Twin/dataset/posture_images/extracted/new_Dataset/Prenkhana Augmented/dr_0_2983.jpg,dr_0_2983.jpg,Prenkhana Augmented,confidence_0.2,157.87928391525293,148.3640610955646,111.79868554804487,105.73074856833733,98.17513354993008,73.62837489573657,89.17470608937263,102.95814575490344,0.24654630972842842,0.14190765876994646,0.42048269390722837,0.646664709638272,13.783439665530807,24.54675865419351,9.515222819688319,6.0679369797075395
/content/drive/MyDrive/Bharatanatyam_Digital_Twin/dataset/posture_images/extracted/new_Dataset/Prenkhana Augmented/dr_0_3284.jpg,dr_0_3284.jpg,Prenkhana Augmented,confidence_0.2,143.4622349137556,168.69692736683402,103.50522114424928,113.33812934678804,72.87856633790787,69.65197072478419,172.66285518420554,32.34924665898389,0.21692774517903013,0.1305986827790513,0.4575377183084071,0.5332520958314029,140.31360852522164,3.2265956131236777,25.234692453078424,9.83290820253876
/content/drive/MyDrive/Bharatanatyam_Digital_Twin/dataset/posture_images/extracted/new_Dataset/Prenkhana Augmented/dr_0_3294.jpg,dr_0_3294.jpg,Prenkhana Augmented,confidence_0.2,150.77105432119828,154.53662200457424,72.17671173594073,122.36380398638745,122.58465983880083,53.84540809439984,144.962873806156,161.32299792602194,0.22405898209558767,0.1359460704313385,0.4200618309723998,0.8180977915112926,16.36012411986593,68.73925174440099,3.765567683375963,50.187092250446725
/content/drive/MyDrive/Bharatanatyam_Digital_Twin/dataset/posture_images/extracted/new_Dataset/Prenkhana Augmented/dr_0_3301.jpg,dr_0_3301.jpg,Prenkhana Augmented,confidence_0.2,139.7984879603345,155.03843319608612,102.57597119446145,113.20141982490323,106.74526565015366,96.26281198449196,131.60723940393424,51.298034902836086,0.20586898663191636,0.1201994670319379,0.49386567977368245,0.5468823647432393,80.30920450109815,10.482453665661694,15.239945235751605,10.625448630441781
/content/drive/MyDrive/Bharatanatyam_Digital_Twin/dataset/posture_images/extracted/new_Dataset/Prenkhana Augmented/dr_0_3581.jpg,dr_0_3581.jpg,Prenkhana Augmented,confidence_0.2,165.73655788269727,155.6292462992563,100.55518617905035,126.01045196035597,169.111531904783,49.90613120302403,178.51717589237782,145.94196785678665,0.22590118048135113,0.14071846124727141,0.5240409960801934,0.9590029890572782,32.575208035591174,119.20540070175896,10.107311583440975,25.455265781305613
/content/drive/MyDrive/Bharatanatyam_Digital_Twin/dataset/posture_images/extracted/new_Dataset/Prenkhana Augmented/dr_0_3823.jpg,dr_0_3823.jpg,Prenkhana Augmented,confidence_0.2,139.79304362300925,150.52259751682217,105.21147945020951,105.60802860424941,87.87625268643309,100.43063079996523,169.21118410877065,65.379275087233,0.22121085256955775,0.13678359607595855,0.47581728483882424,0.6397780307670811,103.83190902153765,12.554378113532138,10.72955389381292,0.3965491540399029
/content/drive/MyDrive/Bharatanatyam_Digital_Twin/dataset/posture_images/extracted/new_Dataset/Prenkhana Augmented/dr_0_3832.jpg,dr_0_3832.jpg,Prenkhana Augmented,confidence_0.2,165.69143521639933,142.26897478543685,122.04227200971356,90.96817676924255,111.22415056460666,98.65988391074637,72.31371135110655,175.1536695993922,0.25730633199377423,0.13872984371590333,0.4785640959174074,0.4849480682050766,102.83995824828565,12.564266653860287,23.422460430962474,31.07409524047101
/content/drive/MyDrive/Bharatanatyam_Digital_Twin/dataset/posture_images/extracted/new_Dataset/Prenkhana Augmented/dr_0_3940.jpg,dr_0_3940.jpg,Prenkhana Augmented,confidence_0.2,141.9721262652753,152.28057942444892,106.65275561442778,106.78700220870185,100.68041635923991,86.11956920010073,137.31532173927616,44.023267516846445,0.187590884150263,0.11549797034223126,0.526883959169548,0.5246991487677083,93.29205422242971,14.560847159139186,10.30845315917361,0.13424659427407448
/content/drive/MyDrive/Bharatanatyam_Digital_Twin/dataset/posture_images/extracted/new_Dataset/Prenkhana Augmented/dr_0_415.jpg,dr_0_415.jpg,Prenkhana Augmented,confidence_0.2,137.74108497145545,147.32252112932312,107.05818778984377,97.96172332819033,93.53730839240198,84.29025099127271,148.8400875478899,48.88197373365413,0.2316836872170562,0.1280486751730338,0.5475124896413883,0.6668282935033883,99.95811381423579,9.247057401129268,9.581436157867671,9.09646446165344
/content/drive/MyDrive/Bharatanatyam_Digital_Twin/dataset/posture_images/extracted/new_Dataset/Prenkhana Augmented/dr_0_4572.jpg,dr_0_4572.jpg,Prenkhana Augmented,confidence_0.2,158.1954466629133,153.63593259051734,107.68489343781049,112.86762745851996,102.62221172239838,75.82564519399924,63.15851030724031,162.5920478288094,0.21761555111901956,0.11916376366817395,0.45468547916294944,0.5894178996425091,99.4335375215691,26.79656652839914,4.559514072395956,5.182734020709475
/content/drive/MyDrive/Bharatanatyam_Digital_Twin/dataset/posture_images/extracted/new_Dataset/Prenkhana Augmented/dr_0_512.jpg,dr_0_512.jpg,Prenkhana Augmented,confidence_0.2,171.74439339096972,163.71782673224524,103.5684126775658,129.4743047019341,133.30073096208434,55.289138419462006,136.4995840484164,142.75287197118772,0.2611484263627118,0.15596966088216657,0.4352305102415211,0.7432205953094417,6.253287922771307,78.01159254262234,8.026566658724477,25.9058920243683
/content/drive/MyDrive/Bharatanatyam_Digital_Twin/dataset/posture_images/extracted/new_Dataset/Prenkhana Augmented/dr_0_5155.jpg,dr_0_5155.jpg,Prenkhana Augmented,confidence_0.2,150.68646307539183,154.78036633469702,120.22692995924614,103.13160927563855,100.15032219744022,87.12469808857044,160.08622536342352,50.690567388563295,0.22870603479638443,0.13474578435708173,0.605560828595294,0.6204222343019882,109.39565797486023,13.025624108869778,4.093903259305193,17.095320683607582
/content/drive/MyDrive/Bharatanatyam_Digital_Twin/dataset/posture_images/extracted/new_Dataset/Prenkhana Augmented/dr_0_5284.jpg,dr_0_5284.jpg,Prenkhana Augmented,confidence_0.2,160.34121544478185,153.23777607661316,116.51995342569083,111.61612472642288,95.1854527363546,78.52386495842431,77.35225721804939,109.36175474274842,0.2348154037964326,0.141254305746463,0.4376384513607382,0.5483590161330113,32.00949752469903,16.661587777930293,7.103439368168694,4.903828699267947
/content/drive/MyDrive/Bharatanatyam_Digital_Twin/dataset/posture_images/extracted/new_Dataset/Prenkhana Augmented/dr_0_5584.jpg,dr_0_5584.jpg,Prenkhana Augmented,confidence_0.2,134.60134253192265,146.31506901795308,98.75367491077648,99.04018606995746,100.06436075028797,86.85708429619133,132.43611848355374,46.19618142455055,0.17876032671529848,0.10695576280822301,0.46567598619380807,0.5786759519521796,86.23993705900318,13.207276454096643,11.713726486030424,0.28651115918097503
/content/drive/MyDrive/Bharatanatyam_Digital_Twin/dataset/posture_images/extracted/new_Dataset/Prenkhana Augmented/dr_0_5626.jpg,dr_0_5626.jpg,Prenkhana Augmented,confidence_0.2,160.8771550236198,138.67642037643486,120.18238870846088,93.89267552921184,62.03327987581155,84.08859901851903,38.659291588834805,76.49983734818562,0.24545576391945206,0.1485575273493721,0.553516166646872,0.5739732844053699,37.84054575935082,22.055319142707482,22.20073464718493,26.289713179249034
/content/drive/MyDrive/Bharatanatyam_Digital_Twin/dataset/posture_images/extracted/new_Dataset/Prenkhana Augmented/dr_0_5642.jpg,dr_0_5642.jpg,Prenkhana Augmented,confidence_0.2,134.81555978823576,170.86085081068785,82.27697024340998,103.4258363270836,91.96077374729886,142.06293698571665,165.72676336188024,152.89202250165337,0.25195245684810974,0.1570321203074624,0.4230001088259206,0.7355024254884888,12.834740860226873,50.10216323841779,36.04529102245209,21.148866083673624
/content/drive/MyDrive/Bharatanatyam_Digital_Twin/dataset/posture_images/extracted/new_Dataset/Prenkhana Augmented/dr_0_5648.jpg,dr_0_5648.jpg,Prenkhana Augmented,confidence_0.2,158.40641747182914,155.11270183496217,109.78928926270623,118.79610520404076,73.26394834068014,62.29035985131443,76.35055757736845,141.38588900484422,0.2060179021739659,0.11567841031948581,0.3630143611489999,0.6029992310700328,65.03533142747577,10.973588489365717,3.2937156368669775,9.006815941334523
/content/drive/MyDrive/Bharatanatyam_Digital_Twin/dataset/posture_images/extracted/new_Dataset/Prenkhana Augmented/dr_0_5959.jpg,dr_0_5959.jpg,Prenkhana Augmented,confidence_0.2,135.7639446597388,144.00437940444692,103.71910364523059,101.39601512596246,103.40360038928999,83.43098475213243,144.26498068862674,44.944629507238716,0.21197694925739,0.1273535557171194,0.5653232444589866,0.5866836427380063,99.32035118138802,19.97261563715756,8.240434744708125,2.3230885192681257
/content/drive/MyDrive/Bharatanatyam_Digital_Twin/dataset/posture_images/extracted/new_Dataset/Prenkhana Augmented/dr_0_6067.jpg,dr_0_6067.jpg,Prenkhana Augmented,confidence_0.2,140.8475142891523,156.6203710615569,67.14117996890823,122.88600280964059,75.00333368644903,52.860088104252796,107.2710107449161,137.99621464703011,0.20340452544498525,0.12252152096500615,0.4860679259321975,0.8533594230000473,30.725203902114018,22.14324558219623,15.772856772404623,55.744822840732354
/content/drive/MyDrive/Bharatanatyam_Digital_Twin/dataset/posture_images/extracted/new_Dataset/Prenkhana Augmented/dr_0_625.jpg,dr_0_625.jpg,Prenkhana Augmented,confidence_0.2,151.36805063803257,161.19915725398445,119.16598984621689,104.32969757499475,99.31948697153268,92.65118086872987,162.99518136785971,48.72145457258988,0.19307444648151634,0.11174509639903153,0.4560415558964264,0.49504889648544226,114.27372679526984,6.668306102802816,9.831106615951882,14.836292271222135
/content/drive/MyDrive/Bharatanatyam_Digital_Twin/dataset/posture_images/extracted/new_Dataset/Prenkhana Augmented/dr_0_6274.jpg,dr_0_6274.jpg,Prenkhana Augmented,confidence_0.2,123.07684551378505,159.3131423435225,78.95057661433066,130.18987505921726,88.24943953129224,94.97742745418374,70.60151398886529,50.65361513667631,0.2512045279825142,0.15800302294594357,0.4113467173268241,0.22520279510245791,19.947898852188985,6.727987922891501,36.23629682973744,51.2392984448866
/content/drive/MyDrive/Bharatanatyam_Digital_Twin/dataset/posture_images/extracted/new_Dataset/Prenkhana Augmented/dr_0_6372.jpg,dr_0_6372.jpg,Prenkhana Augmented,confidence_0.2,167.3234539008463,146.69047058981678,113.63297893286445,106.02333368044303,70.34546883702279,92.97100205848272,52.723414412575856,152.2103246247977,0.23669253325889886,0.13945306695086832,0.5530045676462504,0.48963007062493286,99.48691021222183,22.625533221459932,20.632983311029506,7.609645252421416
/content/drive/MyDrive/Bharatanatyam_Digital_Twin/dataset/posture_images/extracted/new_Dataset/Prenkhana Augmented/dr_0_6559.jpg,dr_0_6559.jpg,Prenkhana Augmented,confidence_0.2,142.06787377415532,159.98387205483618,97.20147645249408,116.69263131388949,78.41483432133866,85.39231978130331,169.58579304211702,44.64988225740287,0.230103757299027,0.1361936482476891,0.4567902973305267,0.5010230347473283,124.93591078471414,6.9774854599646545,17.915998280680867,19.491154861395415
/content/drive/MyDrive/Bharatanatyam_Digital_Twin/dataset/posture_images/extracted/new_Dataset/Prenkhana Augmented/dr_0_6876.jpg,dr_0_6876.jpg,Prenkhana Augmented,confidence_0.2,166.25093642738207,148.84346325115644,112.14538014358652,114.05834868930442,105.7709789985887,69.99420856125761,107.70241574167784,134.75265689923307,0.19657386213269254,0.11433193682351644,0.391649386681772,0.6336431146849327,27.050241157555234,35.776770437331095,17.407473176225636,1.9129685457179022
/content/drive/MyDrive/Bharatanatyam_Digital_Twin/dataset/posture_images/extracted/new_Dataset/Prenkhana Augmented/dr_0_6957.jpg,dr_0_6957.jpg,Prenkhana Augmented,confidence_0.2,167.89218670185616,143.2790100213152,119.94310257706942,96.53065878920081,59.16290146608927,76.14251713422182,60.936330965189946,143.97407457493225,0.23853366476379276,0.16120916817506192,0.6041498924521851,0.7929505872540777,83.03774360974231,16.979615668132553,24.61317668054096,23.41244378786861
/content/drive/MyDrive/Bharatanatyam_Digital_Twin/dataset/posture_images/extracted/new_Dataset/Prenkhana Augmented/dr_0_7387.jpg,dr_0_7387.jpg,Prenkhana Augmented,confidence_0.2,155.28733929326495,153.6189416428626,119.74106009355737,118.22365856584035,89.17310931233709,56.312484103075214,164.2075365019931,23.575906449506103,0.22061925895723836,0.1142146174525068,0.5939086281929029,0.4318539532898014,140.631630052487,32.860625209261876,1.6683976504023406,1.5174015277170128
/content/drive/MyDrive/Bharatanatyam_Digital_Twin/dataset/posture_images/extracted/new_Dataset/Prenkhana Augmented/dr_0_7567.jpg,dr_0_7567.jpg,Prenkhana Augmented,confidence_0.2,162.23037506470084,153.2861869597997,117.46244356617379,113.36181344225655,95.29486625606081,70.38780162718108,92.46585415448314,142.0252444485892,0.20915613435145058,0.1222853881355614,0.4224913457274305,0.5985771232102721,49.559390294106066,24.907064628879738,8.944188104901144,4.100630123917242
/content/drive/MyDrive/Bharatanatyam_Digital_Twin/dataset/posture_images/extracted/new_Dataset/Prenkhana Augmented/dr_0_7790.jpg,dr_0_7790.jpg,Prenkhana Augmented,confidence_0.2,141.38819249435483,143.0677148415524,109.67765694523862,103.65037461662217,97.02463187019048,77.30370618021938,142.46500831934594,38.99177465867984,0.18049281086403313,0.10579715196143136,0.5129263772481981,0.5274546079060006,103.4732336606661,19.720925689971097,1.679522347197576,6.027282328616451
/content/drive/MyDrive/Bharatanatyam_Digital_Twin/dataset/posture_images/extracted/new_Dataset/Prenkhana Augmented/dr_0_7944.jpg,dr_0_7944.jpg,Prenkhana Augmented,confidence_0.2,153.37261670574597,132.45577897397442,116.3640514519902,90.25872544315031,86.13625423126236,116.10932681266527,59.654117730682614,78.41060959625119,0.29441135693882964,0.1590230083249555,0.3692403558033307,0.3598581844927731,18.756491865568577,29.973072581402917,20.91683773177155,26.105326008839896
/content/drive/MyDrive/Bharatanatyam_Digital_Twin/dataset/posture_images/extracted/new_Dataset/Prenkhana Augmented/dr_0_8.jpg,dr_0_8.jpg,Prenkhana Augmented,confidence_0.2,136.05651671528895,144.43030750429716,107.61991537967712,98.38258039454165,94.03494067047477,97.70010289232644,154.17296214831924,58.67921425166275,0.21163122634438755,0.11969791735360487,0.5128856547367974,0.6154091702466696,95.49374789665649,3.6651622218516735,8.373790789008211,9.237334985135476
/content/drive/MyDrive/Bharatanatyam_Digital_Twin/dataset/posture_images/extracted/new_Dataset/Prenkhana Augmented/dr_0_8372.jpg,dr_0_8372.jpg,Prenkhana Augmented,confidence_0.2,151.26871967747468,166.35620108028402,111.82700854247742,112.07869527123277,99.08865642742339,81.9960626651209,162.42407119500538,55.13311698021623,0.2532914852627364,0.1492155897929545,0.4827145144498045,0.5941139415849859,107.29095421478915,17.092593762302485,15.087481402809345,0.25168672875535947
/content/drive/MyDrive/Bharatanatyam_Digital_Twin/dataset/posture_images/extracted/new_Dataset/Prenkhana Augmented/dr_0_888.jpg,dr_0_888.jpg,Prenkhana Augmented,confidence_0.2,162.68195155590323,143.92141600692332,110.19444555928965,105.01808107238561,118.883083581338,76.03058939190807,100.63191297279626,140.5185914922993,0.2045142395347122,0.11548450623026153,0.4124654879391624,0.6707430297616555,39.886678519503036,42.85249418942993,18.760535548979902,5.176364486904035
/content/drive/MyDrive/Bharatanatyam_Digital_Twin/dataset/posture_images/extracted/new_Dataset/Prenkhana Augmented/dr_0_9027.jpg,dr_0_9027.jpg,Prenkhana Augmented,confidence_0.2,145.77279706032712,170.03055111984156,95.34550491132856,112.86569315354981,90.0515547662125,73.27788984947429,158.75152504604077,61.160803138056274,0.2570765011991835,0.16168462376166107,0.719439577251577,0.7968809254721,97.59072190798449,16.773664916738213,24.25775405951444,17.520188242221252
/content/drive/MyDrive/Bharatanatyam_Digital_Twin/dataset/posture_images/extracted/new_Dataset/Prenkhana Augmented/dr_0_9067.jpg,dr_0_9067.jpg,Prenkhana Augmented,confidence_0.2,139.99451391246384,148.05620940707414,101.81971566994227,115.17554145926516,72.60692832796154,71.94516996925726,72.68907789527344,26.14463337301581,0.2440252513312419,0.15472552640708712,0.5358222911789833,0.27695535642585994,46.544444522257635,0.6617583587042759,8.06169549461029,13.355825789322893
/content/drive/MyDrive/Bharatanatyam_Digital_Twin/dataset/posture_images/extracted/new_Dataset/Prenkhana Augmented/dr_0_9401.jpg,dr_0_9401.jpg,Prenkhana Augmented,confidence_0.2,150.85739097179956,154.81949949980478,115.63237203188305,115.39375101666992,90.8395737524685,65.42390097276542,160.8987430435482,31.66066209758861,0.19915400211136006,0.1139275251936553,0.5439096890957265,0.4339784375554115,129.23808094595958,25.415672779703073,3.962108528005217,0.23862101521312695
/content/drive/MyDrive/Bharatanatyam_Digital_Twin/dataset/posture_images/extracted/new_Dataset/Prenkhana Augmented/dr_0_9527.jpg,dr_0_9527.jpg,Prenkhana Augmented,confidence_0.2,158.90981722245846,157.5562564394908,85.35826470019946,128.2731968607851,160.42358529699078,48.076878830303514,164.6092449505601,154.38384014313246,0.2032753993512452,0.11924443624840987,0.5236560798938958,0.9635572625160903,10.225404807427651,112.34670646668727,1.3535607829676621,42.91493216058565
/content/drive/MyDrive/Bharatanatyam_Digital_Twin/dataset/posture_images/extracted/new_Dataset/Prenkhana Augmented/dr_0_9658.jpg,dr_0_9658.jpg,Prenkhana Augmented,confidence_0.2,142.07027634885173,142.34418559095243,109.37951085127953,98.36023966941536,81.22804956286149,85.52703295480282,160.16747263438126,50.87163967534508,0.2003518014868061,0.11324288996533753,0.4905127391535775,0.6819298633325858,109.29583295903618,4.298983391941334,0.2739092421007001,11.01927118186417
/content/drive/MyDrive/Bharatanatyam_Digital_Twin/dataset/posture_images/extracted/new_Dataset/Prenkhana Augmented/dr_0_9671.jpg,dr_0_9671.jpg,Prenkhana Augmented,confidence_0.2,161.6090302311811,152.48649940456403,112.57464182478991,117.7069752988728,124.78837469833577,63.423208712094194,141.49777062242583,146.56635263716691,0.21174669700083792,0.12537511268706913,0.4149022893567533,0.736622330457778,5.068582014741082,61.36516598624158,9.122530826617066,5.132333474082898
/content/drive/MyDrive/Bharatanatyam_Digital_Twin/dataset/posture_images/extracted/new_Dataset/Prenkhana Augmented/dr_1_1310.jpg,dr_1_1310.jpg,Prenkhana Augmented,confidence_0.2,148.49181309382752,135.12302066148953,121.89624637322419,100.11654493036919,98.54694914550316,59.158653095749415,123.11118560507275,138.5238697762954,0.2042779829788474,0.16002636666760175,0.45428856474730916,0.7253716083011689,15.412684171222665,39.38829604975375,13.368792432337983,21.779701442855
/content/drive/MyDrive/Bharatanatyam_Digital_Twin/dataset/posture_images/extracted/new_Dataset/Prenkhana Augmented/dr_1_1373.jpg,dr_1_1373.jpg,Prenkhana Augmented,confidence_0.2,143.93529841678253,150.24314926453994,126.32122376468138,80.07107849554431,115.31117223400555,85.65383327739207,68.38563188396468,152.76517686935975,0.19919139115824924,0.10985035939190761,0.4218928060225624,0.3504917722096105,84.37954498539507,29.657338956613486,6.307850847757408,46.250145269137064
/content/drive/MyDrive/Bharatanatyam_Digital_Twin/dataset/posture_images/extracted/new_Dataset/Prenkhana Augmented/dr_1_175.jpg,dr_1_175.jpg,Prenkhana Augmented,confidence_0.2,123.36281594602663,144.92439030730392,100.25842227054675,112.55809611915863,51.84781879994602,36.65898284419304,29.64150954885863,133.68188983034494,0.19629679885770207,0.12114682471565823,0.46628468408946366,0.42135886687821666,104.0403802814863,15.188835955752978,21.561574361277295,12.299673848611889
/content/drive/MyDrive/Bharatanatyam_Digital_Twin/dataset/posture_images/extracted/new_Dataset/Prenkhana Augmented/dr_1_1924.jpg,dr_1_1924.jpg,Prenkhana Augmented,confidence_0.2,132.78046696590252,128.25628512976076,73.21733224540327,111.52795942843663,80.18510963948182,130.5747228913594,125.87679910793838,111.71564229430595,0.19196839772494861,0.09846730736693253,0.3424431655939011,0.7259618353032071,14.16115681363243,50.38961325187756,4.524181836141764,38.31062718303336
/content/drive/MyDrive/Bharatanatyam_Digital_Twin/dataset/posture_images/extracted/new_Dataset/Prenkhana Augmented/dr_1_2247.jpg,dr_1_2247.jpg,Prenkhana Augmented,confidence_0.2,142.1397582542702,149.41855160076088,82.22121434271295,123.27747009523007,84.27078598399429,159.6970887071974,145.3861881360483,148.18402735920034,0.19085418321748668,0.10075375805331839,0.3631350311317648,0.7693078091726224,2.797839223152039,75.42630272320311,7.278793346490687,41.05625575251712
/content/drive/MyDrive/Bharatanatyam_Digital_Twin/dataset/posture_images/extracted/new_Dataset/Prenkhana Augmented/dr_1_2783.jpg,dr_1_2783.jpg,Prenkhana Augmented,confidence_0.2,132.73742028893864,140.31166329898895,103.98713627003715,93.54211288435134,56.8021919546893,105.38606317651734,152.4664141135019,78.8385866320501,0.2146423579609194,0.14309560873066932,0.30199586859941574,0.7459643281943615,73.62782748145182,48.58387122182804,7.57424301005031,10.445023385685815
/content/drive/MyDrive/Bharatanatyam_Digital_Twin/dataset/posture_images/extracted/new_Dataset/Prenkhana Augmented/dr_1_2805.jpg,dr_1_2805.jpg,Prenkhana Augmented,confidence_0.2,145.72645892299101,158.04296142672757,110.54545127934112,124.00483021910676,51.62590024058625,54.16310477090691,22.814708662631453,157.56972489181666,0.21658941581341962,0.14651100400562908,0.5693934939490187,0.5784222305130172,134.7550162291852,2.5372045303206647,12.316502503736558,13.459378939765642
/content/drive/MyDrive/Bharatanatyam_Digital_Twin/dataset/posture_images/extracted/new_Dataset/Prenkhana Augmented/dr_1_2869.jpg,dr_1_2869.jpg,Prenkhana Augmented,confidence_0.2,134.070307209465,158.05778886959104,63.80642311265007,111.42914688507807,55.93707843612128,30.596942920175856,41.50061746616485,79.50278138230622,0.20339190224004267,0.12316250291791145,0.3938041460683219,0.2969322823000404,38.00216391614138,25.340135515945427,23.987481660126036,47.622723772427996
/content/drive/MyDrive/Bharatanatyam_Digital_Twin/dataset/posture_images/extracted/new_Dataset/Prenkhana Augmented/dr_1_2914.jpg,dr_1_2914.jpg,Prenkhana Augmented,confidence_0.2,137.8138889617568,150.12083746808614,121.54873301498995,88.60445116161331,89.91824426373556,63.09560841695313,42.86054526086408,131.28688457968937,0.20630528551358643,0.15254865762590583,0.4874482209683251,0.42168113409799657,88.42633931882528,26.822635846782433,12.306948506329348,32.94428185337664
/content/drive/MyDrive/Bharatanatyam_Digital_Twin/dataset/posture_images/extracted/new_Dataset/Prenkhana Augmented/dr_1_2967.jpg,dr_1_2967.jpg,Prenkhana Augmented,confidence_0.2,136.66749099902404,132.99092767080725,95.6650027841546,76.33706591960845,70.08036166402981,128.59428899941346,84.86384839860008,113.29078423598598,0.1994288350448796,0.12376283852213456,0.4627766551582482,0.8252799707076244,28.426935837385898,58.513927335383656,3.676563328216787,19.327936864546146
/content/drive/MyDrive/Bharatanatyam_Digital_Twin/dataset/posture_images/extracted/new_Dataset/Prenkhana Augmented/dr_1_2971.jpg,dr_1_2971.jpg,Prenkhana Augmented,confidence_0.2,142.33198335342848,131.60342358511488,123.5248125288512,79.25400777809782,123.55542287921533,79.19272705863482,93.49477114090281,144.25387021950436,0.17125063275199542,0.09730478336558782,0.3355869304155452,0.4380131551565956,50.75909907860155,44.36269582058051,10.728559768313602,44.270804750753385
/content/drive/MyDrive/Bharatanatyam_Digital_Twin/dataset/posture_images/extracted/new_Dataset/Prenkhana Augmented/dr_1_306.jpg,dr_1_306.jpg,Prenkhana Augmented,confidence_0.2,146.5855931407251,159.36821946220107,92.42845194139761,128.77071527520488,82.42096976512607,114.2052625186102,162.4478686084612,71.52293310254207,0.2001680728554708,0.13758716803708984,0.31854258638146815,0.697036637279181,90.92493550591912,31.784292753484124,12.78262632147596,36.34226333380727
/content/drive/MyDrive/Bharatanatyam_Digital_Twin/dataset/posture_images/extracted/new_Dataset/Prenkhana Augmented/dr_1_3202.jpg,dr_1_3202.jpg,Prenkhana Augmented,confidence_0.2,148.12682240380303,151.52696563358623,119.14651884228077,113.83378056962532,69.76300441384645,53.32714866896791,81.16760510900338,135.093544108555,0.19926781712077532,0.11496016050529279,0.3160515877437966,0.4699080938047595,53.92593899955162,16.435855744878538,3.400143229783197,5.3127382726554515
/content/drive/MyDrive/Bharatanatyam_Digital_Twin/dataset/posture_images/extracted/new_Dataset/Prenkhana Augmented/dr_1_356.jpg,dr_1_356.jpg,Prenkhana Augmented,confidence_0.2,129.50971049337483,138.68399869656673,96.74800382220795,101.44156825414693,90.85744228169493,86.28129366807234,131.9215545108881,57.86209845089304,0.1747418677085468,0.1146649641015037,0.394590131372887,0.5756382469545648,74.05945605999504,4.576148613622593,9.174288203191907,4.693564431938981
/content/drive/MyDrive/Bharatanatyam_Digital_Twin/dataset/posture_images/extracted/new_Dataset/Prenkhana Augmented/dr_1_3907.jpg,dr_1_3907.jpg,Prenkhana Augmented,confidence_0.2,141.77531931343773,139.40961865888914,93.71556994092862,113.31006664065342,59.69500591711065,109.91642320432861,161.24146450115387,51.194036122228006,0.16853906476460714,0.11221407004568207,0.34910032599421964,0.6178020411874847,110.04742837892587,50.22141728721796,2.36570065454859,19.5944966997248
/content/drive/MyDrive/Bharatanatyam_Digital_Twin/dataset/posture_images/extracted/new_Dataset/Prenkhana Augmented/dr_1_4361.jpg,dr_1_4361.jpg,Prenkhana Augmented,confidence_0.2,150.96205048290116,143.0574406534099,116.66863736940235,105.3472768809218,108.78341224865754,91.27411460749454,128.7483504560865,165.55926080288017,0.2542852247868277,0.16383973294469906,0.5915649500821661,0.9278816245395547,36.81091034679366,17.509297641163002,7.90460982949125,11.32136048848055
/content/drive/MyDrive/Bharatanatyam_Digital_Twin/dataset/posture_images/extracted/new_Dataset/Prenkhana Augmented/dr_1_4508.jpg,dr_1_4508.jpg,Prenkhana Augmented,confidence_0.2,131.83065990326097,134.32630083485296,91.80398124400735,96.0438994268061,102.04980293130475,90.01317908048264,130.96933366735664,56.943187128242386,0.18713764040958686,0.11933548257469716,0.44833929194129357,0.6303468284677136,74.02614653911425,12.03662385082211,2.4956409315919927,4.23991818279876
/content/drive/MyDrive/Bharatanatyam_Digital_Twin/dataset/posture_images/extracted/new_Dataset/Prenkhana Augmented/dr_1_458.jpg,dr_1_458.jpg,Prenkhana Augmented,confidence_0.2,133.46384122943704,134.78418243115047,90.97432608240355,106.01790502303815,61.44029853008094,93.02661389466064,159.74695019124405,47.319967059787935,0.161520980171871,0.1065795083732434,0.3539712279459055,0.4320893283834095,112.42698313145613,31.586315364579704,1.3203412017134326,15.043578940634603
/content/drive/MyDrive/Bharatanatyam_Digital_Twin/dataset/posture_images/extracted/new_Dataset/Prenkhana Augmented/dr_1_5241.jpg,dr_1_5241.jpg,Prenkhana Augmented,confidence_0.2,127.67871645345886,148.34788206640957,102.0249531705471,107.24834061124052,129.73893447495163,132.88643130149234,120.57876275824489,130.99452224988278,0.2103806865054141,0.11259768751399629,0.16355239366220886,0.19437887689470634,10.415759491637886,3.147496826540703,20.669165612950707,5.223387440693429
/content/drive/MyDrive/Bharatanatyam_Digital_Twin/dataset/posture_images/extracted/new_Dataset/Prenkhana Augmented/dr_1_5267.jpg,dr_1_5267.jpg,Prenkhana Augmented,confidence_0.2,148.92532057930535,150.60156137868867,114.51749465017542,106.71793591720586,144.0209502841221,105.9129611473869,124.96543987312948,125.45505615723827,0.22287934557303776,0.10153974623283525,0.23021130878754628,0.49117167085884694,0.48961628410879143,38.10798913673521,1.6762407993833222,7.799558732969558
/content/drive/MyDrive/Bharatanatyam_Digital_Twin/dataset/posture_images/extracted/new_Dataset/Prenkhana Augmented/dr_1_5590.jpg,dr_1_5590.jpg,Prenkhana Augmented,confidence_0.2,138.15932782979525,154.2642988272846,103.90721406493695,114.2894580645306,66.03422667550912,42.04763532940479,57.20994540492352,158.937111966365,0.22524417253186874,0.12277962345925969,0.4991201458096826,0.5057339635287234,101.72716656144146,23.986591346104326,16.104970997489346,10.382243999593655
/content/drive/MyDrive/Bharatanatyam_Digital_Twin/dataset/posture_images/extracted/new_Dataset/Prenkhana Augmented/dr_1_5734.jpg,dr_1_5734.jpg,Prenkhana Augmented,confidence_0.2,143.28811611596296,159.28248150134513,109.5849552407495,113.16666141071659,92.53426504026764,42.64149030813725,91.18936520888852,134.51680407085212,0.2074344231553949,0.10923201222014095,0.34915368835006444,0.576747373935337,43.3274388619636,49.89277473213039,15.994365385382167,3.5817061699670916
/content/drive/MyDrive/Bharatanatyam_Digital_Twin/dataset/posture_images/extracted/new_Dataset/Prenkhana Augmented/dr_1_5786.jpg,dr_1_5786.jpg,Prenkhana Augmented,confidence_0.2,147.2711263177878,144.1379802856732,134.28688622253358,95.13196840454542,134.0274008418519,151.25802527882715,129.3566705268551,148.42515887467675,0.18155560022397949,0.10447537259383062,0.1841298105512511,0.2091943199226033,19.068488347821642,17.230624436975262,3.1331460321146096,39.154917817988164
/content/drive/MyDrive/Bharatanatyam_Digital_Twin/dataset/posture_images/extracted/new_Dataset/Prenkhana Augmented/dr_1_5827.jpg,dr_1_5827.jpg,Prenkhana Augmented,confidence_0.2,157.31091589369456,138.69396617998513,135.51586648545208,92.29235796087394,88.40648164192933,62.738992158565914,84.39374167483273,121.42026155061968,0.1665243222941526,0.12241104616352301,0.3883287181805542,0.595808837920015,37.02651987578696,25.66748948336342,18.61694971370943,43.223508524578136
/content/drive/MyDrive/Bharatanatyam_Digital_Twin/dataset/posture_images/extracted/new_Dataset/Prenkhana Augmented/dr_1_6083.jpg,dr_1_6083.jpg,Prenkhana Augmented,confidence_0.2,142.13220287495372,141.58902628479973,112.64219840252306,98.31070236858838,74.35710128041521,67.45195509517094,45.47519256955124,158.89047017205172,0.1958137290923888,0.12716185209718844,0.4155215120957822,0.5466320189893815,113.41527760250048,6.905146185244263,0.5431765901539904,14.331496033934684
/content/drive/MyDrive/Bharatanatyam_Digital_Twin/dataset/posture_images/extracted/new_Dataset/Prenkhana Augmented/dr_1_6102.jpg,dr_1_6102.jpg,Prenkhana Augmented,confidence_0.2,130.1599567574949,153.00455940978583,87.66221153263879,120.80234289705562,92.91812725982598,98.97712971082296,168.97763705723995,73.1443289200594,0.20121643625859936,0.1463561022458028,0.3251671615637949,0.2900314358479587,95.83330813718055,6.059002450996985,22.844602652290916,33.14013136441683
/content/drive/MyDrive/Bharatanatyam_Digital_Twin/dataset/posture_images/extracted/new_Dataset/Prenkhana Augmented/dr_1_6231.jpg,dr_1_6231.jpg,Prenkhana Augmented,confidence_0.2,127.84933856287032,147.8374536057192,101.75042814807541,109.7898169675405,123.00798281848932,108.43935013059405,119.09479794523394,102.28462998652702,0.20420736961245273,0.10354409534707945,0.1535389135554932,0.21515726892990217,16.810167958706913,14.568632687895274,19.988115042848875,8.039388819465088
/content/drive/MyDrive/Bharatanatyam_Digital_Twin/dataset/posture_images/extracted/new_Dataset/Prenkhana Augmented/dr_1_643.jpg,dr_1_643.jpg,Prenkhana Augmented,confidence_0.2,135.78478087864255,143.84682857341258,99.25161605208291,107.24090838490739,85.42605797742671,125.22546414845065,152.50532803119933,130.49438475999412,0.1948190157514846,0.1256743121098016,0.4434081766481581,0.761319136622675,22.010943271205207,39.799406171023946,8.06204769477003,7.989292332824476
/content/drive/MyDrive/Bharatanatyam_Digital_Twin/dataset/posture_images/extracted/new_Dataset/Prenkhana Augmented/dr_1_6526.jpg,dr_1_6526.jpg,Prenkhana Augmented,confidence_0.2,133.92292650335108,119.85558261220811,98.67336954046093,77.66775767724147,45.85015740912616,129.79979452619054,163.0859954808497,120.00669843189051,0.20944211066150367,0.1163200130415189,0.4501508317630592,0.9591060918272213,43.07929704895919,83.94963711706438,14.067343891142968,21.005611863219457
/content/drive/MyDrive/Bharatanatyam_Digital_Twin/dataset/posture_images/extracted/new_Dataset/Prenkhana Augmented/dr_1_6721.jpg,dr_1_6721.jpg,Prenkhana Augmented,confidence_0.2,125.99960706616945,133.96656104196543,102.35035463702638,98.20892039751773,133.15129855008956,108.44466914252529,102.32707040816682,99.23445841916464,0.19437458637519434,0.1008174427137241,0.1866187252306826,0.32544469886048816,3.0926119890021795,24.70662940756428,7.966953975795988,4.141434239508655
/content/drive/MyDrive/Bharatanatyam_Digital_Twin/dataset/posture_images/extracted/new_Dataset/Prenkhana Augmented/dr_1_7003.jpg,dr_1_7003.jpg,Prenkhana Augmented,confidence_0.2,139.7898668750528,146.9574144119396,94.11478480577638,112.51992077280589,71.6786591023233,102.11112271145053,168.3103558266488,83.42448929822115,0.18796607576057262,0.10712810805416001,0.3406683319040756,0.5988247119512374,84.88586652842764,30.43246360912724,7.1675475368867865,18.40513596702951
/content/drive/MyDrive/Bharatanatyam_Digital_Twin/dataset/posture_images/extracted/new_Dataset/Prenkhana Augmented/dr_1_7192.jpg,dr_1_7192.jpg,Prenkhana Augmented,confidence_0.2,137.37739710524247,140.11476933965085,115.04510900550895,102.5911094254069,62.28805993167487,29.905617870269385,57.4650843908432,75.19266937780272,0.17063472072114103,0.11306107831874218,0.2974422053752967,0.4276275102206871,17.727584986959513,32.382442061405484,2.737372234408383,12.45399958010205
/content/drive/MyDrive/Bharatanatyam_Digital_Twin/dataset/posture_images/extracted/new_Dataset/Prenkhana Augmented/dr_1_731.jpg,dr_1_731.jpg,Prenkhana Augmented,confidence_0.2,155.2368306094071,164.21041470717114,89.29985815921117,125.13929846130277,124.13000802811564,97.290900444859,106.77947269070009,58.04513206921493,0.18954923921733322,0.10903993314958073,0.41056608920997173,0.47302321514917994,48.73434062148516,26.839107583256634,8.973584097764046,35.8394403020916
/content/drive/MyDrive/Bharatanatyam_Digital_Twin/dataset/posture_images/extracted/new_Dataset/Prenkhana Augmented/dr_1_7431.jpg,dr_1_7431.jpg,Prenkhana Augmented,confidence_0.2,132.89928294463212,153.87563449221523,94.6347197229934,113.64884860771389,49.82562349772421,44.01808727849841,24.346086536388757,125.75924146478832,0.20692434318559272,0.125277541013986,0.5463864961860523,0.432132421916698,101.41315492839956,5.8075362192257955,20.976351547583107,19.014128884720492
/content/drive/MyDrive/Bharatanatyam_Digital_Twin/dataset/posture_images/extracted/new_Dataset/Prenkhana Augmented/dr_1_7528.jpg,dr_1_7528.jpg,Prenkhana Augmented,confidence_0.2,136.29415515989896,150.7852562660229,97.48458638704345,121.95626503812349,106.70628848968805,129.42377966668758,139.8912467346053,104.45644005321275,0.21610832837798996,0.15945954422044842,0.3506133870855855,0.5069021687837685,35.434806681392544,22.71749117699953,14.49110110612395,24.47167865108004
/content/drive/MyDrive/Bharatanatyam_Digital_Twin/dataset/posture_images/extracted/new_Dataset/Prenkhana Augmented/dr_1_7750.jpg,dr_1_7750.jpg,Prenkhana Augmented,confidence_0.2,148.69922560816576,143.98005896338708,119.29938814896815,90.25113517359456,49.69145358430482,73.6897875182098,159.349710762517,91.9797744695685,0.17996248759890135,0.17438661357793386,0.11034174654219948,0.3632166829412716,67.3699362929485,23.99833393390498,4.7191666447786815,29.048252975373586
/content/drive/MyDrive/Bharatanatyam_Digital_Twin/dataset/posture_images/extracted/new_Dataset/Prenkhana Augmented/dr_1_7761.jpg,dr_1_7761.jpg,Prenkhana Augmented,confidence_0.2,134.78905843438153,156.10921534834114,92.79895376973006,124.5740734609362,91.48084333194146,121.19240995719066,175.26808627557278,86.7902880625806,0.18519362276895,0.14847450432722412,0.3565503642664635,0.6024879729685727,88.47779821299218,29.711566625249205,21.320156913959607,31.775119691206143
/content/drive/MyDrive/Bharatanatyam_Digital_Twin/dataset/posture_images/extracted/new_Dataset/Prenkhana Augmented/dr_1_799.jpg,dr_1_799.jpg,Prenkhana Augmented,confidence_0.2,132.00977815962025,144.98933375599682,91.73397614647759,102.55137381519206,61.14065549204444,135.13266985642514,128.2689726511902,120.31947268837123,0.1670027063556016,0.10389548371389017,0.261972277329768,0.6716079480005369,7.949499962818976,73.99201436438071,12.97955559637657,10.817397668714477
/content/drive/MyDrive/Bharatanatyam_Digital_Twin/dataset/posture_images/extracted/new_Dataset/Prenkhana Augmented/dr_1_8065.jpg,dr_1_8065.jpg,Prenkhana Augmented,confidence_0.2,122.22280070960572,143.17923287864076,93.12047325990564,112.55711969657334,85.576812284374,82.3642051722838,147.66682310414254,47.38805367852108,0.1949239296024091,0.1344440336454705,0.4003342258964321,0.5505278204186349,100.27876942562145,3.212607112090197,20.95643216903504,19.4366464366677
/content/drive/MyDrive/Bharatanatyam_Digital_Twin/dataset/posture_images/extracted/new_Dataset/Prenkhana Augmented/dr_1_8229.jpg,dr_1_8229.jpg,Prenkhana Augmented,confidence_0.2,135.4876458188664,145.20011147663953,88.66110239192457,110.79463246919623,53.932318477744225,94.21149057782283,156.85213496517108,46.58695355466777,0.1754271611827989,0.11922367311347176,0.3916258549806357,0.6413394374336041,110.2651814105033,40.279172100078604,9.712465657773123,22.133530077271658
/content/drive/MyDrive/Bharatanatyam_Digital_Twin/dataset/posture_images/extracted/new_Dataset/Prenkhana Augmented/dr_1_8705.jpg,dr_1_8705.jpg,Prenkhana Augmented,confidence_0.2,143.29161695281687,149.2850840821352,96.85682618982946,111.5559408283243,90.4139427543097,88.34289555580783,140.80388643233542,90.80049202673804,0.18141916947910625,0.15802708599943194,0.22296584330450975,0.225222680196121,50.003394405597376,2.071047198501873,5.993467129318333,14.699114638494834
/content/drive/MyDrive/Bharatanatyam_Digital_Twin/dataset/posture_images/extracted/new_Dataset/Prenkhana Augmented/dr_1_8874.jpg,dr_1_8874.jpg,Prenkhana Augmented,confidence_0.2,128.5034086194112,155.19963296666234,85.18036616280423,111.46480587499283,99.85001940888843,59.975938960543154,46.85301688911163,160.8089341702525,0.23304590600128225,0.1339684758492387,0.47441706670356404,0.589368476328821,113.95591728114088,39.874080448345275,26.696224347251132,26.2844397121886
/content/drive/MyDrive/Bharatanatyam_Digital_Twin/dataset/posture_images/extracted/new_Dataset/Prenkhana Augmented/dr_1_8893.jpg,dr_1_8893.jpg,Prenkhana Augmented,confidence_0.2,136.3159857315495,155.62483246344777,92.85241838378126,73.91987781308558,38.21176175033714,66.55440338834634,99.71850769048986,84.4082097756687,0.17385234565491928,0.13227953723396005,0.1168754164340029,0.15801496070803644,15.310297914821163,28.342641638009205,19.308846731898285,18.93254057069568
/content/drive/MyDrive/Bharatanatyam_Digital_Twin/dataset/posture_images/extracted/new_Dataset/Prenkhana Augmented/dr_1_9000.jpg,dr_1_9000.jpg,Prenkhana Augmented,confidence_0.2,131.90304115719178,145.68372311602883,102.35558700589624,107.65105951952009,108.06683654043707,72.95775669432139,55.93811553164478,92.74351798142219,0.2112416675330836,0.11522939204580654,0.29654530918757643,0.35081708738825296,36.805402449777404,35.10907984611568,13.78068195883705,5.295472513623849
/content/drive/MyDrive/Bharatanatyam_Digital_Twin/dataset/posture_images/extracted/new_Dataset/Prenkhana Augmented/dr_1_908.jpg,dr_1_908.jpg,Prenkhana Augmented,confidence_0.2,145.59362744026876,127.37351129388875,105.60904978828853,101.23773090843444,84.61242783194643,156.8712820058582,166.63745934761445,130.0200339127499,0.2271650499061167,0.1318394218622633,0.40776617179211927,0.8307716931319422,36.61742543486454,72.25885417391177,18.220116146380008,4.371318879854087
/content/drive/MyDrive/Bharatanatyam_Digital_Twin/dataset/posture_images/extracted/new_Dataset/Prenkhana Augmented/dr_1_9127.jpg,dr_1_9127.jpg,Prenkhana Augmented,confidence_0.2,147.100383885678,142.9991789734643,132.50598653223287,90.51614328754195,81.50729681985975,67.13133765482073,33.47644086974855,127.70246949794912,0.18718897117268116,0.10594812964736075,0.41856937832448576,0.5359770083090316,94.22602862820057,14.37595916503902,4.101204912213717,41.98984324469092
/content/drive/MyDrive/Bharatanatyam_Digital_Twin/dataset/posture_images/extracted/new_Dataset/Prenkhana Augmented/dr_1_9183.jpg,dr_1_9183.jpg,Prenkhana Augmented,confidence_0.2,132.89450364722228,143.70552688768043,78.95427224091726,50.18743359376513,71.20526419976244,106.10680872584197,123.20975630894223,103.76891584864445,0.1851581463553478,0.09841454796771193,0.16946617869197073,0.3976542093178033,19.44084046029778,34.90154452607953,10.811023240458155,28.766838647152134
/content/drive/MyDrive/Bharatanatyam_Digital_Twin/dataset/posture_images/extracted/new_Dataset/Prenkhana Augmented/dr_1_9362.jpg,dr_1_9362.jpg,Prenkhana Augmented,confidence_0.2,160.04504051642337,139.16469235519838,102.98060209546648,87.93643525594568,45.198292299405885,54.276676749133514,81.86090228583255,99.842681485186,0.19264589352853012,0.15423467117297343,0.6766592991576608,0.7720947089585121,17.981779199353454,9.07838444972763,20.880348161224987,15.044166839520798
/content/drive/MyDrive/Bharatanatyam_Digital_Twin/dataset/posture_images/extracted/new_Dataset/Prenkhana Augmented/dr_1_9495.jpg,dr_1_9495.jpg,Prenkhana Augmented,confidence_0.2,140.5894057739408,137.64150298321675,135.39207750732936,91.33587925769027,70.78572412732568,77.455745735535,65.67528527082072,43.25184884503486,0.1697543266289215,0.11341548596047527,0.29669868911107106,0.05313502067646986,22.423436425785866,6.670021608209325,2.9479027907240436,44.056198249639095
/content/drive/MyDrive/Bharatanatyam_Digital_Twin/dataset/posture_images/extracted/new_Dataset/Prenkhana Augmented/dr_1_9776.jpg,dr_1_9776.jpg,Prenkhana Augmented,confidence_0.2,121.48542587912145,161.24950318431877,54.60103548345664,111.80114121075428,53.337229466100396,45.293755208198114,71.43870799460969,40.22071003018991,0.1936044346687179,0.13933092694431615,0.17023301736252627,0.05971060320422817,31.217997964419773,8.043474257902282,39.76407730519732,57.20010572729764
/content/drive/MyDrive/Bharatanatyam_Digital_Twin/dataset/posture_images/extracted/new_Dataset/Prenkhana Augmented/dr_1_983.jpg,dr_1_983.jpg,Prenkhana Augmented,confidence_0.2,151.61343823071152,156.23480034626553,103.62883597709829,112.90628641097973,86.50277897997049,79.24462186704599,141.39618166745916,29.22073233453449,0.18086194056880725,0.12159319565559121,0.4186817057343114,0.4566495542411567,112.17544933292467,7.2581571129244935,4.621362115554007,9.277450433881441
/content/drive/MyDrive/Bharatanatyam_Digital_Twin/dataset/posture_images/extracted/new_Dataset/Samapadam Augmented/dr_0_1580.jpg,dr_0_1580.jpg,Samapadam Augmented,confidence_0.2,116.93360087423669,61.50350352805981,98.10175843580947,79.27787474624029,139.56866788790913,167.7057588527006,130.949125631381,144.6216345913092,0.21334675032742195,0.1123975670888605,0.21637498874955105,0.3628565955663735,13.672508959928194,28.13709096479147,55.43009734617688,18.823883689569186
/content/drive/MyDrive/Bharatanatyam_Digital_Twin/dataset/posture_images/extracted/new_Dataset/Samapadam Augmented/dr_0_1863.jpg,dr_0_1863.jpg,Samapadam Augmented,confidence_0.2,122.79992983408677,152.1009323521614,37.980877394080196,34.02172616101317,165.79154983990702,174.48102349868273,131.52916831236033,97.38004232362707,0.35622156632004254,0.23969772145134788,0.23293530264762077,0.502976671680574,34.14912598873326,8.68947365877571,29.30100251807464,3.9591512330670255
/content/drive/MyDrive/Bharatanatyam_Digital_Twin/dataset/posture_images/extracted/new_Dataset/Samapadam Augmented/dr_0_199.jpg,dr_0_199.jpg,Samapadam Augmented,confidence_0.2,133.0999417813721,150.48387011421846,148.41190961431863,173.77172276069382,71.70321402498573,49.404951948561056,160.40834695207954,150.6872493445818,0.14604170100261035,0.09160575296882556,0.013851821492852414,0.07318313208341669,9.72109760749774,22.29826207642467,17.383928332846352,25.35981314637519
/content/drive/MyDrive/Bharatanatyam_Digital_Twin/dataset/posture_images/extracted/new_Dataset/Samapadam Augmented/dr_0_2712.jpg,dr_0_2712.jpg,Samapadam Augmented,confidence_0.2,151.59097695841808,148.2953530189346,151.15238553140645,150.88278836769373,21.13607990807524,11.713259467010579,57.42283862947775,43.09161202188936,0.3833486222556151,0.2311896971658919,0.5167161371800414,0.22514707566480593,14.331226607588391,9.42282044106466,3.2956239394834768,0.26959716371271725
/content/drive/MyDrive/Bharatanatyam_Digital_Twin/dataset/posture_images/extracted/new_Dataset/Samapadam Augmented/dr_0_2780.jpg,dr_0_2780.jpg,Samapadam Augmented,confidence_0.2,55.60268108513325,76.42930666466056,78.80939596776977,52.098086914834546,132.22821189895282,121.70574775282321,115.05175559091414,107.9127457285257,0.06449474532883573,0.07636344655970989,0.23853293065462292,0.21917013309511899,7.139009862388434,10.522464146129607,20.82662557952731,26.711309052935228
/content/drive/MyDrive/Bharatanatyam_Digital_Twin/dataset/posture_images/extracted/new_Dataset/Samapadam Augmented/dr_0_2807.jpg,dr_0_2807.jpg,Samapadam Augmented,confidence_0.2,145.55657372979297,130.5578615417554,145.29100895544534,137.13012925588345,20.455707122912692,20.28246736731614,39.4641918953304,42.10080203258875,0.25722584191328374,0.16793446851753524,0.2749428941037039,0.23712862546906288,2.6366101372583515,0.17323975559655125,14.998712188037587,8.160879699561889
/content/drive/MyDrive/Bharatanatyam_Digital_Twin/dataset/posture_images/extracted/new_Dataset/Samapadam Augmented/dr_0_2984.jpg,dr_0_2984.jpg,Samapadam Augmented,confidence_0.2,122.0824086329932,154.95534922086009,121.13080548150633,136.52457782692116,83.91279483703502,61.712484936065835,52.03764709180233,36.18361911052121,0.14161902228127005,0.1283375804451188,0.19473017335230614,0.16448875762416795,15.85402798128112,22.200309900969188,32.87294058786689,15.393772345414831
/content/drive/MyDrive/Bharatanatyam_Digital_Twin/dataset/posture_images/extracted/new_Dataset/Samapadam Augmented/dr_0_310.jpg,dr_0_310.jpg,Samapadam Augmented,confidence_0.2,168.82548611240142,126.21862089683813,18.117483420009357,32.698545019360196,148.8221079518573,97.15747449478089,134.95467656160403,122.34843614764895,0.10487547598238263,0.07214016965138212,0.1073074589935329,0.11853538758170294,12.606240413955078,51.66463345707642,42.60686521556329,14.58106159935084
/content/drive/MyDrive/Bharatanatyam_Digital_Twin/dataset/posture_images/extracted/new_Dataset/Samapadam Augmented/dr_0_3491.jpg,dr_0_3491.jpg,Samapadam Augmented,confidence_0.2,125.30774129936792,149.2200298508637,163.7193587926125,160.85805484827512,59.20176060690723,38.891378196162286,145.05882824282816,152.2759693999421,0.5023496003946378,0.2838304755184906,0.3093581614861251,0.48012540695964184,7.217141157113957,20.310382410744943,23.91228855149579,2.8613039443373793
/content/drive/MyDrive/Bharatanatyam_Digital_Twin/dataset/posture_images/extracted/new_Dataset/Samapadam Augmented/dr_0_3575.jpg,dr_0_3575.jpg,Samapadam Augmented,confidence_0.2,148.73222771067302,148.9926571408198,149.6478211121552,155.42724756212303,17.437318500408036,19.82249949706405,39.146510237344806,34.4842438449875,0.3109105252839461,0.1864636165556864,0.13840846180723326,0.08610053650317445,4.662266392357303,2.3851809966560147,0.260429430146786,5.779426449967815
/content/drive/MyDrive/Bharatanatyam_Digital_Twin/dataset/posture_images/extracted/new_Dataset/Samapadam Augmented/dr_0_3602.jpg,dr_0_3602.jpg,Samapadam Augmented,confidence_0.2,136.9734281657922,141.3586565199779,123.98953384565331,116.75575531673945,31.06265935492152,31.220799145118363,30.592584869378662,27.040063972508946,0.2854389284893431,0.1535812101037662,0.36354394725515937,0.14822282401412176,3.5525208968697157,0.15813979019684155,4.385228354185699,7.233778528913859
/content/drive/MyDrive/Bharatanatyam_Digital_Twin/dataset/posture_images/extracted/new_Dataset/Samapadam Augmented/dr_0_3931.jpg,dr_0_3931.jpg,Samapadam Augmented,confidence_0.2,140.09449291628454,138.20793320052945,124.81886260184265,127.32952746790575,35.42292559823821,29.034053223645724,54.2692980854081,80.28016237528065,0.3188064016643259,0.1834772392751265,0.38944478905574514,0.04209719144329769,26.01086428987255,6.388872374592484,1.8865597157550837,2.5106648660630952
/content/drive/MyDrive/Bharatanatyam_Digital_Twin/dataset/posture_images/extracted/new_Dataset/Samapadam Augmented/dr_0_3945.jpg,dr_0_3945.jpg,Samapadam Augmented,confidence_0.2,142.36202149539025,105.40350488961533,64.88507373361034,30.625540226017495,164.37543567273863,121.71544860897933,138.79959662221273,149.1037073091185,0.22301199933740953,0.10753418593487485,0.18578398600755067,0.3009909644970741,10.304110686905773,42.6599870637593,36.95851660577492,34.25953350759285
/content/drive/MyDrive/Bharatanatyam_Digital_Twin/dataset/posture_images/extracted/new_Dataset/Samapadam Augmented/dr_0_4089.jpg,dr_0_4089.jpg,Samapadam Augmented,confidence_0.2,142.6529223161852,135.6846388364246,119.58432281420875,113.74341558309847,90.99994716481942,49.66437541094162,86.96135809603571,38.3255998267956,0.34083875950349996,0.2309389125181221,0.44065503628479225,0.3124874245682173,48.63575826924011,41.3355717538778,6.968283479760601,5.840907231110279
/content/drive/MyDrive/Bharatanatyam_Digital_Twin/dataset/posture_images/extracted/new_Dataset/Samapadam Augmented/dr_0_4472.jpg,dr_0_4472.jpg,Samapadam Augmented,confidence_0.2,151.93163097039448,143.13238209259947,53.68778156579704,76.24096960646808,20.862608464770755,36.45258247376318,73.09789055731117,3.771666561346457,0.13395828456634623,0.0687571417437216,0.0754723146119273,0.0824693147819659,69.32622399596471,15.589974008992424,8.799248877795009,22.553188040671046
/content/drive/MyDrive/Bharatanatyam_Digital_Twin/dataset/posture_images/extracted/new_Dataset/Samapadam Augmented/dr_0_4648.jpg,dr_0_4648.jpg,Samapadam Augmented,confidence_0.2,128.88058685567853,58.053724476949064,33.647684428879465,58.535816149639494,47.51416538095047,10.982819693347661,82.13290497318837,49.02881361561577,0.1922836314745727,0.15831788236234967,0.43389306583027754,0.5924527425224689,33.10409135757261,36.53134568760281,70.82686237872946,24.88813172076003
/content/drive/MyDrive/Bharatanatyam_Digital_Twin/dataset/posture_images/extracted/new_Dataset/Samapadam Augmented/dr_0_4678.jpg,dr_0_4678.jpg,Samapadam Augmented,confidence_0.2,139.2268996452053,155.43552905046226,123.39902275791286,127.0060095881191,32.2480425433696,36.5935329306751,41.078308005756035,39.43556191080642,0.23143138721837023,0.1507733425228382,0.18903534012587486,0.08763736404016005,1.642746094949615,4.345490387305503,16.20862940525697,3.606986830206239
/content/drive/MyDrive/Bharatanatyam_Digital_Twin/dataset/posture_images/extracted/new_Dataset/Samapadam Augmented/dr_0_4808.jpg,dr_0_4808.jpg,Samapadam Augmented,confidence_0.2,126.39549081910434,144.53557895049607,133.23984612086994,133.4302483472848,15.79001728357513,8.584774013838455,50.28099690690278,32.14558144856828,0.3817069267079177,0.2218558370123618,0.44948556457097866,0.23037316302543417,18.1354154583345,7.205243269736675,18.140088131391735,0.1904022264148466
/content/drive/MyDrive/Bharatanatyam_Digital_Twin/dataset/posture_images/extracted/new_Dataset/Samapadam Augmented/dr_0_4871.jpg,dr_0_4871.jpg,Samapadam Augmented,confidence_0.2,124.21359046867522,150.46658091933315,139.65910456632835,146.04125194852875,49.830314911927715,38.6944368452761,93.25532494477959,116.73971305538592,0.15889431454149386,0.08567401522842652,0.08869736597882039,0.19743755022660972,23.484388110606332,11.135878066651614,26.252990450657933,6.382147382200401
/content/drive/MyDrive/Bharatanatyam_Digital_Twin/dataset/posture_images/extracted/new_Dataset/Samapadam Augmented/dr_0_4937.jpg,dr_0_4937.jpg,Samapadam Augmented,confidence_0.2,54.49632936581323,87.27545105264186,72.77662019979047,92.51666393881946,105.82424202311437,52.80043196278561,86.55770875329527,35.70120413463516,0.23559750818920985,0.1806419002091229,0.3837977838812722,0.3121163288151702,50.85650461866011,53.023810060328756,32.779121686828624,19.74004373902899
/content/drive/MyDrive/Bharatanatyam_Digital_Twin/dataset/posture_images/extracted/new_Dataset/Samapadam Augmented/dr_0_4946.jpg,dr_0_4946.jpg,Samapadam Augmented,confidence_0.2,131.4316960438519,131.5386438002739,130.06939362723847,130.22925885282933,16.61345367391701,18.741027581597056,42.48500533957167,78.58130399413591,0.2673848695094576,0.1302889372518246,0.24989938976191842,0.1020630735897327,36.09629865456424,2.127573907680045,0.10694775642198806,0.15986522559086325
/content/drive/MyDrive/Bharatanatyam_Digital_Twin/dataset/posture_images/extracted/new_Dataset/Samapadam Augmented/dr_0_5005.jpg,dr_0_5005.jpg,Samapadam Augmented,confidence_0.2,140.20265362445065,135.4592870673148,136.7599038834323,133.46492459441893,14.105626398436325,24.58502196991548,4.042367863654045,6.955098372078568,0.3829166643881758,0.22055413065349078,0.3701783799351762,0.22511877999262883,2.9127305084245236,10.479395571479156,4.743366557135857,3.294979289013355
/content/drive/MyDrive/Bharatanatyam_Digital_Twin/dataset/posture_images/extracted/new_Dataset/Samapadam Augmented/dr_0_506.jpg,dr_0_506.jpg,Samapadam Augmented,confidence_0.2,81.41740926275382,120.79256928453773,104.52751591778413,70.90945502305593,158.0648333292076,158.0874988139207,170.23747545861838,162.85064718694952,0.17237196096367569,0.07273336438978228,0.1382959360813926,0.2209203251793005,7.386828271668861,0.02266548471308738,39.37516002178391,33.6180608947282
/content/drive/MyDrive/Bharatanatyam_Digital_Twin/dataset/posture_images/extracted/new_Dataset/Samapadam Augmented/dr_0_529.jpg,dr_0_529.jpg,Samapadam Augmented,confidence_0.2,61.82337035753479,119.08871087400527,54.30064128993926,34.08821207572529,68.04668263008897,50.284373571788876,72.0949146126962,45.95821175442318,0.1964009214667041,0.10724271564002764,0.19925202005568637,0.20361144343289023,26.13670285827302,17.76230905830009,57.26534051647048,20.21242921421397
/content/drive/MyDrive/Bharatanatyam_Digital_Twin/dataset/posture_images/extracted/new_Dataset/Samapadam Augmented/dr_0_5419.jpg,dr_0_5419.jpg,Samapadam Augmented,confidence_0.2,150.8412639800858,149.10934522556514,148.77863726506968,153.571405630955,14.085760333415749,10.111005071199147,54.628813327428134,46.81075311550996,0.3264938028182929,0.18497962961801578,0.281609585109495,0.21105702111328511,7.818060211918173,3.9747552622166022,1.7319187545206773,4.792768365885337
/content/drive/MyDrive/Bharatanatyam_Digital_Twin/dataset/posture_images/extracted/new_Dataset/Samapadam Augmented/dr_0_5480.jpg,dr_0_5480.jpg,Samapadam Augmented,confidence_0.2,108.80227702387387,105.09960471435157,71.00304001333154,54.38562975593554,126.23765296884633,155.2519143588003,119.58004382564292,129.3834463510987,0.1441548984494699,0.0911247828008616,0.16500685285986869,0.2880696081414833,9.803402525455795,29.01426138995396,3.702672309522299,16.617410257396003
/content/drive/MyDrive/Bharatanatyam_Digital_Twin/dataset/posture_images/extracted/new_Dataset/Samapadam Augmented/dr_0_5502.jpg,dr_0_5502.jpg,Samapadam Augmented,confidence_0.2,137.46936523302585,164.07123621560697,13.681835359293945,9.145948718405846,22.568226594589213,20.19489252479612,82.51064627039908,57.84436266866175,0.20906085806615296,0.14269852275112688,0.16697605692461168,0.1611756439214808,24.666283601737327,2.373334069793092,26.60187098258112,4.5358866408881
/content/drive/MyDrive/Bharatanatyam_Digital_Twin/dataset/posture_images/extracted/new_Dataset/Samapadam Augmented/dr_0_5815.jpg,dr_0_5815.jpg,Samapadam Augmented,confidence_0.2,152.38201776204343,118.10401472837697,41.7443191399447,56.957487073409574,92.45565468092622,89.35550096902496,102.67097858632862,96.08836220723397,0.30675687226885756,0.1619517882386433,0.28817327041328694,0.27560279310835767,6.582616379094645,3.1001537119012568,34.278003033666465,15.213167933464874
/content/drive/MyDrive/Bharatanatyam_Digital_Twin/dataset/posture_images/extracted/new_Dataset/Samapadam Augmented/dr_0_5900.jpg,dr_0_5900.jpg,Samapadam Augmented,confidence_0.2,153.5629771160166,142.15854040465004,129.83398297214865,137.08697204741208,38.80095673715749,31.884516549646573,97.83230675723054,81.38038702891542,0.3575395920957576,0.22858235003804311,0.4947855497316378,0.2513149898917854,16.45191972831512,6.9164401875109185,11.404436711366571,7.252989075263429
/content/drive/MyDrive/Bharatanatyam_Digital_Twin/dataset/posture_images/extracted/new_Dataset/Samapadam Augmented/dr_0_6648.jpg,dr_0_6648.jpg,Samapadam Augmented,confidence_0.2,132.29560512622328,136.28477594330738,143.0009054513181,142.90237790908,40.53674698293154,28.69289527817464,46.085688882044074,31.794732490586473,0.28569745544395336,0.11376331252536931,0.22626824054919484,0.158714293909915,14.290956391457602,11.8438517047569,3.9891708170841014,0.09852754223808802
/content/drive/MyDrive/Bharatanatyam_Digital_Twin/dataset/posture_images/extracted/new_Dataset/Samapadam Augmented/dr_0_6764.jpg,dr_0_6764.jpg,Samapadam Augmented,confidence_0.2,134.44912434974412,160.8607351369538,118.16938516815333,127.27850508105485,119.9649226377905,112.01327061086447,115.15497029297865,70.59404373615946,0.13008661186987755,0.07708265981305581,0.15337317008882573,0.20909201305721037,44.56092655681918,7.951652026926027,26.411610787209668,9.10911991290152
/content/drive/MyDrive/Bharatanatyam_Digital_Twin/dataset/posture_images/extracted/new_Dataset/Samapadam Augmented/dr_0_6784.jpg,dr_0_6784.jpg,Samapadam Augmented,confidence_0.2,140.4975999488048,143.56226882265935,146.9944258337492,158.12932097031333,128.77986960118562,115.77237185185963,134.97766317099075,119.16852690533284,0.384728726458498,0.1734690423312085,0.35250193418426007,0.2596676272845642,15.809136265657912,13.007497749325992,3.0646688738545436,11.134895136564126
/content/drive/MyDrive/Bharatanatyam_Digital_Twin/dataset/posture_images/extracted/new_Dataset/Samapadam Augmented/dr_0_7034.jpg,dr_0_7034.jpg,Samapadam Augmented,confidence_0.2,143.71471309197543,143.95383062418864,129.5148131022155,132.11799374591828,53.5704239068363,22.51730596922995,47.29756193142584,17.701552008677112,0.3139854493668432,0.1655595673499641,0.3030639370950363,0.17403995138149464,29.596009922748728,31.053117937606345,0.2391175322132142,2.6031806437027853
/content/drive/MyDrive/Bharatanatyam_Digital_Twin/dataset/posture_images/extracted/new_Dataset/Samapadam Augmented/dr_0_7556.jpg,dr_0_7556.jpg,Samapadam Augmented,confidence_0.2,150.0351772919722,151.93283707276646,145.2794636588229,153.3549162628126,18.82518964844622,13.12092532782314,42.37259389445484,34.81916512648485,0.33029541895952047,0.1976272381247758,0.2848922692280609,0.15894472982830338,7.55342876796999,5.7042643206230785,1.897659780794271,8.075452603989703
/content/drive/MyDrive/Bharatanatyam_Digital_Twin/dataset/posture_images/extracted/new_Dataset/Samapadam Augmented/dr_0_7809.jpg,dr_0_7809.jpg,Samapadam Augmented,confidence_0.2,135.12243887579507,139.5582019703407,144.08633362381173,145.96190067285224,13.776052461688144,23.793291851252924,20.642442282198676,22.534080285037902,0.29792180848365446,0.14127303501566754,0.2519476305606012,0.12038278472744336,1.8916380028392261,10.01723938956478,4.435763094545621,1.8755670490405123
/content/drive/MyDrive/Bharatanatyam_Digital_Twin/dataset/posture_images/extracted/new_Dataset/Samapadam Augmented/dr_0_8307.jpg,dr_0_8307.jpg,Samapadam Augmented,confidence_0.2,162.94803239196597,163.44843290561428,113.42010414238547,129.9709091422862,40.6960073196298,41.23762567131125,114.60381229957383,132.9991750316546,0.07321180061069602,0.04131382663272318,0.09620405411030267,0.1359510954513934,18.39536273208077,0.5416183516814499,0.5004005136483158,16.55080499990072
/content/drive/MyDrive/Bharatanatyam_Digital_Twin/dataset/posture_images/extracted/new_Dataset/Samapadam Augmented/dr_0_8515.jpg,dr_0_8515.jpg,Samapadam Augmented,confidence_0.2,153.15658491126203,143.8452341532424,128.686274300027,138.33302066237886,13.635141076588617,6.118369120849466,40.61821120096363,47.16509286453204,0.4085449686828973,0.24698824074454326,0.5087539687105745,0.49106935068043306,6.5468816635684135,7.516771955739151,9.311350758019643,9.646746362351848
/content/drive/MyDrive/Bharatanatyam_Digital_Twin/dataset/posture_images/extracted/new_Dataset/Samapadam Augmented/dr_0_8561.jpg,dr_0_8561.jpg,Samapadam Augmented,confidence_0.2,147.42914379601999,152.79828323864965,142.2857858952942,138.79457849489265,26.20128536943584,23.47212520069215,58.03853119593902,42.166127488719226,0.28774246639164763,0.17417108070516862,0.2915111937941339,0.09257190659421986,15.872403707219796,2.7291601687436895,5.36913944262966,3.4912074004015494
/content/drive/MyDrive/Bharatanatyam_Digital_Twin/dataset/posture_images/extracted/new_Dataset/Samapadam Augmented/dr_0_9038.jpg,dr_0_9038.jpg,Samapadam Augmented,confidence_0.2,74.40476118756675,104.22885173952369,105.29788596495092,117.18039237227727,58.78526672814683,60.05616721500589,59.44772131509163,42.111912829539364,0.259646105877488,0.12167714243694981,0.10155966658273793,0.17403226239225414,17.335808485552263,1.2709004868590625,29.824090551956942,11.882506407326346
/content/drive/MyDrive/Bharatanatyam_Digital_Twin/dataset/posture_images/extracted/new_Dataset/Samapadam Augmented/dr_0_9160.jpg,dr_0_9160.jpg,Samapadam Augmented,confidence_0.2,130.9377545409427,136.68304934607033,125.02382416481466,129.42342493682287,38.65026112486624,28.00668445896797,68.26323362710721,59.440154109014415,0.28097248272017533,0.17394388804185243,0.35906253456517534,0.19431678484395568,8.823079518092797,10.64357666589827,5.745294805127628,4.399600772008213
/content/drive/MyDrive/Bharatanatyam_Digital_Twin/dataset/posture_images/extracted/new_Dataset/Samapadam Augmented/dr_0_9434.jpg,dr_0_9434.jpg,Samapadam Augmented,confidence_0.2,84.03322326204615,56.64730335402092,106.88882083093888,102.30465809932791,103.79691514626637,65.49857421495155,102.18537589315908,61.85680040108339,0.17951171981024427,0.10437459725197666,0.15508539278234998,0.11875829600646025,40.328575492075686,38.298340931314826,27.38591990802523,4.584162731610974
/content/drive/MyDrive/Bharatanatyam_Digital_Twin/dataset/posture_images/extracted/new_Dataset/Samapadam Augmented/dr_0_9538.jpg,dr_0_9538.jpg,Samapadam Augmented,confidence_0.5_fallback,85.40259729206308,142.52780926708922,39.97971787805064,93.24521930428529,115.17918032263562,138.446293243636,103.84157832263335,133.073279113766,0.017604246404527988,0.015210044158690051,0.012080264709335395,0.01142828237506807,29.231700791132653,23.26711292100039,57.12521197502615,53.26550142623464
/content/drive/MyDrive/Bharatanatyam_Digital_Twin/dataset/posture_images/extracted/new_Dataset/Samapadam Augmented/dr_0_9700.jpg,dr_0_9700.jpg,Samapadam Augmented,confidence_0.2,119.12523891623971,111.29960841114539,82.4046213107041,84.19118523815055,162.985022749671,157.32260770373236,131.59802504746918,114.70493736421184,0.2608283858135262,0.16072928910410209,0.18165494107221836,0.2535936539529683,16.893087683257335,5.662415045938644,7.825630505094324,1.7865639274464513
/content/drive/MyDrive/Bharatanatyam_Digital_Twin/dataset/posture_images/extracted/new_Dataset/Samapadam Augmented/dr_1_1509.jpg,dr_1_1509.jpg,Samapadam Augmented,confidence_0.2,139.0121737350159,139.22744425848794,128.6785651400634,125.20777528042157,101.92380988348012,87.49997417009831,110.47354583929655,81.4954103902043,0.29948580033077254,0.19715227979807326,0.2967713211158871,0.20920101681112868,28.97813544909225,14.423835713381806,0.2152705234720429,3.470789859641826
/content/drive/MyDrive/Bharatanatyam_Digital_Twin/dataset/posture_images/extracted/new_Dataset/Samapadam Augmented/dr_1_1568.jpg,dr_1_1568.jpg,Samapadam Augmented,confidence_0.2,126.89482740607698,112.52971604408891,129.86116652462627,115.27262298573496,82.90412694500193,89.70050362633164,97.1418757735196,93.13865983192672,0.3352966367533205,0.19054998510485113,0.21026998954723256,0.2942536502287503,4.0032159415928845,6.796376681329704,14.36511136198807,14.588543538891315
/content/drive/MyDrive/Bharatanatyam_Digital_Twin/dataset/posture_images/extracted/new_Dataset/Samapadam Augmented/dr_1_1623.jpg,dr_1_1623.jpg,Samapadam Augmented,confidence_0.2,133.4742917708618,131.15402384110158,132.00485782508756,131.05346049015483,62.67744060392226,36.16585342362661,35.356566480214575,31.37546199408013,0.28857958527767513,0.15480752697917224,0.30585114018427617,0.12530283184996868,3.981104486134445,26.51158718029565,2.3202679297602344,0.9513973349327216
/content/drive/MyDrive/Bharatanatyam_Digital_Twin/dataset/posture_images/extracted/new_Dataset/Samapadam Augmented/dr_1_1678.jpg,dr_1_1678.jpg,Samapadam Augmented,confidence_0.2,141.90848887631836,149.52025010495186,142.07381542016574,141.5435395266379,76.1127276268829,72.2339173705049,84.44545522268434,71.5297066118678,0.3342984116944768,0.19012336419951983,0.2575193939029546,0.3328977653396484,12.91574861081655,3.878810256378003,7.6117612286334975,0.5302758935278575
/content/drive/MyDrive/Bharatanatyam_Digital_Twin/dataset/posture_images/extracted/new_Dataset/Samapadam Augmented/dr_1_1863.jpg,dr_1_1863.jpg,Samapadam Augmented,confidence_0.2,119.82180291696501,139.4602983734092,42.15956014766078,57.44902220274436,166.86241002840907,175.16783050443678,172.67086240554048,175.26709097853697,0.12448791787174615,0.05048183539242594,0.1886895608488373,0.22095816722907802,2.5962285729964947,8.305420476027706,19.638495456444176,15.289462055083582
/content/drive/MyDrive/Bharatanatyam_Digital_Twin/dataset/posture_images/extracted/new_Dataset/Samapadam Augmented/dr_1_2113.jpg,dr_1_2113.jpg,Samapadam Augmented,confidence_0.2,62.732960846753365,115.46012109879878,83.88205544848574,56.465423050651424,145.9090973049993,133.05466594095307,154.4866219989202,166.1470725138952,0.14697267252670607,0.06885525073508844,0.05732788691278253,0.06140471427621616,11.660450514974997,12.854431364046235,52.727160252045415,27.41663239783432
/content/drive/MyDrive/Bharatanatyam_Digital_Twin/dataset/posture_images/extracted/new_Dataset/Samapadam Augmented/dr_1_2133.jpg,dr_1_2133.jpg,Samapadam Augmented,confidence_0.2,119.50194997406977,126.19804873422432,114.22713168314809,122.5771160772242,147.389349047456,51.14503274080556,109.108937730248,44.48209890903368,0.29254216405893085,0.15165794759976314,0.915863453899117,1.3458110267282393,64.62683882121432,96.24431630665043,6.696098760154541,8.349984394076117
/content/drive/MyDrive/Bharatanatyam_Digital_Twin/dataset/posture_images/extracted/new_Dataset/Samapadam Augmented/dr_1_2250.jpg,dr_1_2250.jpg,Samapadam Augmented,confidence_0.2,125.13431581849937,147.0665430379423,135.70777651749242,128.52720604097973,126.69949873135644,52.430186611785835,113.20232777349356,43.28114859364946,0.24000001607301247,0.12341334288134656,0.5332677471793762,0.560517134217641,69.9211791798441,74.2693121195706,21.93222721944292,7.180570476512685
/content/drive/MyDrive/Bharatanatyam_Digital_Twin/dataset/posture_images/extracted/new_Dataset/Samapadam Augmented/dr_1_2309.jpg,dr_1_2309.jpg,Samapadam Augmented,confidence_0.2,141.20108090731864,132.29574908273872,142.66558408564106,140.4274623928766,33.40962160494705,31.748037054688087,34.91001885545555,31.22198279911457,0.24612573498437865,0.13021028132360915,0.19817216300406398,0.1047427999850164,3.6880360563409766,1.6615845502589615,8.905331824579918,2.2381216927644516
/content/drive/MyDrive/Bharatanatyam_Digital_Twin/dataset/posture_images/extracted/new_Dataset/Samapadam Augmented/dr_1_2313.jpg,dr_1_2313.jpg,Samapadam Augmented,confidence_0.2,101.31939524312122,94.14055713114197,103.11489062701597,105.72228121166579,144.6073479749215,109.13371099116206,135.71346648112038,103.69634134509072,0.2840915422167717,0.14554834772407296,0.1936515775100624,0.2308913645897634,32.01712513602966,35.47363698375945,7.178838111979246,2.6073905846498207
/content/drive/MyDrive/Bharatanatyam_Digital_Twin/dataset/posture_images/extracted/new_Dataset/Samapadam Augmented/dr_1_3209.jpg,dr_1_3209.jpg,Samapadam Augmented,confidence_0.2,137.14727976681354,146.1137295298825,137.25636993823198,133.86047052231848,91.76095011679786,70.28349547088035,116.03855861389611,81.6888796438746,0.2931782987151253,0.1770101078776676,0.2696002439419333,0.18889664012344728,34.349678970021515,21.477454645917504,8.966449763068965,3.3958994159135045
/content/drive/MyDrive/Bharatanatyam_Digital_Twin/dataset/posture_images/extracted/new_Dataset/Samapadam Augmented/dr_1_3388.jpg,dr_1_3388.jpg,Samapadam Augmented,confidence_0.2,125.0138906968024,121.85315041458415,129.56861455841053,121.59960765283846,63.581237240563524,70.5684999943542,48.614436992651115,51.27080300129203,0.27570430112950695,0.15620013205174768,0.18850007287851953,0.12062899663684937,2.6563660086409158,6.987262753790674,3.1607402822182564,7.969006905572073
/content/drive/MyDrive/Bharatanatyam_Digital_Twin/dataset/posture_images/extracted/new_Dataset/Samapadam Augmented/dr_1_3472.jpg,dr_1_3472.jpg,Samapadam Augmented,confidence_0.2,134.88159380251057,161.61834183095974,139.35967993000497,141.73613280452733,26.30299306770626,22.429919192627217,40.387326288954014,41.616255224303146,0.2796387701833446,0.14229441386629818,0.24302760840582377,0.09656944428931488,1.2289289353491313,3.8730738750790437,26.73674802844917,2.376452874522357
/content/drive/MyDrive/Bharatanatyam_Digital_Twin/dataset/posture_images/extracted/new_Dataset/Samapadam Augmented/dr_1_3741.jpg,dr_1_3741.jpg,Samapadam Augmented,confidence_0.2,122.55252858837558,146.5301992525268,121.11762647337602,118.49397588374089,111.79423710091545,97.66324932919589,109.50650244042555,88.3341623161791,0.26793948121231453,0.18395472801317655,0.26402651773221514,0.239124678433196,21.172340124246446,14.13098777171956,23.977670664151233,2.623650589635133
/content/drive/MyDrive/Bharatanatyam_Digital_Twin/dataset/posture_images/extracted/new_Dataset/Samapadam Augmented/dr_1_3930.jpg,dr_1_3930.jpg,Samapadam Augmented,confidence_0.2,135.91087693634637,134.12002044456418,131.77664919343243,133.28696691384076,26.160402024957566,9.760761443265098,71.82511132911502,71.94197994493041,0.3360639840783575,0.1858709969258729,0.3731239029684184,0.17217352019959442,0.11686861581539176,16.399640581692466,1.7908564917821934,1.5103177204083238
/content/drive/MyDrive/Bharatanatyam_Digital_Twin/dataset/posture_images/extracted/new_Dataset/Samapadam Augmented/dr_1_4054.jpg,dr_1_4054.jpg,Samapadam Augmented,confidence_0.2,146.51273018464082,166.18401121691872,135.18260881709048,125.87302592502589,30.2937826982898,37.07840388184044,32.12710496345036,28.74679087836675,0.3168600888362005,0.1754167863855513,0.3954797371167443,0.2859311289415868,3.380314085083608,6.784621183550637,19.671281032277903,9.309582892064597
/content/drive/MyDrive/Bharatanatyam_Digital_Twin/dataset/posture_images/extracted/new_Dataset/Samapadam Augmented/dr_1_4064.jpg,dr_1_4064.jpg,Samapadam Augmented,confidence_0.2,165.43214438780416,149.2397855936273,24.9376250762996,79.38410540017718,93.97480233600758,70.64758491715104,87.07374382844469,121.32246391342473,0.1396778365377382,0.03779378978986238,0.09692563674661882,0.013363045599306404,34.248720084980036,23.32721741885655,16.19235879417687,54.44648032387758
/content/drive/MyDrive/Bharatanatyam_Digital_Twin/dataset/posture_images/extracted/new_Dataset/Samapadam Augmented/dr_1_4610.jpg,dr_1_4610.jpg,Samapadam Augmented,confidence_0.2,138.64503652673764,120.84656569882819,50.76419021701304,37.32959685125915,51.201919516922004,94.54013252461935,79.63518871927916,108.9786703589662,0.23627325488625467,0.13071475290510204,0.3336355377815583,0.3167538881416442,29.34348163968704,43.33821300769735,17.798470827909455,13.43459336575389
/content/drive/MyDrive/Bharatanatyam_Digital_Twin/dataset/posture_images/extracted/new_Dataset/Samapadam Augmented/dr_1_4951.jpg,dr_1_4951.jpg,Samapadam Augmented,confidence_0.2,120.31882387563087,127.17130308636546,106.71034332311645,75.16204440506536,91.80048029548904,67.12436176813479,75.88403316698303,51.20322451754634,0.31179606666008625,0.16560393907426726,0.29839109839711037,0.20511777431514028,24.680808649436692,24.676118527354248,6.852479210734586,31.54829891805109
/content/drive/MyDrive/Bharatanatyam_Digital_Twin/dataset/posture_images/extracted/new_Dataset/Samapadam Augmented/dr_1_4967.jpg,dr_1_4967.jpg,Samapadam Augmented,confidence_0.2,132.70237480763495,96.93780998135664,114.80492322774707,103.01495284412302,39.44728789579661,47.81828482372675,43.85451913680216,44.79831985639382,0.257460313830306,0.15420911299055454,0.3003773473692233,0.2995880962505396,0.9438007195916569,8.370996927930136,35.76456482627832,11.789970383624052
/content/drive/MyDrive/Bharatanatyam_Digital_Twin/dataset/posture_images/extracted/new_Dataset/Samapadam Augmented/dr_1_4992.jpg,dr_1_4992.jpg,Samapadam Augmented,confidence_0.2,137.94666047764505,138.34713551078235,145.16892500023133,147.10213361372652,25.856294851383957,30.403004063490283,33.54112939527941,31.32003319305102,0.26263371010566205,0.1569204249021126,0.25675020436723206,0.1334780594790895,2.2210962022283915,4.546709212106325,0.4004750331372975,1.9332086134951965
/content/drive/MyDrive/Bharatanatyam_Digital_Twin/dataset/posture_images/extracted/new_Dataset/Samapadam Augmented/dr_1_5639.jpg,dr_1_5639.jpg,Samapadam Augmented,confidence_0.2,100.02925399183589,128.38596945902066,29.749238283866468,77.94486694934551,118.04060595275112,77.65981512631193,120.17876136934473,64.25758312631054,0.038857550273207905,0.032565085553460695,0.05486098507271599,0.0419182335638762,55.92117824303419,40.380790826439195,28.35671546718477,48.19562866547904
/content/drive/MyDrive/Bharatanatyam_Digital_Twin/dataset/posture_images/extracted/new_Dataset/Samapadam Augmented/dr_1_5836.jpg,dr_1_5836.jpg,Samapadam Augmented,confidence_0.2,124.42189874951099,144.1903033947508,78.44230432202025,102.80838446035743,64.33687752524287,55.05666253158448,67.95246575174188,55.218128618885096,0.19640036143341014,0.1214751514221803,0.2795349165680059,0.15997558695092315,12.734337132856787,9.28021499365839,19.768404645239812,24.366080138337182
/content/drive/MyDrive/Bharatanatyam_Digital_Twin/dataset/posture_images/extracted/new_Dataset/Samapadam Augmented/dr_1_6009.jpg,dr_1_6009.jpg,Samapadam Augmented,confidence_0.2,132.08298715230148,150.81601441377356,124.76957615174554,128.77721072785621,43.81747158090606,34.20351874690028,53.293927503127584,52.81100295602732,0.22614408777269832,0.1560717378775542,0.43863818680197364,0.3268541404774547,0.4829245471002608,9.61395283400578,18.733027261472074,4.007634576110675
/content/drive/MyDrive/Bharatanatyam_Digital_Twin/dataset/posture_images/extracted/new_Dataset/Samapadam Augmented/dr_1_6290.jpg,dr_1_6290.jpg,Samapadam Augmented,confidence_0.2,141.9750606693297,143.43993793113808,146.27524305088235,151.03580440617276,20.974136378989797,16.26255482664254,38.162058970250236,38.38628823746984,0.2512117260088903,0.14234454411015238,0.24146719060979374,0.10959428933109853,0.2242292672196058,4.711581552347258,1.4648772618083683,4.760561355290406
/content/drive/MyDrive/Bharatanatyam_Digital_Twin/dataset/posture_images/extracted/new_Dataset/Samapadam Augmented/dr_1_6725.jpg,dr_1_6725.jpg,Samapadam Augmented,confidence_0.2,137.75660889026457,148.94248491794738,128.53783476522025,116.46158840703436,110.14605196425252,108.44179013032773,93.99183763962043,93.82969672171076,0.298467323285384,0.21128052185946353,0.2396515226387415,0.19446157963496594,0.16214091790966734,1.7042618339247895,11.18587602768281,12.076246358185898
/content/drive/MyDrive/Bharatanatyam_Digital_Twin/dataset/posture_images/extracted/new_Dataset/Samapadam Augmented/dr_1_7003.jpg,dr_1_7003.jpg,Samapadam Augmented,confidence_0.2,143.69398342673537,116.66674084830646,136.31492595851262,131.43301709844664,30.42811880631903,31.53180690626504,43.91345774649351,35.991699834834456,0.26145204570854524,0.13598183803718922,0.20536407793320738,0.1555788879699356,7.921757911659057,1.1036880999460088,27.02724257842891,4.881908860065977
/content/drive/MyDrive/Bharatanatyam_Digital_Twin/dataset/posture_images/extracted/new_Dataset/Samapadam Augmented/dr_1_7090.jpg,dr_1_7090.jpg,Samapadam Augmented,confidence_0.2,138.09992753850062,156.52125929546622,120.61425393082021,130.5892950716801,90.64381647362785,99.83207143653624,111.26242031548631,103.5116324052097,0.2846166409729153,0.158551334831441,0.2067950799762033,0.30212685237993625,7.750787910276614,9.188254962908388,18.4213317569656,9.9750411408599
/content/drive/MyDrive/Bharatanatyam_Digital_Twin/dataset/posture_images/extracted/new_Dataset/Samapadam Augmented/dr_1_7156.jpg,dr_1_7156.jpg,Samapadam Augmented,confidence_0.2,98.65737029003138,80.08114664131055,112.92178276650793,44.77746227952274,143.01436106355783,107.95439288208266,129.79070722485923,99.87183611010632,0.2620707961188159,0.12359627220238861,0.20435325583357386,0.25692042164000306,29.918871114752918,35.05996818147517,18.576223648720827,68.1443204869852
/content/drive/MyDrive/Bharatanatyam_Digital_Twin/dataset/posture_images/extracted/new_Dataset/Samapadam Augmented/dr_1_7449.jpg,dr_1_7449.jpg,Samapadam Augmented,confidence_0.2,133.90741575031555,155.4774039163443,123.53902671461294,115.82113813142846,35.501719658138065,32.07853422286499,57.00169935581245,43.49638569995725,0.27308981817042144,0.16382420705038325,0.2482748316555523,0.19530737354409203,13.505313655855197,3.4231854352730764,21.569988166028736,7.7178885831844894
/content/drive/MyDrive/Bharatanatyam_Digital_Twin/dataset/posture_images/extracted/new_Dataset/Samapadam Augmented/dr_1_7467.jpg,dr_1_7467.jpg,Samapadam Augmented,confidence_0.2,154.13093675135363,135.00225311533424,124.19060411937467,132.35325163826332,31.78131253631614,36.15874313721098,55.98258779297954,45.92623541566999,0.2543961537410938,0.13679745109220584,0.2919570637822056,0.10046761127757405,10.056352377309544,4.377430600894844,19.12868363601939,8.162647518888647
/content/drive/MyDrive/Bharatanatyam_Digital_Twin/dataset/posture_images/extracted/new_Dataset/Samapadam Augmented/dr_1_7482.jpg,dr_1_7482.jpg,Samapadam Augmented,confidence_0.2,129.8281838126565,148.0314309393009,137.3563910497273,142.44312152750356,91.16886732468174,51.20097093085677,86.7468299561278,48.663513162372645,0.27627710664430116,0.14968779338930352,0.27597735216152675,0.2623106115639196,38.08331679375515,39.96789639382497,18.203247126644385,5.086730477776257
/content/drive/MyDrive/Bharatanatyam_Digital_Twin/dataset/posture_images/extracted/new_Dataset/Samapadam Augmented/dr_1_754.jpg,dr_1_754.jpg,Samapadam Augmented,confidence_0.2,127.93087133924098,91.21552078462129,128.91801800986056,88.96779609565179,152.51649096641756,160.7928883294457,145.62898312780507,152.0416114262413,0.4077612612285509,0.1951013995311123,0.26935081212177175,0.2658165967510941,6.412628298436232,8.276397363028138,36.71535055461969,39.95022191420877
/content/drive/MyDrive/Bharatanatyam_Digital_Twin/dataset/posture_images/extracted/new_Dataset/Samapadam Augmented/dr_1_8214.jpg,dr_1_8214.jpg,Samapadam Augmented,confidence_0.2,159.14076377527036,146.22303369841947,91.62860265467555,83.77110524200228,152.85626551364584,128.23578518864366,172.9136166282423,147.74219171159805,0.09286401803078917,0.04730536888513213,0.0696648206660638,0.05349632337899078,25.17142491664424,24.620480325002177,12.917730076850887,7.857497412673268
/content/drive/MyDrive/Bharatanatyam_Digital_Twin/dataset/posture_images/extracted/new_Dataset/Samapadam Augmented/dr_1_8616.jpg,dr_1_8616.jpg,Samapadam Augmented,confidence_0.2,140.28550314557856,145.9106480167154,64.51168339078431,60.96815708735339,125.81892638034738,118.85040755473163,173.1368026521239,92.14443662842378,0.028801906674971924,0.01901113736202298,0.012440251990539834,0.036535282203579635,80.99236602370011,6.968518825615746,5.625144871136854,3.543526303430923
/content/drive/MyDrive/Bharatanatyam_Digital_Twin/dataset/posture_images/extracted/new_Dataset/Samapadam Augmented/dr_1_8651.jpg,dr_1_8651.jpg,Samapadam Augmented,confidence_0.2,121.70165745595948,123.18067744917616,136.28523367916898,130.80020520480707,48.369305661200215,62.23635809575684,40.426089665995605,49.37627962653154,0.3296628680746656,0.18573186951257653,0.29845701815923686,0.12275870190317245,8.950189960535937,13.867052434556626,1.4790199932166814,5.485028474361911
/content/drive/MyDrive/Bharatanatyam_Digital_Twin/dataset/posture_images/extracted/new_Dataset/Samapadam Augmented/dr_1_8861.jpg,dr_1_8861.jpg,Samapadam Augmented,confidence_0.2,109.49582155243742,110.06965283734185,118.5930672954423,107.93487753043233,110.70304688074042,111.08199633879542,105.44132140633955,105.52507571319167,0.28927169885781717,0.16683623254836039,0.16473839585476088,0.16372379235982096,0.08375430685211427,0.37894945805500413,0.5738312849044291,10.658189765009965
/content/drive/MyDrive/Bharatanatyam_Digital_Twin/dataset/posture_images/extracted/new_Dataset/Samapadam Augmented/dr_1_911.jpg,dr_1_911.jpg,Samapadam Augmented,confidence_0.2,138.1225058642334,133.93056452039292,133.6438670094658,132.61058986070123,37.27741254240545,39.06006389054328,31.923423336165417,34.141805465304124,0.2820602206123868,0.1510607094235726,0.17843030800405657,0.08744069392002662,2.218382129138707,1.7826513481378328,4.191941343840483,1.0332771487645687
/content/drive/MyDrive/Bharatanatyam_Digital_Twin/dataset/posture_images/extracted/new_Dataset/Samapadam Augmented/dr_1_9110.jpg,dr_1_9110.jpg,Samapadam Augmented,confidence_0.2,116.79567128874825,139.9396019723481,52.57738936197169,68.37185308848014,163.3024893243161,157.04331142053786,149.49937912425008,144.5858341404682,0.2941166026264577,0.19986253739868717,0.2170830447798201,0.3101824964599436,4.91354498378189,6.259177903778237,23.143930683599848,15.794463726508447
/content/drive/MyDrive/Bharatanatyam_Digital_Twin/dataset/posture_images/extracted/new_Dataset/Samapadam Augmented/dr_1_9114.jpg,dr_1_9114.jpg,Samapadam Augmented,confidence_0.2,155.75638298049432,154.59684468951565,132.2349278042903,125.95404769689607,84.93315413122878,155.50123786191463,65.91373009823549,122.95649061697743,0.390099693280497,0.25284202236518255,0.5463182204753375,0.7232476616302644,57.04276051874194,70.56808373068586,1.1595382909786736,6.280880107394225
/content/drive/MyDrive/Bharatanatyam_Digital_Twin/dataset/posture_images/extracted/new_Dataset/Samapadam Augmented/dr_1_9122.jpg,dr_1_9122.jpg,Samapadam Augmented,confidence_0.2,121.59785799329627,99.5770973102534,110.86331348519741,100.86627538626088,109.84527118164516,102.42222148718521,99.72737741405771,87.21269931631721,0.29426532328134186,0.17114859598018903,0.23727907606924845,0.2285410499473719,12.5146780977405,7.423049694459948,22.02076068304288,9.997038098936528
/content/drive/MyDrive/Bharatanatyam_Digital_Twin/dataset/posture_images/extracted/new_Dataset/Samapadam Augmented/dr_1_9150.jpg,dr_1_9150.jpg,Samapadam Augmented,confidence_0.2,153.89092993343615,112.93045406334906,58.82000025904471,41.47694106016537,157.7186447270264,165.9963760408141,132.09147785075874,110.15887581787322,0.02068801631672174,0.010818244843259313,0.011865601674996014,0.009622435975596337,21.932602032885512,8.277731313787712,40.960475870087095,17.343059198879338
/content/drive/MyDrive/Bharatanatyam_Digital_Twin/dataset/posture_images/extracted/new_Dataset/Samapadam Augmented/dr_1_9433.jpg,dr_1_9433.jpg,Samapadam Augmented,confidence_0.2,131.28688374974593,129.96615274361605,105.01002629422615,86.38439195000504,38.05125263889365,38.292790331919036,46.79155838017149,45.38898471487854,0.23296226415873353,0.13039538809526433,0.2556429734224206,0.17953198923630453,1.4025736652929481,0.24153769302538564,1.3207310061298756,18.625634344221112
/content/drive/MyDrive/Bharatanatyam_Digital_Twin/dataset/posture_images/extracted/new_Dataset/Samapadam Augmented/dr_1_9456.jpg,dr_1_9456.jpg,Samapadam Augmented,confidence_0.2,136.228435246693,134.0755143021204,144.6344394450685,147.04272976576272,25.417835190035834,14.569677476435716,39.96480744443052,34.637696147841986,0.2661866188608817,0.13664359707848495,0.3182949974159801,0.15844656994973655,5.327111296588534,10.848157713600118,2.1529209445725996,2.4082903206942206
/content/drive/MyDrive/Bharatanatyam_Digital_Twin/dataset/posture_images/extracted/new_Dataset/Samapadam Augmented/dr_1_9750.jpg,dr_1_9750.jpg,Samapadam Augmented,confidence_0.2,156.82198885667475,139.8260372564846,132.3590266146303,120.2465303904165,40.748713319958554,42.018998743697686,44.287887878422474,34.73681056753985,0.2691260524107028,0.15025401296072297,0.3641420651516202,0.23761419232130185,9.551077310882626,1.2702854237391321,16.995951600190153,12.1124962242138
/content/drive/MyDrive/Bharatanatyam_Digital_Twin/dataset/posture_images/extracted/new_Dataset/Samapadam Augmented/dr_1_999.jpg,dr_1_999.jpg,Samapadam Augmented,confidence_0.2,145.2093795802381,138.7623595020555,144.868850136344,145.13578421522288,23.602613493700996,24.475275625555945,33.97431842980158,30.748306108340007,0.25989685991507394,0.15058455524353223,0.2578521281028215,0.13989981653236835,3.226012321461571,0.8726621318549483,6.447020078182618,0.2669340788788759
/content/drive/MyDrive/Bharatanatyam_Digital_Twin/dataset/posture_images/extracted/new_Dataset/Samapadam Augmented/dr_2_1255.jpg,dr_2_1255.jpg,Samapadam Augmented,confidence_0.2,76.37981217667243,89.59046187078118,52.7521980094226,97.06848454722552,46.12659235433062,35.54829460520253,48.496164445687796,54.14931358188601,0.28346833978813174,0.16185712408518674,0.22952580960427074,0.32833009169144767,5.653149136198216,10.57829774912809,13.210649694108753,44.316286537802924
/content/drive/MyDrive/Bharatanatyam_Digital_Twin/dataset/posture_images/extracted/new_Dataset/Samapadam Augmented/dr_2_1790.jpg,dr_2_1790.jpg,Samapadam Augmented,confidence_0.2,72.87813323101786,49.93699750623257,59.08321967690281,69.37298000302414,72.6613143533575,75.09361011395752,86.05995304800079,91.79987347637378,0.32152601385956797,0.1319278113830639,0.5046169098227067,0.5179329675230091,5.739920428372983,2.4322957606000273,22.941135724785283,10.289760326121332
/content/drive/MyDrive/Bharatanatyam_Digital_Twin/dataset/posture_images/extracted/new_Dataset/Samapadam Augmented/dr_2_1797.jpg,dr_2_1797.jpg,Samapadam Augmented,confidence_0.2,91.50789985716081,64.64455330964331,50.56277158984092,58.69939361585195,57.55149193710629,68.18040628506829,44.927570546831234,61.95436546467938,0.26910320280320627,0.14913873905281658,0.2139234274116667,0.13580417882755308,17.026794917848143,10.628914347961995,26.863346547517494,8.136622026011032
/content/drive/MyDrive/Bharatanatyam_Digital_Twin/dataset/posture_images/extracted/new_Dataset/Samapadam Augmented/dr_2_1870.jpg,dr_2_1870.jpg,Samapadam Augmented,confidence_0.2,57.934587276794545,84.7286329881125,74.58114373149107,111.45896732097408,39.73795118444194,45.49113199548218,45.63341888716929,44.10605147577724,0.3091003291831676,0.15356903319093412,0.14665331570077306,0.053577696402714224,1.5273674113920492,5.753180811040238,26.79404571131795,36.877823589483015
/content/drive/MyDrive/Bharatanatyam_Digital_Twin/dataset/posture_images/extracted/new_Dataset/Samapadam Augmented/dr_2_1883.jpg,dr_2_1883.jpg,Samapadam Augmented,confidence_0.2,81.07715708156456,95.0277872340505,68.46573575716147,61.689620479561455,131.3137293750534,136.6044077300465,159.65750976221446,162.507951186292,0.2855840138951084,0.147098267484597,0.146723065535653,0.11153949079552679,2.8504414240775304,5.2906783549930765,13.950630152485942,6.776115277600013
/content/drive/MyDrive/Bharatanatyam_Digital_Twin/dataset/posture_images/extracted/new_Dataset/Samapadam Augmented/dr_2_1914.jpg,dr_2_1914.jpg,Samapadam Augmented,confidence_0.2,87.83778899957844,58.4694307202434,55.90920209446813,62.716407278097684,91.16849781106188,64.51492774136968,76.8620126727165,68.84006931951878,0.25920557534810323,0.14916350253889715,0.28001110979105315,0.366957239820945,8.021943353197727,26.653570069692208,29.368358279335034,6.807205183629556
/content/drive/MyDrive/Bharatanatyam_Digital_Twin/dataset/posture_images/extracted/new_Dataset/Samapadam Augmented/dr_2_2128.jpg,dr_2_2128.jpg,Samapadam Augmented,confidence_0.2,100.56921043359752,72.22697455430566,51.72151231486557,56.32643390656743,134.595307461692,125.40332501084534,96.22600226986525,87.90730615549668,0.29057854543016487,0.1651222809949468,0.14186750994033157,0.1383623254522354,8.318696114368564,9.191982450846652,28.342235879291863,4.60492159170186
/content/drive/MyDrive/Bharatanatyam_Digital_Twin/dataset/posture_images/extracted/new_Dataset/Samapadam Augmented/dr_2_2223.jpg,dr_2_2223.jpg,Samapadam Augmented,confidence_0.2,108.00738368804528,99.07983707953022,44.08691420427499,47.8950835879129,130.40804459521672,65.90785706881942,104.15124036912279,51.88886220123375,0.26055903049793633,0.15030662254780663,0.4911111193984193,0.8071297651238816,52.26237816788904,64.5001875263973,8.927546608515058,3.8081693836379102
/content/drive/MyDrive/Bharatanatyam_Digital_Twin/dataset/posture_images/extracted/new_Dataset/Samapadam Augmented/dr_2_2426.jpg,dr_2_2426.jpg,Samapadam Augmented,confidence_0.2,138.5627891588198,129.633179338974,84.99732176672843,95.81969620353968,76.40747251787053,90.84167860599221,167.5928089517993,170.47363861479266,0.32355716834611525,0.1668354707176145,0.1727749676026514,0.1322132361549812,2.8808296629933636,14.434206088121684,8.929609819845808,10.822374436811245
/content/drive/MyDrive/Bharatanatyam_Digital_Twin/dataset/posture_images/extracted/new_Dataset/Samapadam Augmented/dr_2_2502.jpg,dr_2_2502.jpg,Samapadam Augmented,confidence_0.2,74.77617749183698,80.7644785607375,80.82839976176366,93.17458457203816,85.80058135929615,69.13870235812627,43.91710352458309,78.26900424128821,0.3054865843992965,0.18321464927532244,0.26056340153806445,0.4915899524147466,34.351900716705124,16.66187900116988,5.988301068900526,12.346184810274494
/content/drive/MyDrive/Bharatanatyam_Digital_Twin/dataset/posture_images/extracted/new_Dataset/Samapadam Augmented/dr_2_256.jpg,dr_2_256.jpg,Samapadam Augmented,confidence_0.2,98.72523175018965,110.16252037055895,37.370134020079696,37.971896764150124,142.03080001388014,167.0172906975544,119.99544188303219,148.3859112438883,0.25480689205339474,0.14121703923187023,0.14867862815901983,0.11246759734126849,28.390469360856116,24.986490683674248,11.437288620369301,0.6017627440704274
/content/drive/MyDrive/Bharatanatyam_Digital_Twin/dataset/posture_images/extracted/new_Dataset/Samapadam Augmented/dr_2_2624.jpg,dr_2_2624.jpg,Samapadam Augmented,confidence_0.2,65.16960155516855,63.00345998312015,56.77249364712847,54.57907798644036,87.62181889629159,50.91061774405392,77.82560849849423,44.46969418809363,0.2748348560572801,0.14204517006337578,0.38128750898006825,0.43960147276163086,33.35591431040061,36.71120115223766,2.166141572048403,2.1934156606881103
/content/drive/MyDrive/Bharatanatyam_Digital_Twin/dataset/posture_images/extracted/new_Dataset/Samapadam Augmented/dr_2_2716.jpg,dr_2_2716.jpg,Samapadam Augmented,confidence_0.2,74.76224916770741,84.76060537879486,62.61541971677702,105.91973109320034,74.40101051664077,36.711215243467194,78.11310005739831,54.94645621226901,0.32716317124891026,0.18182974738287336,0.3715941659436015,0.4459992679767669,23.1666438451293,37.68979527317357,9.998356211087454,43.30431137642332
/content/drive/MyDrive/Bharatanatyam_Digital_Twin/dataset/posture_images/extracted/new_Dataset/Samapadam Augmented/dr_2_3060.jpg,dr_2_3060.jpg,Samapadam Augmented,confidence_0.2,96.94979366169447,90.85452374835,39.93095803977706,46.03409172373768,75.68680930309824,56.53845966495285,77.42857748909039,60.34412295182754,0.26911892764093154,0.15024091525349936,0.17479564171723985,0.14958538492250234,17.084454537262843,19.14834963814539,6.095269913344467,6.103133683960621
/content/drive/MyDrive/Bharatanatyam_Digital_Twin/dataset/posture_images/extracted/new_Dataset/Samapadam Augmented/dr_2_3301.jpg,dr_2_3301.jpg,Samapadam Augmented,confidence_0.2,85.75064783327703,129.68579239965666,59.42858466423136,40.246663710248015,144.59288395733805,146.67735682075028,72.23196744246205,82.92032585413835,0.3365473669554076,0.18927831708929924,0.1612870309411644,0.09610894095530291,10.688358411676305,2.0844728634122305,43.935144566379634,19.181920953983344
/content/drive/MyDrive/Bharatanatyam_Digital_Twin/dataset/posture_images/extracted/new_Dataset/Samapadam Augmented/dr_2_3570.jpg,dr_2_3570.jpg,Samapadam Augmented,confidence_0.2,101.20114992624067,60.7975013267797,55.51984739757357,61.77296498659715,108.92944022256312,72.2602867546794,71.21738458283207,34.888744781215145,0.3674950489022823,0.19269666424893375,0.5380642139440559,0.7459963013096074,36.32863980161692,36.66915346788372,40.40364859946097,6.2531175890235815
/content/drive/MyDrive/Bharatanatyam_Digital_Twin/dataset/posture_images/extracted/new_Dataset/Samapadam Augmented/dr_2_3603.jpg,dr_2_3603.jpg,Samapadam Augmented,confidence_0.2,78.63756567855029,103.30008510141096,77.99284708897706,84.96512189519586,74.65993381250395,70.79602412239703,40.759559514174626,55.25620517257593,0.3508055799397622,0.18217722579976678,0.21427055270869538,0.1835264749969076,14.496645658401306,3.8639096901069223,24.66251942286067,6.972274806218806
/content/drive/MyDrive/Bharatanatyam_Digital_Twin/dataset/posture_images/extracted/new_Dataset/Samapadam Augmented/dr_2_3656.jpg,dr_2_3656.jpg,Samapadam Augmented,confidence_0.2,65.61850365895651,81.49374250748474,65.77177934687765,82.84191922053769,133.99534990328024,67.98203520380872,95.05310332287647,38.96826168442868,0.33428958665830194,0.15184815007942393,0.5687929444480293,0.7184000158705637,56.084841638447784,66.01331469947152,15.875238848528227,17.07013987366004
/content/drive/MyDrive/Bharatanatyam_Digital_Twin/dataset/posture_images/extracted/new_Dataset/Samapadam Augmented/dr_2_3678.jpg,dr_2_3678.jpg,Samapadam Augmented,confidence_0.2,76.05815816403613,117.7700170213823,92.25995825871755,99.86016223922597,72.43227944489303,78.55850651216792,49.331620682605404,56.41749078576731,0.283666523070465,0.15469288713577387,0.16602716264851874,0.17407568799916587,7.085870103161909,6.126227067274897,41.71185885734617,7.600203980508425
/content/drive/MyDrive/Bharatanatyam_Digital_Twin/dataset/posture_images/extracted/new_Dataset/Samapadam Augmented/dr_2_3851.jpg,dr_2_3851.jpg,Samapadam Augmented,confidence_0.2,62.25175553987926,101.28735119968283,70.34922482370143,95.43443745861278,63.130202063945255,55.0294969684999,40.617646809111676,55.1429017763967,0.30876456033499744,0.15895892045139184,0.2156141611968914,0.2658957172312808,14.525254967285022,8.100705095445356,39.03559565980357,25.085212634911343
/content/drive/MyDrive/Bharatanatyam_Digital_Twin/dataset/posture_images/extracted/new_Dataset/Samapadam Augmented/dr_2_3867.jpg,dr_2_3867.jpg,Samapadam Augmented,confidence_0.2,65.35588209010871,124.45298693053684,75.95461867967816,57.61221035981594,129.57373790732794,129.42337449741535,49.10200801677477,69.45079050459141,0.26767969005801784,0.15140727945735136,0.14239957117926288,0.1755212554036485,20.348782487816642,0.15036340991258612,59.09710484042813,18.342408319862223
/content/drive/MyDrive/Bharatanatyam_Digital_Twin/dataset/posture_images/extracted/new_Dataset/Samapadam Augmented/dr_2_3940.jpg,dr_2_3940.jpg,Samapadam Augmented,confidence_0.2,61.30906466742464,64.35675893888674,76.0966399226905,80.8910451313421,113.55082605435176,59.5757187356371,100.57614340609426,75.24440455551994,0.3125938471729852,0.19469721347324626,0.5349948340410811,0.9371764545525852,25.331738850574325,53.975107318714656,3.047694271462099,4.794405208651597
/content/drive/MyDrive/Bharatanatyam_Digital_Twin/dataset/posture_images/extracted/new_Dataset/Samapadam Augmented/dr_2_3949.jpg,dr_2_3949.jpg,Samapadam Augmented,confidence_0.2,66.66777237997432,62.10582791545649,81.60408765420709,66.59988452515587,52.0950163142289,59.71933730661124,47.16775860074793,58.591384853642644,0.26491468271830076,0.14366690281453454,0.18057704493746493,0.10742433847285149,11.423626252894714,7.624320992382337,4.561944464517836,15.00420312905122
/content/drive/MyDrive/Bharatanatyam_Digital_Twin/dataset/posture_images/extracted/new_Dataset/Samapadam Augmented/dr_2_396.jpg,dr_2_396.jpg,Samapadam Augmented,confidence_0.2,99.90508944912762,123.53536443521654,39.224873167935165,48.5836351305594,94.66692423540917,93.00289627114233,89.23050279738564,134.94648247161476,0.29729495394880806,0.16829810960400143,0.03611273380461957,0.2608627269295652,45.71597967422912,1.664027964266836,23.63027498608892,9.358761962624236
/content/drive/MyDrive/Bharatanatyam_Digital_Twin/dataset/posture_images/extracted/new_Dataset/Samapadam Augmented/dr_2_4190.jpg,dr_2_4190.jpg,Samapadam Augmented,confidence_0.2,89.44389677932598,62.13644972185617,53.605361929580276,87.41601455221233,50.089701877163144,37.58809900394334,42.34718912989896,49.05545221665682,0.26844650686081273,0.15975115875972784,0.18128366754514905,0.2980440378976997,6.70826308675786,12.501602873219802,27.307447057469815,33.810652622632055
/content/drive/MyDrive/Bharatanatyam_Digital_Twin/dataset/posture_images/extracted/new_Dataset/Samapadam Augmented/dr_2_4209.jpg,dr_2_4209.jpg,Samapadam Augmented,confidence_0.2,88.19884438921827,58.837969107602376,60.299062122749454,68.52727115797384,91.54079223657882,101.56710295972907,49.28957166299588,53.82215318882753,0.2929097686056798,0.15164025217025448,0.14145681656608772,0.07198045558438534,4.532581525831645,10.026310723150246,29.36087528161589,8.228209035224388
/content/drive/MyDrive/Bharatanatyam_Digital_Twin/dataset/posture_images/extracted/new_Dataset/Samapadam Augmented/dr_2_501.jpg,dr_2_501.jpg,Samapadam Augmented,confidence_0.2,86.00946319506663,82.65886180606475,45.654452272355016,50.15881546656585,113.50924635366286,87.97294878896597,97.62855831225637,69.10412801678122,0.26871229485528436,0.1480018550112706,0.1900726577668398,0.17440492243649303,28.524430295475156,25.536297564696895,3.3506013890018806,4.504363194210832
/content/drive/MyDrive/Bharatanatyam_Digital_Twin/dataset/posture_images/extracted/new_Dataset/Samapadam Augmented/dr_2_5017.jpg,dr_2_5017.jpg,Samapadam Augmented,confidence_0.2,133.85324739447853,132.65683546041996,40.47847054008394,32.00476732711404,168.66150811255346,167.39641839998671,147.48291644895886,154.19971933987568,0.2912308982193775,0.1461741862666982,0.1849929722329124,0.15892335367579943,6.716802890916824,1.2650897125667484,1.196411934058574,8.473703212969902
/content/drive/MyDrive/Bharatanatyam_Digital_Twin/dataset/posture_images/extracted/new_Dataset/Samapadam Augmented/dr_2_505.jpg,dr_2_505.jpg,Samapadam Augmented,confidence_0.2,54.58617804085681,114.89647219099574,81.77138413304307,82.54694674230976,98.03178001832329,103.01880771181067,50.72172337306798,58.853481012177134,0.2928312220929196,0.1624983780829495,0.20023382801804884,0.20651809862935425,8.131757639109154,4.987027693487377,60.31029415013893,0.7755626092666859
/content/drive/MyDrive/Bharatanatyam_Digital_Twin/dataset/posture_images/extracted/new_Dataset/Samapadam Augmented/dr_2_5114.jpg,dr_2_5114.jpg,Samapadam Augmented,confidence_0.2,80.32236645897206,47.445826318985965,67.26056739908078,78.66165333708945,86.14975175749416,49.56153308501276,61.989812971240134,56.41809517540076,0.32465930762117373,0.17091162242162722,0.25949572484035427,0.3868848465230348,5.571717795839376,36.588218672481396,32.87654013998609,11.401085938008663
/content/drive/MyDrive/Bharatanatyam_Digital_Twin/dataset/posture_images/extracted/new_Dataset/Samapadam Augmented/dr_2_5144.jpg,dr_2_5144.jpg,Samapadam Augmented,confidence_0.2,100.53156730793197,83.7130264449528,112.16271565444217,97.7486462156742,36.12486843993029,37.78931455276128,71.5565094152508,46.246606788208645,0.33324432999146564,0.19012210742324534,0.18140965269884757,0.2166652954486277,25.309902627042156,1.6644461128309942,16.818540862979162,14.414069438767967
/content/drive/MyDrive/Bharatanatyam_Digital_Twin/dataset/posture_images/extracted/new_Dataset/Samapadam Augmented/dr_2_5392.jpg,dr_2_5392.jpg,Samapadam Augmented,confidence_0.2,86.37679993921134,98.60635383967768,45.76512158294416,34.44326342575135,52.32804972994227,50.01134639781485,61.51333103235837,58.3720049164247,0.3334514819849795,0.1844973678311864,0.15385921935727764,0.14966845711430604,3.1413261159336727,2.3167033321274246,12.229553900466342,11.321858157192814
/content/drive/MyDrive/Bharatanatyam_Digital_Twin/dataset/posture_images/extracted/new_Dataset/Samapadam Augmented/dr_2_5578.jpg,dr_2_5578.jpg,Samapadam Augmented,confidence_0.2,85.39473499583632,114.347675496633,68.91192015165821,58.39318293796853,147.98686653787536,149.1145305268035,74.2348924683409,75.13225082297566,0.3414266998505532,0.15079047605615614,0.1997486448315613,0.12241318594898873,0.8973583546347612,1.1276639889281341,28.952940500796686,10.518737213689676
/content/drive/MyDrive/Bharatanatyam_Digital_Twin/dataset/posture_images/extracted/new_Dataset/Samapadam Augmented/dr_2_5832.jpg,dr_2_5832.jpg,Samapadam Augmented,confidence_0.2,49.600808876315,115.79896749249623,88.1224998843153,67.25727077000106,122.98877515537102,127.86828484238735,71.40163528144548,75.68165946097346,0.3369585777146025,0.1597159694739037,0.21454127721804053,0.19652083740678833,4.2800241795279845,4.879509687016338,66.19815861618123,20.865229114314246
/content/drive/MyDrive/Bharatanatyam_Digital_Twin/dataset/posture_images/extracted/new_Dataset/Samapadam Augmented/dr_2_5891.jpg,dr_2_5891.jpg,Samapadam Augmented,confidence_0.2,75.11824478678058,96.89398154493976,64.36630430261708,100.07620499905937,71.86368171579201,52.025485399686374,50.89072802795084,61.6151737161021,0.2707448306216572,0.13781569531388857,0.36253753314391324,0.5727722176191368,10.724445688151256,19.838196316105638,21.775736758159184,35.70990069644229
/content/drive/MyDrive/Bharatanatyam_Digital_Twin/dataset/posture_images/extracted/new_Dataset/Samapadam Augmented/dr_2_6735.jpg,dr_2_6735.jpg,Samapadam Augmented,confidence_0.2,70.04624871486445,86.00797438036791,79.14557199408807,97.3994594868539,81.24381449629882,69.09012722338822,37.7628341786655,49.853959348749065,0.2818272080300172,0.15128517463466687,0.2517010400633448,0.4436900224162223,12.091125170083565,12.153687272910602,15.961725665503465,18.253887492765827
/content/drive/MyDrive/Bharatanatyam_Digital_Twin/dataset/posture_images/extracted/new_Dataset/Samapadam Augmented/dr_2_6954.jpg,dr_2_6954.jpg,Samapadam Augmented,confidence_0.2,98.3129418069699,61.408023887940914,58.823578271026456,62.43221810351069,156.58613263171162,82.89584007917927,115.70426441138248,58.718153487204894,0.27422980778612077,0.1459506761014687,0.6372632268696062,0.907514078748442,56.98611092417759,73.69029255253236,36.90491791902899,3.6086398324842364
/content/drive/MyDrive/Bharatanatyam_Digital_Twin/dataset/posture_images/extracted/new_Dataset/Samapadam Augmented/dr_2_7069.jpg,dr_2_7069.jpg,Samapadam Augmented,confidence_0.2,98.48607366962837,83.54851900469605,54.33361038861049,52.27372100761133,152.80867610099426,99.93383600003321,115.86396103895044,69.65641148716954,0.2677129172071418,0.1393304557643496,0.2674830203569,0.35329602282985345,46.2075495517809,52.87484010096105,14.937554664932321,2.0598893809991594
/content/drive/MyDrive/Bharatanatyam_Digital_Twin/dataset/posture_images/extracted/new_Dataset/Samapadam Augmented/dr_2_7070.jpg,dr_2_7070.jpg,Samapadam Augmented,confidence_0.2,65.17294642861903,126.46671536074399,66.7754228479398,43.510778787180634,141.1668621291093,138.94054957072996,72.71816420329229,78.22496018223129,0.3512218962663366,0.2154821615065092,0.17950183163191996,0.10721251055226208,5.506795978938996,2.226312558379334,61.29376893212496,23.26464406075916
/content/drive/MyDrive/Bharatanatyam_Digital_Twin/dataset/posture_images/extracted/new_Dataset/Samapadam Augmented/dr_2_7137.jpg,dr_2_7137.jpg,Samapadam Augmented,confidence_0.2,60.02504644567744,120.56981872758686,79.62342461549294,48.95332833800215,150.90985183823742,149.7634156053495,64.14245996938826,74.67234835137023,0.26804145936328605,0.13320166141427198,0.18315284693850511,0.1776756024391391,10.529888381981976,1.1464362328879076,60.544772281909424,30.670096277490785
/content/drive/MyDrive/Bharatanatyam_Digital_Twin/dataset/posture_images/extracted/new_Dataset/Samapadam Augmented/dr_2_7355.jpg,dr_2_7355.jpg,Samapadam Augmented,confidence_0.2,76.46930598680598,124.59437192806165,95.52781526265437,113.70016997550913,56.60199015228684,63.036006731567056,55.330658278453654,62.06131785215373,0.25674805130373973,0.1311218708878074,0.15239590016760757,0.1427146032679631,6.730659573700073,6.434016579280218,48.12506594125567,18.172354712854755
/content/drive/MyDrive/Bharatanatyam_Digital_Twin/dataset/posture_images/extracted/new_Dataset/Samapadam Augmented/dr_2_7880.jpg,dr_2_7880.jpg,Samapadam Augmented,confidence_0.2,65.59516682637488,119.23471534470671,76.08985109798151,45.837465199637975,150.82416199122324,150.8193430682782,77.57744450585443,101.30711267945982,0.24997344745639663,0.14076742447145346,0.14438225748709432,0.20467941238093076,23.72966817360539,0.004818922945048598,53.639548518331836,30.252385898343533
/content/drive/MyDrive/Bharatanatyam_Digital_Twin/dataset/posture_images/extracted/new_Dataset/Samapadam Augmented/dr_2_7937.jpg,dr_2_7937.jpg,Samapadam Augmented,confidence_0.2,66.5801734980264,124.0339041020203,80.4678046189277,41.82173144369598,157.28084294672882,155.1871301231488,49.258591773874166,71.73737851827283,0.30186913691196265,0.14691980764340515,0.351653519873686,0.5262724366176761,22.47878674439867,2.0937128235800344,57.453730603993904,38.64607317523172
/content/drive/MyDrive/Bharatanatyam_Digital_Twin/dataset/posture_images/extracted/new_Dataset/Samapadam Augmented/dr_2_868.jpg,dr_2_868.jpg,Samapadam Augmented,confidence_0.2,90.73151450874072,83.55454908195367,45.259498858866365,46.180583926788046,44.188582591201026,37.93270626231047,44.289594742546,40.92582129043479,0.2902507682919564,0.1686271348996003,0.2897308654072491,0.391722089382545,3.363773452111211,6.255876328890558,7.176965426787049,0.9210850679216804
/content/drive/MyDrive/Bharatanatyam_Digital_Twin/dataset/posture_images/extracted/new_Dataset/Samapadam Augmented/dr_2_8803.jpg,dr_2_8803.jpg,Samapadam Augmented,confidence_0.2,80.27992630891144,59.92801557406423,41.71224842265439,58.77437371489303,73.76853002757984,62.54200909375947,66.99539333988909,60.114166600652545,0.27682184555201483,0.1481729917892703,0.12762682027959663,0.14737340742007124,6.881226739236546,11.226520933820375,20.35191073484721,17.06212529223864
/content/drive/MyDrive/Bharatanatyam_Digital_Twin/dataset/posture_images/extracted/new_Dataset/Samapadam Augmented/dr_2_8888.jpg,dr_2_8888.jpg,Samapadam Augmented,confidence_0.2,113.19173866205242,98.4964375300558,38.065469746100284,39.73624738866213,136.6790881465377,134.47037195748035,116.37984592465985,117.61762295931032,0.24637108459579019,0.13937103986899577,0.12423910845646986,0.17138493183359266,1.2377770346504775,2.2087161890573555,14.695301131996615,1.6707776425618448
/content/drive/MyDrive/Bharatanatyam_Digital_Twin/dataset/posture_images/extracted/new_Dataset/Samapadam Augmented/dr_2_9474.jpg,dr_2_9474.jpg,Samapadam Augmented,confidence_0.2,147.44486977951212,111.47470053909299,99.30850491628041,70.32904763477397,151.36054416432555,155.38676749057464,163.67516929059198,168.25582868037412,0.09186552600704048,0.03880151768220532,0.07171616358707636,0.04476153602760958,4.5806593897821415,4.026223326249095,35.970169240419125,28.97945728150644
/content/drive/MyDrive/Bharatanatyam_Digital_Twin/dataset/posture_images/extracted/new_Dataset/Samapadam Augmented/dr_2_9649.jpg,dr_2_9649.jpg,Samapadam Augmented,confidence_0.2,57.18862803255696,92.51891542977286,69.92173853268959,84.2022165800652,68.22907230717185,68.31161061205523,39.945003924155436,57.561357827806916,0.26462007003777777,0.14398656947965555,0.17881521982740223,0.3394528855915268,17.61635390365148,0.08253830488338565,35.3302873972159,14.28047804737561
/content/drive/MyDrive/Bharatanatyam_Digital_Twin/dataset/posture_images/extracted/new_Dataset/Samapadam Augmented/dr_2_974.jpg,dr_2_974.jpg,Samapadam Augmented,confidence_0.2,80.75333137775345,64.27266043198684,49.894845302476774,86.97962070822075,40.54777754738655,34.29819880791355,39.73868278092399,47.47266076291721,0.25904164633026805,0.1510911348472629,0.1292012235139152,0.15611692179687292,7.73397798199322,6.249578739473002,16.48067094576662,37.084775405743976
/content/drive/MyDrive/Bharatanatyam_Digital_Twin/dataset/posture_images/extracted/new_Dataset/Samapadam Augmented/dr_2_9817.jpg,dr_2_9817.jpg,Samapadam Augmented,confidence_0.2,86.72351858465007,155.77057679184395,124.07965274497016,120.56117932005658,41.08507397327943,32.845876126770364,48.939983206101935,43.42637594171747,0.3160019314023671,0.18273364585658178,0.23604615396674267,0.13449990593733327,5.5136072643844685,8.239197846509065,69.04705820719388,3.51847342491358
/content/drive/MyDrive/Bharatanatyam_Digital_Twin/dataset/posture_images/extracted/new_Dataset/Samapadam Augmented/dr_2_9822.jpg,dr_2_9822.jpg,Samapadam Augmented,confidence_0.2,123.24979490585046,161.1279709521459,44.67431984570599,42.840772755495834,159.24647969176885,160.2537722086888,50.87879590300754,80.10709298098136,0.33530192528315605,0.20029997575907596,0.20775300160886054,0.16683179690504357,29.22829707797382,1.0072925169199323,37.87817604629542,1.8335470902101534
/content/drive/MyDrive/Bharatanatyam_Digital_Twin/dataset/posture_images/extracted/new_Dataset/Samapadam Augmented/dr_3_1037.jpg,dr_3_1037.jpg,Samapadam Augmented,confidence_0.2,115.07776067877194,171.30293323889,50.949165447736995,30.4671192614214,37.73962234290244,64.3539043484656,107.14372945664942,116.11771968475723,0.3397039602629091,0.26413121144869894,0.41010008028758765,0.40940765935255824,8.973990228107809,26.61428200556316,56.22517256011807,20.482046186315596
/content/drive/MyDrive/Bharatanatyam_Digital_Twin/dataset/posture_images/extracted/new_Dataset/Samapadam Augmented/dr_3_1138.jpg,dr_3_1138.jpg,Samapadam Augmented,confidence_0.2,106.14950358351241,123.82424025490253,46.24570874633786,45.51484412193551,145.27445708970222,123.2085159967716,143.15261050335818,128.61348162740427,0.30061618600373163,0.1709299540057088,0.14424782784394807,0.10990090613417194,14.539128875953907,22.06594109293063,17.67473667139012,0.7308646244023507
/content/drive/MyDrive/Bharatanatyam_Digital_Twin/dataset/posture_images/extracted/new_Dataset/Samapadam Augmented/dr_3_121.jpg,dr_3_121.jpg,Samapadam Augmented,confidence_0.2,30.1159339107319,26.15506170141585,53.27149242126753,84.25334449681635,162.2630500795814,151.36396461858993,139.99410632473922,94.38553104364664,0.3124059013695842,0.2192006261768256,0.38370240470587597,0.24521166573603292,45.608575281092584,10.899085460991472,3.960872209316051,30.981852075548822
/content/drive/MyDrive/Bharatanatyam_Digital_Twin/dataset/posture_images/extracted/new_Dataset/Samapadam Augmented/dr_3_1322.jpg,dr_3_1322.jpg,Samapadam Augmented,confidence_0.2,139.81156966032518,154.07683558946601,98.25792411730075,104.89841281177345,132.846131596573,104.57826630784089,119.05742340698208,90.48209583292083,0.2487245553918826,0.1425583038162161,0.20174954616547688,0.25960854322878096,28.575327574061248,28.26786528873211,14.265265929140838,6.640488694472708
/content/drive/MyDrive/Bharatanatyam_Digital_Twin/dataset/posture_images/extracted/new_Dataset/Samapadam Augmented/dr_3_1403.jpg,dr_3_1403.jpg,Samapadam Augmented,confidence_0.2,159.45673305908917,102.36010143686359,38.420586826997585,35.083490906905084,168.40974950093803,168.24417448420962,130.52832620074543,125.07521428800787,0.21730851448598604,0.1263403228077715,0.08608486916464439,0.062073311569001206,5.453111912737555,0.16557501672841113,57.09663162222559,3.3370959200925014
/content/drive/MyDrive/Bharatanatyam_Digital_Twin/dataset/posture_images/extracted/new_Dataset/Samapadam Augmented/dr_3_1408.jpg,dr_3_1408.jpg,Samapadam Augmented,confidence_0.2,114.39008756156895,132.4420384303123,32.38414316229484,48.756469428306076,109.72152168063573,123.148538845323,164.85787769034124,152.48987376505627,0.22641445554560857,0.1392029139701772,0.3574223048753185,0.38854366788323313,12.368003925284967,13.427017164687271,18.051950868743347,16.372326266011235
/content/drive/MyDrive/Bharatanatyam_Digital_Twin/dataset/posture_images/extracted/new_Dataset/Samapadam Augmented/dr_3_144.jpg,dr_3_144.jpg,Samapadam Augmented,confidence_0.2,79.5788441579225,76.65132688254604,56.68369609034791,41.85606822856307,144.6837239112339,136.8442585278879,110.73919421016738,92.73927167514422,0.2715860090521523,0.15632512211827318,0.18989237130221556,0.17516545150063065,17.99992253502316,7.83946538334601,2.9275172753764593,14.82762786178484
/content/drive/MyDrive/Bharatanatyam_Digital_Twin/dataset/posture_images/extracted/new_Dataset/Samapadam Augmented/dr_3_1770.jpg,dr_3_1770.jpg,Samapadam Augmented,confidence_0.2,51.502378171642576,118.15667094925236,44.512012775346435,44.107674938413055,136.66464227298914,125.65640384396697,118.34444459414881,109.93658200460531,0.2556266989602445,0.15075415351818117,0.13642581616684182,0.0758086723840292,8.407862589543498,11.008238429022171,66.65429277760978,0.40433783693337944
/content/drive/MyDrive/Bharatanatyam_Digital_Twin/dataset/posture_images/extracted/new_Dataset/Samapadam Augmented/dr_3_1888.jpg,dr_3_1888.jpg,Samapadam Augmented,confidence_0.2,126.19799707422133,108.57094654040277,5.535218939432189,6.202686600769671,156.22736736800212,150.63773374248652,156.09451519402603,151.6120871033628,0.1740631612053587,0.13926996366054248,0.4395787619265892,0.38322218011100767,4.482428090663234,5.589633625515603,17.62705053381856,0.6674676613374819
/content/drive/MyDrive/Bharatanatyam_Digital_Twin/dataset/posture_images/extracted/new_Dataset/Samapadam Augmented/dr_3_1938.jpg,dr_3_1938.jpg,Samapadam Augmented,confidence_0.2,145.1387723909981,166.86017747497434,82.01638609581858,89.12218267147745,170.86661389008898,167.62441336674766,125.57802145693252,101.3374679121774,0.30717368574091014,0.1937355586462292,0.21696757683064094,0.19616549296703045,24.240553544755116,3.2422005233413245,21.721405083976236,7.1057965756588715
/content/drive/MyDrive/Bharatanatyam_Digital_Twin/dataset/posture_images/extracted/new_Dataset/Samapadam Augmented/dr_3_2024.jpg,dr_3_2024.jpg,Samapadam Augmented,confidence_0.2,95.22188074911377,59.41925741966761,4.774781179336797,54.545796767892135,141.5202092893135,154.13193879791962,167.61287790845162,163.55285886881794,0.22571429462931974,0.09542693306289048,0.2662588639501607,0.2168535245385825,4.060019039633687,12.611729508606118,35.802623329446156,49.771015588555336
/content/drive/MyDrive/Bharatanatyam_Digital_Twin/dataset/posture_images/extracted/new_Dataset/Samapadam Augmented/dr_3_2405.jpg,dr_3_2405.jpg,Samapadam Augmented,confidence_0.2,142.21778956053572,113.52870784602435,71.3940463515681,87.85236667863836,170.39199994287353,155.21128179562314,112.66225266457951,90.65962791873719,0.33469727473561345,0.21215052477239923,0.26659049084675407,0.22433066652545364,22.002624745842326,15.180718147250388,28.689081714511374,16.45832032707027
/content/drive/MyDrive/Bharatanatyam_Digital_Twin/dataset/posture_images/extracted/new_Dataset/Samapadam Augmented/dr_3_2554.jpg,dr_3_2554.jpg,Samapadam Augmented,confidence_0.2,167.83640604578477,133.52440041613312,63.71678749798247,36.57943534030416,130.39735107898343,110.39198294652516,135.86677143172074,91.78533366155524,0.2652601332983856,0.1765866877943274,0.158823088739634,0.17529501561378205,44.08143777016549,20.005368132458273,34.31200562965165,27.137352157678315
/content/drive/MyDrive/Bharatanatyam_Digital_Twin/dataset/posture_images/extracted/new_Dataset/Samapadam Augmented/dr_3_2571.jpg,dr_3_2571.jpg,Samapadam Augmented,confidence_0.2,81.76831610678633,53.25288082964414,72.93898683057873,71.2454727512414,173.04573439459796,172.4787528809849,118.28789487642432,119.34346183777006,0.2920832643556821,0.168744617348659,0.12492414076721456,0.06672415574199755,1.0555669613457468,0.566981513613058,28.51543527714219,1.6935140793373336
/content/drive/MyDrive/Bharatanatyam_Digital_Twin/dataset/posture_images/extracted/new_Dataset/Samapadam Augmented/dr_3_2578.jpg,dr_3_2578.jpg,Samapadam Augmented,confidence_0.2,68.30573554586249,137.52496140546705,70.17441762147199,51.65821499899787,84.9890349568394,108.69468233309931,76.68174536958855,81.6622823095875,0.2947910830589337,0.20298831052985805,0.177728789450042,0.19780220569571952,4.980536939998942,23.705647376259904,69.21922585960456,18.51620262247412
/content/drive/MyDrive/Bharatanatyam_Digital_Twin/dataset/posture_images/extracted/new_Dataset/Samapadam Augmented/dr_3_2591.jpg,dr_3_2591.jpg,Samapadam Augmented,confidence_0.2,107.48984830283347,82.37688657170278,78.9965896963972,65.90933769566182,117.13237885688494,82.16792936564437,113.27518586535169,79.79778120739186,0.2733636499612224,0.15654863001153724,0.1998626036379284,0.14366332095480952,33.47740465795982,34.96444949124057,25.11296173113068,13.087252000735376
/content/drive/MyDrive/Bharatanatyam_Digital_Twin/dataset/posture_images/extracted/new_Dataset/Samapadam Augmented/dr_3_3036.jpg,dr_3_3036.jpg,Samapadam Augmented,confidence_0.2,77.88676403103456,68.82704689705754,71.09436379035041,67.87141504192171,140.97957945478666,133.4572736932357,125.37722025946361,115.51187332606153,0.23836240820893906,0.12800067704242526,0.10544006670367721,0.05642446730781817,9.86534693340208,7.522305761550967,9.059717133977017,3.2229487484287063
/content/drive/MyDrive/Bharatanatyam_Digital_Twin/dataset/posture_images/extracted/new_Dataset/Samapadam Augmented/dr_3_4014.jpg,dr_3_4014.jpg,Samapadam Augmented,confidence_0.2,170.00171985431493,158.34656378522203,87.31653234405472,90.31407954345048,156.64604711922698,176.03877889328706,140.78430430299278,109.48378069996569,0.30052290769998696,0.19729187674005347,0.17469815485804205,0.1443104891714686,31.300523603027088,19.39273177406008,11.655156069092897,2.997547199395754
/content/drive/MyDrive/Bharatanatyam_Digital_Twin/dataset/posture_images/extracted/new_Dataset/Samapadam Augmented/dr_3_4054.jpg,dr_3_4054.jpg,Samapadam Augmented,confidence_0.2,76.69504954868862,146.05118552113316,49.10484094855957,30.820958977252225,154.0669650592157,132.28204601604668,141.79989817897223,125.09722944983062,0.25992738054348224,0.150471619881286,0.11843994290849372,0.09240001167066163,16.702668729141607,21.784919043169026,69.35613597244455,18.283881971307345
/content/drive/MyDrive/Bharatanatyam_Digital_Twin/dataset/posture_images/extracted/new_Dataset/Samapadam Augmented/dr_3_4171.jpg,dr_3_4171.jpg,Samapadam Augmented,confidence_0.2,106.15150281771692,112.70902738820354,43.24324103503726,38.91314800923637,165.06385290707826,174.33704859233825,122.16706245467789,126.97098029038584,0.25635494535905884,0.14654649372418607,0.11977393702955098,0.06378699123076315,4.803917835707949,9.273195685259992,6.5575245704866205,4.330093025800885
/content/drive/MyDrive/Bharatanatyam_Digital_Twin/dataset/posture_images/extracted/new_Dataset/Samapadam Augmented/dr_3_4445.jpg,dr_3_4445.jpg,Samapadam Augmented,confidence_0.2,93.69207076870373,109.91533152539577,50.577094323618,10.390508719222128,130.21658049322977,153.66805867347273,174.63579624116875,116.57602106097049,0.24535165836811515,0.10596244549123686,0.2428106438553818,0.16314613772488237,58.05977518019826,23.451478180242958,16.223260756692042,40.18658560439587
/content/drive/MyDrive/Bharatanatyam_Digital_Twin/dataset/posture_images/extracted/new_Dataset/Samapadam Augmented/dr_3_4513.jpg,dr_3_4513.jpg,Samapadam Augmented,confidence_0.2,116.08593650974835,132.39093015000248,99.48447000061644,116.27239688803225,133.576245784305,162.40307082295695,133.80600550358434,98.92879454105991,0.2866883056458347,0.1949295488650324,0.31837017602581147,0.3451047457345269,34.87721096252443,28.826825038651947,16.304993640254125,16.787926887415807
/content/drive/MyDrive/Bharatanatyam_Digital_Twin/dataset/posture_images/extracted/new_Dataset/Samapadam Augmented/dr_3_4706.jpg,dr_3_4706.jpg,Samapadam Augmented,confidence_0.2,53.2601888692441,113.11374054830563,67.07156047996845,67.25256782756063,172.88336609231837,175.76557564690768,134.1768712188446,130.16668561544174,0.3181800770139384,0.17691860523030384,0.15812333837903414,0.19949223471303895,4.010185603402874,2.882209554589309,59.85355167906153,0.18100734759217119
/content/drive/MyDrive/Bharatanatyam_Digital_Twin/dataset/posture_images/extracted/new_Dataset/Samapadam Augmented/dr_3_4846.jpg,dr_3_4846.jpg,Samapadam Augmented,confidence_0.2,45.485589209749584,132.54991063851563,55.33467232363239,93.48596556216273,157.37774971253648,170.78447286312783,167.5751760313763,167.44840582205393,0.08136533951113264,0.05213237397301204,0.13460385412338305,0.17904707609904738,0.12677020932235905,13.406723150591347,87.06432142876605,38.15129323853034
/content/drive/MyDrive/Bharatanatyam_Digital_Twin/dataset/posture_images/extracted/new_Dataset/Samapadam Augmented/dr_3_4961.jpg,dr_3_4961.jpg,Samapadam Augmented,confidence_0.2,110.12758788299098,110.8816236284143,48.632626466331466,106.10087920835376,146.642965115535,141.9335599990263,81.84610321884523,106.24056509142756,0.1196355201078634,0.09042378928276563,0.16562961515971047,0.09830946106024809,24.394461872582326,4.709405116508691,0.7540357454233231,57.468252742022294
/content/drive/MyDrive/Bharatanatyam_Digital_Twin/dataset/posture_images/extracted/new_Dataset/Samapadam Augmented/dr_3_5026.jpg,dr_3_5026.jpg,Samapadam Augmented,confidence_0.2,101.41625113873877,172.31184406064432,137.5963601006271,94.86532785902817,10.317058695129614,49.87255654901105,167.11172040696547,97.0245410578965,0.08085471077712285,0.05031850087897927,0.22781159630221687,0.18053592492264417,70.08717934906898,39.555497853881434,70.89559292190555,42.731032241598925
/content/drive/MyDrive/Bharatanatyam_Digital_Twin/dataset/posture_images/extracted/new_Dataset/Samapadam Augmented/dr_3_5260.jpg,dr_3_5260.jpg,Samapadam Augmented,confidence_0.2,123.8145774555272,143.3106487138161,51.85044058211587,41.49139893561246,132.0009786918146,128.31059502086254,82.27685094617301,64.66559727425702,0.2676539359423421,0.14994940467386988,0.22174509014919133,0.17489485917751704,17.61125367191599,3.690383670952059,19.496071258288907,10.359041646503414
/content/drive/MyDrive/Bharatanatyam_Digital_Twin/dataset/posture_images/extracted/new_Dataset/Samapadam Augmented/dr_3_528.jpg,dr_3_528.jpg,Samapadam Augmented,confidence_0.2,136.96573805629103,94.90877815614861,53.234900883829994,52.63307469872693,156.87105204132314,170.73490938534655,160.66563340034844,163.37717961569777,0.16289790866771983,0.11263755367715687,0.2405463204243244,0.2775067006916998,2.7115462153493297,13.863857344023415,42.05695990014242,0.6018261851030644
/content/drive/MyDrive/Bharatanatyam_Digital_Twin/dataset/posture_images/extracted/new_Dataset/Samapadam Augmented/dr_3_5416.jpg,dr_3_5416.jpg,Samapadam Augmented,confidence_0.2,78.1074624430703,119.7948903821602,77.47141026836455,53.14432963583852,153.8427735491148,150.57126133254727,117.28531012868204,120.89554155971136,0.2535131984879608,0.15169792231997165,0.16441635643853525,0.19842948474415814,3.6102314310293195,3.271512216567544,41.6874279390899,24.327080632526034
/content/drive/MyDrive/Bharatanatyam_Digital_Twin/dataset/posture_images/extracted/new_Dataset/Samapadam Augmented/dr_3_5679.jpg,dr_3_5679.jpg,Samapadam Augmented,confidence_0.2,127.99803577532334,141.6305670163817,85.17476291480504,78.84777101074363,132.1658116784427,124.55178576680996,107.94166988652098,96.9436168856383,0.25028675949599893,0.14063875775484963,0.11205813495746056,0.06052932668334933,10.998053000882678,7.614025911632751,13.632531241058345,6.3269919040614155
/content/drive/MyDrive/Bharatanatyam_Digital_Twin/dataset/posture_images/extracted/new_Dataset/Samapadam Augmented/dr_3_5726.jpg,dr_3_5726.jpg,Samapadam Augmented,confidence_0.2,146.19494311081937,152.3427324277597,113.05909259184622,120.2134127829196,107.12202595009157,97.36512918516607,114.86590024728615,99.48133200511461,0.2714130634043656,0.15449920114233665,0.1373878480617786,0.0790521158607362,15.38456824217154,9.7568967649255,6.147789316940333,7.154320191073381
/content/drive/MyDrive/Bharatanatyam_Digital_Twin/dataset/posture_images/extracted/new_Dataset/Samapadam Augmented/dr_3_5826.jpg,dr_3_5826.jpg,Samapadam Augmented,confidence_0.2,124.0976995384847,77.5917660578346,35.57353671944358,69.89107259416171,138.8934406666825,152.99732244030994,131.50205399419644,129.38039857617247,0.25363300319586163,0.1403314433963199,0.2155476938133709,0.2221905629900242,2.121655418023977,14.10388177362745,46.5059334806501,34.31753587471813
/content/drive/MyDrive/Bharatanatyam_Digital_Twin/dataset/posture_images/extracted/new_Dataset/Samapadam Augmented/dr_3_5953.jpg,dr_3_5953.jpg,Samapadam Augmented,confidence_0.2,74.16272913911277,101.99404529602188,77.5326940813571,81.60977244180047,118.29451579770078,117.63738891455101,102.77663333242661,107.42471835675127,0.2655266603546367,0.1511964088492763,0.12067636962986614,0.07891859214915749,4.648085024324658,0.6571268831497719,27.83131615690911,4.077078360443366
/content/drive/MyDrive/Bharatanatyam_Digital_Twin/dataset/posture_images/extracted/new_Dataset/Samapadam Augmented/dr_3_602.jpg,dr_3_602.jpg,Samapadam Augmented,confidence_0.2,51.334547518409465,77.08675121465636,73.67362480047218,81.02552625625451,157.6958703315606,155.54444537206766,140.71004661385902,150.84031118602894,0.3022688351688062,0.17889286840308563,0.22604681429717513,0.18761070102886787,10.13026457216992,2.1514249594929424,25.752203696246895,7.3519014557823255
/content/drive/MyDrive/Bharatanatyam_Digital_Twin/dataset/posture_images/extracted/new_Dataset/Samapadam Augmented/dr_3_6052.jpg,dr_3_6052.jpg,Samapadam Augmented,confidence_0.2,127.10442248974437,112.48444856461727,88.78376127698283,73.81489177232848,128.4673000377094,138.13445224718433,168.50996508392234,168.84324789465626,0.32709848436339856,0.21088446607331804,0.1580225040634061,0.10827730434307595,0.33328281073391963,9.66715220947492,14.619973925127098,14.96886950465435
/content/drive/MyDrive/Bharatanatyam_Digital_Twin/dataset/posture_images/extracted/new_Dataset/Samapadam Augmented/dr_3_6309.jpg,dr_3_6309.jpg,Samapadam Augmented,confidence_0.2,57.77373482784855,73.0400988673555,58.72443019860625,39.67589387453654,95.89263461200716,89.4532899379994,142.0644297331444,118.84930008260133,0.14857033596360628,0.13296556040604357,0.3359203148990035,0.3447691796704051,23.215129650543076,6.4393446740077565,15.266364039506946,19.04853632406971
/content/drive/MyDrive/Bharatanatyam_Digital_Twin/dataset/posture_images/extracted/new_Dataset/Samapadam Augmented/dr_3_6568.jpg,dr_3_6568.jpg,Samapadam Augmented,confidence_0.2,89.96551838206406,79.54814068923358,51.74475011097822,89.12892669056863,126.89674990942844,126.10387512727256,127.57708218962158,104.2996484400777,0.295489661294644,0.20319837029294027,0.20655980046909908,0.2606364484567495,23.277433749543874,0.7928747821558773,10.417377692830485,37.38417657959042
/content/drive/MyDrive/Bharatanatyam_Digital_Twin/dataset/posture_images/extracted/new_Dataset/Samapadam Augmented/dr_3_7202.jpg,dr_3_7202.jpg,Samapadam Augmented,confidence_0.2,52.37588643310716,113.21920508900321,90.71554693930997,89.70358866126057,125.83950140435958,142.93586362143859,114.49836454079143,102.73149670881214,0.3007509948668558,0.2128080508363669,0.20613601110105112,0.3752545988434469,11.766867831979283,17.096362217079005,60.84331865589605,1.0119582780494056
/content/drive/MyDrive/Bharatanatyam_Digital_Twin/dataset/posture_images/extracted/new_Dataset/Samapadam Augmented/dr_3_7628.jpg,dr_3_7628.jpg,Samapadam Augmented,confidence_0.2,94.20663181298508,91.20075495815182,50.500712953060244,61.30851638640236,161.36347455193135,157.84832000531188,111.93061506440226,112.23586961952097,0.2497047634549019,0.14899507933195547,0.108969228698249,0.06799238331774235,0.305254555118708,3.5151545466194705,3.005876854833261,10.807803433342116
/content/drive/MyDrive/Bharatanatyam_Digital_Twin/dataset/posture_images/extracted/new_Dataset/Samapadam Augmented/dr_3_7789.jpg,dr_3_7789.jpg,Samapadam Augmented,confidence_0.2,125.04427755564097,141.87628548052334,88.39763514452642,79.24382711400361,110.55913903491503,129.2925398150359,58.2973488659837,64.72928398527634,0.27646458100141175,0.17492550065299953,0.24357654085279737,0.11800750606250698,6.431935119292639,18.73340078012086,16.83200792488236,9.15380803052281
/content/drive/MyDrive/Bharatanatyam_Digital_Twin/dataset/posture_images/extracted/new_Dataset/Samapadam Augmented/dr_3_7988.jpg,dr_3_7988.jpg,Samapadam Augmented,confidence_0.2,94.50335431672613,117.270793470926,29.694421804103655,47.767829172489435,157.89909076686186,172.9029027127629,156.98147150855166,167.29883873153668,0.3433181237570255,0.1820912197238673,0.12234316522402619,0.10305894933443384,10.317367222985013,15.003811945901049,22.767439154199863,18.07340736838578
/content/drive/MyDrive/Bharatanatyam_Digital_Twin/dataset/posture_images/extracted/new_Dataset/Samapadam Augmented/dr_3_8071.jpg,dr_3_8071.jpg,Samapadam Augmented,confidence_0.2,140.31185561964907,119.9760912449348,94.76525633011659,66.05020460369094,130.80835041687172,128.12288163003677,103.37858712837998,93.6308236233085,0.24689844616428086,0.1432190162618877,0.14745000971821537,0.09130585091146955,9.747763505071475,2.685468786834946,20.33576437471426,28.715051726425642
/content/drive/MyDrive/Bharatanatyam_Digital_Twin/dataset/posture_images/extracted/new_Dataset/Samapadam Augmented/dr_3_8237.jpg,dr_3_8237.jpg,Samapadam Augmented,confidence_0.2,92.80080104037732,72.92676507638733,79.73129671231293,70.01223657897644,148.2286888069185,93.07234798816971,112.5085739811574,62.934946372913366,0.31790970551860775,0.17414603324164038,0.31875877087903043,0.39632800107690697,49.57362760824403,55.1563408187488,19.874035963989996,9.719060133336484
/content/drive/MyDrive/Bharatanatyam_Digital_Twin/dataset/posture_images/extracted/new_Dataset/Samapadam Augmented/dr_3_8456.jpg,dr_3_8456.jpg,Samapadam Augmented,confidence_0.2,94.3014313592495,141.81277033188863,94.59002391115189,42.58127923110013,141.5966435199508,124.14482250100487,118.57507464058564,102.70110637823718,0.3329232540880148,0.19677698165646218,0.15842959499487622,0.08754262979647895,15.873968262348455,17.45182101894592,47.51133897263912,52.008744680051755
/content/drive/MyDrive/Bharatanatyam_Digital_Twin/dataset/posture_images/extracted/new_Dataset/Samapadam Augmented/dr_3_8598.jpg,dr_3_8598.jpg,Samapadam Augmented,confidence_0.2,47.76325519082707,59.905155155779426,70.7009578898492,74.67865852734616,166.2897296558948,162.93554996408366,110.47351277715352,101.18486422856596,0.2571717125376243,0.1411472536039984,0.13641934151786944,0.21013922476872735,9.28864854858756,3.35417969181114,12.141899964952358,3.9777006374969517
/content/drive/MyDrive/Bharatanatyam_Digital_Twin/dataset/posture_images/extracted/new_Dataset/Samapadam Augmented/dr_3_8918.jpg,dr_3_8918.jpg,Samapadam Augmented,confidence_0.2,66.46601367930514,52.22447889036217,61.26994798524758,66.42166963612709,148.69679763350925,135.7249871778891,118.2436832037186,104.23193223101781,0.26258676680926113,0.13885227699588681,0.12571226757556486,0.120571628859889,14.011750972700796,12.971810455620158,14.241534788942964,5.151721650879509
/content/drive/MyDrive/Bharatanatyam_Digital_Twin/dataset/posture_images/extracted/new_Dataset/Samapadam Augmented/dr_3_9037.jpg,dr_3_9037.jpg,Samapadam Augmented,confidence_0.2,105.04885913922287,58.01139042391217,93.5453924795432,99.68629537228743,165.17440337346216,166.48620710269415,117.38102600223701,88.05976471869845,0.33307425048666744,0.2420250153324964,0.30521193948370723,0.2472876020083632,29.32126128353856,1.3118037292319968,47.0374687153107,6.140902892744236
/content/drive/MyDrive/Bharatanatyam_Digital_Twin/dataset/posture_images/extracted/new_Dataset/Samapadam Augmented/dr_3_9562.jpg,dr_3_9562.jpg,Samapadam Augmented,confidence_0.2,22.408306727842046,62.31829050162048,42.208045497172655,84.4416293681658,98.95328441250133,133.0975584621046,82.18466910161287,90.90313090724364,0.23228723850444735,0.14638028290449473,0.195052595910674,0.09066252794754467,8.718461805630767,34.144274049603254,39.909983773778436,42.23358387099315
/content/drive/MyDrive/Bharatanatyam_Digital_Twin/dataset/posture_images/extracted/new_Dataset/Samapadam Augmented/dr_3_9916.jpg,dr_3_9916.jpg,Samapadam Augmented,confidence_0.2,140.01922142193672,69.4595225780141,80.25102589690385,56.97295087170135,150.07630696577434,124.39738107628362,106.18589642870045,86.38979562153204,0.23708741196219235,0.13638288905603496,0.15761220123055203,0.2697044045257077,19.7961008071684,25.678925889490714,70.55969884392262,23.278075025202504
/content/drive/MyDrive/Bharatanatyam_Digital_Twin/dataset/posture_images/extracted/new_Dataset/Samapadam Augmented/dr_4_1018.jpg,dr_4_1018.jpg,Samapadam Augmented,confidence_0.2,86.6238250920046,45.023374521510405,66.15930693880841,81.29678934368489,72.16161834250892,68.29043467538948,76.02091750570135,82.45742507315775,0.286816246470731,0.16578026252455225,0.16393550589924222,0.12232334063081704,6.4365075674564025,3.871183667119439,41.60045057049419,15.13748240487648
/content/drive/MyDrive/Bharatanatyam_Digital_Twin/dataset/posture_images/extracted/new_Dataset/Samapadam Augmented/dr_4_1232.jpg,dr_4_1232.jpg,Samapadam Augmented,confidence_0.2,6.52066006785114,68.15209816940994,18.01165404329633,7.503405793042987,136.02603560255676,128.01956695799626,148.44375221584932,122.55240617614844,0.04733567381221086,0.027265557569152474,0.07199501927383425,0.022341779062099793,25.891346039700878,8.0064686445605,61.6314381015588,10.508248250253342
/content/drive/MyDrive/Bharatanatyam_Digital_Twin/dataset/posture_images/extracted/new_Dataset/Samapadam Augmented/dr_4_136.jpg,dr_4_136.jpg,Samapadam Augmented,confidence_0.2,158.18066937959756,117.302349682691,13.677629965619381,39.16333995953396,132.0422148228657,121.87839670748644,145.27333688372067,90.79504241423105,0.16438191727144214,0.14904279894101471,0.20524180773502354,0.04212438642209964,54.478294469489626,10.163818115379257,40.87831969690656,25.485709993914575
/content/drive/MyDrive/Bharatanatyam_Digital_Twin/dataset/posture_images/extracted/new_Dataset/Samapadam Augmented/dr_4_1561.jpg,dr_4_1561.jpg,Samapadam Augmented,confidence_0.2,75.612136377694,101.07313347394415,69.33002365976729,47.9464611594909,138.1083488297818,144.92668874825904,115.00536861309148,156.03004901044366,0.14408177700216399,0.09543429923793896,0.1312449885207295,0.08019878620305403,41.024680397352185,6.81833991847725,25.460997096250154,21.38356250027639
/content/drive/MyDrive/Bharatanatyam_Digital_Twin/dataset/posture_images/extracted/new_Dataset/Samapadam Augmented/dr_4_1618.jpg,dr_4_1618.jpg,Samapadam Augmented,confidence_0.2,93.47276285034582,82.05157475049137,77.92972515375578,61.73615928490679,56.48018700088976,72.89502528698794,53.69634384131657,63.06696416774373,0.28637155836533484,0.15694808569687008,0.19711616269777746,0.1987568892960195,9.370620326427158,16.41483828609819,11.421188099854447,16.193565868848992
/content/drive/MyDrive/Bharatanatyam_Digital_Twin/dataset/posture_images/extracted/new_Dataset/Samapadam Augmented/dr_4_1705.jpg,dr_4_1705.jpg,Samapadam Augmented,confidence_0.2,63.48337086360627,58.74110920476932,46.80448378303584,42.629768666877766,103.03124405938266,61.42864925974203,103.93292277861775,65.19432832008921,0.2997350558661446,0.15423991629676406,0.2565005961989157,0.28725704160539794,38.73859445852854,41.60259479964063,4.742261658836945,4.174715116158076
/content/drive/MyDrive/Bharatanatyam_Digital_Twin/dataset/posture_images/extracted/new_Dataset/Samapadam Augmented/dr_4_202.jpg,dr_4_202.jpg,Samapadam Augmented,confidence_0.2,87.1142591761431,94.87970774881131,44.92967157825523,46.99177922474652,98.61939345683746,60.31041244095703,104.12668041299226,62.875029700112734,0.27890340313040957,0.1759658357619421,0.32202491177038195,0.2939114051917009,41.251650712879524,38.30898101588043,7.76544857266822,2.0621076464912917
/content/drive/MyDrive/Bharatanatyam_Digital_Twin/dataset/posture_images/extracted/new_Dataset/Samapadam Augmented/dr_4_2055.jpg,dr_4_2055.jpg,Samapadam Augmented,confidence_0.2,102.02964124839406,121.4115850216509,117.82398919912298,134.6516958676321,46.56366532138864,34.56851459590306,63.13361630817136,60.338708164184574,0.2786231184459901,0.1512646909320571,0.13701624608466284,0.11586272573910746,2.794908143986788,11.99515072548558,19.381943773256836,16.827706668509123
/content/drive/MyDrive/Bharatanatyam_Digital_Twin/dataset/posture_images/extracted/new_Dataset/Samapadam Augmented/dr_4_239.jpg,dr_4_239.jpg,Samapadam Augmented,confidence_0.2,126.84143033896935,135.93503142541368,89.6818086093836,86.72977078516382,120.2834598583948,103.14348486908487,114.27545653459771,96.39787209404602,0.21048053150116855,0.097975348374985,0.13231254048049898,0.06098530806351015,17.877584440551686,17.139974989309934,9.093601086444338,2.9520378242197722
/content/drive/MyDrive/Bharatanatyam_Digital_Twin/dataset/posture_images/extracted/new_Dataset/Samapadam Augmented/dr_4_2544.jpg,dr_4_2544.jpg,Samapadam Augmented,confidence_0.2,157.01354762337982,85.38745034839697,62.12294320401504,100.60246333380842,50.72509104549752,43.45452795798395,64.92693947126716,62.87585486087866,0.2892262538621966,0.1637786123788524,0.19455723066225217,0.20796197432103428,2.0510846103885,7.2705630875135725,71.62609727498285,38.47952012979338
/content/drive/MyDrive/Bharatanatyam_Digital_Twin/dataset/posture_images/extracted/new_Dataset/Samapadam Augmented/dr_4_2577.jpg,dr_4_2577.jpg,Samapadam Augmented,confidence_0.2,95.86339455498636,89.61808166437451,37.61176416555641,41.867829032099195,105.79393101702038,72.87807202698399,119.94313585325557,89.054383698757,0.267032514968021,0.16570983689971908,0.22241165508640254,0.27960909472275347,30.888752154498576,32.9158589900364,6.245312890611842,4.256064866542786
/content/drive/MyDrive/Bharatanatyam_Digital_Twin/dataset/posture_images/extracted/new_Dataset/Samapadam Augmented/dr_4_2957.jpg,dr_4_2957.jpg,Samapadam Augmented,confidence_0.2,131.97146481764668,136.17240266631475,6.032072313825864,17.21028132933578,164.46124722655185,160.22601064574178,176.36262366812116,171.09556899036704,0.025817943716580485,0.019690268617763854,0.1350552890126439,0.15249749716087313,5.267054677754118,4.235236580810067,4.200937848668076,11.178209015509914
/content/drive/MyDrive/Bharatanatyam_Digital_Twin/dataset/posture_images/extracted/new_Dataset/Samapadam Augmented/dr_4_3510.jpg,dr_4_3510.jpg,Samapadam Augmented,confidence_0.5_fallback,138.33107634335713,157.54564277576492,86.33966083337279,82.4479560098941,123.0337871624374,134.1021410061324,148.7291401760771,141.26849587674266,0.07940337993171896,0.04535122933270833,0.017718594872400763,0.11809078829257016,7.460644299334433,11.068353843694993,19.214566432407793,3.8917048234786904
/content/drive/MyDrive/Bharatanatyam_Digital_Twin/dataset/posture_images/extracted/new_Dataset/Samapadam Augmented/dr_4_3683.jpg,dr_4_3683.jpg,Samapadam Augmented,confidence_0.2,132.52537695263388,149.94590222752473,119.27658797240012,112.0405711658615,161.1868934736687,173.35454064215696,163.74763594446804,144.64957841341362,0.2430373895707013,0.2178873429284082,0.33763274188136067,0.6605398541903945,19.098057531054422,12.167647168488259,17.42052527489085,7.236016806538629
/content/drive/MyDrive/Bharatanatyam_Digital_Twin/dataset/posture_images/extracted/new_Dataset/Samapadam Augmented/dr_4_3834.jpg,dr_4_3834.jpg,Samapadam Augmented,confidence_0.2,138.3012984077284,93.01405965392372,13.897563880760401,56.06592915273946,159.6444193208396,159.99078550971439,173.86815409969637,178.82118196821708,0.10299202878603615,0.0453337985958597,0.07203491490488219,0.061098157252272196,4.9530278685207065,0.3463661888747822,45.28723875380469,42.168365271979056
/content/drive/MyDrive/Bharatanatyam_Digital_Twin/dataset/posture_images/extracted/new_Dataset/Samapadam Augmented/dr_4_4348.jpg,dr_4_4348.jpg,Samapadam Augmented,confidence_0.2,82.05280729141917,53.05321319912745,62.58856684750102,87.71890674146097,66.46279318025125,62.15832885783727,72.4822328928917,71.75349685901283,0.24959654154683172,0.15235720298870584,0.1302399672467085,0.06466583622156546,0.7287360338788744,4.304464322413985,28.999594092291723,25.13033989395995
/content/drive/MyDrive/Bharatanatyam_Digital_Twin/dataset/posture_images/extracted/new_Dataset/Samapadam Augmented/dr_4_4350.jpg,dr_4_4350.jpg,Samapadam Augmented,confidence_0.2,154.69614929881325,161.82090608321593,115.95737567653352,115.86748401718239,64.50216690195565,90.33145552943226,90.41745614113273,119.17014423996955,0.1711377641218163,0.09913525811965265,0.3506699575724238,0.5242837510306599,28.752688098836813,25.829288627476615,7.124756784402678,0.08989165935112453
/content/drive/MyDrive/Bharatanatyam_Digital_Twin/dataset/posture_images/extracted/new_Dataset/Samapadam Augmented/dr_4_4372.jpg,dr_4_4372.jpg,Samapadam Augmented,confidence_0.2,157.12241116533895,22.057728588211425,21.57679697874262,28.92017309834867,140.30625498736583,152.25359100209891,133.95937688131926,126.61496799260769,0.1009256753671028,0.056841631167709655,0.06489911979517968,0.10186154294305812,7.34440888871157,11.947336014733082,135.0646825771275,7.343376119606049
/content/drive/MyDrive/Bharatanatyam_Digital_Twin/dataset/posture_images/extracted/new_Dataset/Samapadam Augmented/dr_4_441.jpg,dr_4_441.jpg,Samapadam Augmented,confidence_0.2,104.81363294139838,61.755186054506154,45.247078340003895,60.32462634204083,52.126109173474845,61.21271512723731,64.60714220224611,76.79646471296951,0.27358388314788856,0.15351528727226213,0.1881742846477958,0.13694182515514058,12.1893225107234,9.086605953762465,43.05844688689223,15.077548002036934
/content/drive/MyDrive/Bharatanatyam_Digital_Twin/dataset/posture_images/extracted/new_Dataset/Samapadam Augmented/dr_4_4445.jpg,dr_4_4445.jpg,Samapadam Augmented,confidence_0.2,58.998937476149315,80.0732574628282,54.40912070867396,92.57638852702986,50.65296936003434,46.235961139199176,66.23463076497988,64.876675768796,0.23438984164958454,0.12203912027007306,0.14046139420804366,0.08079287815429917,1.357954996183878,4.417008220835164,21.07431998667888,38.1672678183559
/content/drive/MyDrive/Bharatanatyam_Digital_Twin/dataset/posture_images/extracted/new_Dataset/Samapadam Augmented/dr_4_4601.jpg,dr_4_4601.jpg,Samapadam Augmented,confidence_0.2,77.02968331516807,108.2097610354554,86.27206663884114,111.08720281939787,132.07272924485537,94.8856034038458,124.33060655393516,89.36484208702512,0.2581994130112435,0.15501072559413243,0.19408799294509135,0.321279699275495,34.96576446691003,37.18712584100956,31.18007772028733,24.815136180556735
/content/drive/MyDrive/Bharatanatyam_Digital_Twin/dataset/posture_images/extracted/new_Dataset/Samapadam Augmented/dr_4_4826.jpg,dr_4_4826.jpg,Samapadam Augmented,confidence_0.2,136.4604127166406,121.83738023639829,99.30510750137772,116.00438985590625,100.74837309336307,65.29736369974805,109.3602858571139,70.58384529754467,0.16280785566219919,0.21040196545670792,0.2782165958331735,0.19082931469780226,38.776440559569224,35.451009393615024,14.623032480242316,16.699282354528535
/content/drive/MyDrive/Bharatanatyam_Digital_Twin/dataset/posture_images/extracted/new_Dataset/Samapadam Augmented/dr_4_4854.jpg,dr_4_4854.jpg,Samapadam Augmented,confidence_0.2,147.6856253435325,86.45044377583999,23.552301850488508,43.74399986168628,126.12979158957215,57.374442234730346,131.05107721470648,57.8938713366604,0.276524176803809,0.16166675586115903,0.4295128679204704,0.4714645848609267,73.15720587804608,68.7553493548418,61.23518156769252,20.19169801119777
/content/drive/MyDrive/Bharatanatyam_Digital_Twin/dataset/posture_images/extracted/new_Dataset/Samapadam Augmented/dr_4_5001.jpg,dr_4_5001.jpg,Samapadam Augmented,confidence_0.2,118.28597315579836,154.3152421651145,123.90010272865266,134.44905228798476,87.8481692774802,113.63347035057797,128.8773504310185,166.44101428209302,0.025534105108352093,0.01535494890693463,0.01920654757619045,0.015169910945374628,37.56366385107452,25.78530107309777,36.02926900931615,10.548949559332101
/content/drive/MyDrive/Bharatanatyam_Digital_Twin/dataset/posture_images/extracted/new_Dataset/Samapadam Augmented/dr_4_5207.jpg,dr_4_5207.jpg,Samapadam Augmented,confidence_0.2,61.32287487024556,40.865093008901496,40.36779182689283,35.003716079350326,93.31845346729119,92.56857083747664,130.72814433531326,132.4802148686188,0.05875133233540448,0.029884208930111688,0.021879201551630197,0.01280401791061816,1.7520705333055275,0.7498826298145502,20.457781861344067,5.3640757475425005
/content/drive/MyDrive/Bharatanatyam_Digital_Twin/dataset/posture_images/extracted/new_Dataset/Samapadam Augmented/dr_4_5212.jpg,dr_4_5212.jpg,Samapadam Augmented,confidence_0.2,153.24443461587586,152.8829448346911,78.56226831407209,103.94313144033434,139.27834238175888,117.50492745489566,175.67806190627414,168.72761245608734,0.24366117397528286,0.11571239112964912,0.1324535237564008,0.08043945925497961,6.950449450186795,21.77341492686321,0.3614897811847584,25.380863126262255
/content/drive/MyDrive/Bharatanatyam_Digital_Twin/dataset/posture_images/extracted/new_Dataset/Samapadam Augmented/dr_4_5342.jpg,dr_4_5342.jpg,Samapadam Augmented,confidence_0.2,151.14124648706422,169.51005369187905,39.569399608130524,102.76984508127326,132.46085232839164,141.58888078415717,149.40542842345877,107.37495331444492,0.1748458953261851,0.11284336059951418,0.21533225252152485,0.25641581177462336,42.03047510901385,9.12802845576553,18.36880720481483,63.200445473142736
/content/drive/MyDrive/Bharatanatyam_Digital_Twin/dataset/posture_images/extracted/new_Dataset/Samapadam Augmented/dr_4_6366.jpg,dr_4_6366.jpg,Samapadam Augmented,confidence_0.2,98.24155313012793,47.74722417893473,43.245014891935476,79.04910936011585,57.013016594802274,51.5421408218845,67.17755630378659,64.22185659352435,0.2587515131246879,0.14883921337936898,0.13915388972433965,0.10925293165604515,2.9556997102622375,5.470875772917772,50.4943289511932,35.804094468180374
/content/drive/MyDrive/Bharatanatyam_Digital_Twin/dataset/posture_images/extracted/new_Dataset/Samapadam Augmented/dr_4_6569.jpg,dr_4_6569.jpg,Samapadam Augmented,confidence_0.2,123.52323198068456,117.10506652124113,90.66206680872007,121.24374054154782,52.91777090453411,50.22097698389574,52.11717752825073,55.872553373148044,0.2650489628345722,0.15260970052496395,0.16858578160220233,0.15028375195112992,3.7553758448973156,2.6967939206383704,6.418165459443429,30.581673732827753
/content/drive/MyDrive/Bharatanatyam_Digital_Twin/dataset/posture_images/extracted/new_Dataset/Samapadam Augmented/dr_4_6576.jpg,dr_4_6576.jpg,Samapadam Augmented,confidence_0.2,151.24617014807748,157.83694102651677,70.12368137965937,68.41090032391834,154.35784615744066,156.94298082166782,85.00373106244366,76.5051214850742,0.20727052683469338,0.11676233540227228,0.14284942807601564,0.08842692966392311,8.498609577369464,2.585134664227155,6.590770878439287,1.7127810557410328
/content/drive/MyDrive/Bharatanatyam_Digital_Twin/dataset/posture_images/extracted/new_Dataset/Samapadam Augmented/dr_4_6802.jpg,dr_4_6802.jpg,Samapadam Augmented,confidence_0.2,52.456461054741375,68.7880241261242,80.72363947123655,90.53029156122295,67.88220436894298,41.33235017059773,76.72076318904138,57.050408371313864,0.293945902618476,0.1708969661775327,0.31306324264397356,0.335067018446796,19.670354817727514,26.54985419834525,16.331563071382824,9.8066520899864
/content/drive/MyDrive/Bharatanatyam_Digital_Twin/dataset/posture_images/extracted/new_Dataset/Samapadam Augmented/dr_4_6985.jpg,dr_4_6985.jpg,Samapadam Augmented,confidence_0.2,126.18363188739698,143.9180597664567,13.654200330418778,17.3908120375553,163.25021426101827,157.86596378364953,167.3561072857696,175.9303574154835,0.05738225491480265,0.033200912308289594,0.044906472533030276,0.025610248435431283,8.574250129713903,5.384250477368738,17.734427879059723,3.7366117071365217
/content/drive/MyDrive/Bharatanatyam_Digital_Twin/dataset/posture_images/extracted/new_Dataset/Samapadam Augmented/dr_4_7044.jpg,dr_4_7044.jpg,Samapadam Augmented,confidence_0.2,107.69290053261066,86.50186132571972,42.37417970448208,44.43814416369957,53.275799147768865,74.530193373289,47.85090955550725,61.07267299778989,0.290719586921556,0.1670006304678651,0.26510156160077636,0.34107350226004457,13.221763442282636,21.25439422552013,21.19103920689095,2.0639644592174875
/content/drive/MyDrive/Bharatanatyam_Digital_Twin/dataset/posture_images/extracted/new_Dataset/Samapadam Augmented/dr_4_7773.jpg,dr_4_7773.jpg,Samapadam Augmented,confidence_0.2,65.06762472098984,142.64615208095373,99.31295396362371,83.66756636593342,85.13495500237228,26.839239079383518,117.66024153465638,60.75312733537744,0.17503041624549587,0.09570079738342732,0.28903824245612064,0.4275016437058039,56.907114199278936,58.29571592298876,77.57852735996389,15.645387597690288
/content/drive/MyDrive/Bharatanatyam_Digital_Twin/dataset/posture_images/extracted/new_Dataset/Samapadam Augmented/dr_4_8030.jpg,dr_4_8030.jpg,Samapadam Augmented,confidence_0.2,100.55404113342087,119.5348596591111,48.05364206066533,59.86651089118974,155.4716347814835,115.12536979109807,146.25243507401137,93.52786079774415,0.04641698537631049,0.025914446162315734,0.06910298633404717,0.03624664290833137,52.72457427626722,40.34626499038542,18.98081852569024,11.812868830524408
/content/drive/MyDrive/Bharatanatyam_Digital_Twin/dataset/posture_images/extracted/new_Dataset/Samapadam Augmented/dr_4_8179.jpg,dr_4_8179.jpg,Samapadam Augmented,confidence_0.2,143.0765835123229,79.18029775009335,17.034137978107516,19.512377361448447,158.17999989439858,164.04855835799668,159.26755014812105,174.2764041873054,0.03946511693809549,0.019700245692947167,0.077439044138696,0.05463925448155986,15.008854039184342,5.868558463598106,63.89628576222957,2.478239383340931
/content/drive/MyDrive/Bharatanatyam_Digital_Twin/dataset/posture_images/extracted/new_Dataset/Samapadam Augmented/dr_4_8402.jpg,dr_4_8402.jpg,Samapadam Augmented,confidence_0.2,89.62419831053366,77.8485550194369,89.789789372704,100.27459167483711,71.92917639649055,58.58577712048696,87.71439808998583,82.18045766478305,0.24268232650998584,0.12346839957701276,0.12501501490812117,0.10609864234540382,5.533940425202786,13.343399276003588,11.775643291096756,10.484802302133104
/content/drive/MyDrive/Bharatanatyam_Digital_Twin/dataset/posture_images/extracted/new_Dataset/Samapadam Augmented/dr_4_8646.jpg,dr_4_8646.jpg,Samapadam Augmented,confidence_0.2,159.8583337198267,157.83626430852075,46.309470323316255,104.71401095118708,156.5812369066261,149.15502933957953,170.5266767480841,172.1708870290091,0.20188501052010482,0.11545150076842392,0.36382156186123604,0.5297667151361117,1.6442102809249945,7.426207567046561,2.0220694113059494,58.40454062787082
/content/drive/MyDrive/Bharatanatyam_Digital_Twin/dataset/posture_images/extracted/new_Dataset/Samapadam Augmented/dr_4_8673.jpg,dr_4_8673.jpg,Samapadam Augmented,confidence_0.2,110.3156463670337,92.47393910637463,49.09518088514001,43.77352121972045,111.52597257359821,99.57025597632315,106.01009441026606,97.98192783201635,0.25546100635126046,0.15501205571414375,0.12063593570786764,0.07798218963004526,8.02816657824971,11.955716597275057,17.841707260659064,5.32165966541956
/content/drive/MyDrive/Bharatanatyam_Digital_Twin/dataset/posture_images/extracted/new_Dataset/Samapadam Augmented/dr_4_8790.jpg,dr_4_8790.jpg,Samapadam Augmented,confidence_0.2,113.65518967559872,96.75509510493596,47.04871268272295,50.94527708649965,69.68428364848265,65.05743506224323,89.58222564306931,87.70221195358307,0.2795514393785535,0.16561395473450385,0.12760824823968508,0.08695432666139888,1.8800136894862334,4.626848586239419,16.90009457066276,3.8965644037767007
/content/drive/MyDrive/Bharatanatyam_Digital_Twin/dataset/posture_images/extracted/new_Dataset/Samapadam Augmented/dr_4_9236.jpg,dr_4_9236.jpg,Samapadam Augmented,confidence_0.5_fallback,172.4932325485741,161.88399127350797,21.010082208280895,16.869799899440185,141.55979894988542,152.684749987598,135.89554332270365,161.95792776146985,0.06220724115551456,0.01542587532162943,0.08810794646988628,0.08044843847102216,26.062384438766202,11.124951037712577,10.609241275066125,4.14028230884071
/content/drive/MyDrive/Bharatanatyam_Digital_Twin/dataset/posture_images/extracted/new_Dataset/Samapadam Augmented/dr_4_9394.jpg,dr_4_9394.jpg,Samapadam Augmented,confidence_0.2,114.79303608945936,109.6000559383305,39.591381281499075,40.75697949486245,91.24614336737461,51.548879453102145,101.92001901524647,66.11438353016729,0.2968636010525958,0.17491557356683918,0.36640629615173675,0.3860864205356704,35.80563548507918,39.69726391427247,5.1929801511288645,1.1655982133633742
/content/drive/MyDrive/Bharatanatyam_Digital_Twin/dataset/posture_images/extracted/new_Dataset/Samapadam Augmented/dr_4_9550.jpg,dr_4_9550.jpg,Samapadam Augmented,confidence_0.2,54.869737169989385,88.25114689255298,65.76617596272384,105.68360993412894,48.16468720820051,41.764121090822236,56.716848079866175,54.118579973643655,0.3044907746432427,0.17767328433765125,0.165154781826084,0.09608286513452136,2.5982681062225197,6.4005661173782755,33.381409722563596,39.9174339714051
/content/drive/MyDrive/Bharatanatyam_Digital_Twin/dataset/posture_images/extracted/new_Dataset/Samapadam Augmented/dr_4_9843.jpg,dr_4_9843.jpg,Samapadam Augmented,confidence_0.2,116.33104838164533,68.87881625964638,23.88469179166493,63.1761587934434,160.9323432984461,172.26492943444995,160.8365786054227,175.00796392617397,0.07286748220736064,0.042448380360830616,0.10858191784805742,0.07137865518881213,14.171385320751284,11.33258613600384,47.45223212199895,39.29146700177847
/content/drive/MyDrive/Bharatanatyam_Digital_Twin/dataset/posture_images/extracted/new_Dataset/Samapadam Augmented/dr_4_9893.jpg,dr_4_9893.jpg,Samapadam Augmented,confidence_0.2,126.87669222019562,151.2510325188281,38.26183601362641,39.84482177283543,141.87126167219697,103.74239744879809,143.40819934023605,98.73446936198638,0.2853708763334339,0.16353511533387452,0.24542002569754942,0.23528345929077554,44.67372997824967,38.12886422339888,24.37434029863249,1.5829857592090235
/content/drive/MyDrive/Bharatanatyam_Digital_Twin/dataset/posture_images/extracted/new_Dataset/Samapadam Augmented/dr_4_9955.jpg,dr_4_9955.jpg,Samapadam Augmented,confidence_0.2,102.76279114879458,52.4190604858377,46.79174089098129,76.8049892284754,48.53689391706016,42.989054515633484,52.93890875790002,54.79008854937565,0.2529300732210599,0.14977996097750776,0.1315385033603215,0.13332619217981787,1.85117979147563,5.547839401426678,50.34373066295688,30.01324833749412
/content/drive/MyDrive/Bharatanatyam_Digital_Twin/dataset/posture_images/extracted/new_Dataset/Swastika Augmented/dr_0_101.jpg,dr_0_101.jpg,Swastika Augmented,confidence_0.2,176.88255727312284,159.0538309459834,147.52681523230405,16.52275106919979,154.4554830111131,114.56584584784548,162.9214838792812,129.24965245860827,0.20996857853412573,0.1118104075211829,0.41563199459844324,0.5812316438227539,33.67183142067293,39.88963716326762,17.828726327139435,131.00406416310426
/content/drive/MyDrive/Bharatanatyam_Digital_Twin/dataset/posture_images/extracted/new_Dataset/Swastika Augmented/dr_0_1107.jpg,dr_0_1107.jpg,Swastika Augmented,confidence_0.2,136.9855810786422,142.03816833321807,90.2446329684319,112.716894358558,149.23572981012774,41.141481753329124,152.12924804908653,109.7756701602024,0.21782610980815645,0.16795754070895041,0.6700924238631327,0.772726699547611,42.35357788888413,108.09424805679862,5.052587254575855,22.472261390126093
/content/drive/MyDrive/Bharatanatyam_Digital_Twin/dataset/posture_images/extracted/new_Dataset/Swastika Augmented/dr_0_1816.jpg,dr_0_1816.jpg,Swastika Augmented,confidence_0.2,110.4076986379757,93.50051532233756,132.98310872760746,103.84134436396165,140.51825449482484,155.92019767978837,159.38241078221847,130.04324231528318,0.22047844066585864,0.0968301666933055,0.32567961772339227,0.42981011852575346,29.33916846693529,15.401943184963528,16.907183315638136,29.141764363645805
/content/drive/MyDrive/Bharatanatyam_Digital_Twin/dataset/posture_images/extracted/new_Dataset/Swastika Augmented/dr_0_2286.jpg,dr_0_2286.jpg,Swastika Augmented,confidence_0.2,134.01895665891186,101.56956270338635,115.80418293444141,111.84369658372269,163.14179707674094,146.5050765731037,156.8678873243761,128.4290970347499,0.2664089518539034,0.16344960286218926,0.4501604151146046,0.5517415115585035,28.438790289626212,16.636720503637235,32.44939395552551,3.9604863507187247
/content/drive/MyDrive/Bharatanatyam_Digital_Twin/dataset/posture_images/extracted/new_Dataset/Swastika Augmented/dr_0_2389.jpg,dr_0_2389.jpg,Swastika Augmented,confidence_0.2,88.8325202025203,123.56160727191038,77.8525451391836,72.8364111280288,134.20207798373713,143.88991923696128,157.00837701530926,164.18232987102425,0.3047828087470365,0.16758025627034176,0.4668395330126666,0.5594733917291644,7.173952855714987,9.68784125322415,34.729087069390076,5.016134011154804
/content/drive/MyDrive/Bharatanatyam_Digital_Twin/dataset/posture_images/extracted/new_Dataset/Swastika Augmented/dr_0_2395.jpg,dr_0_2395.jpg,Swastika Augmented,confidence_0.2,93.45320702609952,116.46393118111759,88.40489418244643,136.80771097691078,130.51608881294567,154.84414597952235,132.39254893015695,165.4877790532413,0.2590666248699932,0.11554335778165742,0.49875412798302077,0.6441048982800464,33.09523012308435,24.328057166576684,23.010724155018067,48.40281679446436
/content/drive/MyDrive/Bharatanatyam_Digital_Twin/dataset/posture_images/extracted/new_Dataset/Swastika Augmented/dr_0_2490.jpg,dr_0_2490.jpg,Swastika Augmented,confidence_0.2,100.80982827554678,98.73944787100696,100.74491768853864,116.60592818371487,40.06467739725655,146.67733157420292,67.50171122436264,134.3353539953267,0.29680073118614286,0.12983982677738118,0.5035777391131149,0.6302433019846311,66.83364277096406,106.61265417694636,2.0703804045398186,15.861010495176231
/content/drive/MyDrive/Bharatanatyam_Digital_Twin/dataset/posture_images/extracted/new_Dataset/Swastika Augmented/dr_0_2497.jpg,dr_0_2497.jpg,Swastika Augmented,confidence_0.2,124.37134676652903,110.75276316648022,134.87288532325792,122.14975906428369,152.19204897397464,134.26930653686497,150.44120667555248,127.92871709300204,0.23776804241615496,0.13480900150846106,0.4940624889226723,0.5620382008544462,22.512489582550444,17.92274243710966,13.618583600048808,12.723126258974233
/content/drive/MyDrive/Bharatanatyam_Digital_Twin/dataset/posture_images/extracted/new_Dataset/Swastika Augmented/dr_0_2656.jpg,dr_0_2656.jpg,Swastika Augmented,confidence_0.2,94.94350258953205,104.88407970644258,92.40874125183079,131.9603612698153,151.63401647795862,158.2199064224298,141.51271686561677,166.01802905266715,0.21984173698494763,0.10582786500428808,0.4186341876794048,0.5609702566947677,24.50531218705038,6.585889944471177,9.940577116910532,39.55162001798452
/content/drive/MyDrive/Bharatanatyam_Digital_Twin/dataset/posture_images/extracted/new_Dataset/Swastika Augmented/dr_0_2752.jpg,dr_0_2752.jpg,Swastika Augmented,confidence_0.2,94.119694890961,126.81916809849412,86.63783593224139,142.5842274349692,137.81663956033591,153.94584694661827,137.4670723515202,128.6344873206102,0.22932249490121653,0.11756996225377717,0.28574339337190363,0.3722438597769552,8.832585030909996,16.12920738628236,32.69947320753312,55.946391502727806
/content/drive/MyDrive/Bharatanatyam_Digital_Twin/dataset/posture_images/extracted/new_Dataset/Swastika Augmented/dr_0_2823.jpg,dr_0_2823.jpg,Swastika Augmented,confidence_0.2,90.53400211616095,115.47572078485231,64.57639754066197,125.69457051323512,158.00776303966398,161.34055365403026,167.6361278563112,168.65158815218152,0.26052511699482184,0.12440425348206248,0.265038248431156,0.43680331932868527,1.0154602958703265,3.3327906143662744,24.941718668691365,61.11817297257315
/content/drive/MyDrive/Bharatanatyam_Digital_Twin/dataset/posture_images/extracted/new_Dataset/Swastika Augmented/dr_0_3046.jpg,dr_0_3046.jpg,Swastika Augmented,confidence_0.2,39.92063041397635,82.97075624332975,85.07378449614643,64.96846450962363,158.17760046357026,165.44549538629948,147.59203885650513,130.538035153624,0.2097255096063146,0.09762317771445339,0.1890711926606362,0.25120098549919834,17.05400370288112,7.267894922729226,43.0501258293534,20.1053199865228
/content/drive/MyDrive/Bharatanatyam_Digital_Twin/dataset/posture_images/extracted/new_Dataset/Swastika Augmented/dr_0_3224.jpg,dr_0_3224.jpg,Swastika Augmented,confidence_0.2,108.50629764481745,110.81432755780347,104.21154361383047,124.36656134083319,175.74560810297098,167.3827547575339,169.50416999545027,174.66512684671358,0.26904812732890904,0.137963519299587,0.27660962539202355,0.1942268457496515,5.1609568512633075,8.362853345437088,2.308029912986015,20.155017727002715
/content/drive/MyDrive/Bharatanatyam_Digital_Twin/dataset/posture_images/extracted/new_Dataset/Swastika Augmented/dr_0_3363.jpg,dr_0_3363.jpg,Swastika Augmented,confidence_0.2,93.55524117249051,101.82145595289046,84.61548679597985,118.64370308799334,167.22644411365602,159.96408586742393,169.42099663607996,170.10752133698566,0.24604246916882233,0.1133813288304435,0.25157240545546533,0.3296926455011589,0.686524700905693,7.262358246232083,8.266214780399949,34.0282162920135
/content/drive/MyDrive/Bharatanatyam_Digital_Twin/dataset/posture_images/extracted/new_Dataset/Swastika Augmented/dr_0_3374.jpg,dr_0_3374.jpg,Swastika Augmented,confidence_0.2,105.67664685362934,82.24316813155377,100.66889678820495,72.07163018549636,144.9031825529078,162.89151793294965,118.96667292677104,145.42809539914265,0.2664828255150408,0.11804287464632135,0.2631211895496531,0.5427155316639579,26.46142247237161,17.98833538004186,23.433478722075563,28.597266602708586
/content/drive/MyDrive/Bharatanatyam_Digital_Twin/dataset/posture_images/extracted/new_Dataset/Swastika Augmented/dr_0_3375.jpg,dr_0_3375.jpg,Swastika Augmented,confidence_0.2,96.45759459131142,124.10333097836616,67.91735052282044,135.58507706772536,164.76125829130635,173.05527863269742,159.6384504323004,166.8448010359123,0.25426982161423844,0.12329913267677112,0.31515894387591764,0.48323017473914803,7.206350603611895,8.294020341391075,27.64573638705474,67.66772654490492
/content/drive/MyDrive/Bharatanatyam_Digital_Twin/dataset/posture_images/extracted/new_Dataset/Swastika Augmented/dr_0_3386.jpg,dr_0_3386.jpg,Swastika Augmented,confidence_0.2,122.28861057837369,101.43398237710215,139.52245871163078,116.21829304090633,151.08830738504278,133.25099441786963,153.64385551962172,114.84925351418664,0.2672435731886266,0.14580116870856877,0.5598026416789847,0.6528923118410082,38.79460200543508,17.837312967173148,20.854628201271538,23.304165670724444
/content/drive/MyDrive/Bharatanatyam_Digital_Twin/dataset/posture_images/extracted/new_Dataset/Swastika Augmented/dr_0_3397.jpg,dr_0_3397.jpg,Swastika Augmented,confidence_0.2,160.74025437015328,145.9951610502361,139.62393237690006,15.602997958855827,171.2791985382556,41.2073814167944,168.67737943691637,43.450370063419825,0.1948559108498457,0.10175834228267892,0.6907275297076846,0.9644105731421294,125.22700937349654,130.0718171214612,14.745093319917174,124.02093441804423
/content/drive/MyDrive/Bharatanatyam_Digital_Twin/dataset/posture_images/extracted/new_Dataset/Swastika Augmented/dr_0_3582.jpg,dr_0_3582.jpg,Swastika Augmented,confidence_0.2,89.93996733505003,109.72901993102798,79.58069159693669,125.69001868146569,163.7514320672146,161.28834251722512,166.37452478613386,175.23531510393556,0.24118590867360573,0.10490736523054094,0.21577817891734605,0.3347054481021846,8.860790317801701,2.4630895499894905,19.78905259597795,46.109327084529
/content/drive/MyDrive/Bharatanatyam_Digital_Twin/dataset/posture_images/extracted/new_Dataset/Swastika Augmented/dr_0_3782.jpg,dr_0_3782.jpg,Swastika Augmented,confidence_0.2,132.55667467038225,105.21971574481823,143.64748235030243,106.60039378695353,163.23592065484274,173.9222414120761,158.9150162920926,170.59975501842456,0.23450695992830417,0.10878045826359974,0.18360316760671017,0.4289917823831675,11.684738726331972,10.686320757233347,27.33695892556402,37.04708856334889
/content/drive/MyDrive/Bharatanatyam_Digital_Twin/dataset/posture_images/extracted/new_Dataset/Swastika Augmented/dr_0_3811.jpg,dr_0_3811.jpg,Swastika Augmented,confidence_0.2,130.10370328870678,136.48943070375816,138.65296995316075,125.52996573111616,126.1025670064398,27.449772582767032,132.318083761254,51.21518686932754,0.28171954662476784,0.20680096933317985,1.160461024139494,1.167859470184604,81.10289689192646,98.65279442367276,6.385727415051377,13.123004222044585
/content/drive/MyDrive/Bharatanatyam_Digital_Twin/dataset/posture_images/extracted/new_Dataset/Swastika Augmented/dr_0_4403.jpg,dr_0_4403.jpg,Swastika Augmented,confidence_0.2,92.72609417562619,117.39330353901637,87.11778979441965,136.86138447863368,172.61497712338553,161.5832420683377,169.48305379352732,171.5857431362965,0.26992264801976057,0.1191865637720892,0.16744799689586945,0.14715225527803305,2.1026893427691675,11.031735055047818,24.667209363390185,49.74359468421403
/content/drive/MyDrive/Bharatanatyam_Digital_Twin/dataset/posture_images/extracted/new_Dataset/Swastika Augmented/dr_0_4602.jpg,dr_0_4602.jpg,Swastika Augmented,confidence_0.2,108.05331198484012,97.6910801168566,116.45611973751349,92.7306471251879,154.6226479584578,174.0889011939765,161.1632436818838,152.35115713845207,0.2355705219639044,0.1107140862364727,0.3074616622221799,0.4272131454589861,8.812086543431747,19.466253235518707,10.362231867983525,23.72547261232559
/content/drive/MyDrive/Bharatanatyam_Digital_Twin/dataset/posture_images/extracted/new_Dataset/Swastika Augmented/dr_0_4674.jpg,dr_0_4674.jpg,Swastika Augmented,confidence_0.2,129.0572884677622,106.90571583218369,146.85159011761016,125.63546172164662,142.87718981305187,45.087741923128874,150.3311522859767,61.119401994954146,0.27369204862913027,0.16453021413349475,0.7617024679264819,0.8934605519924745,89.21175029102257,97.789447889923,22.151572635578503,21.216128395963537
/content/drive/MyDrive/Bharatanatyam_Digital_Twin/dataset/posture_images/extracted/new_Dataset/Swastika Augmented/dr_0_5162.jpg,dr_0_5162.jpg,Swastika Augmented,confidence_0.2,89.41385383640034,118.95339366899923,88.11003313571264,140.96018239515502,174.29769281015882,162.96440243515008,167.79806524450032,170.15245414867272,0.23446446674847993,0.09523171074263556,0.20871376735058345,0.3389882954136386,2.3543889041723958,11.333290375008744,29.53953983259889,52.850149259442375
/content/drive/MyDrive/Bharatanatyam_Digital_Twin/dataset/posture_images/extracted/new_Dataset/Swastika Augmented/dr_0_5207.jpg,dr_0_5207.jpg,Swastika Augmented,confidence_0.2,103.99060481312056,100.32051570112871,57.8466596014108,88.97069961278295,120.2285866243445,33.95921315357462,139.1160333820325,51.848809605312134,0.32684926852035673,0.17703221717144046,0.7591883848545727,0.7492725714147652,87.26722377672036,86.26937347076988,3.6700891119918424,31.124040011372152
/content/drive/MyDrive/Bharatanatyam_Digital_Twin/dataset/posture_images/extracted/new_Dataset/Swastika Augmented/dr_0_5272.jpg,dr_0_5272.jpg,Swastika Augmented,confidence_0.2,97.22952891324563,119.21718255125757,98.36456346929737,139.19303488703792,153.4401493805993,156.569762899381,147.73885224507123,164.20454994755258,0.23866966221914257,0.12156498318654456,0.41262597662866607,0.48433651381526244,16.46569770248135,3.129613518781696,21.987653638011935,40.82847141774056
/content/drive/MyDrive/Bharatanatyam_Digital_Twin/dataset/posture_images/extracted/new_Dataset/Swastika Augmented/dr_0_5279.jpg,dr_0_5279.jpg,Swastika Augmented,confidence_0.2,110.59570351955146,123.76133465444943,116.41462900317524,139.06947427477274,172.61686899097833,170.69278781568758,175.841014189929,171.423353442674,0.24884399460282047,0.11325492821956666,0.11703528787036831,0.10486268540012013,4.417660747255013,1.9240811752907518,13.165631134897964,22.65484527159751
/content/drive/MyDrive/Bharatanatyam_Digital_Twin/dataset/posture_images/extracted/new_Dataset/Swastika Augmented/dr_0_5708.jpg,dr_0_5708.jpg,Swastika Augmented,confidence_0.2,168.12551996216257,157.38854342778637,142.0349701492422,19.916989947045888,168.77084608669642,170.5334729243743,170.19178077195838,167.45193702321134,0.22950145952617382,0.10754972277051393,0.2035216531677033,0.3851978694239385,2.7398437487470346,1.7626268376778853,10.736976534376197,122.11798020219632
/content/drive/MyDrive/Bharatanatyam_Digital_Twin/dataset/posture_images/extracted/new_Dataset/Swastika Augmented/dr_0_5731.jpg,dr_0_5731.jpg,Swastika Augmented,confidence_0.2,102.4067883428855,121.5225039871258,101.34212312115143,144.55056961721283,165.68556278788014,162.2017280645041,153.2157535726475,159.70380849204392,0.2214112786612366,0.10017036854496689,0.32313305906810014,0.4863727530549147,6.488054919396433,3.4838347233760487,19.115715644240296,43.2084464960614
/content/drive/MyDrive/Bharatanatyam_Digital_Twin/dataset/posture_images/extracted/new_Dataset/Swastika Augmented/dr_0_5760.jpg,dr_0_5760.jpg,Swastika Augmented,confidence_0.2,96.75139533388393,107.54187221934158,92.18562285301601,124.39304334076375,172.70090702166456,162.60121512717998,174.6300577972463,174.27562232271168,0.228779420196253,0.10839761688964068,0.1280851042479059,0.06947726257851991,0.3544354745346254,10.099691894484579,10.79047688545765,32.20742048774774
/content/drive/MyDrive/Bharatanatyam_Digital_Twin/dataset/posture_images/extracted/new_Dataset/Swastika Augmented/dr_0_5852.jpg,dr_0_5852.jpg,Swastika Augmented,confidence_0.2,108.46266789170528,140.04495944539784,121.20022701301254,108.90501669872813,153.6030531822442,176.22239491512892,152.20419932714785,166.05761419684413,0.24097081091547085,0.1239097216470232,0.3005967460890312,0.5080962299142443,13.85341486969628,22.61934173288472,31.582291553692556,12.295210314284404
/content/drive/MyDrive/Bharatanatyam_Digital_Twin/dataset/posture_images/extracted/new_Dataset/Swastika Augmented/dr_0_5891.jpg,dr_0_5891.jpg,Swastika Augmented,confidence_0.2,95.97451003081217,121.85164770441394,95.92004068821909,137.50373027852672,153.3946514610475,149.75652776428925,80.51336376682022,139.55275636148846,0.3026030461728985,0.13297213207520503,0.3208344054617281,0.26448676227717227,59.03939259466824,3.6381236967582424,25.877137673601766,41.58368959030763
/content/drive/MyDrive/Bharatanatyam_Digital_Twin/dataset/posture_images/extracted/new_Dataset/Swastika Augmented/dr_0_6145.jpg,dr_0_6145.jpg,Swastika Augmented,confidence_0.2,100.47420677282251,107.68517243141979,84.40101630186041,127.2328867593762,174.1086594828606,162.78808337713977,177.27946180451008,176.29403568036653,0.23358137983750266,0.10934344352691724,0.12448309601332952,0.1334275166236628,0.9854261241435438,11.320576105720818,7.210965658597274,42.83187045751579
/content/drive/MyDrive/Bharatanatyam_Digital_Twin/dataset/posture_images/extracted/new_Dataset/Swastika Augmented/dr_0_6239.jpg,dr_0_6239.jpg,Swastika Augmented,confidence_0.2,100.88709411056591,119.74405862582667,83.52406292697893,138.321389027506,61.26616460920442,112.12096848841206,58.59574199715314,99.86248255157099,0.2825754283451136,0.13525054499180858,0.49081499618014096,0.5291794750685698,41.26674055441785,50.854803879207644,18.856964515260756,54.79732610052707
/content/drive/MyDrive/Bharatanatyam_Digital_Twin/dataset/posture_images/extracted/new_Dataset/Swastika Augmented/dr_0_6251.jpg,dr_0_6251.jpg,Swastika Augmented,confidence_0.2,92.35835638407596,123.05184291536729,90.01933013139133,141.23065660354203,173.53990695581845,161.64762193970807,155.85280765984427,172.65695102948385,0.25807592426549,0.1098692694276557,0.31872894702519905,0.49167190035676317,16.804143369639576,11.892285016110378,30.693486531291327,51.2113264721507
/content/drive/MyDrive/Bharatanatyam_Digital_Twin/dataset/posture_images/extracted/new_Dataset/Swastika Augmented/dr_0_6361.jpg,dr_0_6361.jpg,Swastika Augmented,confidence_0.2,121.026635315005,107.34620612580521,135.7358730700807,119.54932262545972,172.54932148557845,174.94952979124784,167.0250661590713,166.27608543232088,0.24376247411318988,0.14617726368770328,0.227055859116953,0.49442898534318025,0.7489807267504034,2.400208305669395,13.680429189199785,16.186550444620963
/content/drive/MyDrive/Bharatanatyam_Digital_Twin/dataset/posture_images/extracted/new_Dataset/Swastika Augmented/dr_0_6489.jpg,dr_0_6489.jpg,Swastika Augmented,confidence_0.2,161.11708439675866,84.46924393121755,15.543558264159593,64.69623046795166,168.2940400496521,167.3245045504142,172.59073387665785,178.97517346825504,0.2024416489023984,0.14615002493521376,0.24547765459111134,0.3641123447502598,6.384439591597186,0.9695354992379066,76.64784046554111,49.15267220379207
/content/drive/MyDrive/Bharatanatyam_Digital_Twin/dataset/posture_images/extracted/new_Dataset/Swastika Augmented/dr_0_6696.jpg,dr_0_6696.jpg,Swastika Augmented,confidence_0.2,140.39491081648805,106.9085151647924,147.73071726845242,95.40038920589522,175.48295972551819,177.1868948639743,163.17871577761542,168.63892521647782,0.2307272921084849,0.10866477108891516,0.06039354970240039,0.3809295246065833,5.4602094388623925,1.703935138456103,33.486395651695645,52.3303280625572
/content/drive/MyDrive/Bharatanatyam_Digital_Twin/dataset/posture_images/extracted/new_Dataset/Swastika Augmented/dr_0_677.jpg,dr_0_677.jpg,Swastika Augmented,confidence_0.2,124.7141989433214,107.75414127670764,143.46092072217976,123.75810352739526,125.43901170091951,39.198676294093204,144.37239948919466,59.55723287047809,0.2738051589761697,0.15677036100904687,0.7789302933706872,0.8350421028023209,84.81516661871657,86.2403354068263,16.960057666613764,19.7028171947845
/content/drive/MyDrive/Bharatanatyam_Digital_Twin/dataset/posture_images/extracted/new_Dataset/Swastika Augmented/dr_0_6772.jpg,dr_0_6772.jpg,Swastika Augmented,confidence_0.2,124.5022241809454,100.53112428852911,30.948159639880085,88.2285745507132,157.65371500854485,175.36758186379978,164.46618718519693,170.24569206581404,0.22801633493209927,0.10452337348983369,0.25806481174776963,0.4379760328108923,5.779504880617111,17.713866855254935,23.97109989241629,57.280414910833116
/content/drive/MyDrive/Bharatanatyam_Digital_Twin/dataset/posture_images/extracted/new_Dataset/Swastika Augmented/dr_0_698.jpg,dr_0_698.jpg,Swastika Augmented,confidence_0.2,93.19472466590577,123.51962929011135,100.07940125260379,134.85058760608135,127.4106662792343,81.4380599705179,144.14056514326288,92.11563967997833,0.5730609558385411,0.4266364398555824,0.7144619718569243,0.6237825777606059,52.024925463284546,45.97260630871641,30.324904624205587,34.77118635347756
/content/drive/MyDrive/Bharatanatyam_Digital_Twin/dataset/posture_images/extracted/new_Dataset/Swastika Augmented/dr_0_7297.jpg,dr_0_7297.jpg,Swastika Augmented,confidence_0.2,101.21357124088026,111.45080305840666,67.5341598312633,131.52652176382713,170.24405717826698,166.1346285360246,168.56050456932877,175.03659299683085,0.23507752810406013,0.11346572668731865,0.22616097791572415,0.27976835913525805,6.476088427502077,4.109428642242392,10.237231817526407,63.99236193256384
/content/drive/MyDrive/Bharatanatyam_Digital_Twin/dataset/posture_images/extracted/new_Dataset/Swastika Augmented/dr_0_7503.jpg,dr_0_7503.jpg,Swastika Augmented,confidence_0.2,92.56440248080226,96.72475008849446,121.32191511164088,91.97753121807742,140.1064706931301,40.05458241138134,137.3585009242399,80.28864711840438,0.2804852497685345,0.1793612842624234,0.8631656778563885,0.9828131056828329,57.06985380583552,100.05188828174875,4.160347607692202,29.34438389356346
/content/drive/MyDrive/Bharatanatyam_Digital_Twin/dataset/posture_images/extracted/new_Dataset/Swastika Augmented/dr_0_7521.jpg,dr_0_7521.jpg,Swastika Augmented,confidence_0.2,143.19383766143955,178.00078727685104,138.63228500637226,99.27541930719315,148.65619708899925,167.5979321311226,164.05366549610434,158.7406149222702,0.2821986147314418,0.1451944443574339,0.46994327490986365,0.4950947816625757,5.313050573834147,18.941735042123355,34.8069496154115,39.35686569917911
/content/drive/MyDrive/Bharatanatyam_Digital_Twin/dataset/posture_images/extracted/new_Dataset/Swastika Augmented/dr_0_8361.jpg,dr_0_8361.jpg,Swastika Augmented,confidence_0.2,151.1797163018809,135.23599982783236,158.33744479396597,140.7180306540323,163.00477557428275,159.80866145361844,149.66522999051114,164.02403241242658,0.252483747768878,0.11045177672000307,0.3491207736588395,0.32325817016970804,14.358802421915442,3.196114120664305,15.943716474048529,17.619414139933667
/content/drive/MyDrive/Bharatanatyam_Digital_Twin/dataset/posture_images/extracted/new_Dataset/Swastika Augmented/dr_0_8937.jpg,dr_0_8937.jpg,Swastika Augmented,confidence_0.2,119.97827319211551,100.41262375413875,129.27246753038867,49.942620219301176,122.18050393532127,23.87597923776542,137.9868336304492,47.89262791347513,0.29276254671574165,0.20489904940948936,1.0387549147627027,1.0751741618639108,90.09420571697407,98.30452469755585,19.56564943797676,79.32984731108749
/content/drive/MyDrive/Bharatanatyam_Digital_Twin/dataset/posture_images/extracted/new_Dataset/Swastika Augmented/dr_0_9049.jpg,dr_0_9049.jpg,Swastika Augmented,confidence_0.2,111.16315879982402,166.17949122826525,97.36183690460135,21.71541625250141,164.54249700703306,159.4548226361867,168.9728249034945,169.6729383949387,0.3272996256233815,0.19706849800702217,0.47057658795520446,0.5670083336874064,0.7001134914441991,5.087674370846372,55.01633242844123,75.64642065209993
/content/drive/MyDrive/Bharatanatyam_Digital_Twin/dataset/posture_images/extracted/new_Dataset/Swastika Augmented/dr_0_9312.jpg,dr_0_9312.jpg,Swastika Augmented,confidence_0.2,93.8518651144634,117.98294230290831,107.7180904066182,134.21051991627255,172.83339906681752,142.69858137743051,136.02992072258505,152.20698657836078,0.2800312226108668,0.11208914951106512,0.2976258048262875,0.22748538885550862,16.177065855775737,30.134817689387006,24.13107718844492,26.492429509654343
/content/drive/MyDrive/Bharatanatyam_Digital_Twin/dataset/posture_images/extracted/new_Dataset/Swastika Augmented/dr_0_9690.jpg,dr_0_9690.jpg,Swastika Augmented,confidence_0.2,114.20207130580694,97.21013070238448,125.66101494298577,86.76504418017329,163.18126214678807,174.4129073428535,168.29542685008255,168.43662105046306,0.2412152049383084,0.11527033093042663,0.13699206991049065,0.2171414731291262,0.1411942003805109,11.231645196065415,16.991940603422464,38.89597076281248
/content/drive/MyDrive/Bharatanatyam_Digital_Twin/dataset/posture_images/extracted/new_Dataset/Swastika Augmented/dr_0_97.jpg,dr_0_97.jpg,Swastika Augmented,confidence_0.2,109.01649325888587,151.41944055148963,98.57424816709049,40.04376783079684,153.51058789319384,153.94135711657947,168.38740870323466,162.07518691429178,0.24853284121998995,0.13842683154099275,0.21445424191309773,0.4130118553154369,6.312221788942878,0.4307692233856244,42.402947292603756,58.53048033629365
/content/drive/MyDrive/Bharatanatyam_Digital_Twin/dataset/posture_images/extracted/new_Dataset/Swastika Augmented/dr_1_1293.jpg,dr_1_1293.jpg,Swastika Augmented,confidence_0.2,132.70236807638878,90.49125184186587,143.28201196974308,79.017358859771,164.78127138400376,175.4047149936228,172.02176327737885,157.96405541710797,0.2606333336065765,0.0822689667752928,0.19604514337513324,0.4442620257700823,14.057707860270881,10.623443609619045,42.211116234522905,64.26465310997209
/content/drive/MyDrive/Bharatanatyam_Digital_Twin/dataset/posture_images/extracted/new_Dataset/Swastika Augmented/dr_1_1303.jpg,dr_1_1303.jpg,Swastika Augmented,confidence_0.2,119.98745711515393,99.55683008758847,164.31283507938355,82.28470876483894,110.83518068523802,44.028804515122424,104.05880059714458,64.7277836615869,0.24975701391404528,0.20247821056373352,0.489284898943105,0.644810845586695,39.331016935557685,66.80637617011558,20.430627027565464,82.02812631454461
/content/drive/MyDrive/Bharatanatyam_Digital_Twin/dataset/posture_images/extracted/new_Dataset/Swastika Augmented/dr_1_1363.jpg,dr_1_1363.jpg,Swastika Augmented,confidence_0.2,93.13172976293059,127.31807760051666,74.92208725305318,130.76181651296625,167.30570322270913,163.95241911874882,140.51228094560724,151.11834618333876,0.3051441361041618,0.12519400773161976,0.2129960318925751,0.19612616596751103,10.606065237731514,3.3532841039603056,34.18634783758607,55.83972925991307
/content/drive/MyDrive/Bharatanatyam_Digital_Twin/dataset/posture_images/extracted/new_Dataset/Swastika Augmented/dr_1_1675.jpg,dr_1_1675.jpg,Swastika Augmented,confidence_0.2,151.31371397106184,115.85123533050734,78.85321774136699,61.23515411653431,161.611498566374,174.5267000316695,152.21482849714835,176.2198637269634,0.28162411653208363,0.1594962209401065,0.6145321861212872,0.7586309314375697,24.005035229815064,12.915201465295496,35.46247864055451,17.61806362483268
/content/drive/MyDrive/Bharatanatyam_Digital_Twin/dataset/posture_images/extracted/new_Dataset/Swastika Augmented/dr_1_1753.jpg,dr_1_1753.jpg,Swastika Augmented,confidence_0.2,107.6805520328185,99.06600616414327,105.68141481543917,66.91810276743557,167.29047805712545,164.28997775227717,167.09815938463842,166.07328163560462,0.27405955511012825,0.15195329782260295,0.3395435420870046,0.5578512792678931,1.0248777490338057,3.0005003048482877,8.614545868675222,38.7633120480036
/content/drive/MyDrive/Bharatanatyam_Digital_Twin/dataset/posture_images/extracted/new_Dataset/Swastika Augmented/dr_1_230.jpg,dr_1_230.jpg,Swastika Augmented,confidence_0.2,128.17726792809052,85.76501141202102,131.97897375823183,88.57509776635206,160.07148386080974,165.80363516408514,148.57138836868904,147.6547849920775,0.2501254795456997,0.12099496090096572,0.20398177178657573,0.47964319207247963,0.9166033766115333,5.732151303275401,42.41225651606949,43.40387599187977
/content/drive/MyDrive/Bharatanatyam_Digital_Twin/dataset/posture_images/extracted/new_Dataset/Swastika Augmented/dr_1_2396.jpg,dr_1_2396.jpg,Swastika Augmented,confidence_0.2,95.21422950966206,155.14047575185975,105.76829500614551,117.184953924381,153.17252064438244,118.16429703464273,132.9198961751056,129.12152056125626,0.2786198255021173,0.13704625988385066,0.3741627200105679,0.27486218897259257,3.7983756138493447,35.008223609739716,59.92624624219769,11.416658918235498
/content/drive/MyDrive/Bharatanatyam_Digital_Twin/dataset/posture_images/extracted/new_Dataset/Swastika Augmented/dr_1_2944.jpg,dr_1_2944.jpg,Swastika Augmented,confidence_0.2,114.52770215472297,117.90304435114871,84.46968772818346,127.53228683190093,91.4148055872146,81.98554605232921,139.4802743980621,99.96803796830808,0.2794315094104076,0.16749511365333664,0.2071322104713257,0.20234129829918882,39.512236429754026,9.42925953488539,3.375342196425734,43.062599103717474
/content/drive/MyDrive/Bharatanatyam_Digital_Twin/dataset/posture_images/extracted/new_Dataset/Swastika Augmented/dr_1_3040.jpg,dr_1_3040.jpg,Swastika Augmented,confidence_0.2,82.4524334765348,111.43260701001732,64.97108038310965,92.5885236632444,113.0697739988139,97.74761451220834,153.13130974210537,112.68504823710033,0.33872788313828395,0.1967123773362361,0.23578031261442126,0.23687319749431146,40.44626150500504,15.322159486605557,28.980173533482528,27.61744328013475
/content/drive/MyDrive/Bharatanatyam_Digital_Twin/dataset/posture_images/extracted/new_Dataset/Swastika Augmented/dr_1_3207.jpg,dr_1_3207.jpg,Swastika Augmented,confidence_0.2,132.4692735266137,99.49875950291307,141.36817867722925,115.59218731158649,171.13492513707172,162.2615041419411,174.4821326965668,157.76582269997593,0.23137834033488353,0.1362158911458638,0.4622361507844536,0.6856996137987172,16.716309996590866,8.87342099513063,32.97051402370063,25.775991365642767
/content/drive/MyDrive/Bharatanatyam_Digital_Twin/dataset/posture_images/extracted/new_Dataset/Swastika Augmented/dr_1_3264.jpg,dr_1_3264.jpg,Swastika Augmented,confidence_0.2,89.3391274854424,157.23219087024992,100.03456107767711,44.00639598340735,170.1016093289294,155.365278158644,154.45028967529487,170.32007200826752,0.28846027157738807,0.15452926651299215,0.3412141168733029,0.36052553655613473,15.869782332972648,14.73633117028541,67.89306338480752,56.02816509426976
/content/drive/MyDrive/Bharatanatyam_Digital_Twin/dataset/posture_images/extracted/new_Dataset/Swastika Augmented/dr_1_3283.jpg,dr_1_3283.jpg,Swastika Augmented,confidence_0.2,113.73840554042273,89.73908479785152,115.73891118957279,83.75279990709937,153.46381261180917,154.3931236541723,152.8640242546167,154.40064106475427,0.29566053500565115,0.15477693251251545,0.29304477889705755,0.3670947940346709,1.5366168101375592,0.929311042363139,23.999320742571214,31.986111282473416
/content/drive/MyDrive/Bharatanatyam_Digital_Twin/dataset/posture_images/extracted/new_Dataset/Swastika Augmented/dr_1_3312.jpg,dr_1_3312.jpg,Swastika Augmented,confidence_0.2,110.12928840072651,113.82906163804503,92.73697002995586,125.752247673937,20.093072748740642,32.614878039618624,11.918987755852758,30.09807265365725,0.3356318871819215,0.19834176560621214,0.16288778601468756,0.17451504052813524,18.179084897804493,12.521805290877982,3.6997732373185244,33.01527764398115
/content/drive/MyDrive/Bharatanatyam_Digital_Twin/dataset/posture_images/extracted/new_Dataset/Swastika Augmented/dr_1_3362.jpg,dr_1_3362.jpg,Swastika Augmented,confidence_0.2,153.91595796845854,121.27861830581725,142.65362147285506,112.55510428721001,116.09466937063148,92.99743069804032,140.6555771336706,125.39359409758349,0.24581073005939638,0.14575884699664152,0.28498033586584276,0.21439361176646066,15.261983036087102,23.09723867259116,32.637339662641295,30.09851718564505
/content/drive/MyDrive/Bharatanatyam_Digital_Twin/dataset/posture_images/extracted/new_Dataset/Swastika Augmented/dr_1_3396.jpg,dr_1_3396.jpg,Swastika Augmented,confidence_0.2,137.8009689392011,101.05949471228223,129.62242171098237,111.05748234570952,39.222936598962285,43.84248261264196,27.38472366913235,38.46138146341665,0.32903167022700464,0.2223446572747834,0.18600258146739435,0.13872279130783122,11.076657794284301,4.619546013679674,36.74147422691888,18.56493936527285
/content/drive/MyDrive/Bharatanatyam_Digital_Twin/dataset/posture_images/extracted/new_Dataset/Swastika Augmented/dr_1_3606.jpg,dr_1_3606.jpg,Swastika Augmented,confidence_0.2,135.70010516226162,96.57682309353257,145.46587762284494,67.9464593752071,170.2944092506584,168.87292247531929,175.53413608276983,163.40452227756643,0.2653688670960501,0.09931035314672108,0.2489570644364334,0.5695907515497113,12.129613805203405,1.4214867753391047,39.123282068729054,77.51941824763784
/content/drive/MyDrive/Bharatanatyam_Digital_Twin/dataset/posture_images/extracted/new_Dataset/Swastika Augmented/dr_1_3630.jpg,dr_1_3630.jpg,Swastika Augmented,confidence_0.2,80.05868152778679,133.08183139145262,72.68315512926057,126.85612016922558,157.68015631144294,145.0847823544147,158.25675464541197,153.2971913830012,0.3570278509526793,0.2181054594127336,0.37221188863072907,0.3043341261655771,4.959563262410768,12.595373957028244,53.023149863665836,54.17296503996501
/content/drive/MyDrive/Bharatanatyam_Digital_Twin/dataset/posture_images/extracted/new_Dataset/Swastika Augmented/dr_1_375.jpg,dr_1_375.jpg,Swastika Augmented,confidence_0.2,101.23118076255851,134.56956547452364,60.95064941067463,89.42390476520485,163.77058669194773,126.66584796809956,135.76605422915293,138.73257335890136,0.3365389693662078,0.14052560284177767,0.37112998476714987,0.1802987501538169,2.966519129748434,37.10473872384817,33.33838471196513,28.473255354530224
/content/drive/MyDrive/Bharatanatyam_Digital_Twin/dataset/posture_images/extracted/new_Dataset/Swastika Augmented/dr_1_3778.jpg,dr_1_3778.jpg,Swastika Augmented,confidence_0.2,101.90279822181046,115.3152851374159,58.291818772642394,64.65367323556046,165.05615144304326,160.44006013069037,148.4989779849019,173.89834199907204,0.2599213684352914,0.10453799312549308,0.15097596988386727,0.259127984419283,25.399364014170146,4.616091312352893,13.412486915605442,6.3618544629180676
/content/drive/MyDrive/Bharatanatyam_Digital_Twin/dataset/posture_images/extracted/new_Dataset/Swastika Augmented/dr_1_3810.jpg,dr_1_3810.jpg,Swastika Augmented,confidence_0.2,133.53172203485474,101.92102238187412,131.20351922961373,111.94861519822294,58.723782404580426,23.5138503710865,50.025567152852645,37.11712577215281,0.28489726989016334,0.15843541877102302,0.47043542513569675,0.6459192615969853,12.908441380699834,35.20993203349393,31.610699652980614,19.254904031390794
/content/drive/MyDrive/Bharatanatyam_Digital_Twin/dataset/posture_images/extracted/new_Dataset/Swastika Augmented/dr_1_3866.jpg,dr_1_3866.jpg,Swastika Augmented,confidence_0.2,95.10591930176939,88.7497957928716,70.41328488352997,101.27599985775473,107.10824040373777,100.29144515225481,95.85098426151775,103.95424456779861,0.29627236623228626,0.20301106676501657,0.27432660375325746,0.16170983467398833,8.103260306280859,6.816795251482958,6.356123508897795,30.862714974224758
/content/drive/MyDrive/Bharatanatyam_Digital_Twin/dataset/posture_images/extracted/new_Dataset/Swastika Augmented/dr_1_4359.jpg,dr_1_4359.jpg,Swastika Augmented,confidence_0.2,149.2082029814325,101.35636119290166,141.4853476953843,120.56536409307549,148.3201157013717,148.445385821136,167.91681378476883,176.32020133902944,0.3216948926708124,0.18768867300288866,0.2234377998954338,0.2534187006629924,8.403387554260604,0.12527011976430913,47.851841788530834,20.919983602308804
/content/drive/MyDrive/Bharatanatyam_Digital_Twin/dataset/posture_images/extracted/new_Dataset/Swastika Augmented/dr_1_4553.jpg,dr_1_4553.jpg,Swastika Augmented,confidence_0.2,82.75451026860726,128.3241527622018,86.52827044523734,106.21675661759892,26.4837997098396,88.30433983970119,39.909672743302075,102.51203945250471,0.31649142163926025,0.1371012909132086,0.4860580222462628,0.5551240482113462,62.602366709202634,61.820540129861584,45.56964249359454,19.68848617236158
/content/drive/MyDrive/Bharatanatyam_Digital_Twin/dataset/posture_images/extracted/new_Dataset/Swastika Augmented/dr_1_4596.jpg,dr_1_4596.jpg,Swastika Augmented,confidence_0.2,135.92375190499808,100.63032922075683,139.881763501791,68.29979279592645,177.3865749256625,111.27614189451138,159.14400943789255,120.53757676185609,0.3499373632139476,0.20065201440866487,0.6676385566747195,0.9268607215718928,38.60643267603646,66.11043303115112,35.29342268424125,71.58197070586455
/content/drive/MyDrive/Bharatanatyam_Digital_Twin/dataset/posture_images/extracted/new_Dataset/Swastika Augmented/dr_1_4902.jpg,dr_1_4902.jpg,Swastika Augmented,confidence_0.2,145.09844186047857,89.18788190494186,139.0790286427185,101.15778697910358,151.38537019241397,170.38211786263122,150.27354201950536,160.8097688247774,0.2535322447954574,0.14013599812072816,0.15617373059305914,0.11480337693353489,10.536226805272037,18.996747670217246,55.91055995553671,37.92124166361492
/content/drive/MyDrive/Bharatanatyam_Digital_Twin/dataset/posture_images/extracted/new_Dataset/Swastika Augmented/dr_1_5122.jpg,dr_1_5122.jpg,Swastika Augmented,confidence_0.2,109.61329358596669,91.71597790203819,98.76236974409696,111.672385301523,105.45256753788279,109.71466317364626,145.2256626310331,142.14589464068195,0.2900970516155686,0.17926857308935593,0.22485800482981533,0.19169183072962548,3.0797679903511437,4.2620956357634725,17.897315683928497,12.910015557426036
/content/drive/MyDrive/Bharatanatyam_Digital_Twin/dataset/posture_images/extracted/new_Dataset/Swastika Augmented/dr_1_5165.jpg,dr_1_5165.jpg,Swastika Augmented,confidence_0.2,83.17105795653563,92.28004682324108,97.63589467877723,102.92210784849037,158.494255829766,146.8856990830796,168.1815992365624,172.7235985861571,0.26390461278243604,0.0927889017931835,0.1100011984821461,0.2134451116647832,4.541999349594704,11.60855674668639,9.108988866705445,5.286213169713136
/content/drive/MyDrive/Bharatanatyam_Digital_Twin/dataset/posture_images/extracted/new_Dataset/Swastika Augmented/dr_1_5247.jpg,dr_1_5247.jpg,Swastika Augmented,confidence_0.2,82.29452679934148,113.94388110729867,69.60711812052848,115.56257361514234,146.8571126998814,120.26470546064836,133.44698597751818,122.09381121244107,0.2961610723456162,0.1329829032215157,0.2557267531208601,0.09586525521103277,11.353174765077114,26.592407239233054,31.649354307957182,45.95545549461386
/content/drive/MyDrive/Bharatanatyam_Digital_Twin/dataset/posture_images/extracted/new_Dataset/Swastika Augmented/dr_1_5301.jpg,dr_1_5301.jpg,Swastika Augmented,confidence_0.2,134.69607523260044,90.56578157490925,139.99443336219827,67.52666599634996,169.42547013620256,169.20255138682978,169.0928385485381,163.44983635124672,0.2221469239948889,0.08597397144099721,0.058562619936431415,0.31558983263328855,5.643002197291395,0.22291874937278067,44.13029365769118,72.4677673658483
/content/drive/MyDrive/Bharatanatyam_Digital_Twin/dataset/posture_images/extracted/new_Dataset/Swastika Augmented/dr_1_5372.jpg,dr_1_5372.jpg,Swastika Augmented,confidence_0.2,89.22839721316818,164.98706116633045,81.5411239459352,104.4819047513903,176.64387792618348,157.1391860790991,155.6165149640598,177.91503847584517,0.33945545779785374,0.133350500268796,0.22502511260547128,0.21216608140862228,22.298523511785362,19.504691847084388,75.75866395316227,22.940780805455105
/content/drive/MyDrive/Bharatanatyam_Digital_Twin/dataset/posture_images/extracted/new_Dataset/Swastika Augmented/dr_1_5448.jpg,dr_1_5448.jpg,Swastika Augmented,confidence_0.2,90.48152512381861,110.69025162002308,81.268939011856,111.5091318703562,143.0294383431817,140.84935618170294,177.74162339567,176.99501810605753,0.27106489318468097,0.10951753147109086,0.09404299351521365,0.032755267997056206,0.7466052896124609,2.180082161478765,20.208726496204463,30.240192858500194
/content/drive/MyDrive/Bharatanatyam_Digital_Twin/dataset/posture_images/extracted/new_Dataset/Swastika Augmented/dr_1_5541.jpg,dr_1_5541.jpg,Swastika Augmented,confidence_0.2,127.22137067303765,157.692790272459,129.6496784768354,89.17464532772493,169.66747538447711,170.96460324444183,171.7216787296843,164.39307237316987,0.2652838197402327,0.11970739209186104,0.06470888665433801,0.1633308549858259,7.3286063565144275,1.2971278599647178,30.471419599421353,40.47503314911046
/content/drive/MyDrive/Bharatanatyam_Digital_Twin/dataset/posture_images/extracted/new_Dataset/Swastika Augmented/dr_1_6129.jpg,dr_1_6129.jpg,Swastika Augmented,confidence_0.2,101.22873320548435,114.62953166308967,71.57963066997209,77.94964601310664,154.2609698208155,159.52103444431194,154.53581738209104,161.0326825043807,0.31024235924845245,0.14305792700070943,0.2414054370825816,0.2642501143143784,6.496865122289648,5.260064623496447,13.400798457605319,6.370015343134554
/content/drive/MyDrive/Bharatanatyam_Digital_Twin/dataset/posture_images/extracted/new_Dataset/Swastika Augmented/dr_1_6300.jpg,dr_1_6300.jpg,Swastika Augmented,confidence_0.2,102.67735631727044,125.48031768448902,122.59686995199904,79.52827439398416,173.49247871247505,159.27039292420403,158.48373042297948,165.08757732977335,0.29008124408542674,0.12564931395001674,0.18521325305022743,0.16453122259340763,6.603846906793876,14.222085788271016,22.802961367218586,43.06859555801488
/content/drive/MyDrive/Bharatanatyam_Digital_Twin/dataset/posture_images/extracted/new_Dataset/Swastika Augmented/dr_1_6801.jpg,dr_1_6801.jpg,Swastika Augmented,confidence_0.2,85.47076227234798,120.93380554006174,91.92198741937688,104.47868904972384,125.49702892204685,148.70710594000823,121.96013953891205,166.6527229969217,0.31212890389926184,0.13882899146832606,0.49094859208909847,0.5520993787354066,44.692583458009665,23.210077017961382,35.46304326771376,12.556701630346964
/content/drive/MyDrive/Bharatanatyam_Digital_Twin/dataset/posture_images/extracted/new_Dataset/Swastika Augmented/dr_1_6808.jpg,dr_1_6808.jpg,Swastika Augmented,confidence_0.2,135.26868440687522,90.29325768145995,142.66333646778605,92.63662473073545,140.09993529451015,165.71938720264762,113.5520863586795,169.70719800115617,0.24073463890460753,0.10719970575361285,0.5386960980892647,0.6663215849416593,56.15511164247667,25.619451908137478,44.975426725415275,50.026711737050604
/content/drive/MyDrive/Bharatanatyam_Digital_Twin/dataset/posture_images/extracted/new_Dataset/Swastika Augmented/dr_1_6881.jpg,dr_1_6881.jpg,Swastika Augmented,confidence_0.2,88.18253436964129,110.67704482066435,63.60323516547274,107.05977717857047,168.70670731828682,166.71310075565248,176.04667457722016,171.3366388823525,0.24944218838083787,0.09474928223753921,0.12391245559586686,0.13874113654371978,4.710035694867656,1.9936065626343407,22.49451045102306,43.45654201309773
/content/drive/MyDrive/Bharatanatyam_Digital_Twin/dataset/posture_images/extracted/new_Dataset/Swastika Augmented/dr_1_7219.jpg,dr_1_7219.jpg,Swastika Augmented,confidence_0.2,91.42797736844943,129.26858081526868,70.69420121934924,120.5049462213865,160.79148850530274,148.66720725254953,168.31222329195975,165.19267182273924,0.3044253500757003,0.13633855838809308,0.3221558514281438,0.5404896344701974,3.119551469220511,12.124281252753207,37.840603446819244,49.810745002037265
/content/drive/MyDrive/Bharatanatyam_Digital_Twin/dataset/posture_images/extracted/new_Dataset/Swastika Augmented/dr_1_8208.jpg,dr_1_8208.jpg,Swastika Augmented,confidence_0.2,130.87313809683928,93.92489512428007,52.81765471023809,52.815412614554965,155.19732993071364,133.94972764586615,153.3672025091956,125.47256323106573,0.2801830024959694,0.16822390360897566,0.5312472778860229,0.4031480593114362,27.894639278129873,21.24760228484749,36.948242972559214,0.0022420956831226135
/content/drive/MyDrive/Bharatanatyam_Digital_Twin/dataset/posture_images/extracted/new_Dataset/Swastika Augmented/dr_1_8584.jpg,dr_1_8584.jpg,Swastika Augmented,confidence_0.2,166.43027589884636,120.80703397398652,66.8804224092271,92.24808048265989,22.624101354059228,56.450586896343864,68.45687933723018,125.11903170360692,0.2957077205310499,0.13316799760213993,0.7203534164223949,0.7922092210384007,56.662152366376745,33.82648554228464,45.62324192485984,25.367658073432793
/content/drive/MyDrive/Bharatanatyam_Digital_Twin/dataset/posture_images/extracted/new_Dataset/Swastika Augmented/dr_1_8599.jpg,dr_1_8599.jpg,Swastika Augmented,confidence_0.2,100.44330778586533,117.39686595425248,68.59370482306588,103.4129410573972,171.7108497512228,161.88433067006804,156.78016946577586,175.7830165937194,0.25149946460956585,0.09538150305817318,0.12353796723946547,0.09150612882046895,19.00284712794354,9.826519081154771,16.953558168387147,34.81923623433133
/content/drive/MyDrive/Bharatanatyam_Digital_Twin/dataset/posture_images/extracted/new_Dataset/Swastika Augmented/dr_1_8697.jpg,dr_1_8697.jpg,Swastika Augmented,confidence_0.2,128.94046861419983,91.12115656034703,48.93127652762117,103.71694483174836,159.47616684338385,157.68856146544778,161.68016935886232,167.9941409138183,0.25539429036981937,0.10362813861280169,0.050945103713590796,0.14671515775943667,6.313971554955998,1.7876053779360745,37.8193120538528,54.78566830412719
/content/drive/MyDrive/Bharatanatyam_Digital_Twin/dataset/posture_images/extracted/new_Dataset/Swastika Augmented/dr_1_877.jpg,dr_1_877.jpg,Swastika Augmented,confidence_0.2,80.67291229655847,94.51280808771054,77.86701091377974,94.17157303465092,166.0723279296238,161.60373080223837,160.81161588056955,175.2242233493945,0.2842567805094538,0.10008554896353063,0.22173704012119402,0.25597437181329236,14.412607468824945,4.468597127385436,13.839895791152074,16.304562120871182
/content/drive/MyDrive/Bharatanatyam_Digital_Twin/dataset/posture_images/extracted/new_Dataset/Swastika Augmented/dr_1_891.jpg,dr_1_891.jpg,Swastika Augmented,confidence_0.2,134.71121848664626,85.74621865481707,140.05500809218282,81.20797736741434,175.51835041917406,165.97032682454864,161.86389359266076,166.0489147171459,0.24087364999739128,0.09032675620085139,0.06606765008254391,0.26215378271045836,4.185021124485132,9.54802359462542,48.96499983182919,58.84703072476847
/content/drive/MyDrive/Bharatanatyam_Digital_Twin/dataset/posture_images/extracted/new_Dataset/Swastika Augmented/dr_1_9280.jpg,dr_1_9280.jpg,Swastika Augmented,confidence_0.2,90.21347125556235,117.12597058587032,65.9039430869477,96.27812605556429,171.66486567083146,153.46728685948958,160.69486802277416,160.43874050233305,0.28604482399233383,0.12512980638741783,0.3012469202397532,0.20069327615849047,0.25612752044111176,18.197578811341884,26.912499330307966,30.37418296861658
/content/drive/MyDrive/Bharatanatyam_Digital_Twin/dataset/posture_images/extracted/new_Dataset/Swastika Augmented/dr_1_9387.jpg,dr_1_9387.jpg,Swastika Augmented,confidence_0.2,103.69016333756522,124.3215357748856,118.13037796098551,84.55735254985254,171.75207475717653,157.77166750757863,156.09467276339035,171.57389052113993,0.3471355707698634,0.15325719382084202,0.27906040691624306,0.40672740338359764,15.47921775774958,13.980407249597903,20.63137243732038,33.573025411132974
/content/drive/MyDrive/Bharatanatyam_Digital_Twin/dataset/posture_images/extracted/new_Dataset/Swastika Augmented/dr_1_9406.jpg,dr_1_9406.jpg,Swastika Augmented,confidence_0.2,131.12602769153938,101.19774250040024,127.90243259216237,109.11840604621752,163.5389054637174,162.49680492734007,159.08754015302642,173.08733332963712,0.22644029925861683,0.09542737832983533,0.27585240549635076,0.2882485591810675,13.999793176610694,1.0421005363773475,29.92828519113914,18.784026545944855
/content/drive/MyDrive/Bharatanatyam_Digital_Twin/dataset/posture_images/extracted/new_Dataset/Swastika Augmented/dr_1_946.jpg,dr_1_946.jpg,Swastika Augmented,confidence_0.2,109.64084006413708,106.7478366945394,118.28857338741507,59.620632168602526,157.13731983459897,164.7686672325396,159.59996528651237,158.5411239485471,0.2787254192282474,0.10549661507615123,0.334933278257194,0.40067239365521884,1.0588413379652764,7.63134739794063,2.893003369597679,58.667941218812544
/content/drive/MyDrive/Bharatanatyam_Digital_Twin/dataset/posture_images/extracted/new_Dataset/Swastika Augmented/dr_1_9630.jpg,dr_1_9630.jpg,Swastika Augmented,confidence_0.2,86.07506227209919,94.35659659641894,83.19364640577528,64.98483643691591,99.99999054057193,66.77608284130832,85.57041953339193,51.20824912571507,0.3202810965194362,0.17503993822595237,0.4668865457742213,0.2872161615157521,34.36217040767686,33.223907699263606,8.28153432431975,18.20880996885937
/content/drive/MyDrive/Bharatanatyam_Digital_Twin/dataset/posture_images/extracted/new_Dataset/Swastika Augmented/dr_1_9701.jpg,dr_1_9701.jpg,Swastika Augmented,confidence_0.2,127.49955528862051,96.24083261177586,130.12239403711334,102.41586533292445,150.22538971287537,158.23360319674327,178.6647446076366,160.60540226286957,0.23748621227453875,0.14325956516376837,0.47967153517773325,0.6499105275055495,18.059342344767032,8.008213483867905,31.258722676844656,27.706528704188884
/content/drive/MyDrive/Bharatanatyam_Digital_Twin/dataset/posture_images/extracted/new_Dataset/Swastika Augmented/dr_1_9974.jpg,dr_1_9974.jpg,Swastika Augmented,confidence_0.2,115.58727628288818,152.40224479212534,99.28531144712304,136.4073441573627,88.37401404278214,81.4813219351319,133.8210492865112,90.21742688714296,0.3277164569741856,0.23804439813581016,0.290400596175076,0.2580069049235634,43.603622399368234,6.892692107650234,36.81496850923716,37.122032710239665
/content/drive/MyDrive/Bharatanatyam_Digital_Twin/dataset/posture_images/extracted/new_Dataset/Ardhamandalam Augmented/dr_0_2102.jpg,dr_0_2102.jpg,Ardhamandalam Augmented,rotation_270_confidence_0.2,72.24066061867852,153.16182608169532,39.28954445818166,109.08221156027565,130.112521657574,134.04137922352513,158.28128574319402,149.99003961319073,0.09847595492430969,0.05491937243514284,0.040798177402932755,0.03854642399921491,8.291246130003287,3.9288575659511196,80.9211654630168,69.79266710209399
/content/drive/MyDrive/Bharatanatyam_Digital_Twin/dataset/posture_images/extracted/new_Dataset/Ardhamandalam Augmented/dr_1_4960.jpg,dr_1_4960.jpg,Ardhamandalam Augmented,rotation_90_confidence_0.2,159.13711860814416,162.38991633704399,98.42088433586392,111.89322616541014,97.13601922591297,89.33761443658133,61.954725635641914,62.059724753119596,0.1918600198263415,0.12921927992901666,0.5576204232174669,0.47061833981828155,0.10499911747768209,7.7984047893316415,3.2527977288998215,13.472341829546224
/content/drive/MyDrive/Bharatanatyam_Digital_Twin/dataset/posture_images/extracted/new_Dataset/Garuda Augmented/dr_0_4031.jpg,dr_0_4031.jpg,Garuda Augmented,rotation_90_confidence_0.2,151.19162427714832,162.93844134809981,115.90817490899686,131.50186456836218,9.7527972340313,152.1301187589305,17.08349810259714,148.30471981056996,0.16437354553379316,0.09500816129776159,0.7241366563935062,1.015026283236317,131.22122170797283,142.3773215248992,11.746817070951494,15.593689659365324
/content/drive/MyDrive/Bharatanatyam_Digital_Twin/dataset/posture_images/extracted/new_Dataset/Nagabandham Augmented/dr_3_2161.jpg,dr_3_2161.jpg,Nagabandham Augmented,rotation_90_confidence_0.2,117.77242196136226,129.81897664327474,64.92514722284315,43.955677617923826,124.47140196361936,100.9334099702993,122.40822857574219,104.1429249112464,0.19243181161297865,0.1263672532872216,0.1272656513476047,0.14453616679759226,18.26530366449579,23.537991993320063,12.046554681912482,20.969469604919325
/content/drive/MyDrive/Bharatanatyam_Digital_Twin/dataset/posture_images/extracted/new_Dataset/Nataraj Augmented/dr_0_1467.jpg,dr_0_1467.jpg,Nataraj Augmented,rotation_270_confidence_0.2,166.9073756927071,165.82346874305426,61.29408175054528,48.32471071032427,147.6824418293424,118.62435794440661,117.10550387333542,122.57774121211682,0.3318802945780664,0.3068294066837669,0.6623925288940925,0.8874832033720427,5.472237338781397,29.058083884935783,1.0839069496528282,12.969371040221013
/content/drive/MyDrive/Bharatanatyam_Digital_Twin/dataset/posture_images/extracted/new_Dataset/Nataraj Augmented/dr_4_5474.jpg,dr_4_5474.jpg,Nataraj Augmented,rotation_90_confidence_0.2,134.72286612327775,152.07194431854091,48.143008688168536,42.15521430968794,132.36803434245547,111.86372900138169,82.97941356004642,88.75818625199501,0.1797491600024467,0.09922363402876051,0.14803938481700823,0.17525996285902157,5.778772691948589,20.50430534107379,17.34907819526316,5.987794378480594
/content/drive/MyDrive/Bharatanatyam_Digital_Twin/dataset/posture_images/extracted/new_Dataset/Nataraj Augmented/dr_6_6330.jpg,dr_6_6330.jpg,Nataraj Augmented,rotation_90_confidence_0.2,149.84399510917044,120.91503782266452,131.6275865293653,142.70045191466158,52.24169596479354,28.371758917955148,61.67251661713059,61.93978044512206,0.25398799514894027,0.14968202019674595,0.4008882334517656,0.3833903076205248,0.26726382799147075,23.869937046838395,28.92895728650592,11.072865385296296
/content/drive/MyDrive/Bharatanatyam_Digital_Twin/dataset/posture_images/extracted/new_Dataset/Nataraj Augmented/dr_7_3375.jpg,dr_7_3375.jpg,Nataraj Augmented,rotation_90_confidence_0.2,126.45717290522842,159.83354056180244,87.69915265226776,68.5608817253866,131.77780914648548,69.0540523266068,135.56135096353051,93.13489987546362,0.3755409861589419,0.36019998892886357,0.9617917889544054,1.259959449397625,42.4264510880669,62.72375681987869,33.37636765657402,19.138270926881162
/content/drive/MyDrive/Bharatanatyam_Digital_Twin/dataset/posture_images/extracted/new_Dataset/Nataraj Augmented/dr_7_5826.jpg,dr_7_5826.jpg,Nataraj Augmented,rotation_90_confidence_0.2,140.26797372852988,136.78941115242208,68.34197425038509,58.0173801543621,141.27256787677334,98.62016805171882,115.1732450973973,78.03743575675263,0.22693132398422172,0.27808345368570797,0.6333227484543411,0.7360868000283499,37.13580934064467,42.652399825054516,3.478562576107805,10.324594096022992
/content/drive/MyDrive/Bharatanatyam_Digital_Twin/dataset/posture_images/extracted/new_Dataset/Nataraj Augmented/dr_7_6246.jpg,dr_7_6246.jpg,Nataraj Augmented,rotation_90_confidence_0.2,164.93750039304786,143.01344849173316,60.69310350851854,84.70147218926395,104.238867479286,120.20731073874278,168.5161676349715,107.72487697753674,0.2778566095974573,0.1781429193315632,0.1792046031559259,0.4891230927885583,60.79129065743477,15.968443259456777,21.924051901314698,24.008368680745413
/content/drive/MyDrive/Bharatanatyam_Digital_Twin/dataset/posture_images/extracted/new_Dataset/Nataraj Augmented/dr_7_6615.jpg,dr_7_6615.jpg,Nataraj Augmented,rotation_90_confidence_0.2,152.4669328791682,161.9856924608608,89.62107092691753,50.51927536751711,123.5429079595092,92.4758306932105,113.34180165946341,136.09114426609196,0.2734952285343855,0.31127548487717377,0.5140420986041031,0.7920996400972914,22.749342606628545,31.067077266298696,9.518759581692592,39.101795559400415
/content/drive/MyDrive/Bharatanatyam_Digital_Twin/dataset/posture_images/extracted/new_Dataset/Nataraj Augmented/dr_7_9591.jpg,dr_7_9591.jpg,Nataraj Augmented,rotation_90_confidence_0.2,152.95758509210174,117.08829808021375,41.07944176564912,84.0242853493724,59.283433450609614,154.48684103021574,122.8849483366217,134.8620640814844,0.3098069906646144,0.2302238539126516,0.6045434689575949,0.9354803048809747,11.977115744862687,95.20340757960614,35.86928701188799,42.944843583723284
/content/drive/MyDrive/Bharatanatyam_Digital_Twin/dataset/posture_images/extracted/new_Dataset/Nataraj Augmented/dr_7_9614.jpg,dr_7_9614.jpg,Nataraj Augmented,rotation_90_confidence_0.2,175.35495182994677,165.57138990246114,129.89827877457768,129.3230081327588,156.14446315591965,45.479696728023306,167.20381580567525,83.82973029060595,0.14701129965037782,0.07639799359191016,0.4120636723625413,0.5197172135014979,83.3740855150693,110.66476642789635,9.783561927485636,0.5752706418188893
/content/drive/MyDrive/Bharatanatyam_Digital_Twin/dataset/posture_images/extracted/new_Dataset/Nataraj Augmented/dr_8_2913.jpg,dr_8_2913.jpg,Nataraj Augmented,rotation_90_confidence_0.2,140.2965584739122,160.39315358098065,69.72200960615321,78.06970407512473,143.27576895105278,90.6133266905178,80.20873008276406,143.3878521865627,0.4991018606817236,0.36319878542638023,0.5939884789851445,1.0892104116508772,63.17912210379863,52.66244226053499,20.096595107068453,8.347694468971525
/content/drive/MyDrive/Bharatanatyam_Digital_Twin/dataset/posture_images/extracted/new_Dataset/Nataraj Augmented/dr_8_5934.jpg,dr_8_5934.jpg,Nataraj Augmented,rotation_270_confidence_0.2,143.71609785557686,164.18965483390502,26.132243719042755,23.564676477027234,62.58572958137827,124.12863604956057,104.79994528482038,119.47471733882622,0.2636798231226697,0.1718606686299749,0.25167090670941566,0.44765580311698444,14.674772054005842,61.5429064681823,20.473556978328162,2.567567242015521
/content/drive/MyDrive/Bharatanatyam_Digital_Twin/dataset/posture_images/extracted/new_Dataset/Samapadam Augmented/dr_0_6472.jpg,dr_0_6472.jpg,Samapadam Augmented,rotation_180_confidence_0.2,135.00657417243775,98.7934702048824,117.03160597319827,67.81940525241203,30.62070024602887,30.630608376504956,46.911901202667636,42.243900895838514,0.24026092469990243,0.13482263102167055,0.22138643313390624,0.11482250752366019,4.668000306829121,0.009908130476084409,36.213103967555355,49.21220072078624
