video,frame_number,frame_time_sec,frame_name,quality,predicted_bhangi,svm_decision_score
Alarippu,14,2.8,frame_000015.jpg,STRONG,Nataraj Augmented,8.28761941644695
Alarippu,15,3.0,frame_000016.jpg,STRONG,Samapadam Augmented,8.292932583668538
Alarippu,16,3.2,frame_000017.jpg,STRONG,Samapadam Augmented,8.295153928775258
Alarippu,17,3.4,frame_000018.jpg,STRONG,Samapadam Augmented,8.296742125854557
Alarippu,18,3.6,frame_000019.jpg,STRONG,Garuda Augmented,8.295740636274179
Alarippu,19,3.8,frame_000020.jpg,STRONG,Samapadam Augmented,8.299930700271888
Alarippu,20,4.0,frame_000021.jpg,STRONG,Samapadam Augmented,8.291357859923323
Alarippu,21,4.2,frame_000022.jpg,STRONG,Garuda Augmented,8.28272987218051
Alarippu,22,4.4,frame_000023.jpg,STRONG,Garuda Augmented,8.292376173529902
Alarippu,23,4.6,frame_000024.jpg,STRONG,Samapadam Augmented,8.289887530085641
Alarippu,24,4.8,frame_000025.jpg,STRONG,Samapadam Augmented,8.299302340056327
Alarippu,25,5.0,frame_000026.jpg,REVIEW,Samapadam Augmented,8.30107739065086
Alarippu,26,5.2,frame_000027.jpg,REVIEW,Samapadam Augmented,8.298644273753332
Alarippu,27,5.4,frame_000028.jpg,STRONG,Samapadam Augmented,8.300835995722695
Alarippu,28,5.6,frame_000029.jpg,REVIEW,Samapadam Augmented,8.299742092821523
Alarippu,29,5.8,frame_000030.jpg,REVIEW,Samapadam Augmented,8.29928387522036
Alarippu,31,6.2,frame_000032.jpg,REVIEW,Samapadam Augmented,8.297245174792986
Alarippu,32,6.4,frame_000033.jpg,REVIEW,Garuda Augmented,7.292893999098701
Alarippu,34,6.8,frame_000035.jpg,REVIEW,Garuda Augmented,7.295189597996927
Alarippu,35,7.0,frame_000036.jpg,REVIEW,Garuda Augmented,7.292275331464889
Alarippu,37,7.4,frame_000038.jpg,REVIEW,Samapadam Augmented,8.299400423198657
Alarippu,39,7.8,frame_000040.jpg,REVIEW,Garuda Augmented,8.296501065201035
Alarippu,40,8.0,frame_000041.jpg,REVIEW,Garuda Augmented,8.295999117164358
Alarippu,41,8.2,frame_000042.jpg,REVIEW,Garuda Augmented,7.293329638591666
Alarippu,42,8.4,frame_000043.jpg,REVIEW,Samapadam Augmented,8.297241079051524
Alarippu,43,8.6,frame_000044.jpg,REVIEW,Garuda Augmented,7.293965051563652
Alarippu,44,8.8,frame_000045.jpg,REVIEW,Garuda Augmented,7.294889513622864
Alarippu,45,9.0,frame_000046.jpg,REVIEW,Samapadam Augmented,8.299686319969991
Alarippu,46,9.2,frame_000047.jpg,REVIEW,Samapadam Augmented,8.296563293131612
Alarippu,47,9.4,frame_000048.jpg,STRONG,Samapadam Augmented,8.299452251937906
Alarippu,48,9.6,frame_000049.jpg,REVIEW,Garuda Augmented,8.294009931439012
Alarippu,49,9.8,frame_000050.jpg,STRONG,Samapadam Augmented,8.30045748343261
Alarippu,50,10.0,frame_000051.jpg,REVIEW,Samapadam Augmented,8.299792478409287
Alarippu,51,10.2,frame_000052.jpg,REVIEW,Samapadam Augmented,8.298593611222337
Alarippu,52,10.4,frame_000053.jpg,REVIEW,Samapadam Augmented,8.297714290883503
Alarippu,53,10.6,frame_000054.jpg,REVIEW,Garuda Augmented,7.294260677932079
Alarippu,54,10.8,frame_000055.jpg,REVIEW,Garuda Augmented,8.294363516771279
Alarippu,55,11.0,frame_000056.jpg,REVIEW,Samapadam Augmented,8.297838976472722
Alarippu,56,11.2,frame_000057.jpg,REVIEW,Garuda Augmented,7.2919184535284725
Alarippu,57,11.4,frame_000058.jpg,REVIEW,Samapadam Augmented,8.298916896683776
Alarippu,85,17.0,frame_000086.jpg,REVIEW,Nataraj Augmented,8.282467744077486
Alarippu,86,17.2,frame_000087.jpg,REVIEW,Garuda Augmented,8.293526651828074
Alarippu,87,17.4,frame_000088.jpg,STRONG,Samapadam Augmented,8.294537804073125
Alarippu,99,19.8,frame_000100.jpg,REVIEW,Garuda Augmented,8.294041523184749
Alarippu,100,20.0,frame_000101.jpg,REVIEW,Nataraj Augmented,8.285015824015671
Alarippu,101,20.2,frame_000102.jpg,STRONG,Nataraj Augmented,8.278828158519564
Alarippu,102,20.4,frame_000103.jpg,REVIEW,Samapadam Augmented,8.293895819536633
Alarippu,103,20.6,frame_000104.jpg,REVIEW,Garuda Augmented,7.289636850133347
Alarippu,104,20.8,frame_000105.jpg,STRONG,Garuda Augmented,8.295453559372477
Alarippu,105,21.0,frame_000106.jpg,STRONG,Garuda Augmented,8.294681499435367
Alarippu,106,21.2,frame_000107.jpg,STRONG,Nataraj Augmented,7.288547126435528
Alarippu,107,21.4,frame_000108.jpg,STRONG,Garuda Augmented,7.294477727895544
Alarippu,108,21.6,frame_000109.jpg,STRONG,Nataraj Augmented,7.2882615396213
Alarippu,109,21.8,frame_000110.jpg,STRONG,Garuda Augmented,7.295065329742655
Alarippu,110,22.0,frame_000111.jpg,STRONG,Garuda Augmented,7.29254797520261
Alarippu,111,22.2,frame_000112.jpg,STRONG,Samapadam Augmented,8.297275515470732
Alarippu,112,22.4,frame_000113.jpg,REVIEW,Samapadam Augmented,8.297975181732848
Alarippu,113,22.6,frame_000114.jpg,STRONG,Nataraj Augmented,7.288706585569857
Alarippu,114,22.8,frame_000115.jpg,STRONG,Garuda Augmented,7.291823087873876
Alarippu,115,23.0,frame_000116.jpg,REVIEW,Garuda Augmented,7.2908579092915335
Alarippu,116,23.2,frame_000117.jpg,STRONG,Garuda Augmented,8.293296616325991
Alarippu,117,23.4,frame_000118.jpg,REVIEW,Garuda Augmented,7.292421281538414
Alarippu,118,23.6,frame_000119.jpg,STRONG,Samapadam Augmented,8.296338445881542
Alarippu,119,23.8,frame_000120.jpg,REVIEW,Garuda Augmented,8.291063418212605
Alarippu,120,24.0,frame_000121.jpg,REVIEW,Garuda Augmented,8.292527980740202
Alarippu,121,24.2,frame_000122.jpg,STRONG,Garuda Augmented,8.291967817458016
Alarippu,122,24.4,frame_000123.jpg,REVIEW,Garuda Augmented,8.291001743911357
Alarippu,123,24.6,frame_000124.jpg,REVIEW,Garuda Augmented,7.290926357237537
Alarippu,124,24.8,frame_000125.jpg,REVIEW,Garuda Augmented,8.285272575515162
Alarippu,125,25.0,frame_000126.jpg,REVIEW,Garuda Augmented,8.294796045223421
Alarippu,126,25.2,frame_000127.jpg,STRONG,Garuda Augmented,8.287218240019728
Alarippu,127,25.4,frame_000128.jpg,REVIEW,Garuda Augmented,8.292271502529234
Alarippu,128,25.6,frame_000129.jpg,REVIEW,Samapadam Augmented,8.296745854580958
Alarippu,129,25.8,frame_000130.jpg,STRONG,Samapadam Augmented,8.296729560857132
Alarippu,130,26.0,frame_000131.jpg,REVIEW,Garuda Augmented,7.293466370227294
Alarippu,131,26.2,frame_000132.jpg,REVIEW,Garuda Augmented,7.290942810899139
Alarippu,132,26.4,frame_000133.jpg,REVIEW,Garuda Augmented,7.291362497846567
Alarippu,133,26.6,frame_000134.jpg,REVIEW,Garuda Augmented,7.291925864248275
Alarippu,134,26.8,frame_000135.jpg,STRONG,Samapadam Augmented,8.294787550487198
Alarippu,135,27.0,frame_000136.jpg,STRONG,Garuda Augmented,7.293859520953104
Alarippu,136,27.2,frame_000137.jpg,STRONG,Nataraj Augmented,7.288622241743627
Alarippu,137,27.4,frame_000138.jpg,REVIEW,Garuda Augmented,8.288445816234043
Alarippu,138,27.6,frame_000139.jpg,REVIEW,Garuda Augmented,8.289439046993468
Alarippu,139,27.8,frame_000140.jpg,REVIEW,Garuda Augmented,8.285252991578336
Alarippu,140,28.0,frame_000141.jpg,STRONG,Samapadam Augmented,8.29481465741361
Alarippu,141,28.2,frame_000142.jpg,STRONG,Garuda Augmented,8.290312002410666
Alarippu,142,28.4,frame_000143.jpg,REVIEW,Samapadam Augmented,8.293903761994319
Alarippu,143,28.6,frame_000144.jpg,STRONG,Samapadam Augmented,8.294639407103453
Alarippu,144,28.8,frame_000145.jpg,REVIEW,Garuda Augmented,8.290138529235657
Alarippu,145,29.0,frame_000146.jpg,STRONG,Nataraj Augmented,7.292270218605578
Alarippu,146,29.2,frame_000147.jpg,REVIEW,Samapadam Augmented,8.293158251172231
Alarippu,147,29.4,frame_000148.jpg,REVIEW,Samapadam Augmented,8.294599149549079
Alarippu,148,29.6,frame_000149.jpg,REVIEW,Samapadam Augmented,8.290743690248746
Alarippu,149,29.8,frame_000150.jpg,STRONG,Samapadam Augmented,8.29447556523448
Alarippu,150,30.0,frame_000151.jpg,REVIEW,Samapadam Augmented,8.294742396325468
Alarippu,151,30.2,frame_000152.jpg,REVIEW,Garuda Augmented,7.291144308396724
Alarippu,152,30.4,frame_000153.jpg,REVIEW,Garuda Augmented,8.294849263008574
Alarippu,153,30.6,frame_000154.jpg,REVIEW,Garuda Augmented,7.293512718415703
Alarippu,154,30.8,frame_000155.jpg,STRONG,Garuda Augmented,8.296242859256859
Alarippu,155,31.0,frame_000156.jpg,STRONG,Garuda Augmented,7.294333724564387
Alarippu,156,31.2,frame_000157.jpg,REVIEW,Garuda Augmented,7.291736867309122
Alarippu,157,31.4,frame_000158.jpg,REVIEW,Garuda Augmented,8.290720765470082
Alarippu,158,31.6,frame_000159.jpg,STRONG,Garuda Augmented,7.2906267095712085
Alarippu,159,31.8,frame_000160.jpg,REVIEW,Garuda Augmented,8.295044139500837
Alarippu,160,32.0,frame_000161.jpg,REVIEW,Garuda Augmented,8.295648091183544
Alarippu,161,32.2,frame_000162.jpg,REVIEW,Garuda Augmented,7.291949041128603
Alarippu,162,32.4,frame_000163.jpg,REVIEW,Garuda Augmented,7.292962204794285
Alarippu,163,32.6,frame_000164.jpg,REVIEW,Garuda Augmented,7.2909592938018495
Alarippu,164,32.8,frame_000165.jpg,REVIEW,Samapadam Augmented,8.294476411141313
Alarippu,165,33.0,frame_000166.jpg,REVIEW,Samapadam Augmented,8.296710380455227
Alarippu,166,33.2,frame_000167.jpg,REVIEW,Garuda Augmented,7.292294767431495
Alarippu,167,33.4,frame_000168.jpg,STRONG,Garuda Augmented,7.2928696428436215
Alarippu,168,33.6,frame_000169.jpg,REVIEW,Garuda Augmented,8.292536659082307
Alarippu,169,33.8,frame_000170.jpg,REVIEW,Garuda Augmented,8.29139116956937
Alarippu,170,34.0,frame_000171.jpg,REVIEW,Garuda Augmented,8.289236037855074
Alarippu,171,34.2,frame_000172.jpg,REVIEW,Garuda Augmented,7.291779011821206
Alarippu,173,34.6,frame_000174.jpg,REVIEW,Garuda Augmented,8.29311700896246
Alarippu,174,34.8,frame_000175.jpg,REVIEW,Samapadam Augmented,8.298179120948523
Alarippu,175,35.0,frame_000176.jpg,STRONG,Garuda Augmented,7.294754502261299
Alarippu,177,35.4,frame_000178.jpg,REVIEW,Garuda Augmented,7.290508161954751
Alarippu,254,50.8,frame_000255.jpg,REVIEW,Nagabandham Augmented,8.287489570341526
Alarippu,265,53.0,frame_000266.jpg,STRONG,Nagabandham Augmented,8.3040173286151
Alarippu,269,53.8,frame_000270.jpg,STRONG,Nagabandham Augmented,8.295398347913107
Alarippu,270,54.0,frame_000271.jpg,STRONG,Nataraj Augmented,8.286098878840802
Alarippu,271,54.2,frame_000272.jpg,STRONG,Samapadam Augmented,8.296686251781384
Alarippu,272,54.4,frame_000273.jpg,REVIEW,Garuda Augmented,8.289515648214842
Alarippu,274,54.8,frame_000275.jpg,REVIEW,Nagabandham Augmented,8.300123760873008
Alarippu,275,55.0,frame_000276.jpg,STRONG,Nagabandham Augmented,8.300066583228835
Alarippu,276,55.2,frame_000277.jpg,STRONG,Nagabandham Augmented,8.295998119381121
Alarippu,277,55.4,frame_000278.jpg,STRONG,Nagabandham Augmented,8.303862513225305
Alarippu,278,55.6,frame_000279.jpg,STRONG,Nagabandham Augmented,8.300473594816582
Alarippu,279,55.8,frame_000280.jpg,REVIEW,Garuda Augmented,8.295603458181143
Alarippu,280,56.0,frame_000281.jpg,REVIEW,Garuda Augmented,8.300190812052662
Alarippu,281,56.2,frame_000282.jpg,STRONG,Garuda Augmented,8.292642422547017
Alarippu,282,56.4,frame_000283.jpg,STRONG,Samapadam Augmented,8.288564302837182
Alarippu,283,56.6,frame_000284.jpg,STRONG,Samapadam Augmented,8.284898979779
Alarippu,284,56.8,frame_000285.jpg,STRONG,Nagabandham Augmented,8.298797364813295
Alarippu,285,57.0,frame_000286.jpg,REVIEW,Garuda Augmented,8.293667591048788
Alarippu,293,58.6,frame_000294.jpg,REVIEW,Samapadam Augmented,8.293266705822983
Alarippu,295,59.0,frame_000296.jpg,REVIEW,Ardhamandalam Augmented,8.298009486488375
Alarippu,296,59.2,frame_000297.jpg,REVIEW,Ardhamandalam Augmented,8.303950427255339
Alarippu,297,59.4,frame_000298.jpg,REVIEW,Ardhamandalam Augmented,8.30243840183635
Alarippu,298,59.6,frame_000299.jpg,REVIEW,Ardhamandalam Augmented,8.302871148013658
Alarippu,299,59.8,frame_000300.jpg,REVIEW,Ardhamandalam Augmented,8.303980361598688
Alarippu,300,60.0,frame_000301.jpg,STRONG,Ardhamandalam Augmented,8.302510244154002
Alarippu,301,60.2,frame_000302.jpg,REVIEW,Ardhamandalam Augmented,8.304219868734483
Alarippu,302,60.4,frame_000303.jpg,STRONG,Ardhamandalam Augmented,8.299779153207446
Alarippu,303,60.6,frame_000304.jpg,STRONG,Ardhamandalam Augmented,8.299279754309257
Alarippu,304,60.8,frame_000305.jpg,REVIEW,Ardhamandalam Augmented,8.300346621726327
Alarippu,305,61.0,frame_000306.jpg,REVIEW,Ardhamandalam Augmented,8.300353529213899
Alarippu,306,61.2,frame_000307.jpg,REVIEW,Ardhamandalam Augmented,8.296697526104392
Alarippu,307,61.4,frame_000308.jpg,REVIEW,Ardhamandalam Augmented,8.299043764560075
Alarippu,308,61.6,frame_000309.jpg,REVIEW,Muzhumandi Augmented,8.291761826596275
Alarippu,309,61.8,frame_000310.jpg,REVIEW,Ardhamandalam Augmented,8.297402872475836
Alarippu,310,62.0,frame_000311.jpg,REVIEW,Ardhamandalam Augmented,8.296879494853332
Alarippu,311,62.2,frame_000312.jpg,REVIEW,Ardhamandalam Augmented,8.30530149282596
Alarippu,312,62.4,frame_000313.jpg,REVIEW,Ardhamandalam Augmented,8.301664019823818
Alarippu,314,62.8,frame_000315.jpg,REVIEW,Ardhamandalam Augmented,8.29591952489927
Alarippu,315,63.0,frame_000316.jpg,REVIEW,Ardhamandalam Augmented,8.299184486154289
Alarippu,316,63.2,frame_000317.jpg,REVIEW,Ardhamandalam Augmented,8.299149906891548
Alarippu,317,63.4,frame_000318.jpg,REVIEW,Ardhamandalam Augmented,8.302089139663611
Alarippu,318,63.6,frame_000319.jpg,REVIEW,Ardhamandalam Augmented,8.297427742553747
Alarippu,319,63.8,frame_000320.jpg,REVIEW,Ardhamandalam Augmented,8.297620677007338
Alarippu,320,64.0,frame_000321.jpg,REVIEW,Ardhamandalam Augmented,8.296046273118389
Alarippu,321,64.2,frame_000322.jpg,REVIEW,Ardhamandalam Augmented,8.302305470570293
Alarippu,322,64.4,frame_000323.jpg,REVIEW,Ardhamandalam Augmented,8.302989656150801
Alarippu,323,64.6,frame_000324.jpg,REVIEW,Ardhamandalam Augmented,8.303174410795974
Alarippu,324,64.8,frame_000325.jpg,REVIEW,Ardhamandalam Augmented,8.302551495832228
Alarippu,325,65.0,frame_000326.jpg,REVIEW,Ardhamandalam Augmented,8.303368137587755
Alarippu,326,65.2,frame_000327.jpg,REVIEW,Ardhamandalam Augmented,8.302425925541208
Alarippu,327,65.4,frame_000328.jpg,REVIEW,Ardhamandalam Augmented,8.305607484697724
Alarippu,328,65.6,frame_000329.jpg,REVIEW,Ardhamandalam Augmented,8.303745260246542
Alarippu,329,65.8,frame_000330.jpg,REVIEW,Ardhamandalam Augmented,8.301670170035855
Alarippu,330,66.0,frame_000331.jpg,REVIEW,Ardhamandalam Augmented,8.301007743187887
Alarippu,331,66.2,frame_000332.jpg,REVIEW,Ardhamandalam Augmented,8.302280465600209
Alarippu,332,66.4,frame_000333.jpg,REVIEW,Ardhamandalam Augmented,8.303626286768845
Alarippu,333,66.6,frame_000334.jpg,REVIEW,Ardhamandalam Augmented,8.302186498061639
Alarippu,334,66.8,frame_000335.jpg,REVIEW,Ardhamandalam Augmented,8.302240774675763
Alarippu,335,67.0,frame_000336.jpg,REVIEW,Ardhamandalam Augmented,8.30072806314722
Alarippu,336,67.2,frame_000337.jpg,REVIEW,Ardhamandalam Augmented,8.303497786233853
Alarippu,337,67.4,frame_000338.jpg,REVIEW,Ardhamandalam Augmented,8.30406255205789
Alarippu,338,67.6,frame_000339.jpg,REVIEW,Muzhumandi Augmented,8.28798552616319
Alarippu,339,67.8,frame_000340.jpg,REVIEW,Ardhamandalam Augmented,8.301182251962894
Alarippu,340,68.0,frame_000341.jpg,REVIEW,Ardhamandalam Augmented,8.303951441362738
Alarippu,341,68.2,frame_000342.jpg,REVIEW,Ardhamandalam Augmented,8.30656330362841
Alarippu,342,68.4,frame_000343.jpg,REVIEW,Ardhamandalam Augmented,8.305140394893606
Alarippu,343,68.6,frame_000344.jpg,REVIEW,Ardhamandalam Augmented,8.300804098321102
Alarippu,344,68.8,frame_000345.jpg,REVIEW,Ardhamandalam Augmented,8.300977550104303
Alarippu,345,69.0,frame_000346.jpg,REVIEW,Ardhamandalam Augmented,8.296150748010213
Alarippu,346,69.2,frame_000347.jpg,REVIEW,Ardhamandalam Augmented,8.296072046583413
Alarippu,347,69.4,frame_000348.jpg,REVIEW,Ardhamandalam Augmented,8.304235445293124
Alarippu,348,69.6,frame_000349.jpg,REVIEW,Ardhamandalam Augmented,8.303895491402718
Alarippu,349,69.8,frame_000350.jpg,REVIEW,Ardhamandalam Augmented,8.305314174067897
Alarippu,350,70.0,frame_000351.jpg,REVIEW,Ardhamandalam Augmented,8.306244550669168
Alarippu,351,70.2,frame_000352.jpg,REVIEW,Ardhamandalam Augmented,8.302898133464279
Alarippu,352,70.4,frame_000353.jpg,REVIEW,Ardhamandalam Augmented,8.296097487879967
Alarippu,353,70.6,frame_000354.jpg,REVIEW,Muzhumandi Augmented,8.29154522046022
Alarippu,354,70.8,frame_000355.jpg,REVIEW,Ardhamandalam Augmented,8.296120837217742
Alarippu,355,71.0,frame_000356.jpg,REVIEW,Ardhamandalam Augmented,8.290432122606672
Alarippu,356,71.2,frame_000357.jpg,STRONG,Ardhamandalam Augmented,8.296208578650836
Alarippu,357,71.4,frame_000358.jpg,REVIEW,Ardhamandalam Augmented,8.294229041766478
Alarippu,358,71.6,frame_000359.jpg,REVIEW,Ardhamandalam Augmented,8.30221107363962
Alarippu,359,71.8,frame_000360.jpg,REVIEW,Ardhamandalam Augmented,8.295522623342436
Alarippu,360,72.0,frame_000361.jpg,REVIEW,Ardhamandalam Augmented,8.300107088603399
Alarippu,361,72.2,frame_000362.jpg,REVIEW,Ardhamandalam Augmented,8.295129958105841
Alarippu,362,72.4,frame_000363.jpg,REVIEW,Ardhamandalam Augmented,8.298244541917072
Alarippu,363,72.6,frame_000364.jpg,REVIEW,Ardhamandalam Augmented,8.298886076077862
Alarippu,364,72.8,frame_000365.jpg,REVIEW,Ardhamandalam Augmented,8.29362360327095
Alarippu,365,73.0,frame_000366.jpg,REVIEW,Ardhamandalam Augmented,8.300603095301
Alarippu,366,73.2,frame_000367.jpg,REVIEW,Ardhamandalam Augmented,8.299336506047236
Alarippu,367,73.4,frame_000368.jpg,REVIEW,Ardhamandalam Augmented,8.29944620428902
Alarippu,368,73.6,frame_000369.jpg,REVIEW,Ardhamandalam Augmented,8.288799554160338
Alarippu,369,73.8,frame_000370.jpg,REVIEW,Ardhamandalam Augmented,8.294184572056222
Alarippu,370,74.0,frame_000371.jpg,REVIEW,Ardhamandalam Augmented,8.295720716193411
Alarippu,371,74.2,frame_000372.jpg,REVIEW,Ardhamandalam Augmented,8.296950742013404
Alarippu,372,74.4,frame_000373.jpg,REVIEW,Ardhamandalam Augmented,8.299755868445427
Alarippu,373,74.6,frame_000374.jpg,REVIEW,Ardhamandalam Augmented,8.302098304924865
Alarippu,374,74.8,frame_000375.jpg,REVIEW,Ardhamandalam Augmented,8.305533818085607
Alarippu,375,75.0,frame_000376.jpg,REVIEW,Ardhamandalam Augmented,8.30045254295278
Alarippu,376,75.2,frame_000377.jpg,REVIEW,Ardhamandalam Augmented,8.300034529743083
Alarippu,377,75.4,frame_000378.jpg,REVIEW,Ardhamandalam Augmented,8.294541343180185
Alarippu,378,75.6,frame_000379.jpg,REVIEW,Ardhamandalam Augmented,8.297919041277732
Alarippu,379,75.8,frame_000380.jpg,REVIEW,Ardhamandalam Augmented,8.300806607969541
Alarippu,380,76.0,frame_000381.jpg,REVIEW,Ardhamandalam Augmented,8.301020887080497
Alarippu,381,76.2,frame_000382.jpg,REVIEW,Ardhamandalam Augmented,8.296048714230075
Alarippu,382,76.4,frame_000383.jpg,REVIEW,Ardhamandalam Augmented,8.305342037097605
Alarippu,383,76.6,frame_000384.jpg,REVIEW,Ardhamandalam Augmented,8.306487081479453
Alarippu,384,76.8,frame_000385.jpg,REVIEW,Ardhamandalam Augmented,8.303215291151043
Alarippu,385,77.0,frame_000386.jpg,REVIEW,Ardhamandalam Augmented,8.300062596859567
Alarippu,386,77.2,frame_000387.jpg,REVIEW,Ardhamandalam Augmented,8.303042361584627
Alarippu,387,77.4,frame_000388.jpg,REVIEW,Ardhamandalam Augmented,8.302965761991652
Alarippu,388,77.6,frame_000389.jpg,REVIEW,Ardhamandalam Augmented,8.299272785548046
Alarippu,389,77.8,frame_000390.jpg,REVIEW,Ardhamandalam Augmented,8.288059536863658
Alarippu,390,78.0,frame_000391.jpg,REVIEW,Ardhamandalam Augmented,8.292003526512444
Alarippu,391,78.2,frame_000392.jpg,REVIEW,Muzhumandi Augmented,8.290645017092793
Alarippu,392,78.4,frame_000393.jpg,REVIEW,Ardhamandalam Augmented,8.299209842930377
Alarippu,393,78.6,frame_000394.jpg,REVIEW,Ardhamandalam Augmented,8.292978341860126
Alarippu,394,78.8,frame_000395.jpg,REVIEW,Ardhamandalam Augmented,8.2976734009637
Alarippu,395,79.0,frame_000396.jpg,REVIEW,Ardhamandalam Augmented,8.30186734806575
Alarippu,396,79.2,frame_000397.jpg,REVIEW,Ardhamandalam Augmented,8.298558539392761
Alarippu,397,79.4,frame_000398.jpg,REVIEW,Muzhumandi Augmented,8.298799702435602
Alarippu,398,79.6,frame_000399.jpg,REVIEW,Muzhumandi Augmented,8.299557352448225
Alarippu,399,79.8,frame_000400.jpg,REVIEW,Muzhumandi Augmented,8.304134609144253
Alarippu,416,83.2,frame_000417.jpg,REVIEW,Muzhumandi Augmented,8.301349549357086
Alarippu,417,83.4,frame_000418.jpg,REVIEW,Muzhumandi Augmented,8.297489496844747
Alarippu,418,83.6,frame_000419.jpg,REVIEW,Nagabandham Augmented,7.28287267913437
Alarippu,419,83.8,frame_000420.jpg,REVIEW,Nagabandham Augmented,8.299173441967284
Alarippu,420,84.0,frame_000421.jpg,REVIEW,Nagabandham Augmented,8.30334640010719
Alarippu,421,84.2,frame_000422.jpg,REVIEW,Ardhamandalam Augmented,7.297651000735045
Alarippu,422,84.4,frame_000423.jpg,REVIEW,Nagabandham Augmented,8.302924476825932
Alarippu,423,84.6,frame_000424.jpg,REVIEW,Nagabandham Augmented,8.30218416386856
Alarippu,424,84.8,frame_000425.jpg,STRONG,Muzhumandi Augmented,7.285264053889534
Alarippu,425,85.0,frame_000426.jpg,REVIEW,Nagabandham Augmented,8.288805547296487
Alarippu,426,85.2,frame_000427.jpg,REVIEW,Muzhumandi Augmented,8.294306018718409
Alarippu,427,85.4,frame_000428.jpg,REVIEW,Nataraj Augmented,8.288373695628866
Alarippu,428,85.6,frame_000429.jpg,REVIEW,Nataraj Augmented,8.285592149972036
Alarippu,429,85.8,frame_000430.jpg,REVIEW,Nataraj Augmented,8.28375797564453
Alarippu,430,86.0,frame_000431.jpg,REVIEW,Nagabandham Augmented,8.294697904701751
Alarippu,431,86.2,frame_000432.jpg,REVIEW,Nataraj Augmented,8.282889049440072
Alarippu,432,86.4,frame_000433.jpg,REVIEW,Ardhamandalam Augmented,8.295060476387917
Alarippu,433,86.6,frame_000434.jpg,REVIEW,Ardhamandalam Augmented,7.288578697246018
Alarippu,434,86.8,frame_000435.jpg,STRONG,Samapadam Augmented,8.28646291539985
Alarippu,435,87.0,frame_000436.jpg,REVIEW,Ardhamandalam Augmented,8.297356350774958
Alarippu,436,87.2,frame_000437.jpg,REVIEW,Ardhamandalam Augmented,8.304651112911936
Alarippu,437,87.4,frame_000438.jpg,REVIEW,Ardhamandalam Augmented,8.304092506780107
Alarippu,438,87.6,frame_000439.jpg,REVIEW,Ardhamandalam Augmented,8.284727639694074
Alarippu,439,87.8,frame_000440.jpg,REVIEW,Ardhamandalam Augmented,8.295376056661173
Alarippu,440,88.0,frame_000441.jpg,REVIEW,Ardhamandalam Augmented,8.289958646029564
Alarippu,441,88.2,frame_000442.jpg,REVIEW,Samapadam Augmented,8.284065755934288
Alarippu,442,88.4,frame_000443.jpg,REVIEW,Ardhamandalam Augmented,8.299547877706882
Alarippu,443,88.6,frame_000444.jpg,REVIEW,Ardhamandalam Augmented,8.30474494189098
Alarippu,445,89.0,frame_000446.jpg,REVIEW,Ardhamandalam Augmented,8.30087797632668
Alarippu,446,89.2,frame_000447.jpg,REVIEW,Ardhamandalam Augmented,8.306633679175695
Alarippu,447,89.4,frame_000448.jpg,REVIEW,Ardhamandalam Augmented,8.30284286235764
Alarippu,450,90.0,frame_000451.jpg,REVIEW,Ardhamandalam Augmented,8.300806976999343
Alarippu,452,90.4,frame_000453.jpg,STRONG,Ardhamandalam Augmented,8.291722937397957
Alarippu,453,90.6,frame_000454.jpg,REVIEW,Ardhamandalam Augmented,8.29553532362123
Alarippu,454,90.8,frame_000455.jpg,REVIEW,Nataraj Augmented,8.276555606678734
Alarippu,455,91.0,frame_000456.jpg,REVIEW,Nagabandham Augmented,8.296615040606538
Alarippu,456,91.2,frame_000457.jpg,REVIEW,Ardhamandalam Augmented,8.28367966259362
Alarippu,457,91.4,frame_000458.jpg,REVIEW,Ardhamandalam Augmented,8.292551570918826
Alarippu,458,91.6,frame_000459.jpg,REVIEW,Ardhamandalam Augmented,8.289652702464448
Alarippu,459,91.8,frame_000460.jpg,REVIEW,Ardhamandalam Augmented,7.280839300829507
Alarippu,461,92.2,frame_000462.jpg,REVIEW,Nataraj Augmented,8.281561070537215
Alarippu,462,92.4,frame_000463.jpg,REVIEW,Nataraj Augmented,8.286202130807776
Alarippu,465,93.0,frame_000466.jpg,REVIEW,Ardhamandalam Augmented,8.29479342576077
Alarippu,466,93.2,frame_000467.jpg,REVIEW,Ardhamandalam Augmented,8.302989072670897
Alarippu,467,93.4,frame_000468.jpg,REVIEW,Ardhamandalam Augmented,8.304462310029932
Alarippu,472,94.4,frame_000473.jpg,REVIEW,Ardhamandalam Augmented,8.294667595296822
Alarippu,474,94.8,frame_000475.jpg,REVIEW,Ardhamandalam Augmented,8.288297698349892
Alarippu,475,95.0,frame_000476.jpg,REVIEW,Ardhamandalam Augmented,8.304773624419116
Alarippu,476,95.2,frame_000477.jpg,STRONG,Ardhamandalam Augmented,8.301562559141903
Alarippu,478,95.6,frame_000479.jpg,REVIEW,Ardhamandalam Augmented,8.307304552867759
Alarippu,479,95.8,frame_000480.jpg,STRONG,Ardhamandalam Augmented,8.30256489791479
Alarippu,481,96.2,frame_000482.jpg,REVIEW,Ardhamandalam Augmented,8.300559932709493
Alarippu,482,96.4,frame_000483.jpg,REVIEW,Ardhamandalam Augmented,8.298469442167784
Alarippu,484,96.8,frame_000485.jpg,REVIEW,Ardhamandalam Augmented,8.293896872660676
Alarippu,485,97.0,frame_000486.jpg,REVIEW,Ardhamandalam Augmented,8.282684944555044
Alarippu,486,97.2,frame_000487.jpg,REVIEW,Ardhamandalam Augmented,8.286797341471223
Alarippu,487,97.4,frame_000488.jpg,REVIEW,Ardhamandalam Augmented,8.283885239349381
Alarippu,488,97.6,frame_000489.jpg,REVIEW,Ardhamandalam Augmented,8.298006119349562
Alarippu,489,97.8,frame_000490.jpg,STRONG,Ardhamandalam Augmented,8.29874341338726
Alarippu,490,98.0,frame_000491.jpg,REVIEW,Ardhamandalam Augmented,8.286082324376356
Alarippu,491,98.2,frame_000492.jpg,STRONG,Ardhamandalam Augmented,8.283329308899162
Alarippu,492,98.4,frame_000493.jpg,REVIEW,Muzhumandi Augmented,8.27714035818063
Alarippu,493,98.6,frame_000494.jpg,REVIEW,Muzhumandi Augmented,8.2791263185821
Alarippu,494,98.8,frame_000495.jpg,STRONG,Muzhumandi Augmented,8.277583233110553
Alarippu,495,99.0,frame_000496.jpg,STRONG,Ardhamandalam Augmented,8.285899757687867
Alarippu,497,99.4,frame_000498.jpg,REVIEW,Ardhamandalam Augmented,8.303714299719156
Alarippu,498,99.6,frame_000499.jpg,REVIEW,Ardhamandalam Augmented,8.303168066032532
Alarippu,500,100.0,frame_000501.jpg,STRONG,Ardhamandalam Augmented,8.28235192509003
Alarippu,501,100.2,frame_000502.jpg,REVIEW,Ardhamandalam Augmented,8.287131545109016
Alarippu,502,100.4,frame_000503.jpg,REVIEW,Muzhumandi Augmented,8.288776472208976
Alarippu,505,101.0,frame_000506.jpg,REVIEW,Ardhamandalam Augmented,8.30074303388817
Alarippu,506,101.2,frame_000507.jpg,REVIEW,Ardhamandalam Augmented,8.297675650395407
Alarippu,507,101.4,frame_000508.jpg,REVIEW,Ardhamandalam Augmented,8.291224282469797
Alarippu,508,101.6,frame_000509.jpg,REVIEW,Ardhamandalam Augmented,8.299160860600114
Alarippu,512,102.4,frame_000513.jpg,REVIEW,Ardhamandalam Augmented,8.304075753308325
Alarippu,513,102.6,frame_000514.jpg,REVIEW,Ardhamandalam Augmented,8.300838822107629
Alarippu,515,103.0,frame_000516.jpg,REVIEW,Ardhamandalam Augmented,8.290811233724183
Alarippu,516,103.2,frame_000517.jpg,STRONG,Nagabandham Augmented,8.287771421655828
Alarippu,517,103.4,frame_000518.jpg,STRONG,Nataraj Augmented,8.28556988894259
Alarippu,518,103.6,frame_000519.jpg,STRONG,Ardhamandalam Augmented,8.290626372215192
Alarippu,523,104.6,frame_000524.jpg,STRONG,Nagabandham Augmented,8.305353323603091
Alarippu,524,104.8,frame_000525.jpg,STRONG,Nataraj Augmented,8.295688611991157
Alarippu,525,105.0,frame_000526.jpg,STRONG,Nagabandham Augmented,8.299426356985759
Alarippu,526,105.2,frame_000527.jpg,STRONG,Nataraj Augmented,8.298866121820312
Alarippu,527,105.4,frame_000528.jpg,STRONG,Nataraj Augmented,8.287179478435583
Alarippu,528,105.6,frame_000529.jpg,REVIEW,Nataraj Augmented,8.299697366529609
Alarippu,529,105.8,frame_000530.jpg,REVIEW,Nagabandham Augmented,8.301792832853145
Alarippu,531,106.2,frame_000532.jpg,REVIEW,Ardhamandalam Augmented,8.295474482308645
Alarippu,532,106.4,frame_000533.jpg,REVIEW,Ardhamandalam Augmented,8.285243503288834
Alarippu,533,106.6,frame_000534.jpg,REVIEW,Nataraj Augmented,8.273230531676527
Alarippu,537,107.4,frame_000538.jpg,STRONG,Ardhamandalam Augmented,8.302856427129752
Alarippu,538,107.6,frame_000539.jpg,REVIEW,Ardhamandalam Augmented,8.304667058466926
Alarippu,539,107.8,frame_000540.jpg,STRONG,Samapadam Augmented,8.293054841831173
Alarippu,540,108.0,frame_000541.jpg,STRONG,Samapadam Augmented,8.29756494268983
Alarippu,541,108.2,frame_000542.jpg,REVIEW,Nagabandham Augmented,8.270981741139511
Alarippu,542,108.4,frame_000543.jpg,STRONG,Nagabandham Augmented,8.295371913697759
Alarippu,543,108.6,frame_000544.jpg,STRONG,Nagabandham Augmented,8.283938007283904
Alarippu,545,109.0,frame_000546.jpg,STRONG,Muzhumandi Augmented,8.29084652875251
Alarippu,546,109.2,frame_000547.jpg,STRONG,Prenkhana Augmented,8.290479692789518
Alarippu,547,109.4,frame_000548.jpg,STRONG,Prenkhana Augmented,8.284766063170789
Alarippu,548,109.6,frame_000549.jpg,STRONG,Muzhumandi Augmented,8.26963289157769
Alarippu,549,109.8,frame_000550.jpg,STRONG,Samapadam Augmented,8.298614704702818
Alarippu,550,110.0,frame_000551.jpg,STRONG,Garuda Augmented,8.286111287051147
Alarippu,551,110.2,frame_000552.jpg,STRONG,Garuda Augmented,8.292520599611196
Alarippu,553,110.6,frame_000554.jpg,STRONG,Ardhamandalam Augmented,7.290302381738011
Alarippu,559,111.8,frame_000560.jpg,STRONG,Nagabandham Augmented,7.276470432233559
Alarippu,560,112.0,frame_000561.jpg,STRONG,Ardhamandalam Augmented,8.289785810783304
Alarippu,565,113.0,frame_000566.jpg,STRONG,Nagabandham Augmented,8.28508493358612
Alarippu,568,113.6,frame_000569.jpg,REVIEW,Nagabandham Augmented,8.295886299441916
Alarippu,569,113.8,frame_000570.jpg,STRONG,Nagabandham Augmented,8.295654540957827
Alarippu,570,114.0,frame_000571.jpg,STRONG,Nagabandham Augmented,8.294397769386068
Alarippu,572,114.4,frame_000573.jpg,STRONG,Nagabandham Augmented,8.295579003862763
Alarippu,573,114.6,frame_000574.jpg,REVIEW,Nagabandham Augmented,8.291111121510676
Alarippu,574,114.8,frame_000575.jpg,STRONG,Samapadam Augmented,8.300288265783061
Alarippu,576,115.2,frame_000577.jpg,STRONG,Nagabandham Augmented,8.264406727451803
Alarippu,577,115.4,frame_000578.jpg,REVIEW,Nataraj Augmented,7.293642719442492
Alarippu,578,115.6,frame_000579.jpg,STRONG,Nataraj Augmented,8.27957190003257
Alarippu,579,115.8,frame_000580.jpg,REVIEW,Samapadam Augmented,8.296787591871372
Alarippu,580,116.0,frame_000581.jpg,REVIEW,Nagabandham Augmented,8.27272436610719
Alarippu,581,116.2,frame_000582.jpg,STRONG,Prenkhana Augmented,8.26633426395113
Alarippu,582,116.4,frame_000583.jpg,REVIEW,Samapadam Augmented,7.291972800274763
Alarippu,583,116.6,frame_000584.jpg,STRONG,Garuda Augmented,8.300078132685643
Alarippu,592,118.4,frame_000593.jpg,STRONG,Nataraj Augmented,8.27910425100959
Alarippu,597,119.4,frame_000598.jpg,REVIEW,Nataraj Augmented,8.276701747154549
Alarippu,607,121.4,frame_000608.jpg,REVIEW,Samapadam Augmented,8.293054666808043
Alarippu,609,121.8,frame_000610.jpg,REVIEW,Nagabandham Augmented,8.303723778898906
Alarippu,610,122.0,frame_000611.jpg,REVIEW,Nataraj Augmented,8.263333373643293
Alarippu,611,122.2,frame_000612.jpg,STRONG,Nagabandham Augmented,7.28189166938209
Alarippu,612,122.4,frame_000613.jpg,STRONG,Nataraj Augmented,8.272193191637587
Alarippu,613,122.6,frame_000614.jpg,STRONG,Samapadam Augmented,8.292167270309896
Alarippu,615,123.0,frame_000616.jpg,STRONG,Nagabandham Augmented,7.2656415128912535
Alarippu,616,123.2,frame_000617.jpg,STRONG,Nagabandham Augmented,8.270676334116322
Alarippu,621,124.2,frame_000622.jpg,STRONG,Nagabandham Augmented,8.301284974026386
Alarippu,622,124.4,frame_000623.jpg,STRONG,Nagabandham Augmented,8.29759075552438
Alarippu,624,124.8,frame_000625.jpg,STRONG,Nagabandham Augmented,8.285913036486159
Alarippu,625,125.0,frame_000626.jpg,REVIEW,Samapadam Augmented,8.30316698678501
Alarippu,638,127.6,frame_000639.jpg,REVIEW,Nataraj Augmented,8.304987711716548
Alarippu,639,127.8,frame_000640.jpg,STRONG,Samapadam Augmented,8.299760188701612
Alarippu,640,128.0,frame_000641.jpg,STRONG,Nagabandham Augmented,8.271461190063484
Alarippu,641,128.2,frame_000642.jpg,STRONG,Nagabandham Augmented,8.274277891753416
Alarippu,642,128.4,frame_000643.jpg,STRONG,Nagabandham Augmented,8.287856450052782
Alarippu,643,128.6,frame_000644.jpg,STRONG,Nagabandham Augmented,8.271752807035341
Alarippu,645,129.0,frame_000646.jpg,REVIEW,Nagabandham Augmented,7.27853338083822
Alarippu,646,129.2,frame_000647.jpg,STRONG,Ardhamandalam Augmented,8.29494027925944
Alarippu,653,130.6,frame_000654.jpg,STRONG,Nagabandham Augmented,8.296861248351856
Alarippu,654,130.8,frame_000655.jpg,REVIEW,Samapadam Augmented,8.282396218455515
Alarippu,655,131.0,frame_000656.jpg,STRONG,Samapadam Augmented,8.294415214280301
Alarippu,656,131.2,frame_000657.jpg,REVIEW,Swastika Augmented,8.273602506013592
Alarippu,657,131.4,frame_000658.jpg,STRONG,Ardhamandalam Augmented,8.264002964264215
Alarippu,658,131.6,frame_000659.jpg,STRONG,Samapadam Augmented,8.297572958090404
Alarippu,661,132.2,frame_000662.jpg,STRONG,Garuda Augmented,7.273869705942556
Alarippu,665,133.0,frame_000666.jpg,REVIEW,Garuda Augmented,7.290337125148571
Alarippu,666,133.2,frame_000667.jpg,STRONG,Garuda Augmented,7.2958607540736775
Alarippu,667,133.4,frame_000668.jpg,STRONG,Garuda Augmented,7.290990803189706
Alarippu,668,133.6,frame_000669.jpg,REVIEW,Samapadam Augmented,8.295797956282126
Alarippu,669,133.8,frame_000670.jpg,REVIEW,Samapadam Augmented,8.292318764338214
Alarippu,671,134.2,frame_000672.jpg,STRONG,Nagabandham Augmented,8.298520002273175
Alarippu,672,134.4,frame_000673.jpg,STRONG,Nagabandham Augmented,7.2788638226480655
Alarippu,673,134.6,frame_000674.jpg,STRONG,Nagabandham Augmented,8.291686097748913
Alarippu,675,135.0,frame_000676.jpg,STRONG,Nataraj Augmented,8.288276574476692
Alarippu,677,135.4,frame_000678.jpg,STRONG,Nagabandham Augmented,8.285367626215336
Alarippu,678,135.6,frame_000679.jpg,REVIEW,Samapadam Augmented,8.286523669716555
Alarippu,679,135.8,frame_000680.jpg,STRONG,Nagabandham Augmented,7.2821524292658
Alarippu,682,136.4,frame_000683.jpg,STRONG,Nataraj Augmented,8.288613146557227
Alarippu,683,136.6,frame_000684.jpg,STRONG,Nagabandham Augmented,8.283135663590441
Alarippu,684,136.8,frame_000685.jpg,REVIEW,Samapadam Augmented,8.292195085043224
Alarippu,687,137.4,frame_000688.jpg,STRONG,Nataraj Augmented,8.271308674263901
Alarippu,688,137.6,frame_000689.jpg,STRONG,Nataraj Augmented,8.2728288361104
Alarippu,689,137.8,frame_000690.jpg,STRONG,Nagabandham Augmented,8.291943949877044
Alarippu,690,138.0,frame_000691.jpg,STRONG,Samapadam Augmented,8.298519065566266
Alarippu,691,138.2,frame_000692.jpg,STRONG,Nagabandham Augmented,8.304068324934047
Alarippu,692,138.4,frame_000693.jpg,STRONG,Nagabandham Augmented,8.299842815601963
Alarippu,693,138.6,frame_000694.jpg,STRONG,Nagabandham Augmented,7.294911755406913
Alarippu,694,138.8,frame_000695.jpg,STRONG,Nagabandham Augmented,8.302496565362894
Alarippu,695,139.0,frame_000696.jpg,REVIEW,Samapadam Augmented,8.285936905073658
Alarippu,696,139.2,frame_000697.jpg,STRONG,Garuda Augmented,8.28264973836825
Alarippu,697,139.4,frame_000698.jpg,STRONG,Garuda Augmented,7.2876479760086195
Alarippu,698,139.6,frame_000699.jpg,STRONG,Garuda Augmented,8.280489706800426
Alarippu,699,139.8,frame_000700.jpg,STRONG,Garuda Augmented,8.284337135263383
Alarippu,700,140.0,frame_000701.jpg,STRONG,Nagabandham Augmented,8.295501374858736
Alarippu,701,140.2,frame_000702.jpg,STRONG,Nataraj Augmented,8.301179127333738
Alarippu,709,141.8,frame_000710.jpg,STRONG,Garuda Augmented,8.291295358238608
Alarippu,710,142.0,frame_000711.jpg,REVIEW,Garuda Augmented,8.2873284932498
Alarippu,711,142.2,frame_000712.jpg,STRONG,Garuda Augmented,8.29738179679433
Alarippu,712,142.4,frame_000713.jpg,REVIEW,Garuda Augmented,8.292083644330887
Alarippu,713,142.6,frame_000714.jpg,STRONG,Garuda Augmented,8.296381988725505
Alarippu,714,142.8,frame_000715.jpg,STRONG,Garuda Augmented,8.293972378359856
Alarippu,715,143.0,frame_000716.jpg,STRONG,Garuda Augmented,8.293023353676203
Alarippu,716,143.2,frame_000717.jpg,STRONG,Garuda Augmented,8.293067467520949
Alarippu,717,143.4,frame_000718.jpg,STRONG,Samapadam Augmented,8.295088185024039
Alarippu,718,143.6,frame_000719.jpg,STRONG,Nataraj Augmented,8.299652760801937
Alarippu,720,144.0,frame_000721.jpg,REVIEW,Nagabandham Augmented,8.292644377966703
Alarippu,725,145.0,frame_000726.jpg,REVIEW,Garuda Augmented,8.288494138343573
Alarippu,726,145.2,frame_000727.jpg,REVIEW,Garuda Augmented,8.292317693843284
Alarippu,727,145.4,frame_000728.jpg,STRONG,Garuda Augmented,8.296237906949896
Alarippu,728,145.6,frame_000729.jpg,REVIEW,Garuda Augmented,8.300285263983143
Alarippu,729,145.8,frame_000730.jpg,STRONG,Garuda Augmented,8.298570351249793
Alarippu,730,146.0,frame_000731.jpg,STRONG,Garuda Augmented,8.295415234693106
Alarippu,731,146.2,frame_000732.jpg,STRONG,Garuda Augmented,8.294566760322992
Alarippu,732,146.4,frame_000733.jpg,STRONG,Garuda Augmented,8.298187224720024
Alarippu,734,146.8,frame_000735.jpg,STRONG,Nagabandham Augmented,8.299212750227216
Alarippu,735,147.0,frame_000736.jpg,STRONG,Nataraj Augmented,8.304328200017288
Alarippu,736,147.2,frame_000737.jpg,STRONG,Nagabandham Augmented,8.302656921135421
Alarippu,737,147.4,frame_000738.jpg,STRONG,Nagabandham Augmented,8.302655116316108
Alarippu,738,147.6,frame_000739.jpg,STRONG,Nagabandham Augmented,8.301200629065798
Alarippu,739,147.8,frame_000740.jpg,REVIEW,Samapadam Augmented,8.295617889393057
Alarippu,740,148.0,frame_000741.jpg,STRONG,Garuda Augmented,8.296015997550896
Alarippu,741,148.2,frame_000742.jpg,STRONG,Garuda Augmented,8.296761186136441
Alarippu,742,148.4,frame_000743.jpg,STRONG,Garuda Augmented,8.296736252629971
Alarippu,743,148.6,frame_000744.jpg,STRONG,Garuda Augmented,8.296883855907023
Alarippu,744,148.8,frame_000745.jpg,REVIEW,Samapadam Augmented,8.288780324077406
Alarippu,745,149.0,frame_000746.jpg,STRONG,Nataraj Augmented,8.298081369092415
Alarippu,746,149.2,frame_000747.jpg,STRONG,Nataraj Augmented,8.302742507514832
Alarippu,747,149.4,frame_000748.jpg,STRONG,Nataraj Augmented,8.296987669805858
Alarippu,748,149.6,frame_000749.jpg,STRONG,Nagabandham Augmented,8.299796790283757
Alarippu,749,149.8,frame_000750.jpg,STRONG,Nataraj Augmented,8.30199663654192
Alarippu,751,150.2,frame_000752.jpg,STRONG,Garuda Augmented,8.291938871270599
Alarippu,752,150.4,frame_000753.jpg,STRONG,Garuda Augmented,8.296012099179354
Alarippu,753,150.6,frame_000754.jpg,REVIEW,Garuda Augmented,8.297620614623712
Alarippu,754,150.8,frame_000755.jpg,STRONG,Garuda Augmented,8.295688799507754
Alarippu,755,151.0,frame_000756.jpg,REVIEW,Garuda Augmented,8.294368166042613
Alarippu,756,151.2,frame_000757.jpg,REVIEW,Nataraj Augmented,8.293909509107566
Alarippu,757,151.4,frame_000758.jpg,STRONG,Nataraj Augmented,8.299193759781438
Alarippu,758,151.6,frame_000759.jpg,REVIEW,Nataraj Augmented,8.30101227659712
Alarippu,759,151.8,frame_000760.jpg,REVIEW,Nagabandham Augmented,8.297040833713538
Alarippu,760,152.0,frame_000761.jpg,STRONG,Nataraj Augmented,8.298347844847111
Alarippu,761,152.2,frame_000762.jpg,STRONG,Nagabandham Augmented,8.300841122969572
Alarippu,762,152.4,frame_000763.jpg,STRONG,Garuda Augmented,8.292416336037487
Alarippu,763,152.6,frame_000764.jpg,STRONG,Garuda Augmented,8.295567803467463
Alarippu,764,152.8,frame_000765.jpg,REVIEW,Garuda Augmented,8.294607448162308
Alarippu,765,153.0,frame_000766.jpg,STRONG,Garuda Augmented,8.28142125327312
Alarippu,766,153.2,frame_000767.jpg,REVIEW,Samapadam Augmented,8.298548023278835
Alarippu,767,153.4,frame_000768.jpg,STRONG,Nagabandham Augmented,7.272664284527574
Alarippu,768,153.6,frame_000769.jpg,STRONG,Nagabandham Augmented,8.304401569716815
Alarippu,769,153.8,frame_000770.jpg,STRONG,Garuda Augmented,8.287068073213051
Alarippu,770,154.0,frame_000771.jpg,STRONG,Nataraj Augmented,7.271019244996302
Alarippu,771,154.2,frame_000772.jpg,REVIEW,Nagabandham Augmented,8.299419094898305
Alarippu,772,154.4,frame_000773.jpg,REVIEW,Nagabandham Augmented,8.300622048337573
Alarippu,773,154.6,frame_000774.jpg,STRONG,Samapadam Augmented,8.29042980055625
Alarippu,774,154.8,frame_000775.jpg,STRONG,Samapadam Augmented,8.294479307985435
Alarippu,775,155.0,frame_000776.jpg,STRONG,Samapadam Augmented,8.295121857957684
Alarippu,776,155.2,frame_000777.jpg,STRONG,Garuda Augmented,8.292755889346092
Alarippu,777,155.4,frame_000778.jpg,STRONG,Garuda Augmented,8.295100908228543
Alarippu,779,155.8,frame_000780.jpg,STRONG,Nagabandham Augmented,8.280137163086893
Alarippu,780,156.0,frame_000781.jpg,STRONG,Nagabandham Augmented,8.274325578828405
Alarippu,781,156.2,frame_000782.jpg,STRONG,Nagabandham Augmented,8.289947620942408
Alarippu,783,156.6,frame_000784.jpg,STRONG,Nagabandham Augmented,8.30140932760628
Alarippu,784,156.8,frame_000785.jpg,STRONG,Nagabandham Augmented,7.288218968003547
Alarippu,786,157.2,frame_000787.jpg,STRONG,Nagabandham Augmented,8.292733803075409
Alarippu,787,157.4,frame_000788.jpg,STRONG,Nagabandham Augmented,8.275951160729129
Alarippu,788,157.6,frame_000789.jpg,STRONG,Nagabandham Augmented,8.302268986291951
Alarippu,789,157.8,frame_000790.jpg,STRONG,Nagabandham Augmented,8.300469437156854
Alarippu,790,158.0,frame_000791.jpg,STRONG,Nagabandham Augmented,8.301857883361809
Alarippu,791,158.2,frame_000792.jpg,STRONG,Samapadam Augmented,8.30523322942559
Alarippu,792,158.4,frame_000793.jpg,STRONG,Nagabandham Augmented,8.30392682020958
Alarippu,793,158.6,frame_000794.jpg,REVIEW,Samapadam Augmented,8.302034081965513
Alarippu,794,158.8,frame_000795.jpg,STRONG,Nagabandham Augmented,8.277486894858942
Alarippu,795,159.0,frame_000796.jpg,STRONG,Garuda Augmented,8.301476827424318
Alarippu,796,159.2,frame_000797.jpg,STRONG,Samapadam Augmented,8.287130825990133
Alarippu,797,159.4,frame_000798.jpg,STRONG,Garuda Augmented,8.288843481519619
Alarippu,798,159.6,frame_000799.jpg,STRONG,Samapadam Augmented,8.30134958699476
Alarippu,799,159.8,frame_000800.jpg,STRONG,Samapadam Augmented,8.298157483353425
Alarippu,800,160.0,frame_000801.jpg,STRONG,Samapadam Augmented,8.297386612077206
Alarippu,801,160.2,frame_000802.jpg,REVIEW,Garuda Augmented,8.294273082898918
Alarippu,802,160.4,frame_000803.jpg,REVIEW,Garuda Augmented,7.290570423291108
Alarippu,803,160.6,frame_000804.jpg,STRONG,Garuda Augmented,7.2931231231788525
Alarippu,804,160.8,frame_000805.jpg,REVIEW,Garuda Augmented,8.293968738566551
Alarippu,806,161.2,frame_000807.jpg,STRONG,Nataraj Augmented,8.301359859753992
Alarippu,807,161.4,frame_000808.jpg,REVIEW,Nataraj Augmented,8.304607732747575
Alarippu,808,161.6,frame_000809.jpg,STRONG,Nataraj Augmented,8.294172246452534
Alarippu,809,161.8,frame_000810.jpg,STRONG,Samapadam Augmented,8.296863877701572
Alarippu,810,162.0,frame_000811.jpg,REVIEW,Garuda Augmented,8.296313322631764
Alarippu,813,162.6,frame_000814.jpg,STRONG,Ardhamandalam Augmented,8.293569641875576
Alarippu,814,162.8,frame_000815.jpg,STRONG,Nataraj Augmented,8.30059739834272
Alarippu,815,163.0,frame_000816.jpg,STRONG,Nataraj Augmented,8.297026268416841
Alarippu,816,163.2,frame_000817.jpg,STRONG,Samapadam Augmented,8.298610240713932
Alarippu,817,163.4,frame_000818.jpg,REVIEW,Garuda Augmented,8.297454982589516
Alarippu,818,163.6,frame_000819.jpg,STRONG,Garuda Augmented,8.28873847131114
Alarippu,820,164.0,frame_000821.jpg,REVIEW,Garuda Augmented,7.279512392038976
Alarippu,821,164.2,frame_000822.jpg,STRONG,Nataraj Augmented,8.297737312566841
Alarippu,822,164.4,frame_000823.jpg,STRONG,Nataraj Augmented,8.29550149690585
Alarippu,823,164.6,frame_000824.jpg,STRONG,Nataraj Augmented,8.298935457416754
Alarippu,824,164.8,frame_000825.jpg,STRONG,Samapadam Augmented,8.304832306790141
Alarippu,825,165.0,frame_000826.jpg,STRONG,Nagabandham Augmented,8.300158196225354
Alarippu,826,165.2,frame_000827.jpg,STRONG,Nagabandham Augmented,8.283378953710884
Alarippu,827,165.4,frame_000828.jpg,REVIEW,Garuda Augmented,8.299220424179005
Alarippu,828,165.6,frame_000829.jpg,STRONG,Garuda Augmented,8.294906142597888
Alarippu,831,166.2,frame_000832.jpg,STRONG,Garuda Augmented,8.29044257581937
Alarippu,832,166.4,frame_000833.jpg,REVIEW,Garuda Augmented,8.295179435887999
Alarippu,834,166.8,frame_000835.jpg,REVIEW,Samapadam Augmented,8.294402297704574
Alarippu,837,167.4,frame_000838.jpg,STRONG,Samapadam Augmented,8.295893490756422
Alarippu,839,167.8,frame_000840.jpg,STRONG,Nagabandham Augmented,8.296307406411474
Alarippu,840,168.0,frame_000841.jpg,STRONG,Garuda Augmented,7.291969338230144
Alarippu,841,168.2,frame_000842.jpg,REVIEW,Garuda Augmented,7.294410972417143
Alarippu,842,168.4,frame_000843.jpg,REVIEW,Garuda Augmented,7.291597682147222
Alarippu,844,168.8,frame_000845.jpg,STRONG,Garuda Augmented,8.29395967841699
Alarippu,845,169.0,frame_000846.jpg,STRONG,Garuda Augmented,8.29764524428646
Alarippu,846,169.2,frame_000847.jpg,REVIEW,Garuda Augmented,8.297346861215539
Alarippu,847,169.4,frame_000848.jpg,REVIEW,Nagabandham Augmented,8.29633798627302
Alarippu,848,169.6,frame_000849.jpg,STRONG,Samapadam Augmented,8.295445534778752
Alarippu,849,169.8,frame_000850.jpg,STRONG,Nagabandham Augmented,8.291096970426409
Alarippu,850,170.0,frame_000851.jpg,REVIEW,Samapadam Augmented,8.29684068055109
Alarippu,852,170.4,frame_000853.jpg,STRONG,Samapadam Augmented,8.296099438591552
Alarippu,853,170.6,frame_000854.jpg,REVIEW,Nagabandham Augmented,8.296421444897305
Alarippu,854,170.8,frame_000855.jpg,STRONG,Nagabandham Augmented,8.299834471987579
Alarippu,855,171.0,frame_000856.jpg,STRONG,Nagabandham Augmented,8.300428098525005
Alarippu,856,171.2,frame_000857.jpg,STRONG,Nagabandham Augmented,8.299953367555505
Alarippu,857,171.4,frame_000858.jpg,STRONG,Nagabandham Augmented,8.300089976431174
Alarippu,858,171.6,frame_000859.jpg,STRONG,Nagabandham Augmented,8.301211028859827
Alarippu,860,172.0,frame_000861.jpg,STRONG,Nagabandham Augmented,8.299462961549224
Alarippu,861,172.2,frame_000862.jpg,STRONG,Nagabandham Augmented,8.29919844504825
Alarippu,862,172.4,frame_000863.jpg,STRONG,Samapadam Augmented,8.29882474461721
Alarippu,863,172.6,frame_000864.jpg,STRONG,Samapadam Augmented,8.298837801701884
Alarippu,864,172.8,frame_000865.jpg,STRONG,Nagabandham Augmented,8.299803690597185
Alarippu,865,173.0,frame_000866.jpg,STRONG,Nagabandham Augmented,8.300372125910366
Alarippu,866,173.2,frame_000867.jpg,STRONG,Nagabandham Augmented,8.299760670621268
Alarippu,867,173.4,frame_000868.jpg,STRONG,Nagabandham Augmented,8.300056601351733
Alarippu,868,173.6,frame_000869.jpg,STRONG,Nagabandham Augmented,8.29920826621497
Alarippu,869,173.8,frame_000870.jpg,STRONG,Nagabandham Augmented,8.301067824015636
Alarippu,870,174.0,frame_000871.jpg,STRONG,Nagabandham Augmented,8.300603810764269
Alarippu,871,174.2,frame_000872.jpg,STRONG,Nagabandham Augmented,8.300877928452344
Alarippu,872,174.4,frame_000873.jpg,STRONG,Nagabandham Augmented,8.302000621290935
Alarippu,873,174.6,frame_000874.jpg,STRONG,Nagabandham Augmented,8.300695373069614
Alarippu,874,174.8,frame_000875.jpg,STRONG,Nagabandham Augmented,8.300976695822037
Alarippu,875,175.0,frame_000876.jpg,STRONG,Nagabandham Augmented,8.301917303673449
Alarippu,876,175.2,frame_000877.jpg,STRONG,Nagabandham Augmented,8.300236524202843
Alarippu,877,175.4,frame_000878.jpg,STRONG,Nagabandham Augmented,8.301093325788885
Alarippu,878,175.6,frame_000879.jpg,STRONG,Nagabandham Augmented,8.299820766479275
Alarippu,879,175.8,frame_000880.jpg,STRONG,Nagabandham Augmented,8.298185108242773
Alarippu,880,176.0,frame_000881.jpg,STRONG,Nagabandham Augmented,8.29824299788866
Alarippu,881,176.2,frame_000882.jpg,STRONG,Nagabandham Augmented,8.299223651431028
Alarippu,882,176.4,frame_000883.jpg,STRONG,Nagabandham Augmented,8.300069183324082
Alarippu,883,176.6,frame_000884.jpg,STRONG,Nagabandham Augmented,8.297360026403435
Alarippu,884,176.8,frame_000885.jpg,STRONG,Nagabandham Augmented,8.298649343916864
Alarippu,885,177.0,frame_000886.jpg,STRONG,Nagabandham Augmented,8.3000041656527
Alarippu,886,177.2,frame_000887.jpg,STRONG,Nagabandham Augmented,8.2978226448286
Alarippu,887,177.4,frame_000888.jpg,STRONG,Nagabandham Augmented,8.301097501865101
Alarippu,888,177.6,frame_000889.jpg,STRONG,Nagabandham Augmented,8.300336497824585
Alarippu,889,177.8,frame_000890.jpg,STRONG,Nagabandham Augmented,8.29861739513425
Alarippu,890,178.0,frame_000891.jpg,STRONG,Nagabandham Augmented,8.30073615605457
Alarippu,891,178.2,frame_000892.jpg,STRONG,Nagabandham Augmented,8.298912175506612
Alarippu,892,178.4,frame_000893.jpg,STRONG,Nagabandham Augmented,8.301036952748618
Alarippu,893,178.6,frame_000894.jpg,STRONG,Nagabandham Augmented,8.300279775346368
Alarippu,894,178.8,frame_000895.jpg,STRONG,Nagabandham Augmented,8.300037300360708
Alarippu,895,179.0,frame_000896.jpg,STRONG,Nagabandham Augmented,8.298906027951608
Alarippu,896,179.2,frame_000897.jpg,STRONG,Nagabandham Augmented,8.297880046471557
Alarippu,897,179.4,frame_000898.jpg,STRONG,Nagabandham Augmented,8.300716111591958
Alarippu,898,179.6,frame_000899.jpg,STRONG,Nagabandham Augmented,8.297631209236696
Alarippu,899,179.8,frame_000900.jpg,STRONG,Nagabandham Augmented,8.29944410431281
Alarippu,900,180.0,frame_000901.jpg,STRONG,Nagabandham Augmented,8.297246659641555
Alarippu,901,180.2,frame_000902.jpg,STRONG,Nagabandham Augmented,8.295536686760213
Alarippu,902,180.4,frame_000903.jpg,STRONG,Nagabandham Augmented,8.297626269597687
Alarippu,903,180.6,frame_000904.jpg,STRONG,Nagabandham Augmented,8.300455461284454
Alarippu,904,180.8,frame_000905.jpg,STRONG,Nagabandham Augmented,8.300409116663918
Alarippu,905,181.0,frame_000906.jpg,STRONG,Nagabandham Augmented,8.300386745033775
Alarippu,906,181.2,frame_000907.jpg,STRONG,Nagabandham Augmented,8.298469369694146
Kathanakuthala,0,0.0,frame_000001.jpg,STRONG,Nagabandham Augmented,8.285012935295608
Kathanakuthala,1,0.2,frame_000002.jpg,REVIEW,Nagabandham Augmented,8.281394536925099
Kathanakuthala,2,0.4,frame_000003.jpg,REVIEW,Nagabandham Augmented,8.277573300553959
Kathanakuthala,3,0.6,frame_000004.jpg,REVIEW,Nagabandham Augmented,8.279314323638118
Kathanakuthala,4,0.8,frame_000005.jpg,REVIEW,Nagabandham Augmented,8.2799776860629
Kathanakuthala,5,1.0,frame_000006.jpg,REVIEW,Nagabandham Augmented,8.280865115029318
Kathanakuthala,6,1.2,frame_000007.jpg,REVIEW,Nagabandham Augmented,8.2804157038629
Kathanakuthala,7,1.4,frame_000008.jpg,REVIEW,Nagabandham Augmented,8.279791265738055
Kathanakuthala,8,1.6,frame_000009.jpg,REVIEW,Nagabandham Augmented,8.279783776852108
Kathanakuthala,9,1.8,frame_000010.jpg,REVIEW,Nagabandham Augmented,8.279783776852108
Kathanakuthala,10,2.0,frame_000011.jpg,REVIEW,Nagabandham Augmented,8.279783776852108
Kathanakuthala,11,2.2,frame_000012.jpg,REVIEW,Nagabandham Augmented,8.279673825683084
Kathanakuthala,12,2.4,frame_000013.jpg,REVIEW,Nagabandham Augmented,8.279754106902317
Kathanakuthala,13,2.6,frame_000014.jpg,REVIEW,Nagabandham Augmented,8.279750751858936
Kathanakuthala,14,2.8,frame_000015.jpg,REVIEW,Nagabandham Augmented,8.279201241386017
Kathanakuthala,15,3.0,frame_000016.jpg,REVIEW,Nagabandham Augmented,8.274825030166774
Kathanakuthala,16,3.2,frame_000017.jpg,REVIEW,Nagabandham Augmented,8.280081459788091
Kathanakuthala,21,4.2,frame_000022.jpg,STRONG,Nataraj Augmented,8.297518653824065
Kathanakuthala,23,4.6,frame_000024.jpg,STRONG,Nataraj Augmented,8.296342346057687
Kathanakuthala,24,4.8,frame_000025.jpg,STRONG,Nataraj Augmented,8.30129150013153
Kathanakuthala,25,5.0,frame_000026.jpg,STRONG,Nataraj Augmented,8.298190441330119
Kathanakuthala,26,5.2,frame_000027.jpg,STRONG,Nataraj Augmented,8.299210810423046
Kathanakuthala,27,5.4,frame_000028.jpg,STRONG,Nataraj Augmented,8.300451284475011
Kathanakuthala,28,5.6,frame_000029.jpg,STRONG,Nataraj Augmented,8.29849970295298
Kathanakuthala,29,5.8,frame_000030.jpg,STRONG,Nataraj Augmented,8.300333667790472
Kathanakuthala,30,6.0,frame_000031.jpg,REVIEW,Nataraj Augmented,8.27449089140887
Kathanakuthala,31,6.2,frame_000032.jpg,STRONG,Nataraj Augmented,8.299432132655475
Kathanakuthala,32,6.4,frame_000033.jpg,STRONG,Nataraj Augmented,8.299146242598301
Kathanakuthala,39,7.8,frame_000040.jpg,REVIEW,Nataraj Augmented,8.296053320678176
Kathanakuthala,46,9.2,frame_000047.jpg,STRONG,Garuda Augmented,8.283196730719768
Kathanakuthala,48,9.6,frame_000049.jpg,REVIEW,Nataraj Augmented,8.281308211762955
Kathanakuthala,54,10.8,frame_000055.jpg,STRONG,Nagabandham Augmented,8.29324200322384
Kathanakuthala,56,11.2,frame_000057.jpg,STRONG,Nagabandham Augmented,8.306024496519202
Kathanakuthala,57,11.4,frame_000058.jpg,STRONG,Nataraj Augmented,8.279759912248172
Kathanakuthala,58,11.6,frame_000059.jpg,STRONG,Nataraj Augmented,8.291808484830506
Kathanakuthala,59,11.8,frame_000060.jpg,REVIEW,Samapadam Augmented,8.289823976063696
Kathanakuthala,60,12.0,frame_000061.jpg,REVIEW,Samapadam Augmented,8.295290097778809
Kathanakuthala,62,12.4,frame_000063.jpg,REVIEW,Samapadam Augmented,8.296312237111286
Kathanakuthala,63,12.6,frame_000064.jpg,STRONG,Garuda Augmented,7.285858131295333
Kathanakuthala,64,12.8,frame_000065.jpg,STRONG,Garuda Augmented,8.286889663640082
Kathanakuthala,65,13.0,frame_000066.jpg,STRONG,Garuda Augmented,7.297457536163197
Kathanakuthala,66,13.2,frame_000067.jpg,STRONG,Garuda Augmented,8.28875946081758
Kathanakuthala,67,13.4,frame_000068.jpg,STRONG,Garuda Augmented,8.293149356339544
Kathanakuthala,68,13.6,frame_000069.jpg,STRONG,Garuda Augmented,8.288039699558768
Kathanakuthala,69,13.8,frame_000070.jpg,REVIEW,Garuda Augmented,8.291390822660533
Kathanakuthala,72,14.4,frame_000073.jpg,REVIEW,Muzhumandi Augmented,8.305836462244448
Kathanakuthala,73,14.6,frame_000074.jpg,REVIEW,Samapadam Augmented,8.293806003909758
Kathanakuthala,74,14.8,frame_000075.jpg,REVIEW,Samapadam Augmented,8.302985401007714
Kathanakuthala,75,15.0,frame_000076.jpg,REVIEW,Nataraj Augmented,8.298706024603364
Kathanakuthala,78,15.6,frame_000079.jpg,STRONG,Ardhamandalam Augmented,7.288069124973013
Kathanakuthala,79,15.8,frame_000080.jpg,STRONG,Samapadam Augmented,8.30134327403909
Kathanakuthala,80,16.0,frame_000081.jpg,STRONG,Nataraj Augmented,8.293095905885142
Kathanakuthala,81,16.2,frame_000082.jpg,STRONG,Nataraj Augmented,8.301329653391043
Kathanakuthala,82,16.4,frame_000083.jpg,STRONG,Nataraj Augmented,8.293906649789053
Kathanakuthala,83,16.6,frame_000084.jpg,STRONG,Nataraj Augmented,8.273991101893497
Kathanakuthala,84,16.8,frame_000085.jpg,STRONG,Nataraj Augmented,8.283883314745502
Kathanakuthala,85,17.0,frame_000086.jpg,STRONG,Muzhumandi Augmented,8.281342446648033
Kathanakuthala,86,17.2,frame_000087.jpg,STRONG,Samapadam Augmented,8.288435252351222
Kathanakuthala,87,17.4,frame_000088.jpg,REVIEW,Muzhumandi Augmented,7.27543447967772
Kathanakuthala,88,17.6,frame_000089.jpg,REVIEW,Nataraj Augmented,7.273003030769764
Kathanakuthala,89,17.8,frame_000090.jpg,STRONG,Nataraj Augmented,8.270260067129422
Kathanakuthala,90,18.0,frame_000091.jpg,REVIEW,Ardhamandalam Augmented,8.26758950384996
Kathanakuthala,91,18.2,frame_000092.jpg,STRONG,Nataraj Augmented,7.285964145226235
Kathanakuthala,92,18.4,frame_000093.jpg,STRONG,Nagabandham Augmented,8.282049456936276
Kathanakuthala,93,18.6,frame_000094.jpg,REVIEW,Samapadam Augmented,8.294934193611308
Kathanakuthala,94,18.8,frame_000095.jpg,STRONG,Garuda Augmented,8.261931297116437
Kathanakuthala,95,19.0,frame_000096.jpg,STRONG,Nataraj Augmented,8.287024715382802
Kathanakuthala,96,19.2,frame_000097.jpg,STRONG,Prenkhana Augmented,8.284277835610133
Kathanakuthala,97,19.4,frame_000098.jpg,STRONG,Nataraj Augmented,8.292626937388155
Kathanakuthala,98,19.6,frame_000099.jpg,STRONG,Samapadam Augmented,8.295576873166535
Kathanakuthala,99,19.8,frame_000100.jpg,STRONG,Prenkhana Augmented,8.300875988560461
Kathanakuthala,100,20.0,frame_000101.jpg,STRONG,Samapadam Augmented,8.301415965088779
Kathanakuthala,101,20.2,frame_000102.jpg,STRONG,Samapadam Augmented,8.305527636071805
Kathanakuthala,102,20.4,frame_000103.jpg,STRONG,Samapadam Augmented,8.300782629063365
Kathanakuthala,103,20.6,frame_000104.jpg,STRONG,Muzhumandi Augmented,7.293166605507854
Kathanakuthala,104,20.8,frame_000105.jpg,STRONG,Muzhumandi Augmented,7.291515589994743
Kathanakuthala,105,21.0,frame_000106.jpg,STRONG,Samapadam Augmented,7.290076934282123
Kathanakuthala,106,21.2,frame_000107.jpg,STRONG,Samapadam Augmented,8.289870618442375
Kathanakuthala,107,21.4,frame_000108.jpg,STRONG,Samapadam Augmented,8.297782159064871
Kathanakuthala,108,21.6,frame_000109.jpg,STRONG,Samapadam Augmented,8.301956311951571
Kathanakuthala,109,21.8,frame_000110.jpg,STRONG,Samapadam Augmented,8.29634930114617
Kathanakuthala,110,22.0,frame_000111.jpg,REVIEW,Samapadam Augmented,8.295239600181231
Kathanakuthala,111,22.2,frame_000112.jpg,STRONG,Nagabandham Augmented,8.295211496022777
Kathanakuthala,112,22.4,frame_000113.jpg,REVIEW,Bramha Augmented,7.2853067633628905
Kathanakuthala,113,22.6,frame_000114.jpg,STRONG,Nagabandham Augmented,7.278063233480415
Kathanakuthala,114,22.8,frame_000115.jpg,STRONG,Swastika Augmented,8.279013011504038
Kathanakuthala,115,23.0,frame_000116.jpg,REVIEW,Bramha Augmented,8.291798749488851
Kathanakuthala,116,23.2,frame_000117.jpg,REVIEW,Nataraj Augmented,8.280142910614089
Kathanakuthala,117,23.4,frame_000118.jpg,STRONG,Muzhumandi Augmented,8.294295438844758
Kathanakuthala,118,23.6,frame_000119.jpg,STRONG,Nagabandham Augmented,8.30489494341506
Kathanakuthala,119,23.8,frame_000120.jpg,STRONG,Nagabandham Augmented,8.276686783991334
Kathanakuthala,120,24.0,frame_000121.jpg,STRONG,Samapadam Augmented,8.300921423621975
Kathanakuthala,121,24.2,frame_000122.jpg,REVIEW,Samapadam Augmented,8.292517672268355
Kathanakuthala,124,24.8,frame_000125.jpg,STRONG,Samapadam Augmented,8.302570272037682
Kathanakuthala,125,25.0,frame_000126.jpg,REVIEW,Swastika Augmented,8.288806779901904
Kathanakuthala,126,25.2,frame_000127.jpg,STRONG,Samapadam Augmented,8.302032770596298
Kathanakuthala,127,25.4,frame_000128.jpg,STRONG,Samapadam Augmented,8.306511795749726
Kathanakuthala,128,25.6,frame_000129.jpg,STRONG,Nagabandham Augmented,8.272781573151923
Kathanakuthala,129,25.8,frame_000130.jpg,STRONG,Samapadam Augmented,8.283875869263678
Kathanakuthala,130,26.0,frame_000131.jpg,STRONG,Samapadam Augmented,8.298426796703428
Kathanakuthala,131,26.2,frame_000132.jpg,STRONG,Nagabandham Augmented,8.301814527743241
Kathanakuthala,132,26.4,frame_000133.jpg,STRONG,Nataraj Augmented,8.296322518599922
Kathanakuthala,133,26.6,frame_000134.jpg,STRONG,Samapadam Augmented,8.299278525889227
Kathanakuthala,134,26.8,frame_000135.jpg,STRONG,Samapadam Augmented,8.302835529795473
Kathanakuthala,135,27.0,frame_000136.jpg,STRONG,Samapadam Augmented,8.300136401663096
Kathanakuthala,136,27.2,frame_000137.jpg,STRONG,Samapadam Augmented,8.306712253536626
Kathanakuthala,137,27.4,frame_000138.jpg,STRONG,Samapadam Augmented,8.301556871904959
Kathanakuthala,138,27.6,frame_000139.jpg,STRONG,Samapadam Augmented,8.302441712491136
Kathanakuthala,139,27.8,frame_000140.jpg,STRONG,Samapadam Augmented,8.305401523034524
Kathanakuthala,140,28.0,frame_000141.jpg,STRONG,Samapadam Augmented,8.303484652747834
Kathanakuthala,141,28.2,frame_000142.jpg,STRONG,Samapadam Augmented,8.304728732881037
Kathanakuthala,142,28.4,frame_000143.jpg,STRONG,Samapadam Augmented,8.302094996112123
Kathanakuthala,143,28.6,frame_000144.jpg,STRONG,Samapadam Augmented,8.304386986601973
Kathanakuthala,144,28.8,frame_000145.jpg,STRONG,Nagabandham Augmented,8.303133560513514
Kathanakuthala,145,29.0,frame_000146.jpg,STRONG,Samapadam Augmented,8.3025234683986
Kathanakuthala,146,29.2,frame_000147.jpg,STRONG,Samapadam Augmented,8.301576713393093
Kathanakuthala,147,29.4,frame_000148.jpg,STRONG,Samapadam Augmented,8.302691958268733
Kathanakuthala,148,29.6,frame_000149.jpg,STRONG,Samapadam Augmented,8.30529804546334
Kathanakuthala,149,29.8,frame_000150.jpg,STRONG,Samapadam Augmented,8.303892278762428
Kathanakuthala,150,30.0,frame_000151.jpg,STRONG,Nagabandham Augmented,8.304763661436436
Kathanakuthala,151,30.2,frame_000152.jpg,STRONG,Samapadam Augmented,8.300100137871773
Kathanakuthala,152,30.4,frame_000153.jpg,STRONG,Samapadam Augmented,8.30109756084841
Kathanakuthala,153,30.6,frame_000154.jpg,STRONG,Samapadam Augmented,8.304994959656396
Kathanakuthala,154,30.8,frame_000155.jpg,STRONG,Samapadam Augmented,8.305676531228398
Kathanakuthala,155,31.0,frame_000156.jpg,STRONG,Samapadam Augmented,8.301889576077082
Kathanakuthala,156,31.2,frame_000157.jpg,STRONG,Nagabandham Augmented,8.303352375389967
Kathanakuthala,157,31.4,frame_000158.jpg,STRONG,Samapadam Augmented,8.300762474897475
Kathanakuthala,158,31.6,frame_000159.jpg,STRONG,Samapadam Augmented,8.300102386982834
Kathanakuthala,159,31.8,frame_000160.jpg,STRONG,Samapadam Augmented,8.305159260837078
Kathanakuthala,160,32.0,frame_000161.jpg,STRONG,Samapadam Augmented,8.301058349949775
Kathanakuthala,162,32.4,frame_000163.jpg,STRONG,Samapadam Augmented,8.303189991979712
Kathanakuthala,163,32.6,frame_000164.jpg,STRONG,Samapadam Augmented,8.302452263219182
Kathanakuthala,165,33.0,frame_000166.jpg,STRONG,Samapadam Augmented,8.304317399033494
Kathanakuthala,166,33.2,frame_000167.jpg,STRONG,Samapadam Augmented,8.305147687706397
Kathanakuthala,167,33.4,frame_000168.jpg,STRONG,Samapadam Augmented,8.302199344831175
Kathanakuthala,168,33.6,frame_000169.jpg,STRONG,Samapadam Augmented,8.301954689598869
Kathanakuthala,169,33.8,frame_000170.jpg,STRONG,Samapadam Augmented,8.304981211280184
Kathanakuthala,170,34.0,frame_000171.jpg,STRONG,Samapadam Augmented,8.298749858400894
Kathanakuthala,171,34.2,frame_000172.jpg,STRONG,Samapadam Augmented,8.29997654158576
Kathanakuthala,172,34.4,frame_000173.jpg,STRONG,Samapadam Augmented,8.301496082742679
Kathanakuthala,173,34.6,frame_000174.jpg,STRONG,Samapadam Augmented,8.301095519539558
Kathanakuthala,174,34.8,frame_000175.jpg,STRONG,Samapadam Augmented,8.303368072871677
Kathanakuthala,175,35.0,frame_000176.jpg,STRONG,Samapadam Augmented,8.302291570139504
Kathanakuthala,176,35.2,frame_000177.jpg,STRONG,Samapadam Augmented,8.303187912509888
Kathanakuthala,177,35.4,frame_000178.jpg,STRONG,Samapadam Augmented,8.306553984926945
Kathanakuthala,178,35.6,frame_000179.jpg,STRONG,Samapadam Augmented,8.30533659033337
Kathanakuthala,179,35.8,frame_000180.jpg,STRONG,Samapadam Augmented,8.30248427472866
Kathanakuthala,180,36.0,frame_000181.jpg,STRONG,Samapadam Augmented,8.298988510058406
Kathanakuthala,181,36.2,frame_000182.jpg,STRONG,Samapadam Augmented,8.300843103424334
Kathanakuthala,182,36.4,frame_000183.jpg,STRONG,Nagabandham Augmented,8.303546637672081
Kathanakuthala,183,36.6,frame_000184.jpg,STRONG,Nagabandham Augmented,8.303605037003145
Kathanakuthala,184,36.8,frame_000185.jpg,STRONG,Nagabandham Augmented,8.305586671973195
Kathanakuthala,185,37.0,frame_000186.jpg,STRONG,Nagabandham Augmented,8.305639299304891
Kathanakuthala,186,37.2,frame_000187.jpg,STRONG,Nagabandham Augmented,8.304932430437907
Kathanakuthala,187,37.4,frame_000188.jpg,STRONG,Samapadam Augmented,8.30608475197131
Kathanakuthala,188,37.6,frame_000189.jpg,STRONG,Samapadam Augmented,8.30034309443423
Kathanakuthala,189,37.8,frame_000190.jpg,STRONG,Samapadam Augmented,8.303133641827191
Kathanakuthala,190,38.0,frame_000191.jpg,STRONG,Nagabandham Augmented,8.301598115143609
Kathanakuthala,191,38.2,frame_000192.jpg,STRONG,Samapadam Augmented,8.299788913111604
Kathanakuthala,192,38.4,frame_000193.jpg,STRONG,Nagabandham Augmented,8.305779932674573
Kathanakuthala,193,38.6,frame_000194.jpg,STRONG,Nagabandham Augmented,8.30123853294467
Kathanakuthala,194,38.8,frame_000195.jpg,STRONG,Samapadam Augmented,8.305461083459495
Kathanakuthala,195,39.0,frame_000196.jpg,STRONG,Samapadam Augmented,8.301251413839305
Kathanakuthala,196,39.2,frame_000197.jpg,STRONG,Samapadam Augmented,8.302596303181122
Kathanakuthala,197,39.4,frame_000198.jpg,STRONG,Nagabandham Augmented,8.30411252168335
Kathanakuthala,198,39.6,frame_000199.jpg,STRONG,Samapadam Augmented,8.302488989614648
Kathanakuthala,199,39.8,frame_000200.jpg,STRONG,Samapadam Augmented,8.300301628247922
Kathanakuthala,200,40.0,frame_000201.jpg,STRONG,Samapadam Augmented,8.30517600693287
Kathanakuthala,201,40.2,frame_000202.jpg,STRONG,Samapadam Augmented,8.300929826800777
Kathanakuthala,202,40.4,frame_000203.jpg,STRONG,Samapadam Augmented,8.300360428660792
Kathanakuthala,203,40.6,frame_000204.jpg,STRONG,Samapadam Augmented,8.303278200244478
Kathanakuthala,204,40.8,frame_000205.jpg,STRONG,Samapadam Augmented,8.301647869898193
Kathanakuthala,205,41.0,frame_000206.jpg,STRONG,Samapadam Augmented,8.301258637645446
Kathanakuthala,206,41.2,frame_000207.jpg,STRONG,Samapadam Augmented,8.301319138658318
Kathanakuthala,209,41.8,frame_000210.jpg,STRONG,Nagabandham Augmented,8.29556625869723
Kathanakuthala,210,42.0,frame_000211.jpg,STRONG,Samapadam Augmented,8.301538289124881
Kathanakuthala,211,42.2,frame_000212.jpg,STRONG,Samapadam Augmented,8.303908128014093
Kathanakuthala,212,42.4,frame_000213.jpg,STRONG,Bramha Augmented,8.286699693737807
Kathanakuthala,213,42.6,frame_000214.jpg,REVIEW,Samapadam Augmented,8.27909371777616
Kathanakuthala,215,43.0,frame_000216.jpg,REVIEW,Nagabandham Augmented,8.264663106792801
Kathanakuthala,216,43.2,frame_000217.jpg,STRONG,Nataraj Augmented,8.291336935085003
Kathanakuthala,217,43.4,frame_000218.jpg,STRONG,Nataraj Augmented,8.281869546782211
Kathanakuthala,218,43.6,frame_000219.jpg,STRONG,Nataraj Augmented,8.289245862667908
Kathanakuthala,219,43.8,frame_000220.jpg,STRONG,Nagabandham Augmented,8.27711308476808
Kathanakuthala,220,44.0,frame_000221.jpg,STRONG,Nataraj Augmented,8.280494753910528
Kathanakuthala,221,44.2,frame_000222.jpg,STRONG,Nataraj Augmented,8.281038143206704
Kathanakuthala,222,44.4,frame_000223.jpg,STRONG,Nagabandham Augmented,8.279394288970291
Kathanakuthala,223,44.6,frame_000224.jpg,STRONG,Muzhumandi Augmented,7.263513656905321
Kathanakuthala,224,44.8,frame_000225.jpg,REVIEW,Samapadam Augmented,8.293035286859965
Kathanakuthala,225,45.0,frame_000226.jpg,STRONG,Samapadam Augmented,8.293226847890708
Kathanakuthala,226,45.2,frame_000227.jpg,STRONG,Samapadam Augmented,8.289485190698226
Kathanakuthala,227,45.4,frame_000228.jpg,STRONG,Samapadam Augmented,8.292222650214294
Kathanakuthala,228,45.6,frame_000229.jpg,REVIEW,Garuda Augmented,7.284760032440781
Kathanakuthala,229,45.8,frame_000230.jpg,STRONG,Nataraj Augmented,8.266903432458282
Kathanakuthala,230,46.0,frame_000231.jpg,STRONG,Garuda Augmented,8.262424858153588
Kathanakuthala,231,46.2,frame_000232.jpg,STRONG,Samapadam Augmented,8.294063077031357
Kathanakuthala,232,46.4,frame_000233.jpg,STRONG,Nagabandham Augmented,8.28024837286793
Kathanakuthala,233,46.6,frame_000234.jpg,STRONG,Samapadam Augmented,8.281212489990608
Kathanakuthala,234,46.8,frame_000235.jpg,STRONG,Nataraj Augmented,8.29740889420439
Kathanakuthala,235,47.0,frame_000236.jpg,STRONG,Garuda Augmented,8.274137874966433
Kathanakuthala,236,47.2,frame_000237.jpg,REVIEW,Nataraj Augmented,8.28441415810995
Kathanakuthala,237,47.4,frame_000238.jpg,STRONG,Nataraj Augmented,8.287194605348182
Kathanakuthala,238,47.6,frame_000239.jpg,STRONG,Nataraj Augmented,8.298043910014073
Kathanakuthala,239,47.8,frame_000240.jpg,STRONG,Nataraj Augmented,8.287823971242647
Kathanakuthala,240,48.0,frame_000241.jpg,STRONG,Nataraj Augmented,8.2898397584657
Kathanakuthala,241,48.2,frame_000242.jpg,STRONG,Garuda Augmented,8.280434177690559
Kathanakuthala,242,48.4,frame_000243.jpg,STRONG,Nataraj Augmented,8.278299940098655
Kathanakuthala,243,48.6,frame_000244.jpg,STRONG,Nagabandham Augmented,8.28574742494872
Kathanakuthala,244,48.8,frame_000245.jpg,STRONG,Nagabandham Augmented,8.281508401490708
Kathanakuthala,245,49.0,frame_000246.jpg,STRONG,Samapadam Augmented,8.291828467573572
Kathanakuthala,246,49.2,frame_000247.jpg,STRONG,Nagabandham Augmented,8.287841212162542
Kathanakuthala,247,49.4,frame_000248.jpg,STRONG,Nagabandham Augmented,8.290207861738255
Kathanakuthala,248,49.6,frame_000249.jpg,STRONG,Nagabandham Augmented,8.306017010322064
Kathanakuthala,251,50.2,frame_000252.jpg,REVIEW,Samapadam Augmented,8.301446970741544
Kathanakuthala,252,50.4,frame_000253.jpg,STRONG,Samapadam Augmented,8.296770540299372
Kathanakuthala,253,50.6,frame_000254.jpg,STRONG,Samapadam Augmented,8.301134182693545
Kathanakuthala,255,51.0,frame_000256.jpg,STRONG,Nagabandham Augmented,8.286769194893633
Kathanakuthala,256,51.2,frame_000257.jpg,STRONG,Nagabandham Augmented,8.296459799793823
Kathanakuthala,257,51.4,frame_000258.jpg,STRONG,Nagabandham Augmented,8.295478335426218
Kathanakuthala,258,51.6,frame_000259.jpg,STRONG,Nagabandham Augmented,8.29394357418588
Kathanakuthala,259,51.8,frame_000260.jpg,STRONG,Nagabandham Augmented,8.2899318575013
Kathanakuthala,260,52.0,frame_000261.jpg,REVIEW,Nagabandham Augmented,8.282952991972264
Kathanakuthala,261,52.2,frame_000262.jpg,REVIEW,Nagabandham Augmented,8.305111556983483
Kathanakuthala,262,52.4,frame_000263.jpg,STRONG,Nagabandham Augmented,8.300296889164304
Kathanakuthala,263,52.6,frame_000264.jpg,REVIEW,Nagabandham Augmented,8.300638878008868
Kathanakuthala,264,52.8,frame_000265.jpg,STRONG,Nagabandham Augmented,7.284507337643671
Kathanakuthala,265,53.0,frame_000266.jpg,STRONG,Nagabandham Augmented,8.290591429739079
Kathanakuthala,266,53.2,frame_000267.jpg,STRONG,Samapadam Augmented,8.301616797948371
Kathanakuthala,268,53.6,frame_000269.jpg,STRONG,Nagabandham Augmented,8.302818140968332
Kathanakuthala,269,53.8,frame_000270.jpg,STRONG,Samapadam Augmented,8.28720589663689
Kathanakuthala,271,54.2,frame_000272.jpg,STRONG,Swastika Augmented,8.263117786925898
Kathanakuthala,272,54.4,frame_000273.jpg,STRONG,Swastika Augmented,8.276560086120515
Kathanakuthala,273,54.6,frame_000274.jpg,STRONG,Swastika Augmented,8.271587789641577
Kathanakuthala,274,54.8,frame_000275.jpg,REVIEW,Nagabandham Augmented,8.292657557097801
Kathanakuthala,275,55.0,frame_000276.jpg,REVIEW,Nagabandham Augmented,8.302086791818454
Kathanakuthala,276,55.2,frame_000277.jpg,STRONG,Nataraj Augmented,7.266516633108086
Kathanakuthala,277,55.4,frame_000278.jpg,STRONG,Samapadam Augmented,8.30150427177378
Kathanakuthala,278,55.6,frame_000279.jpg,STRONG,Swastika Augmented,8.277013325235142
Kathanakuthala,279,55.8,frame_000280.jpg,STRONG,Swastika Augmented,8.271883579303838
Kathanakuthala,280,56.0,frame_000281.jpg,STRONG,Samapadam Augmented,8.303808761898617
Kathanakuthala,281,56.2,frame_000282.jpg,REVIEW,Nagabandham Augmented,8.303790001421483
Kathanakuthala,283,56.6,frame_000284.jpg,STRONG,Nagabandham Augmented,8.301861220227376
Kathanakuthala,284,56.8,frame_000285.jpg,STRONG,Samapadam Augmented,8.297820745923822
Kathanakuthala,285,57.0,frame_000286.jpg,STRONG,Nagabandham Augmented,8.296564530597706
Kathanakuthala,286,57.2,frame_000287.jpg,STRONG,Nagabandham Augmented,8.293726152774227
Kathanakuthala,287,57.4,frame_000288.jpg,STRONG,Nagabandham Augmented,8.30093425190346
Kathanakuthala,288,57.6,frame_000289.jpg,STRONG,Nataraj Augmented,8.289666393063461
Kathanakuthala,289,57.8,frame_000290.jpg,STRONG,Samapadam Augmented,8.293509754691698
Kathanakuthala,290,58.0,frame_000291.jpg,STRONG,Nagabandham Augmented,8.295462444698508
Kathanakuthala,291,58.2,frame_000292.jpg,STRONG,Nagabandham Augmented,8.307337502687645
Kathanakuthala,292,58.4,frame_000293.jpg,STRONG,Nagabandham Augmented,8.305942825818374
Kathanakuthala,293,58.6,frame_000294.jpg,STRONG,Nagabandham Augmented,8.309304219394797
Kathanakuthala,294,58.8,frame_000295.jpg,STRONG,Nagabandham Augmented,8.305318190519042
Kathanakuthala,295,59.0,frame_000296.jpg,STRONG,Samapadam Augmented,8.30406174338452
Kathanakuthala,296,59.2,frame_000297.jpg,REVIEW,Samapadam Augmented,8.300146899496335
Kathanakuthala,297,59.4,frame_000298.jpg,REVIEW,Bramha Augmented,8.279133220477608
Kathanakuthala,298,59.6,frame_000299.jpg,REVIEW,Samapadam Augmented,8.292950610365528
Kathanakuthala,299,59.8,frame_000300.jpg,STRONG,Samapadam Augmented,8.301012096786529
Kathanakuthala,300,60.0,frame_000301.jpg,STRONG,Samapadam Augmented,8.30398085684875
Kathanakuthala,301,60.2,frame_000302.jpg,STRONG,Nagabandham Augmented,8.296912953678069
Kathanakuthala,303,60.6,frame_000304.jpg,REVIEW,Nagabandham Augmented,8.30254405270086
Kathanakuthala,304,60.8,frame_000305.jpg,REVIEW,Nagabandham Augmented,8.29876124417269
Kathanakuthala,305,61.0,frame_000306.jpg,STRONG,Nagabandham Augmented,8.305568855134148
Kathanakuthala,306,61.2,frame_000307.jpg,STRONG,Nataraj Augmented,8.281239329478655
Kathanakuthala,307,61.4,frame_000308.jpg,STRONG,Muzhumandi Augmented,8.29748305663935
Kathanakuthala,308,61.6,frame_000309.jpg,REVIEW,Garuda Augmented,7.288037039576184
Kathanakuthala,309,61.8,frame_000310.jpg,REVIEW,Garuda Augmented,8.294254410511451
Kathanakuthala,310,62.0,frame_000311.jpg,STRONG,Garuda Augmented,8.280273763996309
Kathanakuthala,311,62.2,frame_000312.jpg,STRONG,Garuda Augmented,8.287515183700084
Kathanakuthala,312,62.4,frame_000313.jpg,STRONG,Garuda Augmented,8.292164571705428
Kathanakuthala,313,62.6,frame_000314.jpg,STRONG,Garuda Augmented,8.295335524359507
Kathanakuthala,314,62.8,frame_000315.jpg,STRONG,Garuda Augmented,8.297700718888365
Kathanakuthala,315,63.0,frame_000316.jpg,STRONG,Garuda Augmented,8.29163047893262
Kathanakuthala,319,63.8,frame_000320.jpg,STRONG,Garuda Augmented,8.297235081033255
Kathanakuthala,320,64.0,frame_000321.jpg,STRONG,Garuda Augmented,8.294904613009152
Kathanakuthala,321,64.2,frame_000322.jpg,STRONG,Garuda Augmented,8.297847468165115
Kathanakuthala,322,64.4,frame_000323.jpg,STRONG,Garuda Augmented,8.286300795206323
Kathanakuthala,323,64.6,frame_000324.jpg,STRONG,Garuda Augmented,8.2982799023158
Kathanakuthala,324,64.8,frame_000325.jpg,STRONG,Garuda Augmented,8.290293902743187
Kathanakuthala,325,65.0,frame_000326.jpg,STRONG,Swastika Augmented,8.281166158334791
Kathanakuthala,326,65.2,frame_000327.jpg,STRONG,Nataraj Augmented,8.292608108798285
Kathanakuthala,327,65.4,frame_000328.jpg,STRONG,Nataraj Augmented,8.298952256225608
Kathanakuthala,328,65.6,frame_000329.jpg,STRONG,Nataraj Augmented,8.304657526148274
Kathanakuthala,332,66.4,frame_000333.jpg,STRONG,Nataraj Augmented,8.299983805884837
Kathanakuthala,333,66.6,frame_000334.jpg,STRONG,Nataraj Augmented,8.299879219473636
Kathanakuthala,334,66.8,frame_000335.jpg,STRONG,Nagabandham Augmented,8.297141824758583
Kathanakuthala,335,67.0,frame_000336.jpg,STRONG,Nagabandham Augmented,8.303341047191681
Kathanakuthala,336,67.2,frame_000337.jpg,STRONG,Samapadam Augmented,8.292360463926666
Kathanakuthala,337,67.4,frame_000338.jpg,STRONG,Nagabandham Augmented,8.28826346904533
Kathanakuthala,338,67.6,frame_000339.jpg,STRONG,Nagabandham Augmented,8.29111835515342
Kathanakuthala,339,67.8,frame_000340.jpg,STRONG,Nagabandham Augmented,8.300816443885777
Kathanakuthala,340,68.0,frame_000341.jpg,STRONG,Nagabandham Augmented,8.303846431139227
Kathanakuthala,341,68.2,frame_000342.jpg,STRONG,Nataraj Augmented,8.299872056202211
Kathanakuthala,342,68.4,frame_000343.jpg,STRONG,Nagabandham Augmented,8.301527843051813
Kathanakuthala,343,68.6,frame_000344.jpg,STRONG,Nagabandham Augmented,8.299247223260757
Kathanakuthala,344,68.8,frame_000345.jpg,STRONG,Nataraj Augmented,8.299864342765582
Kathanakuthala,345,69.0,frame_000346.jpg,STRONG,Nataraj Augmented,8.300350915048872
Kathanakuthala,346,69.2,frame_000347.jpg,STRONG,Samapadam Augmented,8.303454150825745
Kathanakuthala,347,69.4,frame_000348.jpg,STRONG,Samapadam Augmented,8.305956129805226
Kathanakuthala,348,69.6,frame_000349.jpg,STRONG,Samapadam Augmented,8.30125631503084
Kathanakuthala,349,69.8,frame_000350.jpg,STRONG,Samapadam Augmented,8.296012052778018
Kathanakuthala,350,70.0,frame_000351.jpg,STRONG,Nataraj Augmented,8.267243376999168
Kathanakuthala,351,70.2,frame_000352.jpg,STRONG,Nagabandham Augmented,7.290796569089787
Kathanakuthala,352,70.4,frame_000353.jpg,STRONG,Samapadam Augmented,8.283279980689034
Kathanakuthala,353,70.6,frame_000354.jpg,STRONG,Garuda Augmented,8.286373749488702
Kathanakuthala,354,70.8,frame_000355.jpg,STRONG,Garuda Augmented,8.297247937453543
Kathanakuthala,355,71.0,frame_000356.jpg,STRONG,Garuda Augmented,8.296585962941222
Kathanakuthala,356,71.2,frame_000357.jpg,STRONG,Samapadam Augmented,8.302293465439954
Kathanakuthala,357,71.4,frame_000358.jpg,STRONG,Garuda Augmented,8.292192022496216
Kathanakuthala,358,71.6,frame_000359.jpg,STRONG,Garuda Augmented,8.296046544279674
Kathanakuthala,359,71.8,frame_000360.jpg,STRONG,Muzhumandi Augmented,8.30236848499583
Kathanakuthala,360,72.0,frame_000361.jpg,STRONG,Nagabandham Augmented,8.30410041476357
Kathanakuthala,361,72.2,frame_000362.jpg,REVIEW,Nataraj Augmented,8.284934928147443
Kathanakuthala,362,72.4,frame_000363.jpg,STRONG,Ardhamandalam Augmented,8.297413978697158
Kathanakuthala,363,72.6,frame_000364.jpg,STRONG,Ardhamandalam Augmented,8.288642778311424
Kathanakuthala,364,72.8,frame_000365.jpg,REVIEW,Ardhamandalam Augmented,8.296839025338777
Kathanakuthala,365,73.0,frame_000366.jpg,STRONG,Nataraj Augmented,8.269392164868668
Kathanakuthala,366,73.2,frame_000367.jpg,STRONG,Nagabandham Augmented,8.296222895839628
Kathanakuthala,367,73.4,frame_000368.jpg,STRONG,Nataraj Augmented,8.296828412793635
Kathanakuthala,368,73.6,frame_000369.jpg,STRONG,Samapadam Augmented,8.306321848798497
Kathanakuthala,369,73.8,frame_000370.jpg,STRONG,Nagabandham Augmented,8.295975079343394
Kathanakuthala,370,74.0,frame_000371.jpg,STRONG,Samapadam Augmented,8.299734241380333
Kathanakuthala,371,74.2,frame_000372.jpg,STRONG,Samapadam Augmented,8.301278488510562
Kathanakuthala,372,74.4,frame_000373.jpg,STRONG,Samapadam Augmented,8.3011752652386
Kathanakuthala,373,74.6,frame_000374.jpg,STRONG,Nataraj Augmented,8.293031148974707
Kathanakuthala,374,74.8,frame_000375.jpg,STRONG,Nagabandham Augmented,8.301810470991395
Kathanakuthala,375,75.0,frame_000376.jpg,REVIEW,Samapadam Augmented,8.300694638789683
Kathanakuthala,376,75.2,frame_000377.jpg,STRONG,Samapadam Augmented,8.30363953115465
Kathanakuthala,377,75.4,frame_000378.jpg,STRONG,Nagabandham Augmented,8.302829089602179
Kathanakuthala,378,75.6,frame_000379.jpg,STRONG,Nagabandham Augmented,8.303404401696929
Kathanakuthala,379,75.8,frame_000380.jpg,STRONG,Samapadam Augmented,8.299579256471558
Kathanakuthala,380,76.0,frame_000381.jpg,STRONG,Samapadam Augmented,8.298679957230974
Kathanakuthala,381,76.2,frame_000382.jpg,STRONG,Nagabandham Augmented,8.30079405787635
Kathanakuthala,382,76.4,frame_000383.jpg,STRONG,Nagabandham Augmented,8.295382678120658
Kathanakuthala,383,76.6,frame_000384.jpg,STRONG,Nagabandham Augmented,8.304320267451674
Kathanakuthala,384,76.8,frame_000385.jpg,STRONG,Nagabandham Augmented,8.30284874440351
Kathanakuthala,385,77.0,frame_000386.jpg,STRONG,Nagabandham Augmented,8.301835310636603
Kathanakuthala,386,77.2,frame_000387.jpg,STRONG,Nagabandham Augmented,8.303163068486258
Kathanakuthala,387,77.4,frame_000388.jpg,STRONG,Nagabandham Augmented,8.305455444381591
Kathanakuthala,388,77.6,frame_000389.jpg,STRONG,Nagabandham Augmented,8.302986614116081
Kathanakuthala,389,77.8,frame_000390.jpg,STRONG,Nagabandham Augmented,8.30262498162319
Kathanakuthala,390,78.0,frame_000391.jpg,STRONG,Nagabandham Augmented,8.303283506397577
Kathanakuthala,391,78.2,frame_000392.jpg,STRONG,Nagabandham Augmented,8.303016787089666
Kathanakuthala,392,78.4,frame_000393.jpg,STRONG,Nagabandham Augmented,8.302617971458211
Kathanakuthala,393,78.6,frame_000394.jpg,STRONG,Nagabandham Augmented,8.3018321729267
Kathanakuthala,394,78.8,frame_000395.jpg,STRONG,Nagabandham Augmented,8.301305965204058
Kathanakuthala,395,79.0,frame_000396.jpg,STRONG,Nagabandham Augmented,8.302424306929485
Kathanakuthala,396,79.2,frame_000397.jpg,STRONG,Nagabandham Augmented,8.302629332871305
Kathanakuthala,397,79.4,frame_000398.jpg,STRONG,Nagabandham Augmented,8.301251906899324
Kathanakuthala,398,79.6,frame_000399.jpg,STRONG,Nagabandham Augmented,8.30130162048584
Kathanakuthala,399,79.8,frame_000400.jpg,STRONG,Nagabandham Augmented,8.300184196464944
Kathanakuthala,400,80.0,frame_000401.jpg,STRONG,Nagabandham Augmented,8.302600819767026
Kathanakuthala,401,80.2,frame_000402.jpg,STRONG,Nagabandham Augmented,8.298187164478037
Kathanakuthala,402,80.4,frame_000403.jpg,STRONG,Nagabandham Augmented,8.29936159586252
Kathanakuthala,403,80.6,frame_000404.jpg,STRONG,Nagabandham Augmented,8.301562692955535
Kathanakuthala,404,80.8,frame_000405.jpg,STRONG,Nagabandham Augmented,8.301020177582108
Kathanakuthala,405,81.0,frame_000406.jpg,STRONG,Nagabandham Augmented,8.300661386915984
Kathanakuthala,406,81.2,frame_000407.jpg,STRONG,Nagabandham Augmented,8.300140436171189
Kathanakuthala,407,81.4,frame_000408.jpg,STRONG,Nagabandham Augmented,8.302383490617935
Kathanakuthala,408,81.6,frame_000409.jpg,STRONG,Nagabandham Augmented,8.302540110382456
Kathanakuthala,409,81.8,frame_000410.jpg,STRONG,Nagabandham Augmented,8.300757468641596
Kathanakuthala,410,82.0,frame_000411.jpg,STRONG,Nagabandham Augmented,8.299765831460997
Kathanakuthala,411,82.2,frame_000412.jpg,STRONG,Nagabandham Augmented,8.301673417750896
Kathanakuthala,412,82.4,frame_000413.jpg,STRONG,Nagabandham Augmented,8.302536357660816
Kathanakuthala,413,82.6,frame_000414.jpg,STRONG,Nagabandham Augmented,8.304197571812923
Kathanakuthala,414,82.8,frame_000415.jpg,STRONG,Nagabandham Augmented,8.303416238228811
Kathanakuthala,415,83.0,frame_000416.jpg,STRONG,Nagabandham Augmented,8.302885307036142
Kathanakuthala,416,83.2,frame_000417.jpg,STRONG,Nagabandham Augmented,8.303901792873889
Kathanakuthala,417,83.4,frame_000418.jpg,STRONG,Nagabandham Augmented,8.299126192808094
Kathanakuthala,418,83.6,frame_000419.jpg,REVIEW,Nagabandham Augmented,8.304652290913701
Kathanakuthala,419,83.8,frame_000420.jpg,STRONG,Nagabandham Augmented,8.298423785614157
Kathanakuthala,420,84.0,frame_000421.jpg,REVIEW,Nagabandham Augmented,8.301040667341828
Kathanakuthala,421,84.2,frame_000422.jpg,REVIEW,Nagabandham Augmented,8.296285566791227
Kathanakuthala,457,91.4,frame_000458.jpg,STRONG,Nataraj Augmented,8.282722635679532
Kathanakuthala,458,91.6,frame_000459.jpg,REVIEW,Garuda Augmented,8.28751461629533
Kathanakuthala,459,91.8,frame_000460.jpg,STRONG,Garuda Augmented,8.289053445821688
Kathanakuthala,460,92.0,frame_000461.jpg,STRONG,Garuda Augmented,8.28516611588257
Kathanakuthala,461,92.2,frame_000462.jpg,STRONG,Garuda Augmented,8.287067233599155
Kathanakuthala,463,92.6,frame_000464.jpg,STRONG,Garuda Augmented,8.282409027380742
Kathanakuthala,464,92.8,frame_000465.jpg,STRONG,Garuda Augmented,8.288259816393639
Kathanakuthala,465,93.0,frame_000466.jpg,STRONG,Garuda Augmented,8.282173580290593
Kathanakuthala,466,93.2,frame_000467.jpg,STRONG,Garuda Augmented,8.27659614404813
Kathanakuthala,467,93.4,frame_000468.jpg,STRONG,Garuda Augmented,8.27613363101007
Kathanakuthala,468,93.6,frame_000469.jpg,STRONG,Garuda Augmented,8.273626272477376
Kathanakuthala,469,93.8,frame_000470.jpg,STRONG,Garuda Augmented,8.270492235407358
Kathanakuthala,470,94.0,frame_000471.jpg,STRONG,Garuda Augmented,8.277261561165435
Kathanakuthala,471,94.2,frame_000472.jpg,STRONG,Garuda Augmented,8.271270580691818
Kathanakuthala,474,94.8,frame_000475.jpg,REVIEW,Garuda Augmented,8.283366505561293
Kathanakuthala,481,96.2,frame_000482.jpg,STRONG,Nataraj Augmented,8.275274754611088
Kathanakuthala,482,96.4,frame_000483.jpg,STRONG,Garuda Augmented,8.273042561552877
Kathanakuthala,483,96.6,frame_000484.jpg,STRONG,Garuda Augmented,8.275577556934445
Kathanakuthala,484,96.8,frame_000485.jpg,STRONG,Nataraj Augmented,8.27916353927214
Kathanakuthala,485,97.0,frame_000486.jpg,STRONG,Nataraj Augmented,8.276902961781603
Kathanakuthala,486,97.2,frame_000487.jpg,STRONG,Garuda Augmented,7.272000759667205
Kathanakuthala,487,97.4,frame_000488.jpg,STRONG,Nataraj Augmented,8.281634000526104
Kathanakuthala,488,97.6,frame_000489.jpg,STRONG,Nataraj Augmented,8.275083683870474
Kathanakuthala,489,97.8,frame_000490.jpg,STRONG,Nataraj Augmented,8.278807749036643
Kathanakuthala,491,98.2,frame_000492.jpg,STRONG,Garuda Augmented,8.26898094582151
Kathanakuthala,494,98.8,frame_000495.jpg,STRONG,Nataraj Augmented,8.280275662852459
Kathanakuthala,495,99.0,frame_000496.jpg,REVIEW,Garuda Augmented,8.273892832050786
Kathanakuthala,496,99.2,frame_000497.jpg,REVIEW,Garuda Augmented,8.284921636769358
Kathanakuthala,497,99.4,frame_000498.jpg,REVIEW,Garuda Augmented,7.273280522075612
Kathanakuthala,498,99.6,frame_000499.jpg,STRONG,Garuda Augmented,8.260050575690197
Kathanakuthala,499,99.8,frame_000500.jpg,STRONG,Garuda Augmented,7.284342529650164
Kathanakuthala,500,100.0,frame_000501.jpg,REVIEW,Garuda Augmented,8.29971976924097
Kathanakuthala,502,100.4,frame_000503.jpg,STRONG,Nagabandham Augmented,8.295096978312952
Kathanakuthala,503,100.6,frame_000504.jpg,STRONG,Nagabandham Augmented,7.2965089327749375
Kathanakuthala,504,100.8,frame_000505.jpg,STRONG,Samapadam Augmented,8.301678931670573
Kathanakuthala,505,101.0,frame_000506.jpg,STRONG,Samapadam Augmented,8.289760625771102
Kathanakuthala,508,101.6,frame_000509.jpg,REVIEW,Muzhumandi Augmented,8.292173737499237
Kathanakuthala,509,101.8,frame_000510.jpg,STRONG,Muzhumandi Augmented,8.279950516631732
Kathanakuthala,510,102.0,frame_000511.jpg,STRONG,Garuda Augmented,8.287121697400014
Kathanakuthala,516,103.2,frame_000517.jpg,REVIEW,Ardhamandalam Augmented,8.296351333860716
Kathanakuthala,517,103.4,frame_000518.jpg,REVIEW,Ardhamandalam Augmented,8.29647759406761
Kathanakuthala,518,103.6,frame_000519.jpg,REVIEW,Muzhumandi Augmented,8.278752504327102
Kathanakuthala,521,104.2,frame_000522.jpg,REVIEW,Ardhamandalam Augmented,8.296115313993406
Kathanakuthala,522,104.4,frame_000523.jpg,REVIEW,Ardhamandalam Augmented,8.295189713459918
Kathanakuthala,523,104.6,frame_000524.jpg,REVIEW,Nagabandham Augmented,8.30320508811687
Kathanakuthala,524,104.8,frame_000525.jpg,STRONG,Nataraj Augmented,8.268614171505407
Kathanakuthala,525,105.0,frame_000526.jpg,STRONG,Bramha Augmented,8.296757348104368
Kathanakuthala,526,105.2,frame_000527.jpg,STRONG,Samapadam Augmented,8.305399048472372
Kathanakuthala,527,105.4,frame_000528.jpg,STRONG,Nataraj Augmented,8.285989787515954
Kathanakuthala,528,105.6,frame_000529.jpg,STRONG,Muzhumandi Augmented,8.292892528322053
Kathanakuthala,529,105.8,frame_000530.jpg,STRONG,Samapadam Augmented,8.288443040569552
Kathanakuthala,530,106.0,frame_000531.jpg,STRONG,Garuda Augmented,8.292018381547015
Kathanakuthala,532,106.4,frame_000533.jpg,STRONG,Nataraj Augmented,8.27988504718834
Kathanakuthala,533,106.6,frame_000534.jpg,STRONG,Samapadam Augmented,8.298603315898019
Kathanakuthala,534,106.8,frame_000535.jpg,STRONG,Nagabandham Augmented,8.291928112512693
Kathanakuthala,535,107.0,frame_000536.jpg,STRONG,Muzhumandi Augmented,8.299924851562759
Kathanakuthala,536,107.2,frame_000537.jpg,STRONG,Garuda Augmented,8.282191443669454
Kathanakuthala,537,107.4,frame_000538.jpg,STRONG,Muzhumandi Augmented,8.293729283654178
Kathanakuthala,538,107.6,frame_000539.jpg,STRONG,Nagabandham Augmented,8.30426180357339
Kathanakuthala,539,107.8,frame_000540.jpg,STRONG,Samapadam Augmented,8.288919353846696
Kathanakuthala,540,108.0,frame_000541.jpg,STRONG,Garuda Augmented,8.29512488029183
Kathanakuthala,541,108.2,frame_000542.jpg,STRONG,Garuda Augmented,8.287173588485912
Kathanakuthala,542,108.4,frame_000543.jpg,REVIEW,Garuda Augmented,7.284294459507448
Kathanakuthala,543,108.6,frame_000544.jpg,STRONG,Garuda Augmented,8.27916021917504
Kathanakuthala,544,108.8,frame_000545.jpg,STRONG,Samapadam Augmented,8.300386027833815
Kathanakuthala,545,109.0,frame_000546.jpg,STRONG,Samapadam Augmented,8.304628289278993
Kathanakuthala,546,109.2,frame_000547.jpg,STRONG,Nagabandham Augmented,8.300190611535891
Kathanakuthala,547,109.4,frame_000548.jpg,STRONG,Nagabandham Augmented,8.298377147464231
Kathanakuthala,548,109.6,frame_000549.jpg,STRONG,Nataraj Augmented,8.286217919458036
Kathanakuthala,549,109.8,frame_000550.jpg,STRONG,Nataraj Augmented,8.286202502776312
Kathanakuthala,550,110.0,frame_000551.jpg,STRONG,Nataraj Augmented,8.279667667434015
Kathanakuthala,551,110.2,frame_000552.jpg,STRONG,Nataraj Augmented,8.290502736332463
Kathanakuthala,552,110.4,frame_000553.jpg,STRONG,Nataraj Augmented,8.287189656089739
Kathanakuthala,553,110.6,frame_000554.jpg,STRONG,Nataraj Augmented,8.294684124106427
Kathanakuthala,554,110.8,frame_000555.jpg,STRONG,Nataraj Augmented,8.284869880130397
Kathanakuthala,555,111.0,frame_000556.jpg,STRONG,Nataraj Augmented,8.286888628232004
Kathanakuthala,556,111.2,frame_000557.jpg,STRONG,Nataraj Augmented,8.300292799949451
Kathanakuthala,557,111.4,frame_000558.jpg,STRONG,Nataraj Augmented,8.297288427464707
Kathanakuthala,558,111.6,frame_000559.jpg,STRONG,Nataraj Augmented,8.281064750669207
Kathanakuthala,559,111.8,frame_000560.jpg,STRONG,Muzhumandi Augmented,7.288924307357475
Kathanakuthala,560,112.0,frame_000561.jpg,STRONG,Muzhumandi Augmented,8.28064089078348
Kathanakuthala,562,112.4,frame_000563.jpg,STRONG,Garuda Augmented,7.2838696821259825
Kathanakuthala,564,112.8,frame_000565.jpg,STRONG,Muzhumandi Augmented,8.285847860900585
Kathanakuthala,566,113.2,frame_000567.jpg,STRONG,Garuda Augmented,8.298571200014736
Kathanakuthala,567,113.4,frame_000568.jpg,STRONG,Garuda Augmented,8.297155484191212
Kathanakuthala,568,113.6,frame_000569.jpg,STRONG,Swastika Augmented,8.270466114513656
Kathanakuthala,569,113.8,frame_000570.jpg,STRONG,Garuda Augmented,8.28393583611108
Kathanakuthala,570,114.0,frame_000571.jpg,STRONG,Nagabandham Augmented,8.297372965547346
Kathanakuthala,571,114.2,frame_000572.jpg,REVIEW,Nagabandham Augmented,8.29843787478737
Kathanakuthala,572,114.4,frame_000573.jpg,STRONG,Nagabandham Augmented,8.300692969936733
Kathanakuthala,573,114.6,frame_000574.jpg,STRONG,Samapadam Augmented,8.293682138599957
Kathanakuthala,574,114.8,frame_000575.jpg,STRONG,Nagabandham Augmented,8.295582368478605
Kathanakuthala,575,115.0,frame_000576.jpg,STRONG,Samapadam Augmented,8.293034695272253
Kathanakuthala,576,115.2,frame_000577.jpg,REVIEW,Samapadam Augmented,8.300429519847306
Kathanakuthala,577,115.4,frame_000578.jpg,STRONG,Nagabandham Augmented,8.286136875687319
Kathanakuthala,578,115.6,frame_000579.jpg,STRONG,Samapadam Augmented,8.300321128951996
Kathanakuthala,579,115.8,frame_000580.jpg,STRONG,Nagabandham Augmented,8.290061483891153
Kathanakuthala,581,116.2,frame_000582.jpg,REVIEW,Samapadam Augmented,8.292780559840237
Kathanakuthala,583,116.6,frame_000584.jpg,REVIEW,Samapadam Augmented,8.290143554557185
Kathanakuthala,584,116.8,frame_000585.jpg,REVIEW,Samapadam Augmented,8.288456101702815
Kathanakuthala,585,117.0,frame_000586.jpg,REVIEW,Samapadam Augmented,8.290256988389228
Kathanakuthala,586,117.2,frame_000587.jpg,REVIEW,Samapadam Augmented,8.289698921453844
Kathanakuthala,587,117.4,frame_000588.jpg,STRONG,Samapadam Augmented,8.305859878416692
Kathanakuthala,588,117.6,frame_000589.jpg,STRONG,Garuda Augmented,8.274410932411271
Kathanakuthala,589,117.8,frame_000590.jpg,STRONG,Garuda Augmented,8.241097232239513
Kathanakuthala,590,118.0,frame_000591.jpg,STRONG,Nataraj Augmented,8.28252419965888
Kathanakuthala,591,118.2,frame_000592.jpg,STRONG,Swastika Augmented,8.279063036745038
Kathanakuthala,592,118.4,frame_000593.jpg,STRONG,Nataraj Augmented,8.265350177931914
Kathanakuthala,593,118.6,frame_000594.jpg,STRONG,Nataraj Augmented,8.290866413581842
Kathanakuthala,594,118.8,frame_000595.jpg,STRONG,Garuda Augmented,8.298471805021652
Kathanakuthala,595,119.0,frame_000596.jpg,STRONG,Garuda Augmented,8.295610312700772
Kathanakuthala,596,119.2,frame_000597.jpg,STRONG,Swastika Augmented,8.288655868673471
Kathanakuthala,597,119.4,frame_000598.jpg,STRONG,Swastika Augmented,8.272191039708645
Kathanakuthala,598,119.6,frame_000599.jpg,STRONG,Garuda Augmented,8.288988759509486
Kathanakuthala,599,119.8,frame_000600.jpg,REVIEW,Garuda Augmented,8.292703056232087
Kathanakuthala,600,120.0,frame_000601.jpg,REVIEW,Garuda Augmented,8.293766363062955
Kathanakuthala,601,120.2,frame_000602.jpg,REVIEW,Garuda Augmented,8.293315717009564
Kathanakuthala,602,120.4,frame_000603.jpg,REVIEW,Garuda Augmented,8.291917962754255
Kathanakuthala,603,120.6,frame_000604.jpg,REVIEW,Garuda Augmented,8.29156582905891
Kathanakuthala,606,121.2,frame_000607.jpg,REVIEW,Nagabandham Augmented,8.30826967820663
Kathanakuthala,607,121.4,frame_000608.jpg,REVIEW,Nagabandham Augmented,8.306183945202346
Kathanakuthala,609,121.8,frame_000610.jpg,STRONG,Garuda Augmented,8.279586922895124
Kathanakuthala,610,122.0,frame_000611.jpg,STRONG,Garuda Augmented,8.283716789922732
Kathanakuthala,611,122.2,frame_000612.jpg,REVIEW,Nataraj Augmented,7.2671763942153635
Kathanakuthala,612,122.4,frame_000613.jpg,STRONG,Samapadam Augmented,8.285527028487737
Kathanakuthala,613,122.6,frame_000614.jpg,STRONG,Garuda Augmented,8.288947671568367
Kathanakuthala,614,122.8,frame_000615.jpg,STRONG,Nagabandham Augmented,8.308198099129106
Kathanakuthala,617,123.4,frame_000618.jpg,REVIEW,Nagabandham Augmented,8.303243790078865
Kathanakuthala,619,123.8,frame_000620.jpg,STRONG,Samapadam Augmented,8.307640446417482
Kathanakuthala,620,124.0,frame_000621.jpg,REVIEW,Samapadam Augmented,8.304232962263026
Kathanakuthala,621,124.2,frame_000622.jpg,REVIEW,Muzhumandi Augmented,7.253703300555247
Kathanakuthala,622,124.4,frame_000623.jpg,STRONG,Garuda Augmented,8.296421267870796
Kathanakuthala,623,124.6,frame_000624.jpg,STRONG,Garuda Augmented,8.294051997219693
Kathanakuthala,624,124.8,frame_000625.jpg,STRONG,Garuda Augmented,8.284772183745
Kathanakuthala,625,125.0,frame_000626.jpg,STRONG,Garuda Augmented,8.286338736745583
Kathanakuthala,626,125.2,frame_000627.jpg,STRONG,Garuda Augmented,8.288396250047736
Kathanakuthala,627,125.4,frame_000628.jpg,STRONG,Garuda Augmented,8.29132281913532
Kathanakuthala,628,125.6,frame_000629.jpg,REVIEW,Muzhumandi Augmented,8.300117979754269
Kathanakuthala,629,125.8,frame_000630.jpg,STRONG,Ardhamandalam Augmented,8.302427857691697
Kathanakuthala,630,126.0,frame_000631.jpg,STRONG,Nagabandham Augmented,8.303405998266424
Kathanakuthala,631,126.2,frame_000632.jpg,REVIEW,Nagabandham Augmented,8.303001458725117
Kathanakuthala,632,126.4,frame_000633.jpg,STRONG,Nagabandham Augmented,8.305170966362017
Kathanakuthala,633,126.6,frame_000634.jpg,STRONG,Garuda Augmented,7.291408872382384
Kathanakuthala,634,126.8,frame_000635.jpg,STRONG,Samapadam Augmented,8.291520462408172
Kathanakuthala,635,127.0,frame_000636.jpg,STRONG,Samapadam Augmented,8.299501604051736
Kathanakuthala,636,127.2,frame_000637.jpg,STRONG,Muzhumandi Augmented,8.283582987238336
Kathanakuthala,637,127.4,frame_000638.jpg,STRONG,Muzhumandi Augmented,8.281193937545368
Kathanakuthala,638,127.6,frame_000639.jpg,STRONG,Samapadam Augmented,8.294321877481705
Kathanakuthala,639,127.8,frame_000640.jpg,STRONG,Samapadam Augmented,8.28853579745216
Kathanakuthala,640,128.0,frame_000641.jpg,STRONG,Bramha Augmented,8.287128840264412
Kathanakuthala,641,128.2,frame_000642.jpg,REVIEW,Samapadam Augmented,8.27293750042928
Kathanakuthala,642,128.4,frame_000643.jpg,STRONG,Nataraj Augmented,8.289541718080411
Kathanakuthala,643,128.6,frame_000644.jpg,STRONG,Garuda Augmented,8.284247403729273
Kathanakuthala,645,129.0,frame_000646.jpg,STRONG,Samapadam Augmented,8.302847611132826
Kathanakuthala,646,129.2,frame_000647.jpg,STRONG,Garuda Augmented,8.267544054385892
Kathanakuthala,647,129.4,frame_000648.jpg,STRONG,Nagabandham Augmented,8.28256146088179
Kathanakuthala,648,129.6,frame_000649.jpg,REVIEW,Samapadam Augmented,8.29206788346098
Kathanakuthala,649,129.8,frame_000650.jpg,STRONG,Samapadam Augmented,8.270040977099502
Kathanakuthala,650,130.0,frame_000651.jpg,STRONG,Nagabandham Augmented,8.298320027273213
Kathanakuthala,651,130.2,frame_000652.jpg,STRONG,Samapadam Augmented,8.286666460861737
Kathanakuthala,652,130.4,frame_000653.jpg,STRONG,Nagabandham Augmented,8.303895033157568
Kathanakuthala,653,130.6,frame_000654.jpg,STRONG,Samapadam Augmented,8.299135659501088
Kathanakuthala,654,130.8,frame_000655.jpg,STRONG,Muzhumandi Augmented,8.295219211414603
Kathanakuthala,655,131.0,frame_000656.jpg,STRONG,Samapadam Augmented,8.277088568845807
Kathanakuthala,656,131.2,frame_000657.jpg,STRONG,Nagabandham Augmented,8.303580039240362
Kathanakuthala,657,131.4,frame_000658.jpg,REVIEW,Swastika Augmented,8.290179540552941
Kathanakuthala,659,131.8,frame_000660.jpg,STRONG,Nataraj Augmented,8.283122789109289
Kathanakuthala,661,132.2,frame_000662.jpg,STRONG,Nagabandham Augmented,8.24072311727772
Kathanakuthala,662,132.4,frame_000663.jpg,STRONG,Garuda Augmented,8.275999665497036
Kathanakuthala,663,132.6,frame_000664.jpg,REVIEW,Nagabandham Augmented,8.306007799378103
Kathanakuthala,664,132.8,frame_000665.jpg,STRONG,Nagabandham Augmented,8.248716458255606
Kathanakuthala,665,133.0,frame_000666.jpg,STRONG,Samapadam Augmented,8.29036475537643
Kathanakuthala,666,133.2,frame_000667.jpg,STRONG,Samapadam Augmented,8.294821705702073
Kathanakuthala,667,133.4,frame_000668.jpg,REVIEW,Nagabandham Augmented,8.284932816041492
Kathanakuthala,668,133.6,frame_000669.jpg,STRONG,Samapadam Augmented,8.299312292639282
Kathanakuthala,669,133.8,frame_000670.jpg,STRONG,Nagabandham Augmented,8.277102485962413
Kathanakuthala,670,134.0,frame_000671.jpg,REVIEW,Garuda Augmented,8.285741083423568
Kathanakuthala,671,134.2,frame_000672.jpg,REVIEW,Nagabandham Augmented,8.288035335140481
Kathanakuthala,672,134.4,frame_000673.jpg,REVIEW,Nagabandham Augmented,8.283214509350701
Kathanakuthala,674,134.8,frame_000675.jpg,REVIEW,Nataraj Augmented,8.289124115565542
Kathanakuthala,675,135.0,frame_000676.jpg,REVIEW,Nagabandham Augmented,8.269752426716028
Kathanakuthala,676,135.2,frame_000677.jpg,STRONG,Garuda Augmented,8.257800913186108
Kathanakuthala,677,135.4,frame_000678.jpg,REVIEW,Muzhumandi Augmented,8.282646896354636
Kathanakuthala,678,135.6,frame_000679.jpg,STRONG,Swastika Augmented,8.26841100948455
Kathanakuthala,679,135.8,frame_000680.jpg,STRONG,Nataraj Augmented,7.276915055605324
Kathanakuthala,680,136.0,frame_000681.jpg,STRONG,Nataraj Augmented,8.291425735944662
Kathanakuthala,681,136.2,frame_000682.jpg,REVIEW,Samapadam Augmented,8.28862267389875
Kathanakuthala,682,136.4,frame_000683.jpg,STRONG,Nagabandham Augmented,8.288268651021598
Kathanakuthala,683,136.6,frame_000684.jpg,STRONG,Nagabandham Augmented,8.28500471263248
Kathanakuthala,684,136.8,frame_000685.jpg,STRONG,Nagabandham Augmented,8.263769084489404
Kathanakuthala,685,137.0,frame_000686.jpg,STRONG,Swastika Augmented,8.285341086906971
Kathanakuthala,686,137.2,frame_000687.jpg,STRONG,Samapadam Augmented,8.298363695844
Kathanakuthala,687,137.4,frame_000688.jpg,REVIEW,Samapadam Augmented,8.298061691852485
Kathanakuthala,688,137.6,frame_000689.jpg,STRONG,Samapadam Augmented,8.29395327485177
Kathanakuthala,689,137.8,frame_000690.jpg,STRONG,Nataraj Augmented,8.272964225825271
Kathanakuthala,690,138.0,frame_000691.jpg,STRONG,Samapadam Augmented,8.29013164719719
Kathanakuthala,691,138.2,frame_000692.jpg,STRONG,Nagabandham Augmented,8.289681305749012
Kathanakuthala,693,138.6,frame_000694.jpg,STRONG,Samapadam Augmented,8.309169780959108
Kathanakuthala,694,138.8,frame_000695.jpg,REVIEW,Samapadam Augmented,8.28075115927715
Kathanakuthala,695,139.0,frame_000696.jpg,REVIEW,Samapadam Augmented,8.281963305548135
Kathanakuthala,696,139.2,frame_000697.jpg,STRONG,Samapadam Augmented,8.294517757027831
Kathanakuthala,697,139.4,frame_000698.jpg,STRONG,Swastika Augmented,8.285767358694823
Kathanakuthala,698,139.6,frame_000699.jpg,STRONG,Bramha Augmented,8.272449194743851
Kathanakuthala,699,139.8,frame_000700.jpg,STRONG,Samapadam Augmented,8.306704205189448
Kathanakuthala,700,140.0,frame_000701.jpg,STRONG,Samapadam Augmented,8.302049746767048
Kathanakuthala,701,140.2,frame_000702.jpg,REVIEW,Samapadam Augmented,8.292000431109848
Kathanakuthala,702,140.4,frame_000703.jpg,STRONG,Samapadam Augmented,8.301777617391012
Kathanakuthala,703,140.6,frame_000704.jpg,STRONG,Samapadam Augmented,8.294606617660921
Kathanakuthala,704,140.8,frame_000705.jpg,STRONG,Muzhumandi Augmented,8.279646680746202
Kathanakuthala,705,141.0,frame_000706.jpg,STRONG,Samapadam Augmented,8.287036351210345
Kathanakuthala,706,141.2,frame_000707.jpg,STRONG,Garuda Augmented,8.2843219252516
Kathanakuthala,707,141.4,frame_000708.jpg,STRONG,Garuda Augmented,8.297186930697286
Kathanakuthala,708,141.6,frame_000709.jpg,STRONG,Garuda Augmented,8.29376759380089
Kathanakuthala,709,141.8,frame_000710.jpg,REVIEW,Nataraj Augmented,8.2872278841225
Kathanakuthala,710,142.0,frame_000711.jpg,STRONG,Garuda Augmented,8.278904807810608
Kathanakuthala,711,142.2,frame_000712.jpg,STRONG,Nataraj Augmented,8.297699407017188
Kathanakuthala,712,142.4,frame_000713.jpg,STRONG,Samapadam Augmented,8.291020548055092
Kathanakuthala,713,142.6,frame_000714.jpg,STRONG,Garuda Augmented,7.285403494160129
Kathanakuthala,714,142.8,frame_000715.jpg,STRONG,Samapadam Augmented,8.291692277677527
Kathanakuthala,715,143.0,frame_000716.jpg,STRONG,Garuda Augmented,8.289350428792172
Kathanakuthala,716,143.2,frame_000717.jpg,STRONG,Garuda Augmented,8.282499204558464
Kathanakuthala,717,143.4,frame_000718.jpg,STRONG,Nagabandham Augmented,8.29858131285408
Kathanakuthala,718,143.6,frame_000719.jpg,STRONG,Nagabandham Augmented,8.286715425271897
Kathanakuthala,719,143.8,frame_000720.jpg,STRONG,Garuda Augmented,8.26894079073945
Kathanakuthala,720,144.0,frame_000721.jpg,STRONG,Garuda Augmented,8.295023821418994
Kathanakuthala,721,144.2,frame_000722.jpg,STRONG,Garuda Augmented,8.299852460523221
Kathanakuthala,722,144.4,frame_000723.jpg,STRONG,Garuda Augmented,8.28694883724711
Kathanakuthala,723,144.6,frame_000724.jpg,STRONG,Nagabandham Augmented,8.304790240280001
Kathanakuthala,724,144.8,frame_000725.jpg,STRONG,Nagabandham Augmented,8.299706417461339
Kathanakuthala,725,145.0,frame_000726.jpg,STRONG,Nataraj Augmented,8.30193493396788
Kathanakuthala,726,145.2,frame_000727.jpg,STRONG,Nagabandham Augmented,8.297744683784952
Kathanakuthala,727,145.4,frame_000728.jpg,STRONG,Nagabandham Augmented,8.299949019427496
Kathanakuthala,728,145.6,frame_000729.jpg,STRONG,Nagabandham Augmented,8.303221362474664
Kathanakuthala,729,145.8,frame_000730.jpg,STRONG,Nagabandham Augmented,8.300722398071304
Kathanakuthala,730,146.0,frame_000731.jpg,STRONG,Nagabandham Augmented,8.300594886801289
Kathanakuthala,731,146.2,frame_000732.jpg,STRONG,Samapadam Augmented,8.29248007208043
Kathanakuthala,732,146.4,frame_000733.jpg,STRONG,Garuda Augmented,8.268366344710095
Kathanakuthala,733,146.6,frame_000734.jpg,REVIEW,Garuda Augmented,8.297227862725878
Kathanakuthala,734,146.8,frame_000735.jpg,REVIEW,Garuda Augmented,8.292068064509031
Kathanakuthala,735,147.0,frame_000736.jpg,REVIEW,Garuda Augmented,8.295811497204548
Kathanakuthala,741,148.2,frame_000742.jpg,REVIEW,Garuda Augmented,8.289874490793796
Kathanakuthala,742,148.4,frame_000743.jpg,REVIEW,Garuda Augmented,8.285710662018014
Kathanakuthala,743,148.6,frame_000744.jpg,REVIEW,Garuda Augmented,8.291663925669454
Kathanakuthala,746,149.2,frame_000747.jpg,STRONG,Garuda Augmented,7.295985629506319
Kathanakuthala,747,149.4,frame_000748.jpg,REVIEW,Garuda Augmented,8.295705346314806
Kathanakuthala,748,149.6,frame_000749.jpg,REVIEW,Garuda Augmented,8.298280769961053
Kathanakuthala,749,149.8,frame_000750.jpg,REVIEW,Garuda Augmented,8.290889902342947
Kathanakuthala,750,150.0,frame_000751.jpg,REVIEW,Garuda Augmented,8.29241270576164
Kathanakuthala,751,150.2,frame_000752.jpg,REVIEW,Garuda Augmented,8.292229545767068
Kathanakuthala,753,150.6,frame_000754.jpg,STRONG,Garuda Augmented,7.296295348805554
Kathanakuthala,755,151.0,frame_000756.jpg,REVIEW,Garuda Augmented,8.292029189623698
Kathanakuthala,756,151.2,frame_000757.jpg,REVIEW,Garuda Augmented,8.29082893372606
Kathanakuthala,757,151.4,frame_000758.jpg,STRONG,Garuda Augmented,8.290473783305282
Kathanakuthala,758,151.6,frame_000759.jpg,REVIEW,Garuda Augmented,8.296311953861089
Kathanakuthala,759,151.8,frame_000760.jpg,REVIEW,Garuda Augmented,8.295545424354296
Kathanakuthala,760,152.0,frame_000761.jpg,STRONG,Garuda Augmented,7.297828087945231
Kathanakuthala,761,152.2,frame_000762.jpg,REVIEW,Garuda Augmented,8.298448647763477
Kathanakuthala,762,152.4,frame_000763.jpg,REVIEW,Garuda Augmented,8.295090750402618
Kathanakuthala,763,152.6,frame_000764.jpg,STRONG,Muzhumandi Augmented,8.297160203597972
Kathanakuthala,764,152.8,frame_000765.jpg,STRONG,Ardhamandalam Augmented,8.295807166358408
Kathanakuthala,765,153.0,frame_000766.jpg,STRONG,Nagabandham Augmented,8.295225832756323
Kathanakuthala,766,153.2,frame_000767.jpg,REVIEW,Nataraj Augmented,8.285170867390418
Kathanakuthala,767,153.4,frame_000768.jpg,REVIEW,Ardhamandalam Augmented,8.300114543958578
Kathanakuthala,768,153.6,frame_000769.jpg,REVIEW,Ardhamandalam Augmented,8.290882655032485
Kathanakuthala,771,154.2,frame_000772.jpg,REVIEW,Nagabandham Augmented,8.291044830242873
Kathanakuthala,772,154.4,frame_000773.jpg,STRONG,Nagabandham Augmented,8.304203643841994
Kathanakuthala,773,154.6,frame_000774.jpg,STRONG,Nagabandham Augmented,8.30436156659089
Kathanakuthala,774,154.8,frame_000775.jpg,STRONG,Samapadam Augmented,8.301637217747714
Kathanakuthala,775,155.0,frame_000776.jpg,STRONG,Samapadam Augmented,8.297258201373376
Kathanakuthala,776,155.2,frame_000777.jpg,STRONG,Nagabandham Augmented,8.302733255526553
Kathanakuthala,777,155.4,frame_000778.jpg,STRONG,Nagabandham Augmented,8.299836833776094
Kathanakuthala,778,155.6,frame_000779.jpg,REVIEW,Nagabandham Augmented,8.301930974710357
Kathanakuthala,779,155.8,frame_000780.jpg,REVIEW,Samapadam Augmented,8.303430274826095
Kathanakuthala,780,156.0,frame_000781.jpg,STRONG,Nagabandham Augmented,8.303341960294137
Kathanakuthala,781,156.2,frame_000782.jpg,STRONG,Nagabandham Augmented,8.301951473001376
Kathanakuthala,782,156.4,frame_000783.jpg,REVIEW,Nagabandham Augmented,8.29878683798761
Kathanakuthala,783,156.6,frame_000784.jpg,STRONG,Nagabandham Augmented,8.304817160140301
Kathanakuthala,784,156.8,frame_000785.jpg,STRONG,Samapadam Augmented,8.300155740077331
Kathanakuthala,785,157.0,frame_000786.jpg,STRONG,Samapadam Augmented,8.295701193798195
Kathanakuthala,786,157.2,frame_000787.jpg,STRONG,Nagabandham Augmented,8.300048369219574
Kathanakuthala,787,157.4,frame_000788.jpg,STRONG,Nagabandham Augmented,8.299928854540534
Kathanakuthala,788,157.6,frame_000789.jpg,STRONG,Nagabandham Augmented,8.303773037665907
Kathanakuthala,789,157.8,frame_000790.jpg,STRONG,Samapadam Augmented,8.303899552534013
Kathanakuthala,790,158.0,frame_000791.jpg,STRONG,Samapadam Augmented,8.30277629049584
Kathanakuthala,791,158.2,frame_000792.jpg,REVIEW,Nagabandham Augmented,8.301374876730357
Kathanakuthala,792,158.4,frame_000793.jpg,STRONG,Nagabandham Augmented,8.300283096276349
Kathanakuthala,793,158.6,frame_000794.jpg,STRONG,Nagabandham Augmented,8.30212309719426
Kathanakuthala,794,158.8,frame_000795.jpg,STRONG,Samapadam Augmented,8.299669326524715
Kathanakuthala,795,159.0,frame_000796.jpg,STRONG,Nataraj Augmented,8.284687068336279
Kathanakuthala,796,159.2,frame_000797.jpg,STRONG,Nagabandham Augmented,8.302193949328405
Kathanakuthala,797,159.4,frame_000798.jpg,STRONG,Nagabandham Augmented,8.300472771963538
Kathanakuthala,798,159.6,frame_000799.jpg,STRONG,Nagabandham Augmented,8.301250783268946
Kathanakuthala,799,159.8,frame_000800.jpg,STRONG,Nagabandham Augmented,8.300461093833365
Kathanakuthala,800,160.0,frame_000801.jpg,STRONG,Samapadam Augmented,8.301191041975445
Kathanakuthala,801,160.2,frame_000802.jpg,STRONG,Samapadam Augmented,8.30294457224956
Kathanakuthala,802,160.4,frame_000803.jpg,STRONG,Nagabandham Augmented,8.30244513380762
Kathanakuthala,803,160.6,frame_000804.jpg,STRONG,Nagabandham Augmented,8.302097646895014
Kathanakuthala,804,160.8,frame_000805.jpg,STRONG,Nagabandham Augmented,8.30162443520381
Kathanakuthala,805,161.0,frame_000806.jpg,STRONG,Nagabandham Augmented,8.303919018806576
Kathanakuthala,806,161.2,frame_000807.jpg,STRONG,Samapadam Augmented,8.298476237413198
Kathanakuthala,807,161.4,frame_000808.jpg,STRONG,Nagabandham Augmented,8.301194699594072
Kathanakuthala,808,161.6,frame_000809.jpg,STRONG,Nagabandham Augmented,8.301232663920107
Kathanakuthala,809,161.8,frame_000810.jpg,STRONG,Nagabandham Augmented,8.301571846388557
Kathanakuthala,810,162.0,frame_000811.jpg,STRONG,Nagabandham Augmented,8.30192872698268
Kathanakuthala,811,162.2,frame_000812.jpg,STRONG,Nagabandham Augmented,8.30099205396956
Kathanakuthala,812,162.4,frame_000813.jpg,STRONG,Nagabandham Augmented,8.303774895815279
Kathanakuthala,813,162.6,frame_000814.jpg,STRONG,Nagabandham Augmented,8.303865616744615
Kathanakuthala,814,162.8,frame_000815.jpg,STRONG,Nagabandham Augmented,8.301066882401773
Kathanakuthala,815,163.0,frame_000816.jpg,STRONG,Nagabandham Augmented,8.302463047841012
Kathanakuthala,816,163.2,frame_000817.jpg,STRONG,Nagabandham Augmented,8.303673191859664
Kathanakuthala,817,163.4,frame_000818.jpg,STRONG,Nagabandham Augmented,8.298016779042264
Kathanakuthala,818,163.6,frame_000819.jpg,STRONG,Samapadam Augmented,8.298453078711914
Kathanakuthala,819,163.8,frame_000820.jpg,STRONG,Nagabandham Augmented,8.299185409385865
Kathanakuthala,820,164.0,frame_000821.jpg,STRONG,Nagabandham Augmented,8.30273305073097
Kathanakuthala,821,164.2,frame_000822.jpg,STRONG,Nagabandham Augmented,8.304141792282689
Kathanakuthala,822,164.4,frame_000823.jpg,STRONG,Nagabandham Augmented,8.30398947559954
Kathanakuthala,823,164.6,frame_000824.jpg,STRONG,Nagabandham Augmented,8.304811113313809
Kathanakuthala,824,164.8,frame_000825.jpg,STRONG,Nagabandham Augmented,8.3037302381344
Kathanakuthala,825,165.0,frame_000826.jpg,STRONG,Nagabandham Augmented,8.303513990309558
Kathanakuthala,826,165.2,frame_000827.jpg,STRONG,Nagabandham Augmented,8.303587603212131
Kathanakuthala,827,165.4,frame_000828.jpg,STRONG,Nagabandham Augmented,8.303235078120984
Kathanakuthala,828,165.6,frame_000829.jpg,STRONG,Samapadam Augmented,8.301256231961867
Kathanakuthala,829,165.8,frame_000830.jpg,STRONG,Samapadam Augmented,8.301522589184902
Kathanakuthala,830,166.0,frame_000831.jpg,STRONG,Samapadam Augmented,8.30156206679171
Kathanakuthala,831,166.2,frame_000832.jpg,STRONG,Samapadam Augmented,8.302295443407013
Kathanakuthala,832,166.4,frame_000833.jpg,STRONG,Nagabandham Augmented,8.302911464141756
Kathanakuthala,833,166.6,frame_000834.jpg,STRONG,Nagabandham Augmented,8.303034464751793
Kathanakuthala,834,166.8,frame_000835.jpg,STRONG,Nagabandham Augmented,8.302179477476963
Kathanakuthala,835,167.0,frame_000836.jpg,STRONG,Nagabandham Augmented,8.302786760847665
Kathanakuthala,836,167.2,frame_000837.jpg,STRONG,Samapadam Augmented,8.30151143394327
Kathanakuthala,837,167.4,frame_000838.jpg,STRONG,Nagabandham Augmented,8.302625511185404
Kathanakuthala,838,167.6,frame_000839.jpg,STRONG,Samapadam Augmented,8.30220409472131
Kathanakuthala,839,167.8,frame_000840.jpg,STRONG,Nagabandham Augmented,8.303363887417511
Kathanakuthala,840,168.0,frame_000841.jpg,STRONG,Samapadam Augmented,8.300895212384594
Kathanakuthala,841,168.2,frame_000842.jpg,REVIEW,Nagabandham Augmented,8.302617295087273
Kathanakuthala,842,168.4,frame_000843.jpg,STRONG,Nagabandham Augmented,8.30289116225772
Kathanakuthala,843,168.6,frame_000844.jpg,STRONG,Samapadam Augmented,8.30107640233075
Kathanakuthala,844,168.8,frame_000845.jpg,STRONG,Nagabandham Augmented,8.303603094486359
Kathanakuthala,845,169.0,frame_000846.jpg,STRONG,Nagabandham Augmented,8.301429847010874
Kathanakuthala,846,169.2,frame_000847.jpg,STRONG,Nagabandham Augmented,8.302008762725011
Kathanakuthala,847,169.4,frame_000848.jpg,STRONG,Nagabandham Augmented,8.302308347290996
Kathanakuthala,848,169.6,frame_000849.jpg,REVIEW,Nagabandham Augmented,8.30453026940734
Kathanakuthala,849,169.8,frame_000850.jpg,STRONG,Nagabandham Augmented,8.304855547025962
Kathanakuthala,850,170.0,frame_000851.jpg,STRONG,Nagabandham Augmented,8.306196488789846
Kathanakuthala,853,170.6,frame_000854.jpg,REVIEW,Garuda Augmented,7.289860905474923
Kathanakuthala,854,170.8,frame_000855.jpg,REVIEW,Garuda Augmented,8.290022528934568
Kathanakuthala,855,171.0,frame_000856.jpg,STRONG,Garuda Augmented,7.288959130398176
Kathanakuthala,856,171.2,frame_000857.jpg,STRONG,Garuda Augmented,7.287594324782369
Kathanakuthala,857,171.4,frame_000858.jpg,STRONG,Garuda Augmented,7.28734856411636
Kathanakuthala,858,171.6,frame_000859.jpg,STRONG,Garuda Augmented,7.288092544251217
Kathanakuthala,859,171.8,frame_000860.jpg,STRONG,Garuda Augmented,8.286299309901567
Kathanakuthala,860,172.0,frame_000861.jpg,REVIEW,Garuda Augmented,7.289045330347329
Kathanakuthala,862,172.4,frame_000863.jpg,STRONG,Garuda Augmented,7.287979738674545
Kathanakuthala,863,172.6,frame_000864.jpg,STRONG,Garuda Augmented,7.288852262964631
Kathanakuthala,864,172.8,frame_000865.jpg,REVIEW,Garuda Augmented,7.289650231073937
Kathanakuthala,865,173.0,frame_000866.jpg,REVIEW,Garuda Augmented,7.288786662459627
Kathanakuthala,867,173.4,frame_000868.jpg,REVIEW,Garuda Augmented,7.290070397582604
Kathanakuthala,868,173.6,frame_000869.jpg,REVIEW,Garuda Augmented,7.288498682747313
Kathanakuthala,869,173.8,frame_000870.jpg,REVIEW,Garuda Augmented,7.288326998553113
Kathanakuthala,871,174.2,frame_000872.jpg,STRONG,Garuda Augmented,8.2834998536273
Kathanakuthala,872,174.4,frame_000873.jpg,STRONG,Samapadam Augmented,8.291538460187017
Kathanakuthala,873,174.6,frame_000874.jpg,REVIEW,Muzhumandi Augmented,8.290669773808391
Kathanakuthala,875,175.0,frame_000876.jpg,STRONG,Nagabandham Augmented,7.284502834475396
Kathanakuthala,876,175.2,frame_000877.jpg,REVIEW,Nagabandham Augmented,8.274377269695405
Kathanakuthala,878,175.6,frame_000879.jpg,STRONG,Garuda Augmented,8.286122756884756
Kathanakuthala,879,175.8,frame_000880.jpg,STRONG,Swastika Augmented,8.287377289649609
Kathanakuthala,880,176.0,frame_000881.jpg,STRONG,Garuda Augmented,7.268696541010038
Kathanakuthala,881,176.2,frame_000882.jpg,STRONG,Swastika Augmented,8.267245239207709
Kathanakuthala,882,176.4,frame_000883.jpg,STRONG,Garuda Augmented,8.279403428041483
Kathanakuthala,883,176.6,frame_000884.jpg,STRONG,Garuda Augmented,8.28275015683421
Kathanakuthala,884,176.8,frame_000885.jpg,STRONG,Garuda Augmented,8.277968913692572
Kathanakuthala,885,177.0,frame_000886.jpg,STRONG,Garuda Augmented,8.274775356960788
Kathanakuthala,886,177.2,frame_000887.jpg,REVIEW,Garuda Augmented,7.293506777790468
Kathanakuthala,887,177.4,frame_000888.jpg,STRONG,Garuda Augmented,8.256959319039797
Kathanakuthala,888,177.6,frame_000889.jpg,STRONG,Garuda Augmented,8.270033867953122
Kathanakuthala,889,177.8,frame_000890.jpg,STRONG,Garuda Augmented,8.292665554409037
Kathanakuthala,890,178.0,frame_000891.jpg,STRONG,Garuda Augmented,8.289036436603004
Kathanakuthala,891,178.2,frame_000892.jpg,STRONG,Samapadam Augmented,8.291044679272042
Kathanakuthala,892,178.4,frame_000893.jpg,STRONG,Garuda Augmented,8.277611482908071
Kathanakuthala,893,178.6,frame_000894.jpg,STRONG,Muzhumandi Augmented,8.284369559441824
Kathanakuthala,894,178.8,frame_000895.jpg,STRONG,Swastika Augmented,8.258242435100437
Kathanakuthala,895,179.0,frame_000896.jpg,STRONG,Samapadam Augmented,8.280214813394313
Kathanakuthala,896,179.2,frame_000897.jpg,STRONG,Swastika Augmented,8.289865330123442
Kathanakuthala,897,179.4,frame_000898.jpg,STRONG,Nataraj Augmented,8.284198690230875
Kathanakuthala,898,179.6,frame_000899.jpg,STRONG,Nataraj Augmented,8.282390395766488
Kathanakuthala,899,179.8,frame_000900.jpg,STRONG,Samapadam Augmented,8.295901449432082
Kathanakuthala,900,180.0,frame_000901.jpg,STRONG,Garuda Augmented,7.291214343548128
Kathanakuthala,901,180.2,frame_000902.jpg,STRONG,Garuda Augmented,8.29578972945336
Kathanakuthala,902,180.4,frame_000903.jpg,STRONG,Garuda Augmented,8.286805853524607
Kathanakuthala,903,180.6,frame_000904.jpg,STRONG,Garuda Augmented,8.27033377787807
Kathanakuthala,904,180.8,frame_000905.jpg,STRONG,Garuda Augmented,7.280913282638206
Kathanakuthala,906,181.2,frame_000907.jpg,STRONG,Nataraj Augmented,8.304113164527978
Kathanakuthala,907,181.4,frame_000908.jpg,STRONG,Nataraj Augmented,8.29624419662099
Kathanakuthala,908,181.6,frame_000909.jpg,REVIEW,Samapadam Augmented,8.292272169303377
Kathanakuthala,909,181.8,frame_000910.jpg,STRONG,Garuda Augmented,8.267000937729158
Kathanakuthala,911,182.2,frame_000912.jpg,REVIEW,Swastika Augmented,8.261410717368985
Kathanakuthala,912,182.4,frame_000913.jpg,STRONG,Samapadam Augmented,8.297437245790919
Kathanakuthala,913,182.6,frame_000914.jpg,REVIEW,Samapadam Augmented,8.291064841560853
Kathanakuthala,914,182.8,frame_000915.jpg,STRONG,Samapadam Augmented,8.296080708372681
Kathanakuthala,915,183.0,frame_000916.jpg,STRONG,Swastika Augmented,8.271263116184173
Kathanakuthala,916,183.2,frame_000917.jpg,STRONG,Swastika Augmented,8.252462447615555
Kathanakuthala,917,183.4,frame_000918.jpg,STRONG,Nagabandham Augmented,8.254583205338774
Kathanakuthala,918,183.6,frame_000919.jpg,STRONG,Nagabandham Augmented,8.276869767983424
Kathanakuthala,919,183.8,frame_000920.jpg,STRONG,Garuda Augmented,8.276964096531504
Kathanakuthala,920,184.0,frame_000921.jpg,STRONG,Samapadam Augmented,8.303097933829324
Kathanakuthala,921,184.2,frame_000922.jpg,STRONG,Nagabandham Augmented,8.284811484189925
Kathanakuthala,922,184.4,frame_000923.jpg,STRONG,Samapadam Augmented,8.303604895352866
Kathanakuthala,923,184.6,frame_000924.jpg,STRONG,Samapadam Augmented,8.305707793948011
Kathanakuthala,924,184.8,frame_000925.jpg,STRONG,Samapadam Augmented,8.308327919017781
Kathanakuthala,925,185.0,frame_000926.jpg,STRONG,Garuda Augmented,8.293167531402531
Kathanakuthala,927,185.4,frame_000928.jpg,STRONG,Garuda Augmented,8.301430289820795
Kathanakuthala,928,185.6,frame_000929.jpg,STRONG,Samapadam Augmented,8.30624919254949
Kathanakuthala,929,185.8,frame_000930.jpg,STRONG,Samapadam Augmented,8.303274679977052
Kathanakuthala,930,186.0,frame_000931.jpg,STRONG,Samapadam Augmented,8.304133785102662
Kathanakuthala,931,186.2,frame_000932.jpg,STRONG,Samapadam Augmented,8.29331001805659
Kathanakuthala,932,186.4,frame_000933.jpg,STRONG,Garuda Augmented,8.274012881529853
Kathanakuthala,933,186.6,frame_000934.jpg,STRONG,Samapadam Augmented,8.298331677667536
Kathanakuthala,934,186.8,frame_000935.jpg,STRONG,Samapadam Augmented,8.29898345514312
Kathanakuthala,935,187.0,frame_000936.jpg,STRONG,Samapadam Augmented,8.286128215420874
Kathanakuthala,936,187.2,frame_000937.jpg,STRONG,Muzhumandi Augmented,8.29354964136909
Kathanakuthala,937,187.4,frame_000938.jpg,STRONG,Garuda Augmented,8.262677557247853
Kathanakuthala,938,187.6,frame_000939.jpg,REVIEW,Garuda Augmented,8.277129815700096
Kathanakuthala,939,187.8,frame_000940.jpg,REVIEW,Garuda Augmented,8.28116139112661
Kathanakuthala,940,188.0,frame_000941.jpg,STRONG,Samapadam Augmented,8.294973577678565
Kathanakuthala,941,188.2,frame_000942.jpg,STRONG,Samapadam Augmented,8.305322696764375
Kathanakuthala,942,188.4,frame_000943.jpg,STRONG,Nataraj Augmented,8.305895067488033
Kathanakuthala,943,188.6,frame_000944.jpg,STRONG,Nataraj Augmented,8.30096481405929
Kathanakuthala,944,188.8,frame_000945.jpg,STRONG,Nataraj Augmented,8.30708573952378
Kathanakuthala,945,189.0,frame_000946.jpg,STRONG,Samapadam Augmented,8.29966806069223
Kathanakuthala,946,189.2,frame_000947.jpg,STRONG,Garuda Augmented,8.28516573428072
Kathanakuthala,947,189.4,frame_000948.jpg,STRONG,Garuda Augmented,8.294150083166258
Kathanakuthala,948,189.6,frame_000949.jpg,REVIEW,Garuda Augmented,7.2797920968436
Kathanakuthala,949,189.8,frame_000950.jpg,STRONG,Samapadam Augmented,8.29104439242767
Kathanakuthala,950,190.0,frame_000951.jpg,STRONG,Samapadam Augmented,8.291353990262266
Kathanakuthala,951,190.2,frame_000952.jpg,REVIEW,Garuda Augmented,7.279420384922728
Kathanakuthala,952,190.4,frame_000953.jpg,STRONG,Garuda Augmented,8.273073687791776
Kathanakuthala,953,190.6,frame_000954.jpg,REVIEW,Garuda Augmented,8.28619777704351
Kathanakuthala,954,190.8,frame_000955.jpg,STRONG,Nagabandham Augmented,8.273602921220437
Kathanakuthala,955,191.0,frame_000956.jpg,STRONG,Garuda Augmented,8.278660822314253
Kathanakuthala,956,191.2,frame_000957.jpg,STRONG,Garuda Augmented,8.27428379763157
Kathanakuthala,958,191.6,frame_000959.jpg,REVIEW,Garuda Augmented,8.275540710352034
Kathanakuthala,959,191.8,frame_000960.jpg,STRONG,Garuda Augmented,8.283842126674525
Kathanakuthala,960,192.0,frame_000961.jpg,STRONG,Garuda Augmented,8.274822036647937
Kathanakuthala,962,192.4,frame_000963.jpg,REVIEW,Samapadam Augmented,8.301458904230518
Kathanakuthala,963,192.6,frame_000964.jpg,STRONG,Swastika Augmented,8.288546393938036
Kathanakuthala,965,193.0,frame_000966.jpg,REVIEW,Bramha Augmented,8.288858237050887
Kathanakuthala,966,193.2,frame_000967.jpg,STRONG,Samapadam Augmented,8.284595760402292
Kathanakuthala,967,193.4,frame_000968.jpg,STRONG,Garuda Augmented,7.283733290894395
Kathanakuthala,968,193.6,frame_000969.jpg,STRONG,Samapadam Augmented,8.297964395527595
Kathanakuthala,969,193.8,frame_000970.jpg,STRONG,Garuda Augmented,7.2882945767983704
Kathanakuthala,970,194.0,frame_000971.jpg,STRONG,Nataraj Augmented,8.289905410155194
Kathanakuthala,971,194.2,frame_000972.jpg,STRONG,Nagabandham Augmented,8.298079455898801
Kathanakuthala,972,194.4,frame_000973.jpg,STRONG,Nagabandham Augmented,8.293019872334623
Kathanakuthala,973,194.6,frame_000974.jpg,STRONG,Garuda Augmented,8.28096816934513
Kathanakuthala,974,194.8,frame_000975.jpg,STRONG,Nagabandham Augmented,8.282027317652304
Kathanakuthala,977,195.4,frame_000978.jpg,REVIEW,Garuda Augmented,8.276202747139342
Kathanakuthala,978,195.6,frame_000979.jpg,STRONG,Nagabandham Augmented,8.303775609524655
Kathanakuthala,980,196.0,frame_000981.jpg,STRONG,Samapadam Augmented,8.294817454834801
Kathanakuthala,982,196.4,frame_000983.jpg,REVIEW,Samapadam Augmented,8.302798192282303
Kathanakuthala,983,196.6,frame_000984.jpg,STRONG,Samapadam Augmented,8.296668952330757
Kathanakuthala,984,196.8,frame_000985.jpg,REVIEW,Swastika Augmented,8.269121263390552
Kathanakuthala,985,197.0,frame_000986.jpg,REVIEW,Garuda Augmented,7.284342672033197
Kathanakuthala,986,197.2,frame_000987.jpg,STRONG,Nagabandham Augmented,8.295368923289725
Kathanakuthala,987,197.4,frame_000988.jpg,STRONG,Samapadam Augmented,8.30059519987041
Kathanakuthala,988,197.6,frame_000989.jpg,REVIEW,Swastika Augmented,8.295092529231725
Kathanakuthala,990,198.0,frame_000991.jpg,STRONG,Samapadam Augmented,8.301014102770171
Kathanakuthala,991,198.2,frame_000992.jpg,STRONG,Nagabandham Augmented,8.289735367240025
Kathanakuthala,992,198.4,frame_000993.jpg,STRONG,Nagabandham Augmented,8.279485086968611
Kathanakuthala,993,198.6,frame_000994.jpg,REVIEW,Nataraj Augmented,8.289425012704683
Kathanakuthala,995,199.0,frame_000996.jpg,REVIEW,Nataraj Augmented,8.28507880590787
Kathanakuthala,996,199.2,frame_000997.jpg,STRONG,Nataraj Augmented,8.29260513596743
Kathanakuthala,998,199.6,frame_000999.jpg,REVIEW,Nataraj Augmented,7.284175672754335
Kathanakuthala,999,199.8,frame_001000.jpg,STRONG,Nagabandham Augmented,8.303902741775616
Kathanakuthala,1000,200.0,frame_001001.jpg,STRONG,Nagabandham Augmented,8.285277292209612
Kathanakuthala,1001,200.2,frame_001002.jpg,STRONG,Samapadam Augmented,8.29368743699025
Kathanakuthala,1002,200.4,frame_001003.jpg,REVIEW,Garuda Augmented,8.276296695068185
Kathanakuthala,1003,200.6,frame_001004.jpg,STRONG,Samapadam Augmented,8.295328698074297
Kathanakuthala,1005,201.0,frame_001006.jpg,STRONG,Garuda Augmented,8.29195643280917
Kathanakuthala,1006,201.2,frame_001007.jpg,REVIEW,Garuda Augmented,8.295181039416264
Kathanakuthala,1007,201.4,frame_001008.jpg,STRONG,Nagabandham Augmented,8.296670715667412
Kathanakuthala,1008,201.6,frame_001009.jpg,STRONG,Nagabandham Augmented,8.302004160439425
Kathanakuthala,1009,201.8,frame_001010.jpg,STRONG,Nagabandham Augmented,8.294328929250314
Kathanakuthala,1010,202.0,frame_001011.jpg,STRONG,Nagabandham Augmented,8.292832849741092
Kathanakuthala,1012,202.4,frame_001013.jpg,STRONG,Samapadam Augmented,8.296841828383405
Kathanakuthala,1013,202.6,frame_001014.jpg,STRONG,Nagabandham Augmented,8.303489937183524
Kathanakuthala,1014,202.8,frame_001015.jpg,STRONG,Samapadam Augmented,8.297443336219548
Kathanakuthala,1015,203.0,frame_001016.jpg,STRONG,Nataraj Augmented,8.267515881753958
Kathanakuthala,1016,203.2,frame_001017.jpg,STRONG,Samapadam Augmented,8.298017831159727
Kathanakuthala,1017,203.4,frame_001018.jpg,STRONG,Samapadam Augmented,8.28026360862907
Kathanakuthala,1018,203.6,frame_001019.jpg,STRONG,Muzhumandi Augmented,8.29913358616066
Kathanakuthala,1019,203.8,frame_001020.jpg,STRONG,Garuda Augmented,8.298083502785435
Kathanakuthala,1020,204.0,frame_001021.jpg,STRONG,Swastika Augmented,8.276506181211877
Kathanakuthala,1021,204.2,frame_001022.jpg,STRONG,Nataraj Augmented,8.286142053545651
Kathanakuthala,1022,204.4,frame_001023.jpg,STRONG,Nataraj Augmented,8.301847467788404
Kathanakuthala,1023,204.6,frame_001024.jpg,STRONG,Nataraj Augmented,8.292672138993302
Kathanakuthala,1024,204.8,frame_001025.jpg,STRONG,Nagabandham Augmented,8.297630229091336
Kathanakuthala,1025,205.0,frame_001026.jpg,STRONG,Nagabandham Augmented,8.301432142255717
Kathanakuthala,1026,205.2,frame_001027.jpg,STRONG,Nagabandham Augmented,8.292452786774078
Kathanakuthala,1027,205.4,frame_001028.jpg,STRONG,Nataraj Augmented,8.279060748795706
Kathanakuthala,1028,205.6,frame_001029.jpg,REVIEW,Samapadam Augmented,8.295469325029845
Kathanakuthala,1029,205.8,frame_001030.jpg,STRONG,Samapadam Augmented,8.300146015759333
Kathanakuthala,1030,206.0,frame_001031.jpg,STRONG,Muzhumandi Augmented,8.302684025397095
Kathanakuthala,1031,206.2,frame_001032.jpg,STRONG,Garuda Augmented,8.291922236429045
Kathanakuthala,1032,206.4,frame_001033.jpg,STRONG,Garuda Augmented,8.284051122377466
Kathanakuthala,1033,206.6,frame_001034.jpg,STRONG,Garuda Augmented,8.28171246777399
Kathanakuthala,1034,206.8,frame_001035.jpg,STRONG,Garuda Augmented,8.293957620361185
Kathanakuthala,1035,207.0,frame_001036.jpg,STRONG,Garuda Augmented,8.296546943245424
Kathanakuthala,1036,207.2,frame_001037.jpg,STRONG,Garuda Augmented,8.293085396382601
Kathanakuthala,1037,207.4,frame_001038.jpg,STRONG,Nataraj Augmented,8.28641910839262
Kathanakuthala,1038,207.6,frame_001039.jpg,STRONG,Swastika Augmented,8.277653636590966
Kathanakuthala,1039,207.8,frame_001040.jpg,STRONG,Swastika Augmented,8.268085894571705
Kathanakuthala,1040,208.0,frame_001041.jpg,STRONG,Garuda Augmented,8.290084517186136
Kathanakuthala,1041,208.2,frame_001042.jpg,STRONG,Garuda Augmented,8.285816045649618
Kathanakuthala,1042,208.4,frame_001043.jpg,STRONG,Nagabandham Augmented,8.302540694289307
Kathanakuthala,1043,208.6,frame_001044.jpg,STRONG,Samapadam Augmented,8.303074582218535
Kathanakuthala,1044,208.8,frame_001045.jpg,STRONG,Nagabandham Augmented,8.303982023273312
Kathanakuthala,1045,209.0,frame_001046.jpg,STRONG,Nagabandham Augmented,8.305276152329654
Kathanakuthala,1046,209.2,frame_001047.jpg,REVIEW,Nagabandham Augmented,8.304739420538935
Kathanakuthala,1047,209.4,frame_001048.jpg,STRONG,Nagabandham Augmented,8.302654346320795
Kathanakuthala,1048,209.6,frame_001049.jpg,STRONG,Nagabandham Augmented,8.303101497871372
Kathanakuthala,1049,209.8,frame_001050.jpg,STRONG,Nagabandham Augmented,8.304594234779032
Kathanakuthala,1050,210.0,frame_001051.jpg,STRONG,Nagabandham Augmented,8.292483082317831
Kathanakuthala,1051,210.2,frame_001052.jpg,STRONG,Nagabandham Augmented,8.300215748438546
Kathanakuthala,1052,210.4,frame_001053.jpg,STRONG,Nataraj Augmented,8.28493941152813
Kathanakuthala,1053,210.6,frame_001054.jpg,STRONG,Nagabandham Augmented,8.304779027907697
Kathanakuthala,1054,210.8,frame_001055.jpg,STRONG,Nagabandham Augmented,8.303032046404864
Kathanakuthala,1055,211.0,frame_001056.jpg,STRONG,Nagabandham Augmented,8.306645239906867
Kathanakuthala,1056,211.2,frame_001057.jpg,REVIEW,Nagabandham Augmented,8.301569015848592
Kathanakuthala,1058,211.6,frame_001059.jpg,REVIEW,Samapadam Augmented,8.30742834451314
Kathanakuthala,1059,211.8,frame_001060.jpg,STRONG,Nagabandham Augmented,8.292217510907545
Kathanakuthala,1061,212.2,frame_001062.jpg,STRONG,Samapadam Augmented,8.301147749469939
Kathanakuthala,1062,212.4,frame_001063.jpg,STRONG,Nagabandham Augmented,8.30328201145784
Kathanakuthala,1063,212.6,frame_001064.jpg,STRONG,Nagabandham Augmented,8.301005691516272
Kathanakuthala,1064,212.8,frame_001065.jpg,REVIEW,Nagabandham Augmented,8.306642876868803
Kathanakuthala,1065,213.0,frame_001066.jpg,STRONG,Nagabandham Augmented,8.302855978883867
Kathanakuthala,1066,213.2,frame_001067.jpg,STRONG,Nagabandham Augmented,8.304083189269528
Kathanakuthala,1067,213.4,frame_001068.jpg,STRONG,Nagabandham Augmented,8.303644877209914
Kathanakuthala,1068,213.6,frame_001069.jpg,STRONG,Nagabandham Augmented,8.30443315124241
Kathanakuthala,1069,213.8,frame_001070.jpg,STRONG,Nagabandham Augmented,8.303907828112248
Kathanakuthala,1070,214.0,frame_001071.jpg,STRONG,Nagabandham Augmented,8.30764218870333
Kathanakuthala,1071,214.2,frame_001072.jpg,STRONG,Nagabandham Augmented,8.302941926366199
Kathanakuthala,1072,214.4,frame_001073.jpg,STRONG,Nagabandham Augmented,8.299920786386716
Kathanakuthala,1073,214.6,frame_001074.jpg,STRONG,Samapadam Augmented,8.301941711608613
Kathanakuthala,1074,214.8,frame_001075.jpg,STRONG,Samapadam Augmented,8.300455171476827
Kathanakuthala,1075,215.0,frame_001076.jpg,STRONG,Nagabandham Augmented,8.301124864121956
Kathanakuthala,1076,215.2,frame_001077.jpg,STRONG,Samapadam Augmented,8.30007846868288
Kathanakuthala,1077,215.4,frame_001078.jpg,STRONG,Samapadam Augmented,8.301607826299387
Kathanakuthala,1078,215.6,frame_001079.jpg,STRONG,Samapadam Augmented,8.301185828764007
Kathanakuthala,1079,215.8,frame_001080.jpg,STRONG,Nagabandham Augmented,8.302658671588581
Kathanakuthala,1080,216.0,frame_001081.jpg,STRONG,Nagabandham Augmented,8.302516789564235
Kathanakuthala,1081,216.2,frame_001082.jpg,STRONG,Nagabandham Augmented,8.30343073354259
Kathanakuthala,1082,216.4,frame_001083.jpg,STRONG,Nagabandham Augmented,8.30192541761328
Kathanakuthala,1083,216.6,frame_001084.jpg,STRONG,Nagabandham Augmented,8.302126269082288
Kathanakuthala,1084,216.8,frame_001085.jpg,STRONG,Nagabandham Augmented,8.30292566843899
Kathanakuthala,1085,217.0,frame_001086.jpg,STRONG,Nagabandham Augmented,8.302860017114469
Kathanakuthala,1086,217.2,frame_001087.jpg,STRONG,Nagabandham Augmented,8.302336609370453
Kathanakuthala,1087,217.4,frame_001088.jpg,STRONG,Nagabandham Augmented,8.301558197781635
Kathanakuthala,1088,217.6,frame_001089.jpg,STRONG,Nagabandham Augmented,8.302193257553311
Kathanakuthala,1089,217.8,frame_001090.jpg,STRONG,Samapadam Augmented,8.300940321763651
Kathanakuthala,1090,218.0,frame_001091.jpg,STRONG,Nagabandham Augmented,8.298913323395363
Kathanakuthala,1091,218.2,frame_001092.jpg,STRONG,Nagabandham Augmented,8.30181559756214
Kathanakuthala,1092,218.4,frame_001093.jpg,STRONG,Nagabandham Augmented,8.301584554712035
Kathanakuthala,1093,218.6,frame_001094.jpg,STRONG,Nagabandham Augmented,8.30166904974374
Kathanakuthala,1094,218.8,frame_001095.jpg,STRONG,Nagabandham Augmented,8.303115172241245
Kathanakuthala,1095,219.0,frame_001096.jpg,STRONG,Nagabandham Augmented,8.302737100877408
Kathanakuthala,1096,219.2,frame_001097.jpg,STRONG,Nagabandham Augmented,8.302700962111556
Kathanakuthala,1097,219.4,frame_001098.jpg,STRONG,Nagabandham Augmented,8.302264026785574
Kathanakuthala,1098,219.6,frame_001099.jpg,STRONG,Nagabandham Augmented,8.302642767559483
Kathanakuthala,1099,219.8,frame_001100.jpg,STRONG,Samapadam Augmented,8.303537455798624
Kathanakuthala,1100,220.0,frame_001101.jpg,STRONG,Nagabandham Augmented,8.303447335315523
Kathanakuthala,1105,221.0,frame_001106.jpg,REVIEW,Nagabandham Augmented,8.286554535146559
Kathanakuthala,1107,221.4,frame_001108.jpg,STRONG,Nagabandham Augmented,8.30109086522441
Kathanakuthala,1108,221.6,frame_001109.jpg,STRONG,Nagabandham Augmented,8.301002069661052
Kathanakuthala,1109,221.8,frame_001110.jpg,REVIEW,Samapadam Augmented,8.294883759997136
Kathanakuthala,1110,222.0,frame_001111.jpg,STRONG,Nagabandham Augmented,8.301674674915514
Kathanakuthala,1111,222.2,frame_001112.jpg,STRONG,Nagabandham Augmented,8.302143289469699
Kathanakuthala,1112,222.4,frame_001113.jpg,STRONG,Samapadam Augmented,8.30613548530468
Kathanakuthala,1113,222.6,frame_001114.jpg,STRONG,Nagabandham Augmented,8.301599914646882
Kathanakuthala,1114,222.8,frame_001115.jpg,STRONG,Nagabandham Augmented,8.294231424369626
Kathanakuthala,1115,223.0,frame_001116.jpg,STRONG,Nagabandham Augmented,7.271500121876182
Kathanakuthala,1116,223.2,frame_001117.jpg,STRONG,Nagabandham Augmented,8.305468191713413
Kathanakuthala,1117,223.4,frame_001118.jpg,STRONG,Nagabandham Augmented,8.3051605171414
Kathanakuthala,1118,223.6,frame_001119.jpg,STRONG,Nagabandham Augmented,8.30522077329856
Kathanakuthala,1119,223.8,frame_001120.jpg,STRONG,Nagabandham Augmented,8.304374586206565
Kathanakuthala,1120,224.0,frame_001121.jpg,STRONG,Nagabandham Augmented,8.3066277778933
Kathanakuthala,1123,224.6,frame_001124.jpg,REVIEW,Nagabandham Augmented,8.305843773650773
Kathanakuthala,1124,224.8,frame_001125.jpg,REVIEW,Nagabandham Augmented,8.304795436981271
Kathanakuthala,1125,225.0,frame_001126.jpg,REVIEW,Nagabandham Augmented,8.298250922790876
Kathanakuthala,1126,225.2,frame_001127.jpg,REVIEW,Nagabandham Augmented,8.301609506420434
Kathanakuthala,1127,225.4,frame_001128.jpg,REVIEW,Nagabandham Augmented,8.299907604947704
Kathanakuthala,1128,225.6,frame_001129.jpg,REVIEW,Nagabandham Augmented,8.293970563942981
Kathanakuthala,1129,225.8,frame_001130.jpg,REVIEW,Nagabandham Augmented,8.292846345524595
Kathanakuthala,1130,226.0,frame_001131.jpg,REVIEW,Nagabandham Augmented,8.295072859433335
Kathanakuthala,1131,226.2,frame_001132.jpg,REVIEW,Nagabandham Augmented,8.296726246782868
Kathanakuthala,1132,226.4,frame_001133.jpg,REVIEW,Nagabandham Augmented,8.296888229741173
Kathanakuthala,1133,226.6,frame_001134.jpg,STRONG,Nagabandham Augmented,8.289085877527514
Kathanakuthala,1134,226.8,frame_001135.jpg,STRONG,Nagabandham Augmented,8.294103409633026
Kathanakuthala,1135,227.0,frame_001136.jpg,STRONG,Nagabandham Augmented,7.292078258798662
Kathanakuthala,1136,227.2,frame_001137.jpg,REVIEW,Nagabandham Augmented,8.289505806664263
Kathanakuthala,1137,227.4,frame_001138.jpg,STRONG,Nagabandham Augmented,8.287637800864863
Kathanakuthala,1138,227.6,frame_001139.jpg,REVIEW,Nagabandham Augmented,8.298645370120624
Kathanakuthala,1139,227.8,frame_001140.jpg,STRONG,Garuda Augmented,8.290698874495883
Kathanakuthala,1140,228.0,frame_001141.jpg,STRONG,Nagabandham Augmented,8.292277811331738
Kathanakuthala,1141,228.2,frame_001142.jpg,STRONG,Nagabandham Augmented,8.29033130612941
Kathanakuthala,1142,228.4,frame_001143.jpg,STRONG,Nagabandham Augmented,8.296139826894523
Kathanakuthala,1143,228.6,frame_001144.jpg,STRONG,Nagabandham Augmented,8.297462282266437
Kathanakuthala,1144,228.8,frame_001145.jpg,STRONG,Nagabandham Augmented,8.299459963057485
Kathanakuthala,1145,229.0,frame_001146.jpg,STRONG,Samapadam Augmented,8.29806019740444
Kathanakuthala,1146,229.2,frame_001147.jpg,STRONG,Samapadam Augmented,8.30671462338407
Kathanakuthala,1147,229.4,frame_001148.jpg,STRONG,Samapadam Augmented,8.299102039128448
Kathanakuthala,1148,229.6,frame_001149.jpg,STRONG,Samapadam Augmented,8.299473201058271
Kathanakuthala,1149,229.8,frame_001150.jpg,STRONG,Samapadam Augmented,8.298718033678421
Kathanakuthala,1150,230.0,frame_001151.jpg,STRONG,Samapadam Augmented,8.297179943529043
Kathanakuthala,1151,230.2,frame_001152.jpg,STRONG,Nagabandham Augmented,8.298243832707376
Kathanakuthala,1152,230.4,frame_001153.jpg,STRONG,Samapadam Augmented,8.303187713877882
Kathanakuthala,1153,230.6,frame_001154.jpg,STRONG,Samapadam Augmented,8.300286918354466
Kathanakuthala,1154,230.8,frame_001155.jpg,STRONG,Samapadam Augmented,8.304816916522329
Kathanakuthala,1155,231.0,frame_001156.jpg,STRONG,Samapadam Augmented,8.302003241574642
Kathanakuthala,1156,231.2,frame_001157.jpg,STRONG,Samapadam Augmented,8.306268332457556
Kathanakuthala,1157,231.4,frame_001158.jpg,STRONG,Samapadam Augmented,8.30462071607202
Kathanakuthala,1158,231.6,frame_001159.jpg,STRONG,Nagabandham Augmented,8.30082858704763
Kathanakuthala,1159,231.8,frame_001160.jpg,STRONG,Samapadam Augmented,8.30054160239073
Kathanakuthala,1160,232.0,frame_001161.jpg,STRONG,Samapadam Augmented,8.302378206579895
Kathanakuthala,1161,232.2,frame_001162.jpg,STRONG,Samapadam Augmented,8.301593573546578
Kathanakuthala,1162,232.4,frame_001163.jpg,STRONG,Samapadam Augmented,8.300768192751892
Kathanakuthala,1163,232.6,frame_001164.jpg,STRONG,Nagabandham Augmented,8.297332362472456
Kathanakuthala,1164,232.8,frame_001165.jpg,STRONG,Nagabandham Augmented,8.300043619722487
Kathanakuthala,1165,233.0,frame_001166.jpg,STRONG,Nagabandham Augmented,8.298361604363043
Kathanakuthala,1166,233.2,frame_001167.jpg,STRONG,Nagabandham Augmented,8.298716587390238
Kathanakuthala,1167,233.4,frame_001168.jpg,STRONG,Nagabandham Augmented,8.2995972744602
Kathanakuthala,1168,233.6,frame_001169.jpg,STRONG,Nagabandham Augmented,8.297359231273152
Kathanakuthala,1169,233.8,frame_001170.jpg,STRONG,Nagabandham Augmented,8.29614232494368
Kathanakuthala,1170,234.0,frame_001171.jpg,STRONG,Nagabandham Augmented,8.300714507172271
Kathanakuthala,1171,234.2,frame_001172.jpg,STRONG,Nagabandham Augmented,8.303480739866062
Kathanakuthala,1172,234.4,frame_001173.jpg,STRONG,Samapadam Augmented,8.296985981663493
Kathanakuthala,1173,234.6,frame_001174.jpg,REVIEW,Garuda Augmented,7.291621039948892
Kathanakuthala,1174,234.8,frame_001175.jpg,STRONG,Nataraj Augmented,8.274994432278225
Kathanakuthala,1175,235.0,frame_001176.jpg,STRONG,Nagabandham Augmented,8.290739768176866
Kathanakuthala,1176,235.2,frame_001177.jpg,STRONG,Nagabandham Augmented,8.295199005915153
Kathanakuthala,1177,235.4,frame_001178.jpg,STRONG,Nagabandham Augmented,8.298962128469915
Kathanakuthala,1178,235.6,frame_001179.jpg,STRONG,Nagabandham Augmented,8.302490160184147
Kathanakuthala,1179,235.8,frame_001180.jpg,STRONG,Nagabandham Augmented,8.293616742969675
Kathanakuthala,1180,236.0,frame_001181.jpg,REVIEW,Samapadam Augmented,8.302098880364033
Kathanakuthala,1181,236.2,frame_001182.jpg,REVIEW,Samapadam Augmented,8.304156475899077
Kathanakuthala,1183,236.6,frame_001184.jpg,STRONG,Nagabandham Augmented,8.300336140619018
Kathanakuthala,1184,236.8,frame_001185.jpg,STRONG,Nagabandham Augmented,8.302200804985931
Kathanakuthala,1185,237.0,frame_001186.jpg,REVIEW,Nagabandham Augmented,8.306116004117374
Kathanakuthala,1186,237.2,frame_001187.jpg,REVIEW,Nagabandham Augmented,8.306612853385067
Kathanakuthala,1187,237.4,frame_001188.jpg,REVIEW,Nagabandham Augmented,8.305993491751618
Kathanakuthala,1188,237.6,frame_001189.jpg,STRONG,Nagabandham Augmented,8.302196358256856
Kathanakuthala,1190,238.0,frame_001191.jpg,STRONG,Nagabandham Augmented,8.305981743469173
Kathanakuthala,1191,238.2,frame_001192.jpg,STRONG,Nagabandham Augmented,8.301258795511297
Kathanakuthala,1194,238.8,frame_001195.jpg,STRONG,Nagabandham Augmented,8.300087933085539
Kathanakuthala,1195,239.0,frame_001196.jpg,STRONG,Nagabandham Augmented,8.296230933569113
Kathanakuthala,1196,239.2,frame_001197.jpg,STRONG,Nagabandham Augmented,8.297454792415513
Kathanakuthala,1197,239.4,frame_001198.jpg,STRONG,Nagabandham Augmented,8.301743109239217
Kathanakuthala,1198,239.6,frame_001199.jpg,STRONG,Nagabandham Augmented,8.298113395586986
Kathanakuthala,1199,239.8,frame_001200.jpg,STRONG,Nagabandham Augmented,8.296436226129305
Kathanakuthala,1200,240.0,frame_001201.jpg,STRONG,Nagabandham Augmented,8.300397224525073
Kathanakuthala,1201,240.2,frame_001202.jpg,STRONG,Samapadam Augmented,8.295161273221831
Kathanakuthala,1202,240.4,frame_001203.jpg,STRONG,Nagabandham Augmented,8.300957021181548
Kathanakuthala,1203,240.6,frame_001204.jpg,STRONG,Nagabandham Augmented,8.304936858181454
Kathanakuthala,1204,240.8,frame_001205.jpg,STRONG,Samapadam Augmented,8.297327934094357
Kathanakuthala,1205,241.0,frame_001206.jpg,STRONG,Samapadam Augmented,8.296301972577291
Kathanakuthala,1206,241.2,frame_001207.jpg,STRONG,Samapadam Augmented,8.302596409292878
Kathanakuthala,1207,241.4,frame_001208.jpg,STRONG,Nagabandham Augmented,8.300610380348584
Kathanakuthala,1208,241.6,frame_001209.jpg,STRONG,Nagabandham Augmented,8.30619240350275
Kathanakuthala,1209,241.8,frame_001210.jpg,STRONG,Garuda Augmented,8.28637396817455
Kathanakuthala,1210,242.0,frame_001211.jpg,STRONG,Muzhumandi Augmented,8.297225414902327
Kathanakuthala,1211,242.2,frame_001212.jpg,STRONG,Muzhumandi Augmented,8.292786895835297
Kathanakuthala,1212,242.4,frame_001213.jpg,STRONG,Nagabandham Augmented,8.27675149820419
Kathanakuthala,1213,242.6,frame_001214.jpg,STRONG,Muzhumandi Augmented,8.26978434665711
Kathanakuthala,1214,242.8,frame_001215.jpg,STRONG,Muzhumandi Augmented,8.294825772169006
Kathanakuthala,1215,243.0,frame_001216.jpg,STRONG,Samapadam Augmented,8.303140744199025
Kathanakuthala,1216,243.2,frame_001217.jpg,STRONG,Samapadam Augmented,8.305721617857914
Kathanakuthala,1217,243.4,frame_001218.jpg,STRONG,Samapadam Augmented,8.29916158073748
Kathanakuthala,1218,243.6,frame_001219.jpg,STRONG,Samapadam Augmented,8.299164239180614
Kathanakuthala,1219,243.8,frame_001220.jpg,STRONG,Samapadam Augmented,8.298755525257544
Kathanakuthala,1220,244.0,frame_001221.jpg,REVIEW,Nagabandham Augmented,8.285144802006444
Kathanakuthala,1221,244.2,frame_001222.jpg,STRONG,Samapadam Augmented,8.284143832761957
Kathanakuthala,1222,244.4,frame_001223.jpg,STRONG,Samapadam Augmented,8.291512760549686
Kathanakuthala,1223,244.6,frame_001224.jpg,STRONG,Samapadam Augmented,8.296075573939323
Kathanakuthala,1224,244.8,frame_001225.jpg,STRONG,Samapadam Augmented,8.303564841178062
Kathanakuthala,1225,245.0,frame_001226.jpg,REVIEW,Samapadam Augmented,8.302995051707512
Kathanakuthala,1226,245.2,frame_001227.jpg,REVIEW,Samapadam Augmented,8.304550135255207
Kathanakuthala,1227,245.4,frame_001228.jpg,STRONG,Samapadam Augmented,8.304093727548533
Kathanakuthala,1228,245.6,frame_001229.jpg,REVIEW,Nagabandham Augmented,8.289023248503947
Kathanakuthala,1229,245.8,frame_001230.jpg,STRONG,Nagabandham Augmented,8.301625741835139
Kathanakuthala,1230,246.0,frame_001231.jpg,STRONG,Nagabandham Augmented,8.302093654696227
Kathanakuthala,1231,246.2,frame_001232.jpg,STRONG,Nagabandham Augmented,8.30203001086943
Kathanakuthala,1232,246.4,frame_001233.jpg,STRONG,Nagabandham Augmented,8.301380967217543
Kathanakuthala,1233,246.6,frame_001234.jpg,STRONG,Nagabandham Augmented,7.29335593477471
Kathanakuthala,1234,246.8,frame_001235.jpg,STRONG,Nagabandham Augmented,7.287943242428169
Kathanakuthala,1235,247.0,frame_001236.jpg,STRONG,Samapadam Augmented,8.286104010606913
Kathanakuthala,1236,247.2,frame_001237.jpg,STRONG,Garuda Augmented,7.290647477429569
Kathanakuthala,1237,247.4,frame_001238.jpg,REVIEW,Garuda Augmented,8.292784818982735
Kathanakuthala,1238,247.6,frame_001239.jpg,REVIEW,Garuda Augmented,8.294377311072989
Kathanakuthala,1239,247.8,frame_001240.jpg,STRONG,Ardhamandalam Augmented,8.299606075502613
Kathanakuthala,1240,248.0,frame_001241.jpg,REVIEW,Nagabandham Augmented,8.297494481121767
Kathanakuthala,1241,248.2,frame_001242.jpg,STRONG,Nagabandham Augmented,8.298608114025996
Kathanakuthala,1242,248.4,frame_001243.jpg,STRONG,Nagabandham Augmented,8.304705707074568
Kathanakuthala,1243,248.6,frame_001244.jpg,STRONG,Nagabandham Augmented,8.302993297350048
Kathanakuthala,1244,248.8,frame_001245.jpg,REVIEW,Nagabandham Augmented,8.300546301043859
Kathanakuthala,1245,249.0,frame_001246.jpg,STRONG,Nagabandham Augmented,8.297828194816919
Kathanakuthala,1246,249.2,frame_001247.jpg,REVIEW,Nagabandham Augmented,8.282619080449145
Kathanakuthala,1247,249.4,frame_001248.jpg,STRONG,Nagabandham Augmented,8.274576954086037
Kathanakuthala,1248,249.6,frame_001249.jpg,STRONG,Swastika Augmented,8.285408440223367
Kathanakuthala,1250,250.0,frame_001251.jpg,REVIEW,Swastika Augmented,8.298837059622155
Kathanakuthala,1251,250.2,frame_001252.jpg,REVIEW,Swastika Augmented,8.295529231372793
Kathanakuthala,1252,250.4,frame_001253.jpg,STRONG,Swastika Augmented,8.275861879402438
Kathanakuthala,1253,250.6,frame_001254.jpg,REVIEW,Swastika Augmented,8.299747368063763
Kathanakuthala,1255,251.0,frame_001256.jpg,STRONG,Swastika Augmented,8.292447785553428
Kathanakuthala,1256,251.2,frame_001257.jpg,STRONG,Swastika Augmented,8.296619353531678
Kathanakuthala,1257,251.4,frame_001258.jpg,REVIEW,Swastika Augmented,8.29753006078291
Kathanakuthala,1261,252.2,frame_001262.jpg,STRONG,Samapadam Augmented,8.304646657632958
Kathanakuthala,1262,252.4,frame_001263.jpg,STRONG,Garuda Augmented,8.293178446546806
Kathanakuthala,1263,252.6,frame_001264.jpg,STRONG,Nagabandham Augmented,7.291085223213392
Kathanakuthala,1264,252.8,frame_001265.jpg,REVIEW,Nagabandham Augmented,8.290254381186573
Kathanakuthala,1265,253.0,frame_001266.jpg,STRONG,Nagabandham Augmented,8.293137933364559
Kathanakuthala,1266,253.2,frame_001267.jpg,STRONG,Nagabandham Augmented,8.298386719742174
Kathanakuthala,1267,253.4,frame_001268.jpg,STRONG,Nagabandham Augmented,8.294833348374649
Kathanakuthala,1268,253.6,frame_001269.jpg,REVIEW,Nagabandham Augmented,7.292707523640185
Kathanakuthala,1270,254.0,frame_001271.jpg,STRONG,Samapadam Augmented,8.277420194659022
Kathanakuthala,1271,254.2,frame_001272.jpg,STRONG,Swastika Augmented,8.292763305925963
Kathanakuthala,1272,254.4,frame_001273.jpg,STRONG,Garuda Augmented,8.298647398494886
Kathanakuthala,1273,254.6,frame_001274.jpg,STRONG,Swastika Augmented,8.288948195880524
Kathanakuthala,1274,254.8,frame_001275.jpg,STRONG,Swastika Augmented,8.29100036628375
Kathanakuthala,1275,255.0,frame_001276.jpg,STRONG,Samapadam Augmented,8.304754313635076
Kathanakuthala,1276,255.2,frame_001277.jpg,STRONG,Nagabandham Augmented,8.30274791051749
Kathanakuthala,1277,255.4,frame_001278.jpg,STRONG,Nagabandham Augmented,8.299432086399058
Kathanakuthala,1278,255.6,frame_001279.jpg,STRONG,Nagabandham Augmented,8.298209073240109
Kathanakuthala,1279,255.8,frame_001280.jpg,STRONG,Nagabandham Augmented,8.299607050615359
Kathanakuthala,1280,256.0,frame_001281.jpg,STRONG,Samapadam Augmented,8.298880969838612
Kathanakuthala,1281,256.2,frame_001282.jpg,STRONG,Nagabandham Augmented,8.29579705532324
Kathanakuthala,1282,256.4,frame_001283.jpg,STRONG,Samapadam Augmented,8.294889487642127
Kathanakuthala,1283,256.6,frame_001284.jpg,STRONG,Nagabandham Augmented,8.302358571727945
Kathanakuthala,1284,256.8,frame_001285.jpg,REVIEW,Nagabandham Augmented,8.304522055566867
Kathanakuthala,1285,257.0,frame_001286.jpg,STRONG,Nagabandham Augmented,8.303957916693248
Kathanakuthala,1286,257.2,frame_001287.jpg,STRONG,Nagabandham Augmented,8.308909413134346
Kathanakuthala,1287,257.4,frame_001288.jpg,STRONG,Nagabandham Augmented,8.306610559745568
Kathanakuthala,1288,257.6,frame_001289.jpg,STRONG,Nagabandham Augmented,8.301210995230747
Kathanakuthala,1289,257.8,frame_001290.jpg,STRONG,Nagabandham Augmented,8.305742686689989
Kathanakuthala,1290,258.0,frame_001291.jpg,REVIEW,Nataraj Augmented,8.29169746095829
Kathanakuthala,1291,258.2,frame_001292.jpg,STRONG,Nagabandham Augmented,8.30616110065415
Kathanakuthala,1292,258.4,frame_001293.jpg,STRONG,Nagabandham Augmented,8.289220082805045
Kathanakuthala,1293,258.6,frame_001294.jpg,REVIEW,Nagabandham Augmented,8.309785340759516
Kathanakuthala,1298,259.6,frame_001299.jpg,STRONG,Samapadam Augmented,8.307083643404798
Kathanakuthala,1299,259.8,frame_001300.jpg,REVIEW,Nagabandham Augmented,8.297856984910574
Kathanakuthala,1303,260.6,frame_001304.jpg,STRONG,Nagabandham Augmented,8.307935797485296
Kathanakuthala,1304,260.8,frame_001305.jpg,REVIEW,Nagabandham Augmented,8.303609046610406
Kathanakuthala,1306,261.2,frame_001307.jpg,REVIEW,Nagabandham Augmented,8.308939161281398
Kathanakuthala,1307,261.4,frame_001308.jpg,REVIEW,Nagabandham Augmented,8.301718296517466
Kathanakuthala,1308,261.6,frame_001309.jpg,REVIEW,Nagabandham Augmented,8.307674145227185
Kathanakuthala,1311,262.2,frame_001312.jpg,STRONG,Nagabandham Augmented,8.30566020158009
Kathanakuthala,1315,263.0,frame_001316.jpg,REVIEW,Nagabandham Augmented,8.30771365158559
Kathanakuthala,1316,263.2,frame_001317.jpg,REVIEW,Nagabandham Augmented,8.303332218618252
Kathanakuthala,1317,263.4,frame_001318.jpg,REVIEW,Nagabandham Augmented,8.305222882598848
Kathanakuthala,1318,263.6,frame_001319.jpg,STRONG,Nagabandham Augmented,8.30661502256003
Kathanakuthala,1319,263.8,frame_001320.jpg,REVIEW,Samapadam Augmented,8.294916075316568
Kathanakuthala,1320,264.0,frame_001321.jpg,STRONG,Samapadam Augmented,8.304450883879522
Kathanakuthala,1321,264.2,frame_001322.jpg,REVIEW,Bramha Augmented,8.296266691251473
Kathanakuthala,1322,264.4,frame_001323.jpg,REVIEW,Samapadam Augmented,8.29415012921105
Kathanakuthala,1324,264.8,frame_001325.jpg,STRONG,Samapadam Augmented,8.301190820701251
Kathanakuthala,1325,265.0,frame_001326.jpg,STRONG,Nagabandham Augmented,8.30149871061686
Kathanakuthala,1326,265.2,frame_001327.jpg,REVIEW,Samapadam Augmented,8.304354265054608
Kathanakuthala,1327,265.4,frame_001328.jpg,STRONG,Samapadam Augmented,8.298042608746332
Kathanakuthala,1328,265.6,frame_001329.jpg,REVIEW,Samapadam Augmented,8.300569350088736
Kathanakuthala,1329,265.8,frame_001330.jpg,STRONG,Samapadam Augmented,8.300250075030753
Kathanakuthala,1330,266.0,frame_001331.jpg,STRONG,Samapadam Augmented,8.29948979912645
Kathanakuthala,1331,266.2,frame_001332.jpg,STRONG,Nagabandham Augmented,8.304333829690346
Kathanakuthala,1332,266.4,frame_001333.jpg,STRONG,Nagabandham Augmented,8.30855781575776
Kathanakuthala,1333,266.6,frame_001334.jpg,STRONG,Nagabandham Augmented,8.302017135457623
Kathanakuthala,1334,266.8,frame_001335.jpg,STRONG,Nagabandham Augmented,8.30783990209356
Kathanakuthala,1335,267.0,frame_001336.jpg,STRONG,Nagabandham Augmented,8.308310153062596
Kathanakuthala,1336,267.2,frame_001337.jpg,STRONG,Nagabandham Augmented,8.30424620432387
Kathanakuthala,1337,267.4,frame_001338.jpg,STRONG,Samapadam Augmented,8.290259229745189
Kathanakuthala,1338,267.6,frame_001339.jpg,REVIEW,Muzhumandi Augmented,8.292927422227327
Kathanakuthala,1339,267.8,frame_001340.jpg,STRONG,Muzhumandi Augmented,7.286967055655118
Kathanakuthala,1340,268.0,frame_001341.jpg,STRONG,Nataraj Augmented,8.29853113532367
Kathanakuthala,1341,268.2,frame_001342.jpg,STRONG,Nataraj Augmented,8.29749435593001
Kathanakuthala,1342,268.4,frame_001343.jpg,STRONG,Nataraj Augmented,8.297638567351273
Kathanakuthala,1343,268.6,frame_001344.jpg,STRONG,Samapadam Augmented,8.30287262521792
Kathanakuthala,1344,268.8,frame_001345.jpg,STRONG,Nagabandham Augmented,8.28228253224049
Kathanakuthala,1345,269.0,frame_001346.jpg,STRONG,Nataraj Augmented,8.290674902451855
Kathanakuthala,1346,269.2,frame_001347.jpg,STRONG,Nagabandham Augmented,8.305050856129913
Kathanakuthala,1347,269.4,frame_001348.jpg,STRONG,Garuda Augmented,8.276533633420723
Kathanakuthala,1348,269.6,frame_001349.jpg,STRONG,Nagabandham Augmented,8.288039161818727
Kathanakuthala,1349,269.8,frame_001350.jpg,STRONG,Garuda Augmented,8.280708360402727
Kathanakuthala,1350,270.0,frame_001351.jpg,STRONG,Samapadam Augmented,8.29731224717257
Kathanakuthala,1351,270.2,frame_001352.jpg,STRONG,Samapadam Augmented,8.303063581924453
Kathanakuthala,1352,270.4,frame_001353.jpg,REVIEW,Samapadam Augmented,8.28919076827618
Kathanakuthala,1353,270.6,frame_001354.jpg,REVIEW,Nataraj Augmented,8.275802568290652
Kathanakuthala,1354,270.8,frame_001355.jpg,STRONG,Samapadam Augmented,8.292933736159533
Kathanakuthala,1355,271.0,frame_001356.jpg,STRONG,Garuda Augmented,8.283777322944506
Kathanakuthala,1356,271.2,frame_001357.jpg,STRONG,Garuda Augmented,8.286666641896389
Kathanakuthala,1358,271.6,frame_001359.jpg,STRONG,Nagabandham Augmented,8.295865730872272
Kathanakuthala,1359,271.8,frame_001360.jpg,STRONG,Ardhamandalam Augmented,7.283133107466763
Kathanakuthala,1360,272.0,frame_001361.jpg,STRONG,Muzhumandi Augmented,8.283824466044015
Kathanakuthala,1361,272.2,frame_001362.jpg,STRONG,Samapadam Augmented,8.295654867322783
Kathanakuthala,1362,272.4,frame_001363.jpg,STRONG,Samapadam Augmented,8.303355244602926
Kathanakuthala,1363,272.6,frame_001364.jpg,STRONG,Samapadam Augmented,8.302725411047586
Kathanakuthala,1364,272.8,frame_001365.jpg,STRONG,Samapadam Augmented,8.302414215460928
Kathanakuthala,1365,273.0,frame_001366.jpg,STRONG,Nagabandham Augmented,8.301205463288039
Kathanakuthala,1366,273.2,frame_001367.jpg,STRONG,Nagabandham Augmented,8.30407818539488
Kathanakuthala,1367,273.4,frame_001368.jpg,STRONG,Nagabandham Augmented,8.30489316951894
Kathanakuthala,1368,273.6,frame_001369.jpg,STRONG,Nagabandham Augmented,8.303822153194712
Kathanakuthala,1369,273.8,frame_001370.jpg,STRONG,Nagabandham Augmented,8.306360669103556
Kathanakuthala,1370,274.0,frame_001371.jpg,STRONG,Nagabandham Augmented,8.30543671864337
Kathanakuthala,1371,274.2,frame_001372.jpg,STRONG,Samapadam Augmented,8.307594835202853
Kathanakuthala,1372,274.4,frame_001373.jpg,STRONG,Nagabandham Augmented,8.305716931059003
Kathanakuthala,1373,274.6,frame_001374.jpg,STRONG,Nagabandham Augmented,8.306146925775465
Kathanakuthala,1374,274.8,frame_001375.jpg,STRONG,Samapadam Augmented,8.308732247786642
Kathanakuthala,1375,275.0,frame_001376.jpg,REVIEW,Samapadam Augmented,8.302178508841015
Kathanakuthala,1376,275.2,frame_001377.jpg,STRONG,Nagabandham Augmented,8.297506304914958
Kathanakuthala,1377,275.4,frame_001378.jpg,STRONG,Nagabandham Augmented,8.30334403936675
Kathanakuthala,1378,275.6,frame_001379.jpg,REVIEW,Nagabandham Augmented,8.284793903446067
Kathanakuthala,1379,275.8,frame_001380.jpg,STRONG,Nagabandham Augmented,8.29655521739023
Kathanakuthala,1380,276.0,frame_001381.jpg,STRONG,Nagabandham Augmented,8.302151785942563
Kathanakuthala,1381,276.2,frame_001382.jpg,STRONG,Nagabandham Augmented,8.2980333198066
Kathanakuthala,1382,276.4,frame_001383.jpg,STRONG,Nagabandham Augmented,8.304075460995248
Kathanakuthala,1383,276.6,frame_001384.jpg,STRONG,Nagabandham Augmented,8.30607500450684
Kathanakuthala,1384,276.8,frame_001385.jpg,STRONG,Nagabandham Augmented,8.305431060157904
Kathanakuthala,1387,277.4,frame_001388.jpg,REVIEW,Nagabandham Augmented,7.27881950862676
Kathanakuthala,1388,277.6,frame_001389.jpg,STRONG,Nagabandham Augmented,8.299605542564894
Kathanakuthala,1389,277.8,frame_001390.jpg,REVIEW,Nagabandham Augmented,8.30174178305238
Kathanakuthala,1390,278.0,frame_001391.jpg,REVIEW,Nagabandham Augmented,8.31058429248515
Kathanakuthala,1391,278.2,frame_001392.jpg,STRONG,Muzhumandi Augmented,8.287791833396936
Kathanakuthala,1392,278.4,frame_001393.jpg,STRONG,Garuda Augmented,8.293921228668788
Kathanakuthala,1393,278.6,frame_001394.jpg,STRONG,Samapadam Augmented,8.29518379031855
Kathanakuthala,1394,278.8,frame_001395.jpg,STRONG,Samapadam Augmented,8.2993836315975
Kathanakuthala,1395,279.0,frame_001396.jpg,STRONG,Samapadam Augmented,8.297152653219776
Kathanakuthala,1396,279.2,frame_001397.jpg,STRONG,Samapadam Augmented,8.302887278555342
Kathanakuthala,1397,279.4,frame_001398.jpg,STRONG,Samapadam Augmented,8.306681865229171
Kathanakuthala,1398,279.6,frame_001399.jpg,STRONG,Nagabandham Augmented,8.293382252812108
Kathanakuthala,1399,279.8,frame_001400.jpg,STRONG,Nagabandham Augmented,8.27804671056649
Kathanakuthala,1401,280.2,frame_001402.jpg,STRONG,Samapadam Augmented,8.303492484686963
Kathanakuthala,1402,280.4,frame_001403.jpg,STRONG,Samapadam Augmented,8.306670963471033
Kathanakuthala,1403,280.6,frame_001404.jpg,STRONG,Samapadam Augmented,8.300744841318588
Kathanakuthala,1404,280.8,frame_001405.jpg,STRONG,Nagabandham Augmented,8.299600153248399
Kathanakuthala,1405,281.0,frame_001406.jpg,REVIEW,Nagabandham Augmented,8.29004606538762
Kathanakuthala,1406,281.2,frame_001407.jpg,STRONG,Samapadam Augmented,8.305850263084338
Kathanakuthala,1407,281.4,frame_001408.jpg,STRONG,Samapadam Augmented,8.301734189181186
Kathanakuthala,1408,281.6,frame_001409.jpg,STRONG,Samapadam Augmented,8.3043358393266
Kathanakuthala,1409,281.8,frame_001410.jpg,REVIEW,Nagabandham Augmented,8.30234768602074
Kathanakuthala,1410,282.0,frame_001411.jpg,STRONG,Nagabandham Augmented,8.300671734376694
Kathanakuthala,1411,282.2,frame_001412.jpg,STRONG,Nagabandham Augmented,8.294833662095426
Kathanakuthala,1412,282.4,frame_001413.jpg,REVIEW,Nagabandham Augmented,8.291653910046728
Kathanakuthala,1413,282.6,frame_001414.jpg,STRONG,Nagabandham Augmented,8.28673225230608
Kathanakuthala,1414,282.8,frame_001415.jpg,STRONG,Nagabandham Augmented,8.2839890122984
Kathanakuthala,1415,283.0,frame_001416.jpg,STRONG,Nagabandham Augmented,8.297167433209607
Kathanakuthala,1416,283.2,frame_001417.jpg,STRONG,Samapadam Augmented,8.29560405891845
Kathanakuthala,1417,283.4,frame_001418.jpg,STRONG,Samapadam Augmented,8.296526064216671
Kathanakuthala,1418,283.6,frame_001419.jpg,STRONG,Garuda Augmented,8.298513322861847
Kathanakuthala,1419,283.8,frame_001420.jpg,STRONG,Garuda Augmented,8.279018741974234
Kathanakuthala,1420,284.0,frame_001421.jpg,STRONG,Samapadam Augmented,8.296482448560434
Kathanakuthala,1421,284.2,frame_001422.jpg,REVIEW,Nataraj Augmented,8.299185069780842
Kathanakuthala,1423,284.6,frame_001424.jpg,REVIEW,Nagabandham Augmented,8.306472345803463
Kathanakuthala,1424,284.8,frame_001425.jpg,REVIEW,Nagabandham Augmented,8.30422836661521
Kathanakuthala,1425,285.0,frame_001426.jpg,REVIEW,Nagabandham Augmented,8.301593933475385
Kathanakuthala,1428,285.6,frame_001429.jpg,REVIEW,Samapadam Augmented,8.306964123743573
Kathanakuthala,1429,285.8,frame_001430.jpg,STRONG,Bramha Augmented,8.285615986296657
Kathanakuthala,1430,286.0,frame_001431.jpg,REVIEW,Samapadam Augmented,8.307137009435147
Kathanakuthala,1431,286.2,frame_001432.jpg,REVIEW,Samapadam Augmented,8.305261613925909
Kathanakuthala,1461,292.2,frame_001462.jpg,REVIEW,Samapadam Augmented,8.296307494633718
Kathanakuthala,1494,298.8,frame_001495.jpg,REVIEW,Nagabandham Augmented,8.307317140459384
Kathanakuthala,1495,299.0,frame_001496.jpg,REVIEW,Nagabandham Augmented,8.308146012975598
Kathanakuthala,1498,299.6,frame_001499.jpg,REVIEW,Nagabandham Augmented,8.30219396075246
Kathanakuthala,1499,299.8,frame_001500.jpg,STRONG,Nagabandham Augmented,8.302440160764828
Kathanakuthala,1500,300.0,frame_001501.jpg,STRONG,Nagabandham Augmented,8.302270132826049
Kathanakuthala,1501,300.2,frame_001502.jpg,STRONG,Samapadam Augmented,8.2996359466301
Kathanakuthala,1502,300.4,frame_001503.jpg,STRONG,Samapadam Augmented,8.300073505959215
Kathanakuthala,1503,300.6,frame_001504.jpg,STRONG,Samapadam Augmented,8.30094616018948
Kathanakuthala,1504,300.8,frame_001505.jpg,STRONG,Samapadam Augmented,8.300905467494312
Kathanakuthala,1505,301.0,frame_001506.jpg,STRONG,Nagabandham Augmented,8.30129528560056
Kathanakuthala,1506,301.2,frame_001507.jpg,STRONG,Nagabandham Augmented,8.302216574397141
Kathanakuthala,1507,301.4,frame_001508.jpg,STRONG,Samapadam Augmented,8.30108365173732
Kathanakuthala,1508,301.6,frame_001509.jpg,STRONG,Nagabandham Augmented,8.300477045988561
Kathanakuthala,1509,301.8,frame_001510.jpg,STRONG,Nagabandham Augmented,8.300057608854546
Kathanakuthala,1510,302.0,frame_001511.jpg,STRONG,Samapadam Augmented,8.299606735635678
Kathanakuthala,1511,302.2,frame_001512.jpg,STRONG,Nagabandham Augmented,8.301252951011293
Kathanakuthala,1512,302.4,frame_001513.jpg,STRONG,Nagabandham Augmented,8.301480264079212
Kathanakuthala,1513,302.6,frame_001514.jpg,STRONG,Nagabandham Augmented,8.301476296533073
Kathanakuthala,1514,302.8,frame_001515.jpg,STRONG,Nagabandham Augmented,8.30200610161547
Kathanakuthala,1515,303.0,frame_001516.jpg,STRONG,Nagabandham Augmented,8.3015508111209
Kathanakuthala,1516,303.2,frame_001517.jpg,STRONG,Nagabandham Augmented,8.30367564402587
Kathanakuthala,1517,303.4,frame_001518.jpg,STRONG,Nagabandham Augmented,8.302970597548988
Kathanakuthala,1519,303.8,frame_001520.jpg,STRONG,Nagabandham Augmented,8.307954364648118
Kathanakuthala,1521,304.2,frame_001522.jpg,REVIEW,Nagabandham Augmented,8.305651382257532
Kathanakuthala,1522,304.4,frame_001523.jpg,STRONG,Nagabandham Augmented,8.305319734388048
Kathanakuthala,1523,304.6,frame_001524.jpg,STRONG,Nagabandham Augmented,8.307989884958726
Kathanakuthala,1524,304.8,frame_001525.jpg,REVIEW,Nagabandham Augmented,8.305646545346077
Kathanakuthala,1525,305.0,frame_001526.jpg,STRONG,Nagabandham Augmented,8.304780814153652
Kathanakuthala,1526,305.2,frame_001527.jpg,STRONG,Nagabandham Augmented,8.301652708614936
Kathanakuthala,1527,305.4,frame_001528.jpg,STRONG,Nagabandham Augmented,8.303508763105752
Kathanakuthala,1528,305.6,frame_001529.jpg,STRONG,Nagabandham Augmented,8.305951385343327
Kathanakuthala,1529,305.8,frame_001530.jpg,STRONG,Nagabandham Augmented,8.305769860356385
Kathanakuthala,1530,306.0,frame_001531.jpg,REVIEW,Nagabandham Augmented,8.304576483262197
Kathanakuthala,1531,306.2,frame_001532.jpg,STRONG,Nagabandham Augmented,8.301980868017313
Kathanakuthala,1532,306.4,frame_001533.jpg,STRONG,Nataraj Augmented,8.29720628363119
Kathanakuthala,1533,306.6,frame_001534.jpg,STRONG,Nagabandham Augmented,8.305288362867175
Kathanakuthala,1535,307.0,frame_001536.jpg,STRONG,Nagabandham Augmented,8.306235825247532
Kathanakuthala,1536,307.2,frame_001537.jpg,STRONG,Nagabandham Augmented,8.295315301768843
Kathanakuthala,1537,307.4,frame_001538.jpg,STRONG,Nagabandham Augmented,8.308854346529424
Kathanakuthala,1538,307.6,frame_001539.jpg,STRONG,Nagabandham Augmented,8.256358343768248
Kathanakuthala,1540,308.0,frame_001541.jpg,STRONG,Samapadam Augmented,8.302350940848804
Kathanakuthala,1541,308.2,frame_001542.jpg,STRONG,Nagabandham Augmented,8.30990863836035
Kathanakuthala,1542,308.4,frame_001543.jpg,STRONG,Nagabandham Augmented,8.281611767440358
Kathanakuthala,1543,308.6,frame_001544.jpg,REVIEW,Nagabandham Augmented,8.246924024780267
Kathanakuthala,1544,308.8,frame_001545.jpg,STRONG,Nagabandham Augmented,8.30003840109903
Kathanakuthala,1545,309.0,frame_001546.jpg,STRONG,Garuda Augmented,8.261377754221472
Kathanakuthala,1546,309.2,frame_001547.jpg,REVIEW,Nagabandham Augmented,8.300480451574114
Kathanakuthala,1547,309.4,frame_001548.jpg,STRONG,Nagabandham Augmented,8.305928154740872
Kathanakuthala,1548,309.6,frame_001549.jpg,REVIEW,Nagabandham Augmented,8.302784120330127
Kathanakuthala,1549,309.8,frame_001550.jpg,STRONG,Nagabandham Augmented,8.303711374329593
Kathanakuthala,1550,310.0,frame_001551.jpg,REVIEW,Nataraj Augmented,8.280950802396353
Kathanakuthala,1552,310.4,frame_001553.jpg,STRONG,Samapadam Augmented,8.287877046806315
Kathanakuthala,1553,310.6,frame_001554.jpg,STRONG,Nagabandham Augmented,8.304368653872308
Kathanakuthala,1555,311.0,frame_001556.jpg,REVIEW,Nagabandham Augmented,8.303247724220842
Kathanakuthala,1556,311.2,frame_001557.jpg,REVIEW,Nagabandham Augmented,8.297236775042371
Kathanakuthala,1557,311.4,frame_001558.jpg,REVIEW,Nagabandham Augmented,8.304545121166154
Kathanakuthala,1558,311.6,frame_001559.jpg,REVIEW,Nagabandham Augmented,8.30018064472576
Kathanakuthala,1560,312.0,frame_001561.jpg,STRONG,Garuda Augmented,7.27329123810184
Kathanakuthala,1562,312.4,frame_001563.jpg,STRONG,Samapadam Augmented,8.298969839940343
Kathanakuthala,1563,312.6,frame_001564.jpg,STRONG,Swastika Augmented,8.29545893611116
Kathanakuthala,1564,312.8,frame_001565.jpg,STRONG,Swastika Augmented,8.293236385931465
Kathanakuthala,1565,313.0,frame_001566.jpg,REVIEW,Swastika Augmented,8.289978918760138
Kathanakuthala,1566,313.2,frame_001567.jpg,STRONG,Garuda Augmented,7.2754159878734
Kathanakuthala,1568,313.6,frame_001569.jpg,STRONG,Swastika Augmented,8.293799221657359
Kathanakuthala,1569,313.8,frame_001570.jpg,REVIEW,Swastika Augmented,8.28722313893687
Kathanakuthala,1570,314.0,frame_001571.jpg,STRONG,Swastika Augmented,8.282694792624824
Kathanakuthala,1571,314.2,frame_001572.jpg,STRONG,Nagabandham Augmented,8.307285963429717
Kathanakuthala,1572,314.4,frame_001573.jpg,STRONG,Nagabandham Augmented,8.30891716600012
Kathanakuthala,1573,314.6,frame_001574.jpg,STRONG,Nagabandham Augmented,8.28095536280948
Kathanakuthala,1574,314.8,frame_001575.jpg,STRONG,Nataraj Augmented,8.286220179943745
Kathanakuthala,1575,315.0,frame_001576.jpg,STRONG,Nagabandham Augmented,8.307284522663599
Kathanakuthala,1576,315.2,frame_001577.jpg,REVIEW,Samapadam Augmented,8.2991718316741
Kathanakuthala,1577,315.4,frame_001578.jpg,STRONG,Samapadam Augmented,8.298275625342479
Kathanakuthala,1578,315.6,frame_001579.jpg,STRONG,Garuda Augmented,8.255867863288424
Kathanakuthala,1579,315.8,frame_001580.jpg,REVIEW,Nataraj Augmented,8.287275641015357
Kathanakuthala,1580,316.0,frame_001581.jpg,REVIEW,Nagabandham Augmented,8.2672015289099
Kathanakuthala,1581,316.2,frame_001582.jpg,STRONG,Garuda Augmented,8.278148925315241
Kathanakuthala,1582,316.4,frame_001583.jpg,STRONG,Nagabandham Augmented,8.297564319603456
Kathanakuthala,1583,316.6,frame_001584.jpg,STRONG,Samapadam Augmented,8.30019466771766
Kathanakuthala,1585,317.0,frame_001586.jpg,STRONG,Ardhamandalam Augmented,8.290454384057034
Kathanakuthala,1586,317.2,frame_001587.jpg,STRONG,Nagabandham Augmented,8.304002647010298
Kathanakuthala,1587,317.4,frame_001588.jpg,STRONG,Garuda Augmented,8.292006526128185
Kathanakuthala,1588,317.6,frame_001589.jpg,STRONG,Garuda Augmented,8.273908958803183
Kathanakuthala,1589,317.8,frame_001590.jpg,STRONG,Samapadam Augmented,8.300164421774763
Kathanakuthala,1590,318.0,frame_001591.jpg,REVIEW,Nagabandham Augmented,8.305885890972474
Kathanakuthala,1591,318.2,frame_001592.jpg,REVIEW,Nagabandham Augmented,8.30259666537964
Kathanakuthala,1594,318.8,frame_001595.jpg,REVIEW,Nagabandham Augmented,8.303910023067536
Kathanakuthala,1595,319.0,frame_001596.jpg,STRONG,Swastika Augmented,8.271037362594912
Kathanakuthala,1596,319.2,frame_001597.jpg,STRONG,Swastika Augmented,8.288192682191195
Kathanakuthala,1597,319.4,frame_001598.jpg,STRONG,Swastika Augmented,8.294668730057364
Kathanakuthala,1598,319.6,frame_001599.jpg,STRONG,Swastika Augmented,8.26602478835797
Kathanakuthala,1599,319.8,frame_001600.jpg,STRONG,Swastika Augmented,8.271286221842008
Kathanakuthala,1600,320.0,frame_001601.jpg,STRONG,Swastika Augmented,8.295866643503288
Kathanakuthala,1601,320.2,frame_001602.jpg,STRONG,Swastika Augmented,8.286518923076827
Kathanakuthala,1603,320.6,frame_001604.jpg,STRONG,Garuda Augmented,7.290980599729473
Kathanakuthala,1605,321.0,frame_001606.jpg,STRONG,Garuda Augmented,8.271697306538472
Kathanakuthala,1606,321.2,frame_001607.jpg,STRONG,Nagabandham Augmented,8.304337926710097
Kathanakuthala,1607,321.4,frame_001608.jpg,REVIEW,Nataraj Augmented,8.304375091422761
Kathanakuthala,1608,321.6,frame_001609.jpg,STRONG,Nagabandham Augmented,8.278095774531078
Kathanakuthala,1609,321.8,frame_001610.jpg,STRONG,Nataraj Augmented,8.27940002654958
Kathanakuthala,1610,322.0,frame_001611.jpg,STRONG,Garuda Augmented,8.237418466657564
Kathanakuthala,1611,322.2,frame_001612.jpg,STRONG,Nagabandham Augmented,8.27615664827165
Kathanakuthala,1612,322.4,frame_001613.jpg,STRONG,Nagabandham Augmented,8.280544379921999
Kathanakuthala,1615,323.0,frame_001616.jpg,STRONG,Nataraj Augmented,8.288315821451178
Kathanakuthala,1616,323.2,frame_001617.jpg,REVIEW,Garuda Augmented,8.275776392473995
Kathanakuthala,1617,323.4,frame_001618.jpg,STRONG,Nagabandham Augmented,8.294468249633203
Kathanakuthala,1618,323.6,frame_001619.jpg,REVIEW,Nagabandham Augmented,8.29454588287744
Kathanakuthala,1619,323.8,frame_001620.jpg,REVIEW,Nagabandham Augmented,8.263160060416059
Kathanakuthala,1620,324.0,frame_001621.jpg,STRONG,Nagabandham Augmented,8.288363735557974
Kathanakuthala,1621,324.2,frame_001622.jpg,STRONG,Nagabandham Augmented,8.304017554217262
Kathanakuthala,1622,324.4,frame_001623.jpg,REVIEW,Nagabandham Augmented,8.294862157517363
Kathanakuthala,1624,324.8,frame_001625.jpg,STRONG,Nagabandham Augmented,8.282553007788215
Kathanakuthala,1625,325.0,frame_001626.jpg,STRONG,Nagabandham Augmented,8.276608020130364
Kathanakuthala,1626,325.2,frame_001627.jpg,STRONG,Nagabandham Augmented,8.287784705539046
Kathanakuthala,1627,325.4,frame_001628.jpg,STRONG,Nagabandham Augmented,8.295960588814326
Kathanakuthala,1628,325.6,frame_001629.jpg,STRONG,Nataraj Augmented,8.294303019486442
Kathanakuthala,1629,325.8,frame_001630.jpg,STRONG,Samapadam Augmented,8.297738483157927
Kathanakuthala,1630,326.0,frame_001631.jpg,STRONG,Nagabandham Augmented,8.291912147291217
Kathanakuthala,1631,326.2,frame_001632.jpg,STRONG,Nagabandham Augmented,8.307014642343162
Kathanakuthala,1632,326.4,frame_001633.jpg,REVIEW,Samapadam Augmented,8.299112820756703
Kathanakuthala,1634,326.8,frame_001635.jpg,STRONG,Swastika Augmented,8.272903467976445
Kathanakuthala,1635,327.0,frame_001636.jpg,STRONG,Nagabandham Augmented,8.301802412249184
Kathanakuthala,1636,327.2,frame_001637.jpg,REVIEW,Nagabandham Augmented,8.281418607791315
Kathanakuthala,1637,327.4,frame_001638.jpg,STRONG,Nagabandham Augmented,8.289539637838246
Kathanakuthala,1638,327.6,frame_001639.jpg,STRONG,Nagabandham Augmented,8.303308202455897
Kathanakuthala,1639,327.8,frame_001640.jpg,STRONG,Nagabandham Augmented,8.303567679021878
Kathanakuthala,1640,328.0,frame_001641.jpg,STRONG,Nagabandham Augmented,8.3071961869744
Kathanakuthala,1641,328.2,frame_001642.jpg,STRONG,Nagabandham Augmented,8.29989574100658
Kathanakuthala,1642,328.4,frame_001643.jpg,STRONG,Samapadam Augmented,8.294856514885177
Kathanakuthala,1643,328.6,frame_001644.jpg,STRONG,Garuda Augmented,8.28567213769512
Kathanakuthala,1644,328.8,frame_001645.jpg,STRONG,Samapadam Augmented,8.297056411160796
Kathanakuthala,1645,329.0,frame_001646.jpg,STRONG,Swastika Augmented,8.289100846742297
Kathanakuthala,1646,329.2,frame_001647.jpg,STRONG,Muzhumandi Augmented,8.291154933417422
Kathanakuthala,1647,329.4,frame_001648.jpg,STRONG,Muzhumandi Augmented,8.285268475172352
Kathanakuthala,1648,329.6,frame_001649.jpg,STRONG,Samapadam Augmented,8.300695310986974
Kathanakuthala,1649,329.8,frame_001650.jpg,STRONG,Ardhamandalam Augmented,8.288799500972493
Kathanakuthala,1650,330.0,frame_001651.jpg,STRONG,Ardhamandalam Augmented,8.298217648646926
Kathanakuthala,1651,330.2,frame_001652.jpg,STRONG,Muzhumandi Augmented,8.28021318211926
Kathanakuthala,1652,330.4,frame_001653.jpg,STRONG,Muzhumandi Augmented,7.271597308086587
Kathanakuthala,1653,330.6,frame_001654.jpg,STRONG,Samapadam Augmented,8.291829031363118
Kathanakuthala,1654,330.8,frame_001655.jpg,STRONG,Nagabandham Augmented,8.28945237559439
Kathanakuthala,1655,331.0,frame_001656.jpg,STRONG,Nagabandham Augmented,8.289994994081638
Kathanakuthala,1656,331.2,frame_001657.jpg,STRONG,Nagabandham Augmented,8.30206924772771
Kathanakuthala,1657,331.4,frame_001658.jpg,STRONG,Nagabandham Augmented,8.303566530200328
Kathanakuthala,1658,331.6,frame_001659.jpg,STRONG,Ardhamandalam Augmented,8.280964848610608
Kathanakuthala,1659,331.8,frame_001660.jpg,STRONG,Ardhamandalam Augmented,8.294669754271387
Kathanakuthala,1660,332.0,frame_001661.jpg,STRONG,Samapadam Augmented,8.28699291444859
Kathanakuthala,1661,332.2,frame_001662.jpg,STRONG,Samapadam Augmented,8.299168096365417
Kathanakuthala,1662,332.4,frame_001663.jpg,STRONG,Nagabandham Augmented,8.299605930579231
Kathanakuthala,1663,332.6,frame_001664.jpg,REVIEW,Samapadam Augmented,8.293215606229147
Kathanakuthala,1664,332.8,frame_001665.jpg,STRONG,Swastika Augmented,8.289439082217338
Kathanakuthala,1665,333.0,frame_001666.jpg,STRONG,Swastika Augmented,8.281255850187296
Kathanakuthala,1666,333.2,frame_001667.jpg,STRONG,Swastika Augmented,8.277349660335693
Kathanakuthala,1667,333.4,frame_001668.jpg,REVIEW,Muzhumandi Augmented,8.28028702050744
Kathanakuthala,1670,334.0,frame_001671.jpg,STRONG,Nagabandham Augmented,8.295360403236636
Kathanakuthala,1671,334.2,frame_001672.jpg,STRONG,Nagabandham Augmented,8.298132867026474
Kathanakuthala,1672,334.4,frame_001673.jpg,STRONG,Swastika Augmented,8.284662101301011
Kathanakuthala,1673,334.6,frame_001674.jpg,STRONG,Swastika Augmented,8.25790505569213
Kathanakuthala,1674,334.8,frame_001675.jpg,STRONG,Nagabandham Augmented,8.256018717915913
Kathanakuthala,1675,335.0,frame_001676.jpg,REVIEW,Nagabandham Augmented,8.298815443894894
Kathanakuthala,1676,335.2,frame_001677.jpg,STRONG,Nagabandham Augmented,8.304518469264696
Kathanakuthala,1677,335.4,frame_001678.jpg,STRONG,Nagabandham Augmented,8.30719573027685
Kathanakuthala,1678,335.6,frame_001679.jpg,REVIEW,Nagabandham Augmented,8.287566821960363
Kathanakuthala,1679,335.8,frame_001680.jpg,STRONG,Nagabandham Augmented,8.3028482315143
Kathanakuthala,1680,336.0,frame_001681.jpg,STRONG,Samapadam Augmented,8.305666385749706
Kathanakuthala,1681,336.2,frame_001682.jpg,STRONG,Nagabandham Augmented,8.298698218198135
Kathanakuthala,1682,336.4,frame_001683.jpg,REVIEW,Nagabandham Augmented,8.303208912942203
Kathanakuthala,1683,336.6,frame_001684.jpg,STRONG,Nataraj Augmented,8.304520258339208
Kathanakuthala,1684,336.8,frame_001685.jpg,STRONG,Nataraj Augmented,8.30128203852506
Kathanakuthala,1685,337.0,frame_001686.jpg,STRONG,Samapadam Augmented,8.290792060056399
Kathanakuthala,1686,337.2,frame_001687.jpg,STRONG,Garuda Augmented,8.302655336427252
Kathanakuthala,1687,337.4,frame_001688.jpg,STRONG,Garuda Augmented,8.287097755632796
Kathanakuthala,1688,337.6,frame_001689.jpg,STRONG,Garuda Augmented,8.289592800884417
Kathanakuthala,1689,337.8,frame_001690.jpg,STRONG,Garuda Augmented,8.282058005663062
Kathanakuthala,1690,338.0,frame_001691.jpg,STRONG,Garuda Augmented,8.2893132610305
Kathanakuthala,1691,338.2,frame_001692.jpg,STRONG,Garuda Augmented,8.292068726807754
Kathanakuthala,1692,338.4,frame_001693.jpg,STRONG,Garuda Augmented,8.292878634409492
Kathanakuthala,1694,338.8,frame_001695.jpg,STRONG,Garuda Augmented,8.298009511594985
Kathanakuthala,1695,339.0,frame_001696.jpg,STRONG,Garuda Augmented,8.297044522343379
Kathanakuthala,1696,339.2,frame_001697.jpg,STRONG,Garuda Augmented,8.297512426070028
Kathanakuthala,1697,339.4,frame_001698.jpg,STRONG,Garuda Augmented,8.297116566949184
Kathanakuthala,1699,339.8,frame_001700.jpg,REVIEW,Garuda Augmented,8.296038432888398
Kathanakuthala,1700,340.0,frame_001701.jpg,REVIEW,Garuda Augmented,8.29434055376397
Kathanakuthala,1701,340.2,frame_001702.jpg,STRONG,Garuda Augmented,8.291897850154564
Kathanakuthala,1702,340.4,frame_001703.jpg,STRONG,Garuda Augmented,7.289866507637676
Kathanakuthala,1703,340.6,frame_001704.jpg,STRONG,Garuda Augmented,8.28365232226545
Kathanakuthala,1704,340.8,frame_001705.jpg,STRONG,Garuda Augmented,7.285774804629039
Kathanakuthala,1708,341.6,frame_001709.jpg,STRONG,Garuda Augmented,8.295147948108706
Kathanakuthala,1709,341.8,frame_001710.jpg,STRONG,Garuda Augmented,8.295729405770967
Kathanakuthala,1710,342.0,frame_001711.jpg,STRONG,Garuda Augmented,8.297590173765885
Kathanakuthala,1711,342.2,frame_001712.jpg,REVIEW,Garuda Augmented,8.298969821375428
Kathanakuthala,1713,342.6,frame_001714.jpg,REVIEW,Garuda Augmented,8.29718525977342
Kathanakuthala,1714,342.8,frame_001715.jpg,STRONG,Garuda Augmented,8.294712589303067
Kathanakuthala,1715,343.0,frame_001716.jpg,STRONG,Garuda Augmented,8.29516095049231
Kathanakuthala,1716,343.2,frame_001717.jpg,STRONG,Garuda Augmented,8.29816488364085
Kathanakuthala,1717,343.4,frame_001718.jpg,STRONG,Garuda Augmented,8.298376753547252
Kathanakuthala,1718,343.6,frame_001719.jpg,REVIEW,Garuda Augmented,8.297136537364064
Kathanakuthala,1719,343.8,frame_001720.jpg,REVIEW,Garuda Augmented,8.291233761461415
Kathanakuthala,1720,344.0,frame_001721.jpg,STRONG,Garuda Augmented,7.292403682253125
Kathanakuthala,1721,344.2,frame_001722.jpg,STRONG,Garuda Augmented,8.2703263030021
Kathanakuthala,1722,344.4,frame_001723.jpg,STRONG,Samapadam Augmented,8.289228185080797
Kathanakuthala,1723,344.6,frame_001724.jpg,REVIEW,Nataraj Augmented,8.296843236332672
Kathanakuthala,1727,345.4,frame_001728.jpg,STRONG,Nataraj Augmented,8.30053385363086
Kathanakuthala,1728,345.6,frame_001729.jpg,STRONG,Nagabandham Augmented,8.296745257561787
Kathanakuthala,1729,345.8,frame_001730.jpg,STRONG,Nagabandham Augmented,8.300386429097847
Kathanakuthala,1730,346.0,frame_001731.jpg,STRONG,Nagabandham Augmented,8.299923520997702
Kathanakuthala,1731,346.2,frame_001732.jpg,STRONG,Nagabandham Augmented,8.272079630439942
Kathanakuthala,1732,346.4,frame_001733.jpg,REVIEW,Nagabandham Augmented,8.298498099799323
Kathanakuthala,1733,346.6,frame_001734.jpg,STRONG,Nagabandham Augmented,8.302586834242025
Kathanakuthala,1734,346.8,frame_001735.jpg,STRONG,Samapadam Augmented,8.299160261389584
Kathanakuthala,1735,347.0,frame_001736.jpg,STRONG,Samapadam Augmented,8.294630138167822
Kathanakuthala,1736,347.2,frame_001737.jpg,STRONG,Nagabandham Augmented,8.30207820020852
Kathanakuthala,1737,347.4,frame_001738.jpg,REVIEW,Nagabandham Augmented,8.294580256523147
Kathanakuthala,1738,347.6,frame_001739.jpg,STRONG,Nagabandham Augmented,8.29379922744163
Kathanakuthala,1739,347.8,frame_001740.jpg,STRONG,Nagabandham Augmented,8.3018265275839
Kathanakuthala,1740,348.0,frame_001741.jpg,REVIEW,Nagabandham Augmented,8.295293517595333
Kathanakuthala,1741,348.2,frame_001742.jpg,STRONG,Nagabandham Augmented,8.303261825065327
Kathanakuthala,1742,348.4,frame_001743.jpg,STRONG,Nagabandham Augmented,8.299371628673661
Kathanakuthala,1743,348.6,frame_001744.jpg,STRONG,Samapadam Augmented,8.298217070031834
Kathanakuthala,1744,348.8,frame_001745.jpg,STRONG,Samapadam Augmented,8.302420838824768
Kathanakuthala,1745,349.0,frame_001746.jpg,STRONG,Nagabandham Augmented,8.300083080213037
Kathanakuthala,1746,349.2,frame_001747.jpg,STRONG,Nagabandham Augmented,8.293634258279594
Kathanakuthala,1747,349.4,frame_001748.jpg,REVIEW,Nagabandham Augmented,8.301214694973167
Kathanakuthala,1748,349.6,frame_001749.jpg,STRONG,Nagabandham Augmented,8.298882284944087
Kathanakuthala,1750,350.0,frame_001751.jpg,REVIEW,Nagabandham Augmented,8.30470294688537
Kathanakuthala,1751,350.2,frame_001752.jpg,STRONG,Nagabandham Augmented,8.30176356422026
Kathanakuthala,1752,350.4,frame_001753.jpg,STRONG,Nagabandham Augmented,8.302879792720606
Kathanakuthala,1753,350.6,frame_001754.jpg,STRONG,Nagabandham Augmented,8.29477284884287
Kathanakuthala,1754,350.8,frame_001755.jpg,STRONG,Nagabandham Augmented,8.303847607927159
Kathanakuthala,1755,351.0,frame_001756.jpg,STRONG,Nagabandham Augmented,8.298810810016047
Kathanakuthala,1756,351.2,frame_001757.jpg,STRONG,Nagabandham Augmented,8.278679249927547
Kathanakuthala,1757,351.4,frame_001758.jpg,STRONG,Nagabandham Augmented,8.292842639709145
Kathanakuthala,1758,351.6,frame_001759.jpg,REVIEW,Nagabandham Augmented,8.2931249069333
Kathanakuthala,1759,351.8,frame_001760.jpg,STRONG,Ardhamandalam Augmented,8.294189234939608
Kathanakuthala,1760,352.0,frame_001761.jpg,REVIEW,Nagabandham Augmented,8.300460669653512
Kathanakuthala,1761,352.2,frame_001762.jpg,STRONG,Ardhamandalam Augmented,7.285378581370963
Kathanakuthala,1762,352.4,frame_001763.jpg,REVIEW,Samapadam Augmented,7.27452690363619
Kathanakuthala,1763,352.6,frame_001764.jpg,STRONG,Garuda Augmented,8.269193282156262
Kathanakuthala,1764,352.8,frame_001765.jpg,STRONG,Nagabandham Augmented,8.276950437526903
Kathanakuthala,1765,353.0,frame_001766.jpg,STRONG,Samapadam Augmented,8.292513683952428
Kathanakuthala,1766,353.2,frame_001767.jpg,REVIEW,Samapadam Augmented,8.290209045276637
Kathanakuthala,1767,353.4,frame_001768.jpg,REVIEW,Nagabandham Augmented,8.270132187922018
Kathanakuthala,1769,353.8,frame_001770.jpg,STRONG,Nagabandham Augmented,8.295600400343488
Kathanakuthala,1770,354.0,frame_001771.jpg,STRONG,Samapadam Augmented,8.285802230402043
Kathanakuthala,1771,354.2,frame_001772.jpg,STRONG,Samapadam Augmented,8.296742841486898
Kathanakuthala,1772,354.4,frame_001773.jpg,STRONG,Nagabandham Augmented,8.294953757843503
Kathanakuthala,1773,354.6,frame_001774.jpg,STRONG,Nagabandham Augmented,8.293080811203005
Kathanakuthala,1774,354.8,frame_001775.jpg,STRONG,Nagabandham Augmented,8.289365369542654
Kathanakuthala,1775,355.0,frame_001776.jpg,REVIEW,Samapadam Augmented,8.289888922224248
Kathanakuthala,1777,355.4,frame_001778.jpg,STRONG,Garuda Augmented,8.277461369411302
Kathanakuthala,1781,356.2,frame_001782.jpg,REVIEW,Garuda Augmented,7.245751025565904
Kathanakuthala,1782,356.4,frame_001783.jpg,STRONG,Garuda Augmented,8.28196780276865
Kathanakuthala,1785,357.0,frame_001786.jpg,REVIEW,Muzhumandi Augmented,7.280805872303259
Kathanakuthala,1786,357.2,frame_001787.jpg,REVIEW,Samapadam Augmented,8.283813272889848
Kathanakuthala,1787,357.4,frame_001788.jpg,REVIEW,Samapadam Augmented,8.291927787950312
Kathanakuthala,1788,357.6,frame_001789.jpg,REVIEW,Samapadam Augmented,8.295409927629509
Kathanakuthala,1792,358.4,frame_001793.jpg,REVIEW,Muzhumandi Augmented,8.29658782831631
Kathanakuthala,1798,359.6,frame_001799.jpg,REVIEW,Swastika Augmented,8.28203687810526
Kathanakuthala,1800,360.0,frame_001801.jpg,STRONG,Garuda Augmented,8.29825302345748
Kathanakuthala,1801,360.2,frame_001802.jpg,STRONG,Muzhumandi Augmented,8.29167803130945
Kathanakuthala,1802,360.4,frame_001803.jpg,STRONG,Muzhumandi Augmented,8.288624663487923
Kathanakuthala,1803,360.6,frame_001804.jpg,STRONG,Muzhumandi Augmented,8.301825647144618
Kathanakuthala,1804,360.8,frame_001805.jpg,STRONG,Muzhumandi Augmented,8.293803859711144
Kathanakuthala,1805,361.0,frame_001806.jpg,STRONG,Nataraj Augmented,8.282360794113565
Kathanakuthala,1806,361.2,frame_001807.jpg,STRONG,Nataraj Augmented,8.298944387881422
Kathanakuthala,1807,361.4,frame_001808.jpg,STRONG,Nataraj Augmented,8.303099908368395
Kathanakuthala,1808,361.6,frame_001809.jpg,REVIEW,Nataraj Augmented,8.2942210820266
Kathanakuthala,1809,361.8,frame_001810.jpg,REVIEW,Ardhamandalam Augmented,8.30093462840713
Kathanakuthala,1810,362.0,frame_001811.jpg,REVIEW,Nataraj Augmented,8.304712707541809
Kathanakuthala,1811,362.2,frame_001812.jpg,STRONG,Nagabandham Augmented,8.301381387373373
Kathanakuthala,1812,362.4,frame_001813.jpg,STRONG,Nataraj Augmented,8.302799072046218
Kathanakuthala,1813,362.6,frame_001814.jpg,STRONG,Samapadam Augmented,8.287482467561466
Kathanakuthala,1814,362.8,frame_001815.jpg,STRONG,Samapadam Augmented,8.291445039781754
Kathanakuthala,1816,363.2,frame_001817.jpg,REVIEW,Samapadam Augmented,8.294794202265585
Kathanakuthala,1817,363.4,frame_001818.jpg,STRONG,Samapadam Augmented,8.294596601286468
Kathanakuthala,1818,363.6,frame_001819.jpg,STRONG,Garuda Augmented,7.273559666178542
Kathanakuthala,1819,363.8,frame_001820.jpg,STRONG,Samapadam Augmented,8.301237837002246
Kathanakuthala,1820,364.0,frame_001821.jpg,STRONG,Nagabandham Augmented,7.275464075944239
Kathanakuthala,1821,364.2,frame_001822.jpg,STRONG,Garuda Augmented,8.287492027263127
Kathanakuthala,1822,364.4,frame_001823.jpg,STRONG,Ardhamandalam Augmented,8.267899861795549
Kathanakuthala,1823,364.6,frame_001824.jpg,STRONG,Garuda Augmented,8.295223530995493
Kathanakuthala,1824,364.8,frame_001825.jpg,STRONG,Nagabandham Augmented,8.281509840304789
Kathanakuthala,1825,365.0,frame_001826.jpg,STRONG,Samapadam Augmented,8.291302741418953
Kathanakuthala,1826,365.2,frame_001827.jpg,STRONG,Samapadam Augmented,8.291946877898202
Kathanakuthala,1827,365.4,frame_001828.jpg,STRONG,Samapadam Augmented,8.29921911193194
Kathanakuthala,1828,365.6,frame_001829.jpg,STRONG,Nagabandham Augmented,8.302324336041265
Kathanakuthala,1829,365.8,frame_001830.jpg,STRONG,Nagabandham Augmented,8.30364061575461
Kathanakuthala,1830,366.0,frame_001831.jpg,STRONG,Samapadam Augmented,8.308329520554162
Kathanakuthala,1831,366.2,frame_001832.jpg,STRONG,Nagabandham Augmented,8.302109676269612
Kathanakuthala,1832,366.4,frame_001833.jpg,STRONG,Samapadam Augmented,8.304048931503509
Kathanakuthala,1833,366.6,frame_001834.jpg,STRONG,Samapadam Augmented,8.300416840653044
Kathanakuthala,1836,367.2,frame_001837.jpg,STRONG,Swastika Augmented,8.284161928706485
Kathanakuthala,1837,367.4,frame_001838.jpg,STRONG,Swastika Augmented,8.290164718681089
Kathanakuthala,1838,367.6,frame_001839.jpg,STRONG,Swastika Augmented,8.26652429525414
Kathanakuthala,1839,367.8,frame_001840.jpg,REVIEW,Swastika Augmented,8.253113104817032
Kathanakuthala,1840,368.0,frame_001841.jpg,STRONG,Swastika Augmented,8.257455293531066
Kathanakuthala,1841,368.2,frame_001842.jpg,STRONG,Nataraj Augmented,8.279641752918947
Kathanakuthala,1842,368.4,frame_001843.jpg,REVIEW,Nataraj Augmented,8.286288606987172
Kathanakuthala,1843,368.6,frame_001844.jpg,REVIEW,Swastika Augmented,8.279990938007485
Kathanakuthala,1844,368.8,frame_001845.jpg,REVIEW,Swastika Augmented,8.268443135682208
Kathanakuthala,1845,369.0,frame_001846.jpg,REVIEW,Swastika Augmented,8.274857924102196
Kathanakuthala,1846,369.2,frame_001847.jpg,REVIEW,Swastika Augmented,8.273291671314063
Kathanakuthala,1847,369.4,frame_001848.jpg,REVIEW,Swastika Augmented,8.263331397286832
Kathanakuthala,1848,369.6,frame_001849.jpg,REVIEW,Garuda Augmented,8.290824904591178
Kathanakuthala,1849,369.8,frame_001850.jpg,REVIEW,Nataraj Augmented,8.291067497996178
Kathanakuthala,1850,370.0,frame_001851.jpg,REVIEW,Nataraj Augmented,8.280293948447191
Kathanakuthala,1851,370.2,frame_001852.jpg,REVIEW,Nataraj Augmented,8.286355359676731
Kathanakuthala,1852,370.4,frame_001853.jpg,REVIEW,Garuda Augmented,8.280670156760337
Kathanakuthala,1853,370.6,frame_001854.jpg,REVIEW,Garuda Augmented,8.279286371441067
Kathanakuthala,1855,371.0,frame_001856.jpg,REVIEW,Garuda Augmented,8.267568136522693
Kathanakuthala,1857,371.4,frame_001858.jpg,REVIEW,Prenkhana Augmented,8.26333434140611
Kathanakuthala,1858,371.6,frame_001859.jpg,REVIEW,Prenkhana Augmented,8.28119076586904
Kathanakuthala,1860,372.0,frame_001861.jpg,REVIEW,Prenkhana Augmented,8.25716722065012
Kathanakuthala,1861,372.2,frame_001862.jpg,REVIEW,Nagabandham Augmented,8.272134610348633
Kathanakuthala,1862,372.4,frame_001863.jpg,REVIEW,Garuda Augmented,7.23917955611088
Kathanakuthala,1863,372.6,frame_001864.jpg,REVIEW,Nagabandham Augmented,8.232575019863503
Kathanakuthala,1864,372.8,frame_001865.jpg,STRONG,Nagabandham Augmented,8.269301882267538
Kathanakuthala,1865,373.0,frame_001866.jpg,REVIEW,Nagabandham Augmented,7.267708181834479
Kathanakuthala,1866,373.2,frame_001867.jpg,STRONG,Nagabandham Augmented,8.274393918466673
Kathanakuthala,1867,373.4,frame_001868.jpg,REVIEW,Nagabandham Augmented,8.258812272507553
Kathanakuthala,1868,373.6,frame_001869.jpg,REVIEW,Nagabandham Augmented,7.269870150662958
Kathanakuthala,1869,373.8,frame_001870.jpg,STRONG,Nagabandham Augmented,8.28857675187564
Kathanakuthala,1871,374.2,frame_001872.jpg,STRONG,Nagabandham Augmented,8.279659683708163
Kathanakuthala,1872,374.4,frame_001873.jpg,STRONG,Nagabandham Augmented,8.285109060173625
Sakshi,1,0.2,frame_000002.jpg,REVIEW,Nagabandham Augmented,8.295272661815961
Sakshi,2,0.4,frame_000003.jpg,REVIEW,Nagabandham Augmented,8.294150918842542
Sakshi,8,1.6,frame_000009.jpg,STRONG,Nagabandham Augmented,8.310767004917498
Sakshi,49,9.8,frame_000050.jpg,STRONG,Nagabandham Augmented,8.305923666976774
Sakshi,67,13.4,frame_000068.jpg,REVIEW,Ardhamandalam Augmented,8.293207199415594
Sakshi,69,13.8,frame_000070.jpg,REVIEW,Nagabandham Augmented,8.296967377190924
Sakshi,70,14.0,frame_000071.jpg,REVIEW,Nagabandham Augmented,8.296581510556194
Sakshi,71,14.2,frame_000072.jpg,REVIEW,Nagabandham Augmented,8.301696465578619
Sakshi,75,15.0,frame_000076.jpg,REVIEW,Ardhamandalam Augmented,8.295958511094101
Sakshi,76,15.2,frame_000077.jpg,REVIEW,Ardhamandalam Augmented,8.29162903654739
Sakshi,83,16.6,frame_000084.jpg,STRONG,Nagabandham Augmented,8.291839278443089
Sakshi,84,16.8,frame_000085.jpg,REVIEW,Nataraj Augmented,8.301087656335476
Sakshi,126,25.2,frame_000127.jpg,REVIEW,Nataraj Augmented,8.300615011078081
Sakshi,158,31.6,frame_000159.jpg,REVIEW,Nagabandham Augmented,8.304511634849273
Sakshi,159,31.8,frame_000160.jpg,REVIEW,Nagabandham Augmented,8.304188852288336
Sakshi,162,32.4,frame_000163.jpg,REVIEW,Nagabandham Augmented,8.306251089936719
Sakshi,164,32.8,frame_000165.jpg,REVIEW,Nagabandham Augmented,8.302561927001715
Sakshi,165,33.0,frame_000166.jpg,REVIEW,Nagabandham Augmented,8.302222197865412
Sakshi,166,33.2,frame_000167.jpg,REVIEW,Nagabandham Augmented,8.304241997412035
Sakshi,167,33.4,frame_000168.jpg,REVIEW,Nagabandham Augmented,8.303735047315039
Sakshi,169,33.8,frame_000170.jpg,REVIEW,Nagabandham Augmented,8.303285203546306
Sakshi,170,34.0,frame_000171.jpg,REVIEW,Nagabandham Augmented,8.304680678816002
Sakshi,172,34.4,frame_000173.jpg,REVIEW,Nagabandham Augmented,8.30556119711727
Sakshi,173,34.6,frame_000174.jpg,REVIEW,Nagabandham Augmented,8.30682143094193
Sakshi,174,34.8,frame_000175.jpg,REVIEW,Nagabandham Augmented,8.306710598249495
Sakshi,175,35.0,frame_000176.jpg,REVIEW,Nagabandham Augmented,8.303425409457265
Sakshi,176,35.2,frame_000177.jpg,REVIEW,Nagabandham Augmented,8.302926945904561
Sakshi,177,35.4,frame_000178.jpg,REVIEW,Nagabandham Augmented,8.300693791456569
Sakshi,178,35.6,frame_000179.jpg,REVIEW,Nagabandham Augmented,8.306136822603401
Sakshi,179,35.8,frame_000180.jpg,REVIEW,Nagabandham Augmented,8.301777869745102
Sakshi,180,36.0,frame_000181.jpg,REVIEW,Nagabandham Augmented,8.301326317727094
Sakshi,181,36.2,frame_000182.jpg,REVIEW,Nagabandham Augmented,8.303148001964583
Sakshi,182,36.4,frame_000183.jpg,REVIEW,Nagabandham Augmented,8.302682313439197
Sakshi,183,36.6,frame_000184.jpg,REVIEW,Nagabandham Augmented,8.303025310977803
Sakshi,184,36.8,frame_000185.jpg,REVIEW,Nagabandham Augmented,8.299138205216016
Sakshi,185,37.0,frame_000186.jpg,REVIEW,Nagabandham Augmented,8.30692656393871
Sakshi,186,37.2,frame_000187.jpg,REVIEW,Nagabandham Augmented,8.303811857269492
Sakshi,190,38.0,frame_000191.jpg,REVIEW,Nagabandham Augmented,8.304146129049082
Sakshi,192,38.4,frame_000193.jpg,REVIEW,Nagabandham Augmented,8.305560405454465
Sakshi,193,38.6,frame_000194.jpg,REVIEW,Nagabandham Augmented,8.299137763987614
Sakshi,196,39.2,frame_000197.jpg,REVIEW,Nagabandham Augmented,8.298971641094987
Sakshi,198,39.6,frame_000199.jpg,REVIEW,Nagabandham Augmented,8.30377148668988
Sakshi,199,39.8,frame_000200.jpg,REVIEW,Nagabandham Augmented,8.301671073283833
Sakshi,201,40.2,frame_000202.jpg,REVIEW,Nagabandham Augmented,8.301113424363688
Sakshi,203,40.6,frame_000204.jpg,REVIEW,Nagabandham Augmented,8.305708190086301
Sakshi,204,40.8,frame_000205.jpg,REVIEW,Nagabandham Augmented,8.303286050176661
Sakshi,205,41.0,frame_000206.jpg,REVIEW,Nagabandham Augmented,8.301971479544902
Sakshi,206,41.2,frame_000207.jpg,REVIEW,Nagabandham Augmented,8.306475146077721
Sakshi,207,41.4,frame_000208.jpg,REVIEW,Nagabandham Augmented,8.302782791583939
Sakshi,208,41.6,frame_000209.jpg,REVIEW,Nagabandham Augmented,8.297023568547678
Sakshi,209,41.8,frame_000210.jpg,REVIEW,Nagabandham Augmented,8.305794043510073
Sakshi,210,42.0,frame_000211.jpg,REVIEW,Nagabandham Augmented,8.299088223472976
Sakshi,211,42.2,frame_000212.jpg,REVIEW,Nagabandham Augmented,8.303164928110261
Sakshi,214,42.8,frame_000215.jpg,REVIEW,Nagabandham Augmented,8.307287432125875
Sakshi,215,43.0,frame_000216.jpg,REVIEW,Nagabandham Augmented,8.299068395692942
Sakshi,219,43.8,frame_000220.jpg,REVIEW,Nagabandham Augmented,8.306086537728058
Sakshi,220,44.0,frame_000221.jpg,REVIEW,Nagabandham Augmented,8.302968510349917
Sakshi,223,44.6,frame_000224.jpg,REVIEW,Nagabandham Augmented,8.30094150582587
Sakshi,224,44.8,frame_000225.jpg,REVIEW,Nagabandham Augmented,8.29666515210712
Sakshi,226,45.2,frame_000227.jpg,REVIEW,Nagabandham Augmented,8.298696552650469
Sakshi,232,46.4,frame_000233.jpg,REVIEW,Nagabandham Augmented,8.306327110858321
Sakshi,233,46.6,frame_000234.jpg,REVIEW,Nagabandham Augmented,8.30684874633695
Sakshi,237,47.4,frame_000238.jpg,REVIEW,Samapadam Augmented,8.303365295944232
Sakshi,238,47.6,frame_000239.jpg,REVIEW,Samapadam Augmented,8.301244013514685
Sakshi,239,47.8,frame_000240.jpg,STRONG,Samapadam Augmented,8.29360544337672
Sakshi,240,48.0,frame_000241.jpg,REVIEW,Samapadam Augmented,8.284760475645694
Sakshi,241,48.2,frame_000242.jpg,STRONG,Nagabandham Augmented,8.298075728460253
Sakshi,242,48.4,frame_000243.jpg,STRONG,Samapadam Augmented,8.300200178934784
Sakshi,243,48.6,frame_000244.jpg,STRONG,Nagabandham Augmented,8.305802875747505
Sakshi,244,48.8,frame_000245.jpg,STRONG,Samapadam Augmented,8.303584584789053
Sakshi,245,49.0,frame_000246.jpg,STRONG,Samapadam Augmented,8.30211821948039
Sakshi,246,49.2,frame_000247.jpg,STRONG,Samapadam Augmented,8.295195183538551
Sakshi,247,49.4,frame_000248.jpg,STRONG,Samapadam Augmented,8.29525593081126
Sakshi,248,49.6,frame_000249.jpg,STRONG,Samapadam Augmented,8.302200338499052
Sakshi,249,49.8,frame_000250.jpg,STRONG,Samapadam Augmented,8.302260498184472
Sakshi,250,50.0,frame_000251.jpg,STRONG,Samapadam Augmented,8.304845405677145
Sakshi,251,50.2,frame_000252.jpg,REVIEW,Samapadam Augmented,8.305202424668494
Sakshi,252,50.4,frame_000253.jpg,REVIEW,Nagabandham Augmented,8.304307207851757
Sakshi,253,50.6,frame_000254.jpg,REVIEW,Nagabandham Augmented,8.307043214791113
Sakshi,257,51.4,frame_000258.jpg,REVIEW,Ardhamandalam Augmented,8.2688330980906
Sakshi,258,51.6,frame_000259.jpg,REVIEW,Nagabandham Augmented,8.29796137162357
Sakshi,259,51.8,frame_000260.jpg,REVIEW,Nagabandham Augmented,8.291180095967738
Sakshi,260,52.0,frame_000261.jpg,REVIEW,Nataraj Augmented,8.286553634866081
Sakshi,261,52.2,frame_000262.jpg,REVIEW,Nagabandham Augmented,8.292546853947803
Sakshi,262,52.4,frame_000263.jpg,REVIEW,Nataraj Augmented,8.289963358431073
Sakshi,263,52.6,frame_000264.jpg,REVIEW,Nagabandham Augmented,8.290101157601319
Sakshi,264,52.8,frame_000265.jpg,REVIEW,Nagabandham Augmented,8.287528692970222
Sakshi,273,54.6,frame_000274.jpg,REVIEW,Ardhamandalam Augmented,7.277527365714837
Sakshi,274,54.8,frame_000275.jpg,REVIEW,Nagabandham Augmented,8.289784486690817
Sakshi,275,55.0,frame_000276.jpg,REVIEW,Nagabandham Augmented,8.280362679884236
Sakshi,276,55.2,frame_000277.jpg,REVIEW,Nataraj Augmented,8.284976643106015
Sakshi,278,55.6,frame_000279.jpg,REVIEW,Nataraj Augmented,8.280487354786388
Sakshi,279,55.8,frame_000280.jpg,REVIEW,Nagabandham Augmented,8.28734306991788
Sakshi,280,56.0,frame_000281.jpg,STRONG,Nataraj Augmented,8.293516760203408
Sakshi,281,56.2,frame_000282.jpg,REVIEW,Nataraj Augmented,8.285853526113197
Sakshi,282,56.4,frame_000283.jpg,REVIEW,Nataraj Augmented,8.28592866649126
Sakshi,283,56.6,frame_000284.jpg,REVIEW,Nagabandham Augmented,8.288295627527246
Sakshi,284,56.8,frame_000285.jpg,REVIEW,Nataraj Augmented,8.295946759917694
Sakshi,285,57.0,frame_000286.jpg,REVIEW,Nataraj Augmented,8.292127929024481
Sakshi,286,57.2,frame_000287.jpg,REVIEW,Nataraj Augmented,8.296327937154487
Sakshi,288,57.6,frame_000289.jpg,REVIEW,Nagabandham Augmented,8.289785818155808
Sakshi,289,57.8,frame_000290.jpg,REVIEW,Nagabandham Augmented,8.286102228189359
Sakshi,290,58.0,frame_000291.jpg,STRONG,Nataraj Augmented,8.293741621645612
Sakshi,291,58.2,frame_000292.jpg,REVIEW,Nagabandham Augmented,8.284502873575462
Sakshi,292,58.4,frame_000293.jpg,REVIEW,Nagabandham Augmented,8.296333323045562
Sakshi,293,58.6,frame_000294.jpg,STRONG,Nagabandham Augmented,8.297879442623778
Sakshi,294,58.8,frame_000295.jpg,REVIEW,Nagabandham Augmented,8.286643365497616
Sakshi,295,59.0,frame_000296.jpg,REVIEW,Nataraj Augmented,8.28267827784736
Sakshi,296,59.2,frame_000297.jpg,REVIEW,Nataraj Augmented,8.28377488484527
Sakshi,297,59.4,frame_000298.jpg,REVIEW,Nataraj Augmented,8.287737115703026
Sakshi,298,59.6,frame_000299.jpg,REVIEW,Nataraj Augmented,8.288707664493309
Sakshi,299,59.8,frame_000300.jpg,REVIEW,Nagabandham Augmented,8.289036157397971
Sakshi,300,60.0,frame_000301.jpg,REVIEW,Nagabandham Augmented,8.291033954231873
Sakshi,301,60.2,frame_000302.jpg,REVIEW,Nataraj Augmented,8.2880319551993
Sakshi,302,60.4,frame_000303.jpg,REVIEW,Nagabandham Augmented,8.288026966196744
Sakshi,303,60.6,frame_000304.jpg,REVIEW,Nataraj Augmented,8.288782103799553
Sakshi,304,60.8,frame_000305.jpg,REVIEW,Nagabandham Augmented,8.285508380651207
Sakshi,305,61.0,frame_000306.jpg,STRONG,Nataraj Augmented,8.300267482538366
Sakshi,306,61.2,frame_000307.jpg,REVIEW,Nataraj Augmented,8.29281974123455
Sakshi,307,61.4,frame_000308.jpg,REVIEW,Nataraj Augmented,8.284071794737322
Sakshi,308,61.6,frame_000309.jpg,REVIEW,Nataraj Augmented,8.283751646912219
Sakshi,309,61.8,frame_000310.jpg,REVIEW,Nagabandham Augmented,8.295163866585757
Sakshi,310,62.0,frame_000311.jpg,REVIEW,Nagabandham Augmented,8.290639302314872
Sakshi,311,62.2,frame_000312.jpg,REVIEW,Nagabandham Augmented,8.28946200885785
Sakshi,312,62.4,frame_000313.jpg,REVIEW,Nagabandham Augmented,8.285266218710117
Sakshi,313,62.6,frame_000314.jpg,REVIEW,Nataraj Augmented,8.284057273697115
Sakshi,314,62.8,frame_000315.jpg,REVIEW,Nagabandham Augmented,8.28460717205449
Sakshi,315,63.0,frame_000316.jpg,REVIEW,Nagabandham Augmented,8.28386138806706
Sakshi,316,63.2,frame_000317.jpg,REVIEW,Nagabandham Augmented,8.29040406739392
Sakshi,317,63.4,frame_000318.jpg,REVIEW,Nagabandham Augmented,8.28527663541332
Sakshi,318,63.6,frame_000319.jpg,REVIEW,Nagabandham Augmented,8.287724349871137
Sakshi,319,63.8,frame_000320.jpg,STRONG,Nagabandham Augmented,8.28695404003188
Sakshi,320,64.0,frame_000321.jpg,REVIEW,Nagabandham Augmented,8.286606368510466
Sakshi,321,64.2,frame_000322.jpg,REVIEW,Nataraj Augmented,8.28420478995079
Sakshi,322,64.4,frame_000323.jpg,REVIEW,Nataraj Augmented,8.286022073905084
Sakshi,323,64.6,frame_000324.jpg,REVIEW,Nataraj Augmented,8.288881358280724
Sakshi,324,64.8,frame_000325.jpg,REVIEW,Nagabandham Augmented,8.286945727357828
Sakshi,325,65.0,frame_000326.jpg,REVIEW,Ardhamandalam Augmented,7.279580183885534
Sakshi,326,65.2,frame_000327.jpg,REVIEW,Ardhamandalam Augmented,8.284512999984827
Sakshi,327,65.4,frame_000328.jpg,REVIEW,Ardhamandalam Augmented,7.280750801649869
Sakshi,328,65.6,frame_000329.jpg,REVIEW,Ardhamandalam Augmented,8.282813624290794
Sakshi,329,65.8,frame_000330.jpg,REVIEW,Ardhamandalam Augmented,7.2784887874742505
Sakshi,330,66.0,frame_000331.jpg,REVIEW,Ardhamandalam Augmented,8.286623497036205
Sakshi,331,66.2,frame_000332.jpg,REVIEW,Ardhamandalam Augmented,7.282478793830105
Sakshi,332,66.4,frame_000333.jpg,REVIEW,Nataraj Augmented,8.282801349034449
Sakshi,333,66.6,frame_000334.jpg,REVIEW,Ardhamandalam Augmented,7.279210322618204
Sakshi,334,66.8,frame_000335.jpg,REVIEW,Ardhamandalam Augmented,7.276847952081239
Sakshi,335,67.0,frame_000336.jpg,REVIEW,Ardhamandalam Augmented,7.279293527097298
Sakshi,336,67.2,frame_000337.jpg,REVIEW,Ardhamandalam Augmented,7.2892095682208
Sakshi,337,67.4,frame_000338.jpg,REVIEW,Ardhamandalam Augmented,8.288247087382732
Sakshi,338,67.6,frame_000339.jpg,REVIEW,Ardhamandalam Augmented,7.2820200840970415
Sakshi,339,67.8,frame_000340.jpg,REVIEW,Ardhamandalam Augmented,7.291191532465732
Sakshi,340,68.0,frame_000341.jpg,REVIEW,Ardhamandalam Augmented,7.2814222640449415
Sakshi,341,68.2,frame_000342.jpg,STRONG,Nagabandham Augmented,8.292439971730616
Sakshi,342,68.4,frame_000343.jpg,STRONG,Nagabandham Augmented,8.292879047116678
Sakshi,343,68.6,frame_000344.jpg,REVIEW,Ardhamandalam Augmented,7.2827506104755715
Sakshi,344,68.8,frame_000345.jpg,STRONG,Nagabandham Augmented,8.292331184386999
Sakshi,345,69.0,frame_000346.jpg,REVIEW,Nagabandham Augmented,8.288565044254693
Sakshi,346,69.2,frame_000347.jpg,STRONG,Nagabandham Augmented,8.291165890905512
Sakshi,347,69.4,frame_000348.jpg,REVIEW,Ardhamandalam Augmented,7.2835208930970765
Sakshi,348,69.6,frame_000349.jpg,REVIEW,Ardhamandalam Augmented,7.280820876049171
Sakshi,349,69.8,frame_000350.jpg,REVIEW,Nataraj Augmented,8.29379503428749
Sakshi,351,70.2,frame_000352.jpg,REVIEW,Nagabandham Augmented,8.29012603876246
Sakshi,352,70.4,frame_000353.jpg,REVIEW,Nagabandham Augmented,8.29461542600564
Sakshi,353,70.6,frame_000354.jpg,STRONG,Nagabandham Augmented,8.288582130823263
Sakshi,354,70.8,frame_000355.jpg,STRONG,Nagabandham Augmented,8.291405513443543
Sakshi,355,71.0,frame_000356.jpg,STRONG,Nagabandham Augmented,8.286342869204603
Sakshi,356,71.2,frame_000357.jpg,STRONG,Nataraj Augmented,8.285584889177473
Sakshi,357,71.4,frame_000358.jpg,STRONG,Nagabandham Augmented,8.29585751157585
Sakshi,358,71.6,frame_000359.jpg,STRONG,Nagabandham Augmented,8.298219861622478
Sakshi,359,71.8,frame_000360.jpg,STRONG,Nagabandham Augmented,8.294188518635055
Sakshi,360,72.0,frame_000361.jpg,STRONG,Nagabandham Augmented,8.290460715321533
Sakshi,361,72.2,frame_000362.jpg,STRONG,Nataraj Augmented,8.286126497864434
Sakshi,362,72.4,frame_000363.jpg,STRONG,Nagabandham Augmented,8.284013999922086
Sakshi,363,72.6,frame_000364.jpg,STRONG,Nagabandham Augmented,8.291390258311125
Sakshi,364,72.8,frame_000365.jpg,STRONG,Nagabandham Augmented,8.2923057003041
Sakshi,365,73.0,frame_000366.jpg,STRONG,Nagabandham Augmented,8.29040359586001
Sakshi,366,73.2,frame_000367.jpg,STRONG,Nagabandham Augmented,8.290862626702376
Sakshi,367,73.4,frame_000368.jpg,STRONG,Nagabandham Augmented,8.295485292006168
Sakshi,368,73.6,frame_000369.jpg,STRONG,Nagabandham Augmented,8.294277283704758
Sakshi,369,73.8,frame_000370.jpg,STRONG,Nataraj Augmented,8.29475477050437
Sakshi,370,74.0,frame_000371.jpg,STRONG,Nataraj Augmented,8.29559287765202
Sakshi,371,74.2,frame_000372.jpg,STRONG,Nagabandham Augmented,8.294615462867375
Sakshi,372,74.4,frame_000373.jpg,STRONG,Nataraj Augmented,8.288617387362052
Sakshi,373,74.6,frame_000374.jpg,STRONG,Samapadam Augmented,8.29313582769105
Sakshi,374,74.8,frame_000375.jpg,STRONG,Nagabandham Augmented,7.288570919281194
Sakshi,375,75.0,frame_000376.jpg,STRONG,Nagabandham Augmented,8.280215617820408
Sakshi,377,75.4,frame_000378.jpg,REVIEW,Nataraj Augmented,8.28999869301157
Sakshi,378,75.6,frame_000379.jpg,STRONG,Samapadam Augmented,8.297532640069234
Sakshi,379,75.8,frame_000380.jpg,STRONG,Garuda Augmented,8.300448326040556
Sakshi,380,76.0,frame_000381.jpg,STRONG,Garuda Augmented,7.291649327650329
Sakshi,381,76.2,frame_000382.jpg,STRONG,Garuda Augmented,8.294413820674892
Sakshi,382,76.4,frame_000383.jpg,STRONG,Nataraj Augmented,8.280881716059788
Sakshi,383,76.6,frame_000384.jpg,STRONG,Garuda Augmented,8.297692612409827
Sakshi,384,76.8,frame_000385.jpg,REVIEW,Garuda Augmented,8.299558082741012
Sakshi,385,77.0,frame_000386.jpg,STRONG,Garuda Augmented,8.293547749400224
Sakshi,388,77.6,frame_000389.jpg,REVIEW,Garuda Augmented,8.283170160217018
Sakshi,392,78.4,frame_000393.jpg,REVIEW,Nataraj Augmented,8.268057380155785
Sakshi,401,80.2,frame_000402.jpg,REVIEW,Garuda Augmented,8.276751520888103
Sakshi,402,80.4,frame_000403.jpg,STRONG,Garuda Augmented,8.26458893482594
Sakshi,409,81.8,frame_000410.jpg,STRONG,Nataraj Augmented,8.289408084111464
Sakshi,411,82.2,frame_000412.jpg,STRONG,Garuda Augmented,8.29546037272164
Sakshi,412,82.4,frame_000413.jpg,STRONG,Garuda Augmented,8.277136145424882
Sakshi,413,82.6,frame_000414.jpg,STRONG,Samapadam Augmented,8.288246433466178
Sakshi,414,82.8,frame_000415.jpg,STRONG,Nataraj Augmented,8.27860039060573
Sakshi,415,83.0,frame_000416.jpg,STRONG,Nataraj Augmented,8.279719646646942
Sakshi,418,83.6,frame_000419.jpg,REVIEW,Nataraj Augmented,8.286868941008898
Sakshi,423,84.6,frame_000424.jpg,STRONG,Samapadam Augmented,8.292820353657131
Sakshi,424,84.8,frame_000425.jpg,STRONG,Samapadam Augmented,8.291570738980809
Sakshi,425,85.0,frame_000426.jpg,STRONG,Nataraj Augmented,8.277080158404432
Sakshi,426,85.2,frame_000427.jpg,STRONG,Samapadam Augmented,8.297169631145579
Sakshi,427,85.4,frame_000428.jpg,REVIEW,Garuda Augmented,8.295677964233562
Sakshi,428,85.6,frame_000429.jpg,STRONG,Muzhumandi Augmented,8.281181005006461
Sakshi,429,85.8,frame_000430.jpg,REVIEW,Garuda Augmented,8.29637213902685
Sakshi,430,86.0,frame_000431.jpg,STRONG,Nataraj Augmented,8.287012447274321
Sakshi,431,86.2,frame_000432.jpg,STRONG,Muzhumandi Augmented,8.289833455225644
Sakshi,432,86.4,frame_000433.jpg,STRONG,Muzhumandi Augmented,8.293562979999693
Sakshi,433,86.6,frame_000434.jpg,STRONG,Samapadam Augmented,8.294473485307218
Sakshi,434,86.8,frame_000435.jpg,STRONG,Swastika Augmented,8.273259400904182
Sakshi,435,87.0,frame_000436.jpg,STRONG,Nataraj Augmented,8.291413282327646
Sakshi,436,87.2,frame_000437.jpg,STRONG,Swastika Augmented,8.275992778205328
Sakshi,437,87.4,frame_000438.jpg,STRONG,Swastika Augmented,8.279899029769064
Sakshi,438,87.6,frame_000439.jpg,STRONG,Swastika Augmented,8.274802507681272
Sakshi,439,87.8,frame_000440.jpg,STRONG,Nataraj Augmented,8.282647606113725
Sakshi,440,88.0,frame_000441.jpg,STRONG,Nataraj Augmented,8.278017165732754
Sakshi,441,88.2,frame_000442.jpg,STRONG,Nataraj Augmented,8.270764271429163
Sakshi,442,88.4,frame_000443.jpg,STRONG,Nataraj Augmented,8.279209115496245
Sakshi,443,88.6,frame_000444.jpg,STRONG,Nataraj Augmented,8.285607343456011
Sakshi,444,88.8,frame_000445.jpg,STRONG,Nataraj Augmented,8.290010415974137
Sakshi,445,89.0,frame_000446.jpg,STRONG,Nataraj Augmented,8.290143247929437
Sakshi,446,89.2,frame_000447.jpg,STRONG,Nataraj Augmented,8.275490732419247
Sakshi,447,89.4,frame_000448.jpg,STRONG,Nataraj Augmented,8.289134351680714
Sakshi,448,89.6,frame_000449.jpg,STRONG,Nataraj Augmented,8.279569796429943
Sakshi,449,89.8,frame_000450.jpg,STRONG,Nataraj Augmented,8.275886919639964
Sakshi,450,90.0,frame_000451.jpg,STRONG,Nataraj Augmented,8.276949606158755
Sakshi,451,90.2,frame_000452.jpg,STRONG,Nataraj Augmented,8.275894165863331
Sakshi,452,90.4,frame_000453.jpg,STRONG,Nataraj Augmented,8.281084167365579
Sakshi,453,90.6,frame_000454.jpg,STRONG,Nataraj Augmented,8.282436757587353
Sakshi,454,90.8,frame_000455.jpg,STRONG,Nataraj Augmented,8.282642580761282
Sakshi,455,91.0,frame_000456.jpg,STRONG,Nataraj Augmented,8.28754716003137
Sakshi,456,91.2,frame_000457.jpg,STRONG,Nataraj Augmented,8.28504542811845
Sakshi,457,91.4,frame_000458.jpg,STRONG,Nataraj Augmented,8.281936645812989
Sakshi,458,91.6,frame_000459.jpg,STRONG,Nataraj Augmented,8.284151854683968
Sakshi,459,91.8,frame_000460.jpg,STRONG,Nataraj Augmented,8.28353048522536
Sakshi,460,92.0,frame_000461.jpg,STRONG,Nataraj Augmented,8.283404323429716
Sakshi,461,92.2,frame_000462.jpg,STRONG,Nataraj Augmented,8.281151009974709
Sakshi,462,92.4,frame_000463.jpg,STRONG,Nataraj Augmented,8.285219354258036
Sakshi,463,92.6,frame_000464.jpg,STRONG,Nataraj Augmented,8.284280845314012
Sakshi,464,92.8,frame_000465.jpg,STRONG,Nataraj Augmented,8.280579303439492
Sakshi,465,93.0,frame_000466.jpg,STRONG,Muzhumandi Augmented,7.277998317486706
Sakshi,466,93.2,frame_000467.jpg,STRONG,Samapadam Augmented,8.281519280109915
Sakshi,467,93.4,frame_000468.jpg,REVIEW,Muzhumandi Augmented,8.285551488362206
Sakshi,468,93.6,frame_000469.jpg,REVIEW,Garuda Augmented,8.29065635805252
Sakshi,470,94.0,frame_000471.jpg,STRONG,Garuda Augmented,8.293064172368851
Sakshi,471,94.2,frame_000472.jpg,STRONG,Samapadam Augmented,8.298464903536114
Sakshi,472,94.4,frame_000473.jpg,STRONG,Samapadam Augmented,8.299622221215854
Sakshi,482,96.4,frame_000483.jpg,STRONG,Samapadam Augmented,8.298602145208791
Sakshi,483,96.6,frame_000484.jpg,STRONG,Nagabandham Augmented,8.274483463402772
Sakshi,484,96.8,frame_000485.jpg,STRONG,Samapadam Augmented,8.299032324736542
Sakshi,485,97.0,frame_000486.jpg,STRONG,Samapadam Augmented,8.291065899130105
Sakshi,488,97.6,frame_000489.jpg,STRONG,Ardhamandalam Augmented,8.293826348336388
Sakshi,489,97.8,frame_000490.jpg,STRONG,Ardhamandalam Augmented,8.297497855483645
Sakshi,490,98.0,frame_000491.jpg,STRONG,Ardhamandalam Augmented,8.284234692335085
Sakshi,491,98.2,frame_000492.jpg,STRONG,Ardhamandalam Augmented,8.284789022179462
Sakshi,492,98.4,frame_000493.jpg,STRONG,Nagabandham Augmented,8.27313732253339
Sakshi,493,98.6,frame_000494.jpg,STRONG,Garuda Augmented,8.301353280349502
Sakshi,494,98.8,frame_000495.jpg,STRONG,Garuda Augmented,8.301513118962207
Sakshi,495,99.0,frame_000496.jpg,STRONG,Muzhumandi Augmented,7.267998628924688
Sakshi,496,99.2,frame_000497.jpg,STRONG,Nataraj Augmented,8.276250605367082
Sakshi,497,99.4,frame_000498.jpg,STRONG,Garuda Augmented,8.26656163530351
Sakshi,498,99.6,frame_000499.jpg,STRONG,Garuda Augmented,8.275772951695544
Sakshi,499,99.8,frame_000500.jpg,STRONG,Nataraj Augmented,8.289792537043212
Sakshi,500,100.0,frame_000501.jpg,STRONG,Garuda Augmented,8.282469736417463
Sakshi,501,100.2,frame_000502.jpg,STRONG,Garuda Augmented,8.282456969639439
Sakshi,502,100.4,frame_000503.jpg,STRONG,Nataraj Augmented,8.293734880915363
Sakshi,503,100.6,frame_000504.jpg,STRONG,Nataraj Augmented,8.297632795140355
Sakshi,504,100.8,frame_000505.jpg,STRONG,Nataraj Augmented,8.298673042379825
Sakshi,505,101.0,frame_000506.jpg,STRONG,Nataraj Augmented,8.296439533409757
Sakshi,506,101.2,frame_000507.jpg,STRONG,Nataraj Augmented,8.298008890981167
Sakshi,507,101.4,frame_000508.jpg,STRONG,Nataraj Augmented,8.300467609192136
Sakshi,508,101.6,frame_000509.jpg,STRONG,Nataraj Augmented,8.299440531761137
Sakshi,509,101.8,frame_000510.jpg,STRONG,Nataraj Augmented,8.301042098833435
Sakshi,510,102.0,frame_000511.jpg,STRONG,Nataraj Augmented,8.301830043600324
Sakshi,511,102.2,frame_000512.jpg,STRONG,Muzhumandi Augmented,8.28239547410252
Sakshi,512,102.4,frame_000513.jpg,STRONG,Nataraj Augmented,8.286294208978592
Sakshi,513,102.6,frame_000514.jpg,STRONG,Nataraj Augmented,8.281602427973873
Sakshi,514,102.8,frame_000515.jpg,STRONG,Samapadam Augmented,8.291245179223752
Sakshi,515,103.0,frame_000516.jpg,STRONG,Muzhumandi Augmented,8.288496003805486
Sakshi,516,103.2,frame_000517.jpg,STRONG,Nataraj Augmented,8.279727566509765
Sakshi,517,103.4,frame_000518.jpg,STRONG,Samapadam Augmented,8.2921550129495
Sakshi,518,103.6,frame_000519.jpg,REVIEW,Muzhumandi Augmented,8.298018521901191
Sakshi,519,103.8,frame_000520.jpg,REVIEW,Muzhumandi Augmented,8.286327014904403
Sakshi,520,104.0,frame_000521.jpg,STRONG,Samapadam Augmented,8.293140893160311
Sakshi,521,104.2,frame_000522.jpg,STRONG,Nataraj Augmented,8.274327609288477
Sakshi,522,104.4,frame_000523.jpg,STRONG,Muzhumandi Augmented,7.276893377902313
Sakshi,523,104.6,frame_000524.jpg,STRONG,Nataraj Augmented,8.289758045421783
Sakshi,524,104.8,frame_000525.jpg,STRONG,Nataraj Augmented,8.29150761158019
Sakshi,525,105.0,frame_000526.jpg,STRONG,Nataraj Augmented,8.29320012275484
Sakshi,526,105.2,frame_000527.jpg,STRONG,Nataraj Augmented,8.293830253034166
Sakshi,527,105.4,frame_000528.jpg,STRONG,Nataraj Augmented,8.292896062270604
Sakshi,528,105.6,frame_000529.jpg,STRONG,Nataraj Augmented,8.287374748177918
Sakshi,529,105.8,frame_000530.jpg,STRONG,Nataraj Augmented,8.26224011009501
Sakshi,530,106.0,frame_000531.jpg,STRONG,Nataraj Augmented,8.274724027943542
Sakshi,531,106.2,frame_000532.jpg,STRONG,Samapadam Augmented,8.272514765484713
Sakshi,532,106.4,frame_000533.jpg,STRONG,Nataraj Augmented,8.265364754948967
Sakshi,533,106.6,frame_000534.jpg,STRONG,Nataraj Augmented,8.277915111651689
Sakshi,534,106.8,frame_000535.jpg,STRONG,Nataraj Augmented,8.26354640267502
Sakshi,535,107.0,frame_000536.jpg,STRONG,Nataraj Augmented,8.28965735474741
Sakshi,536,107.2,frame_000537.jpg,STRONG,Nataraj Augmented,8.289553731830521
Sakshi,537,107.4,frame_000538.jpg,STRONG,Nataraj Augmented,8.283482003400948
Sakshi,538,107.6,frame_000539.jpg,STRONG,Nagabandham Augmented,8.292651024709832
Sakshi,539,107.8,frame_000540.jpg,STRONG,Nagabandham Augmented,8.302050435004649
Sakshi,540,108.0,frame_000541.jpg,REVIEW,Samapadam Augmented,8.29749116946932
Sakshi,541,108.2,frame_000542.jpg,REVIEW,Nataraj Augmented,8.288261510151397
Sakshi,542,108.4,frame_000543.jpg,STRONG,Nagabandham Augmented,8.302377557004453
Sakshi,544,108.8,frame_000545.jpg,REVIEW,Samapadam Augmented,8.299540258576508
Sakshi,545,109.0,frame_000546.jpg,REVIEW,Nagabandham Augmented,8.286825976573208
Sakshi,546,109.2,frame_000547.jpg,REVIEW,Nagabandham Augmented,8.291043620778073
Sakshi,547,109.4,frame_000548.jpg,STRONG,Garuda Augmented,8.279404165516672
Sakshi,548,109.6,frame_000549.jpg,STRONG,Garuda Augmented,8.299931644133352
Sakshi,549,109.8,frame_000550.jpg,REVIEW,Garuda Augmented,8.297926439804975
Sakshi,550,110.0,frame_000551.jpg,REVIEW,Garuda Augmented,8.29194588613739
Sakshi,558,111.6,frame_000559.jpg,REVIEW,Garuda Augmented,8.289913903203967
Sakshi,576,115.2,frame_000577.jpg,REVIEW,Garuda Augmented,8.287443729331091
Sakshi,580,116.0,frame_000581.jpg,STRONG,Nagabandham Augmented,8.309283321135462
Sakshi,581,116.2,frame_000582.jpg,STRONG,Nagabandham Augmented,8.302838589164915
Sakshi,582,116.4,frame_000583.jpg,STRONG,Nagabandham Augmented,8.304460348781204
Sakshi,584,116.8,frame_000585.jpg,STRONG,Samapadam Augmented,8.29580044219878
Sakshi,585,117.0,frame_000586.jpg,STRONG,Nataraj Augmented,8.284995916145693
Sakshi,586,117.2,frame_000587.jpg,REVIEW,Samapadam Augmented,8.293790343144261
Sakshi,587,117.4,frame_000588.jpg,REVIEW,Samapadam Augmented,8.298907358048119
Sakshi,588,117.6,frame_000589.jpg,STRONG,Nagabandham Augmented,8.299278051135294
Sakshi,590,118.0,frame_000591.jpg,STRONG,Nataraj Augmented,8.284727388449236
Sakshi,591,118.2,frame_000592.jpg,STRONG,Garuda Augmented,8.302366961060173
Sakshi,592,118.4,frame_000593.jpg,STRONG,Muzhumandi Augmented,8.277425593231566
Sakshi,593,118.6,frame_000594.jpg,REVIEW,Swastika Augmented,8.267856822084084
Sakshi,595,119.0,frame_000596.jpg,STRONG,Garuda Augmented,8.297209379598705
Sakshi,597,119.4,frame_000598.jpg,STRONG,Nataraj Augmented,8.290174808688887
Sakshi,598,119.6,frame_000599.jpg,STRONG,Nataraj Augmented,8.2878004067524
Sakshi,600,120.0,frame_000601.jpg,REVIEW,Swastika Augmented,8.277220751601671
Sakshi,601,120.2,frame_000602.jpg,REVIEW,Swastika Augmented,8.276211624267448
Sakshi,602,120.4,frame_000603.jpg,REVIEW,Swastika Augmented,8.27374487850656
Sakshi,605,121.0,frame_000606.jpg,REVIEW,Garuda Augmented,8.290898477710611
Sakshi,606,121.2,frame_000607.jpg,STRONG,Garuda Augmented,8.291538896334155
Sakshi,607,121.4,frame_000608.jpg,REVIEW,Samapadam Augmented,8.299324849300092
Sakshi,608,121.6,frame_000609.jpg,REVIEW,Samapadam Augmented,8.30381245170736
Sakshi,609,121.8,frame_000610.jpg,STRONG,Nataraj Augmented,8.280674895200248
Sakshi,610,122.0,frame_000611.jpg,STRONG,Garuda Augmented,7.2920006403566
Sakshi,611,122.2,frame_000612.jpg,REVIEW,Nagabandham Augmented,8.270397691803941
Sakshi,612,122.4,frame_000613.jpg,STRONG,Nagabandham Augmented,8.298721169179492
Sakshi,613,122.6,frame_000614.jpg,STRONG,Nagabandham Augmented,8.29792835239598
Sakshi,614,122.8,frame_000615.jpg,STRONG,Nataraj Augmented,8.293719247582256
Sakshi,615,123.0,frame_000616.jpg,STRONG,Nagabandham Augmented,8.296184856930184
Sakshi,616,123.2,frame_000617.jpg,STRONG,Nagabandham Augmented,8.301487101981747
Sakshi,617,123.4,frame_000618.jpg,STRONG,Nagabandham Augmented,8.305011943206571
Sakshi,618,123.6,frame_000619.jpg,STRONG,Nagabandham Augmented,7.293514921570144
Sakshi,619,123.8,frame_000620.jpg,REVIEW,Nagabandham Augmented,8.304471855172661
Sakshi,620,124.0,frame_000621.jpg,STRONG,Samapadam Augmented,8.299304916473872
Sakshi,621,124.2,frame_000622.jpg,REVIEW,Samapadam Augmented,8.295156529563984
Sakshi,622,124.4,frame_000623.jpg,STRONG,Muzhumandi Augmented,8.287147711595438
Sakshi,623,124.6,frame_000624.jpg,REVIEW,Garuda Augmented,7.270220234304721
Sakshi,624,124.8,frame_000625.jpg,STRONG,Nataraj Augmented,8.291977592219375
Sakshi,625,125.0,frame_000626.jpg,STRONG,Garuda Augmented,8.281998100684003
Sakshi,626,125.2,frame_000627.jpg,STRONG,Garuda Augmented,8.279313938630246
Sakshi,627,125.4,frame_000628.jpg,STRONG,Nataraj Augmented,8.289913145482576
Sakshi,628,125.6,frame_000629.jpg,STRONG,Nataraj Augmented,8.295232296314136
Sakshi,629,125.8,frame_000630.jpg,STRONG,Nataraj Augmented,8.293923405501035
Sakshi,630,126.0,frame_000631.jpg,STRONG,Nataraj Augmented,8.292997117474968
Sakshi,631,126.2,frame_000632.jpg,STRONG,Nataraj Augmented,8.292705985874369
Sakshi,632,126.4,frame_000633.jpg,STRONG,Nataraj Augmented,8.294644611531654
Sakshi,633,126.6,frame_000634.jpg,STRONG,Garuda Augmented,8.266929199497818
Sakshi,634,126.8,frame_000635.jpg,STRONG,Garuda Augmented,8.26726766183034
Sakshi,635,127.0,frame_000636.jpg,STRONG,Garuda Augmented,8.264555223871017
Sakshi,636,127.2,frame_000637.jpg,STRONG,Nataraj Augmented,8.297515671742493
Sakshi,637,127.4,frame_000638.jpg,STRONG,Nataraj Augmented,8.300874518276922
Sakshi,638,127.6,frame_000639.jpg,STRONG,Nataraj Augmented,8.297196300186373
Sakshi,639,127.8,frame_000640.jpg,STRONG,Nataraj Augmented,8.293482519340007
Sakshi,640,128.0,frame_000641.jpg,STRONG,Nataraj Augmented,8.279574921947276
Sakshi,641,128.2,frame_000642.jpg,STRONG,Nagabandham Augmented,8.285777147932821
Sakshi,642,128.4,frame_000643.jpg,STRONG,Nagabandham Augmented,8.271928478569967
Sakshi,643,128.6,frame_000644.jpg,REVIEW,Nagabandham Augmented,8.306774624584246
Sakshi,644,128.8,frame_000645.jpg,REVIEW,Nagabandham Augmented,8.303417600508526
Sakshi,646,129.2,frame_000647.jpg,REVIEW,Nagabandham Augmented,8.305753509074611
Sakshi,647,129.4,frame_000648.jpg,REVIEW,Nagabandham Augmented,8.30766495236656
Sakshi,648,129.6,frame_000649.jpg,STRONG,Nagabandham Augmented,8.303659184291586
Sakshi,649,129.8,frame_000650.jpg,STRONG,Nagabandham Augmented,8.30777097495297
Sakshi,650,130.0,frame_000651.jpg,STRONG,Nagabandham Augmented,8.307576988365552
Sakshi,651,130.2,frame_000652.jpg,STRONG,Nagabandham Augmented,8.306788209398986
Sakshi,652,130.4,frame_000653.jpg,STRONG,Nagabandham Augmented,8.307494040897245
Sakshi,653,130.6,frame_000654.jpg,STRONG,Nagabandham Augmented,8.307701611078455
Sakshi,654,130.8,frame_000655.jpg,STRONG,Nagabandham Augmented,8.306670569108437
Sakshi,655,131.0,frame_000656.jpg,STRONG,Nagabandham Augmented,8.305891206071541
Sakshi,656,131.2,frame_000657.jpg,STRONG,Nagabandham Augmented,8.307808791859824
Sakshi,657,131.4,frame_000658.jpg,STRONG,Nagabandham Augmented,8.3071487017195
Sakshi,658,131.6,frame_000659.jpg,STRONG,Nagabandham Augmented,8.305684053458151
Sakshi,659,131.8,frame_000660.jpg,STRONG,Nagabandham Augmented,8.304362912039261
Sakshi,660,132.0,frame_000661.jpg,STRONG,Nagabandham Augmented,8.304197219655126
Sakshi,661,132.2,frame_000662.jpg,STRONG,Nagabandham Augmented,8.30270782395678
Sakshi,662,132.4,frame_000663.jpg,STRONG,Nagabandham Augmented,8.303296796538488
Sakshi,663,132.6,frame_000664.jpg,STRONG,Nagabandham Augmented,8.304464800315117
Sakshi,664,132.8,frame_000665.jpg,STRONG,Nagabandham Augmented,8.306326345527724
Sakshi,665,133.0,frame_000666.jpg,REVIEW,Nagabandham Augmented,8.303665061125784
Sakshi,666,133.2,frame_000667.jpg,REVIEW,Muzhumandi Augmented,7.28471597755782
Sakshi,667,133.4,frame_000668.jpg,REVIEW,Garuda Augmented,8.261014423677432
Sakshi,668,133.6,frame_000669.jpg,REVIEW,Garuda Augmented,8.29962628146044
Sakshi,669,133.8,frame_000670.jpg,REVIEW,Swastika Augmented,8.290069082742749
Sakshi,670,134.0,frame_000671.jpg,REVIEW,Swastika Augmented,8.294726421378469
Sakshi,684,136.8,frame_000685.jpg,REVIEW,Garuda Augmented,8.283826403787776
Sakshi,686,137.2,frame_000687.jpg,REVIEW,Nataraj Augmented,8.298262507999238
Sakshi,687,137.4,frame_000688.jpg,REVIEW,Nataraj Augmented,8.292284804286648
Sakshi,689,137.8,frame_000690.jpg,REVIEW,Samapadam Augmented,8.301137517313633
Sakshi,690,138.0,frame_000691.jpg,REVIEW,Nataraj Augmented,8.30449307207756
Sakshi,692,138.4,frame_000693.jpg,REVIEW,Nagabandham Augmented,8.278198168981994
Sakshi,737,147.4,frame_000738.jpg,STRONG,Nataraj Augmented,8.299263394378196
Sakshi,738,147.6,frame_000739.jpg,REVIEW,Nataraj Augmented,8.28653429929951
Sakshi,775,155.0,frame_000776.jpg,REVIEW,Nataraj Augmented,8.287893802289727
Sakshi,777,155.4,frame_000778.jpg,REVIEW,Nagabandham Augmented,8.30658848802519
Sakshi,788,157.6,frame_000789.jpg,STRONG,Nataraj Augmented,8.301063222298794
Sakshi,816,163.2,frame_000817.jpg,STRONG,Nagabandham Augmented,8.302628148390179
Sakshi,820,164.0,frame_000821.jpg,REVIEW,Nataraj Augmented,8.283845123165513
Sakshi,821,164.2,frame_000822.jpg,STRONG,Nataraj Augmented,8.27957301924402
Sakshi,844,168.8,frame_000845.jpg,REVIEW,Nataraj Augmented,8.29880852119329
Sakshi,845,169.0,frame_000846.jpg,REVIEW,Nataraj Augmented,8.30991185752498
Sakshi,910,182.0,frame_000911.jpg,REVIEW,Nataraj Augmented,8.303471112344964
Sakshi,924,184.8,frame_000925.jpg,REVIEW,Nataraj Augmented,8.270995871745619
Sakshi,944,188.8,frame_000945.jpg,REVIEW,Samapadam Augmented,8.29671990483508
Sakshi,945,189.0,frame_000946.jpg,REVIEW,Nataraj Augmented,8.301303005249913
Sakshi,952,190.4,frame_000953.jpg,REVIEW,Nagabandham Augmented,8.296159650797097
Sakshi,953,190.6,frame_000954.jpg,STRONG,Nagabandham Augmented,8.293657688430244
Sakshi,955,191.0,frame_000956.jpg,REVIEW,Nagabandham Augmented,8.302311509542273
Sakshi,957,191.4,frame_000958.jpg,STRONG,Nagabandham Augmented,8.302300728143395
Sakshi,960,192.0,frame_000961.jpg,REVIEW,Nataraj Augmented,8.292277689501452
Sakshi,966,193.2,frame_000967.jpg,REVIEW,Nagabandham Augmented,8.296845591194025
Sakshi,968,193.6,frame_000969.jpg,STRONG,Nagabandham Augmented,8.297245707486077
Sakshi,969,193.8,frame_000970.jpg,STRONG,Nagabandham Augmented,8.29669957923085
Sakshi,970,194.0,frame_000971.jpg,STRONG,Nagabandham Augmented,8.304939595363324
Sakshi,972,194.4,frame_000973.jpg,STRONG,Garuda Augmented,8.284757680591937
Sakshi,973,194.6,frame_000974.jpg,REVIEW,Garuda Augmented,8.29225698411066
Sakshi,974,194.8,frame_000975.jpg,STRONG,Muzhumandi Augmented,8.263890246711972
Sakshi,975,195.0,frame_000976.jpg,STRONG,Garuda Augmented,8.289119286076598
Sakshi,978,195.6,frame_000979.jpg,STRONG,Garuda Augmented,7.29330575862925
Sakshi,979,195.8,frame_000980.jpg,STRONG,Garuda Augmented,7.2685834030228165
Sakshi,982,196.4,frame_000983.jpg,REVIEW,Samapadam Augmented,8.293767143632843
Sakshi,983,196.6,frame_000984.jpg,REVIEW,Nagabandham Augmented,8.29498829421187
Sakshi,984,196.8,frame_000985.jpg,REVIEW,Garuda Augmented,8.272928975137837
Sakshi,985,197.0,frame_000986.jpg,STRONG,Swastika Augmented,8.28418263530054
Sakshi,986,197.2,frame_000987.jpg,STRONG,Swastika Augmented,8.28537084026153
Sakshi,987,197.4,frame_000988.jpg,STRONG,Swastika Augmented,8.276518605762014
Sakshi,988,197.6,frame_000989.jpg,STRONG,Garuda Augmented,8.288097597954998
Sakshi,989,197.8,frame_000990.jpg,STRONG,Garuda Augmented,8.294751292198555
Sakshi,991,198.2,frame_000992.jpg,STRONG,Garuda Augmented,8.284484036371419
Sakshi,992,198.4,frame_000993.jpg,STRONG,Muzhumandi Augmented,8.285900075475796
Sakshi,993,198.6,frame_000994.jpg,STRONG,Garuda Augmented,8.290641383571174
Sakshi,994,198.8,frame_000995.jpg,REVIEW,Garuda Augmented,8.283226530689406
Sakshi,996,199.2,frame_000997.jpg,STRONG,Swastika Augmented,8.273371212327639
Sakshi,997,199.4,frame_000998.jpg,STRONG,Swastika Augmented,8.288061189383754
Sakshi,998,199.6,frame_000999.jpg,REVIEW,Swastika Augmented,8.295959566572073
Sakshi,999,199.8,frame_001000.jpg,STRONG,Swastika Augmented,8.300085494391942
Sakshi,1000,200.0,frame_001001.jpg,STRONG,Swastika Augmented,8.28624055643958
Sakshi,1001,200.2,frame_001002.jpg,STRONG,Nagabandham Augmented,8.289749622367376
Sakshi,1003,200.6,frame_001004.jpg,STRONG,Swastika Augmented,8.273435759119526
Sakshi,1004,200.8,frame_001005.jpg,REVIEW,Garuda Augmented,8.292582595822752
Sakshi,1005,201.0,frame_001006.jpg,STRONG,Garuda Augmented,8.290966845374053
Sakshi,1006,201.2,frame_001007.jpg,STRONG,Garuda Augmented,8.288188142962978
Sakshi,1007,201.4,frame_001008.jpg,STRONG,Garuda Augmented,8.27638892743257
Sakshi,1009,201.8,frame_001010.jpg,STRONG,Garuda Augmented,8.297111777147816
Sakshi,1010,202.0,frame_001011.jpg,STRONG,Garuda Augmented,8.281874377324332
Sakshi,1011,202.2,frame_001012.jpg,STRONG,Nataraj Augmented,8.275119026099812
Sakshi,1012,202.4,frame_001013.jpg,STRONG,Garuda Augmented,8.293242231162221
Sakshi,1014,202.8,frame_001015.jpg,STRONG,Garuda Augmented,8.294622586798834
Sakshi,1015,203.0,frame_001016.jpg,STRONG,Garuda Augmented,8.288826204384392
Sakshi,1019,203.8,frame_001020.jpg,STRONG,Swastika Augmented,8.287990606183325
Sakshi,1020,204.0,frame_001021.jpg,STRONG,Swastika Augmented,8.29413618701423
Sakshi,1021,204.2,frame_001022.jpg,STRONG,Swastika Augmented,8.294465129303935
Sakshi,1026,205.2,frame_001027.jpg,REVIEW,Garuda Augmented,8.296171709587632
Sakshi,1027,205.4,frame_001028.jpg,STRONG,Garuda Augmented,8.298526272986695
Sakshi,1029,205.8,frame_001030.jpg,STRONG,Garuda Augmented,8.29653742083752
Sakshi,1030,206.0,frame_001031.jpg,REVIEW,Garuda Augmented,8.291321458343079
Sakshi,1031,206.2,frame_001032.jpg,STRONG,Garuda Augmented,8.296815210689319
Sakshi,1032,206.4,frame_001033.jpg,REVIEW,Swastika Augmented,8.276287128649141
Sakshi,1033,206.6,frame_001034.jpg,STRONG,Garuda Augmented,8.28584764338762
Sakshi,1034,206.8,frame_001035.jpg,STRONG,Samapadam Augmented,8.282083455992396
Sakshi,1036,207.2,frame_001037.jpg,REVIEW,Garuda Augmented,8.298739252711705
Sakshi,1037,207.4,frame_001038.jpg,REVIEW,Garuda Augmented,8.301714018489896
Sakshi,1038,207.6,frame_001039.jpg,STRONG,Garuda Augmented,8.3007672137725
Sakshi,1039,207.8,frame_001040.jpg,STRONG,Garuda Augmented,8.294556807602808
Sakshi,1040,208.0,frame_001041.jpg,STRONG,Garuda Augmented,8.298168165978009
Sakshi,1041,208.2,frame_001042.jpg,STRONG,Swastika Augmented,8.275072360763032
Sakshi,1042,208.4,frame_001043.jpg,STRONG,Swastika Augmented,8.274422665970583
Sakshi,1043,208.6,frame_001044.jpg,STRONG,Muzhumandi Augmented,8.287408962671186
Sakshi,1044,208.8,frame_001045.jpg,STRONG,Garuda Augmented,8.287916926626846
Sakshi,1045,209.0,frame_001046.jpg,REVIEW,Garuda Augmented,8.300793054024835
Sakshi,1046,209.2,frame_001047.jpg,REVIEW,Garuda Augmented,8.286820422199405
Sakshi,1047,209.4,frame_001048.jpg,REVIEW,Garuda Augmented,8.298579088697888
Sakshi,1048,209.6,frame_001049.jpg,STRONG,Garuda Augmented,8.299007428112155
Sakshi,1050,210.0,frame_001051.jpg,STRONG,Garuda Augmented,8.298281730351421
Sakshi,1051,210.2,frame_001052.jpg,STRONG,Garuda Augmented,8.285571423323804
Sakshi,1052,210.4,frame_001053.jpg,REVIEW,Garuda Augmented,8.289139000413924
Sakshi,1053,210.6,frame_001054.jpg,STRONG,Garuda Augmented,8.297520102738467
Sakshi,1054,210.8,frame_001055.jpg,STRONG,Garuda Augmented,8.276920883385655
Sakshi,1055,211.0,frame_001056.jpg,STRONG,Garuda Augmented,8.291942916180375
Sakshi,1056,211.2,frame_001057.jpg,STRONG,Garuda Augmented,8.300706768583224
Sakshi,1057,211.4,frame_001058.jpg,STRONG,Garuda Augmented,8.301372984791723
Sakshi,1058,211.6,frame_001059.jpg,STRONG,Garuda Augmented,8.270736180833797
Sakshi,1059,211.8,frame_001060.jpg,STRONG,Nataraj Augmented,8.28097390646142
Sakshi,1060,212.0,frame_001061.jpg,STRONG,Nataraj Augmented,8.268607500057474
Sakshi,1061,212.2,frame_001062.jpg,STRONG,Swastika Augmented,8.27978450278037
Sakshi,1062,212.4,frame_001063.jpg,STRONG,Nagabandham Augmented,8.293137218430866
Sakshi,1063,212.6,frame_001064.jpg,STRONG,Nagabandham Augmented,8.30516880602174
Sakshi,1064,212.8,frame_001065.jpg,STRONG,Nagabandham Augmented,8.303275217064988
Sakshi,1065,213.0,frame_001066.jpg,REVIEW,Nagabandham Augmented,8.304544832257006
Sakshi,1066,213.2,frame_001067.jpg,STRONG,Nagabandham Augmented,8.294052831007335
Sakshi,1067,213.4,frame_001068.jpg,STRONG,Nagabandham Augmented,8.304944196213777
Sakshi,1068,213.6,frame_001069.jpg,STRONG,Garuda Augmented,8.28946867199678
Sakshi,1069,213.8,frame_001070.jpg,STRONG,Garuda Augmented,8.296142405129897
Sakshi,1070,214.0,frame_001071.jpg,REVIEW,Garuda Augmented,8.292031268984859
Sakshi,1072,214.4,frame_001073.jpg,STRONG,Nataraj Augmented,8.298225019085988
Sakshi,1073,214.6,frame_001074.jpg,REVIEW,Nataraj Augmented,8.283916585821515
Sakshi,1097,219.4,frame_001098.jpg,REVIEW,Nataraj Augmented,8.297993362852198
Sakshi,1105,221.0,frame_001106.jpg,REVIEW,Nagabandham Augmented,7.297536476907851
Sakshi,1111,222.2,frame_001112.jpg,STRONG,Garuda Augmented,8.281744503204209
Sakshi,1114,222.8,frame_001115.jpg,STRONG,Nataraj Augmented,8.298128691463901
Sakshi,1117,223.4,frame_001118.jpg,STRONG,Nataraj Augmented,8.294275165938314
Sakshi,1120,224.0,frame_001121.jpg,REVIEW,Samapadam Augmented,8.29793010528471
Sakshi,1129,225.8,frame_001130.jpg,STRONG,Samapadam Augmented,8.294764314147514
Sakshi,1130,226.0,frame_001131.jpg,STRONG,Samapadam Augmented,8.300259581904719
Sakshi,1144,228.8,frame_001145.jpg,REVIEW,Nagabandham Augmented,8.289374215191723
Sakshi,1147,229.4,frame_001148.jpg,STRONG,Nataraj Augmented,8.28329717832684
Sakshi,1157,231.4,frame_001158.jpg,REVIEW,Muzhumandi Augmented,8.28047182969399
Sakshi,1195,239.0,frame_001196.jpg,STRONG,Nataraj Augmented,8.27770712622591
Sakshi,1207,241.4,frame_001208.jpg,STRONG,Nataraj Augmented,8.293253295379234
Sakshi,1218,243.6,frame_001219.jpg,REVIEW,Garuda Augmented,8.290970169308782
Sakshi,1221,244.2,frame_001222.jpg,REVIEW,Garuda Augmented,8.271617075141075
Sakshi,1222,244.4,frame_001223.jpg,STRONG,Swastika Augmented,8.254492764614364
Sakshi,1229,245.8,frame_001230.jpg,REVIEW,Samapadam Augmented,8.282245235678053
Sakshi,1239,247.8,frame_001240.jpg,REVIEW,Nataraj Augmented,8.274128342091997
Sakshi,1242,248.4,frame_001243.jpg,REVIEW,Prenkhana Augmented,8.241187489447325
Sakshi,1247,249.4,frame_001248.jpg,STRONG,Nataraj Augmented,8.276791782775367
Sakshi,1248,249.6,frame_001249.jpg,STRONG,Prenkhana Augmented,8.283430803503412
Sakshi,1252,250.4,frame_001253.jpg,STRONG,Nataraj Augmented,8.297980630722346
Sakshi,1261,252.2,frame_001262.jpg,REVIEW,Nataraj Augmented,8.295962753199117
Sakshi,1263,252.6,frame_001264.jpg,STRONG,Nagabandham Augmented,8.303345538815691
Sakshi,1271,254.2,frame_001272.jpg,STRONG,Nagabandham Augmented,8.300178406302143
Sakshi,1272,254.4,frame_001273.jpg,STRONG,Nagabandham Augmented,8.297410922991501
Sakshi,1273,254.6,frame_001274.jpg,STRONG,Nataraj Augmented,8.291276021889187
Sakshi,1274,254.8,frame_001275.jpg,REVIEW,Samapadam Augmented,8.294351095905144
Sakshi,1275,255.0,frame_001276.jpg,REVIEW,Nagabandham Augmented,8.295443607652857
Sakshi,1276,255.2,frame_001277.jpg,STRONG,Garuda Augmented,7.288578701129903
Sakshi,1277,255.4,frame_001278.jpg,STRONG,Garuda Augmented,8.304284831124694
Sakshi,1278,255.6,frame_001279.jpg,REVIEW,Garuda Augmented,8.270440487670802
Sakshi,1279,255.8,frame_001280.jpg,STRONG,Garuda Augmented,8.298737306978794
Sakshi,1280,256.0,frame_001281.jpg,STRONG,Nagabandham Augmented,8.277775251771896
Sakshi,1281,256.2,frame_001282.jpg,STRONG,Garuda Augmented,8.278708981667238
Sakshi,1282,256.4,frame_001283.jpg,STRONG,Garuda Augmented,8.274415692249383
Sakshi,1283,256.6,frame_001284.jpg,STRONG,Garuda Augmented,8.300099317221385
Sakshi,1284,256.8,frame_001285.jpg,STRONG,Garuda Augmented,8.29080832852951
Sakshi,1285,257.0,frame_001286.jpg,STRONG,Garuda Augmented,8.296315133735105
Sakshi,1286,257.2,frame_001287.jpg,STRONG,Garuda Augmented,8.289571777003564
Sakshi,1287,257.4,frame_001288.jpg,STRONG,Garuda Augmented,8.298900374267813
Sakshi,1288,257.6,frame_001289.jpg,STRONG,Samapadam Augmented,8.299139398416001
Sakshi,1289,257.8,frame_001290.jpg,REVIEW,Nataraj Augmented,8.272475067509662
Sakshi,1290,258.0,frame_001291.jpg,REVIEW,Nagabandham Augmented,8.300315152578555
Sakshi,1291,258.2,frame_001292.jpg,REVIEW,Nagabandham Augmented,8.300403926920893
Sakshi,1292,258.4,frame_001293.jpg,REVIEW,Nagabandham Augmented,8.28127072051336
Sakshi,1293,258.6,frame_001294.jpg,REVIEW,Nataraj Augmented,8.280701230790013
Sakshi,1294,258.8,frame_001295.jpg,REVIEW,Nataraj Augmented,8.294492171956708
Sakshi,1295,259.0,frame_001296.jpg,STRONG,Samapadam Augmented,8.295728180705476
Sakshi,1296,259.2,frame_001297.jpg,STRONG,Nagabandham Augmented,8.293116659590419
Sakshi,1297,259.4,frame_001298.jpg,STRONG,Nataraj Augmented,8.297773546797892
Sakshi,1298,259.6,frame_001299.jpg,STRONG,Nataraj Augmented,8.297889160481976
Sakshi,1299,259.8,frame_001300.jpg,STRONG,Nataraj Augmented,8.298551983446949
Sakshi,1300,260.0,frame_001301.jpg,STRONG,Nataraj Augmented,8.297648737225574
Sakshi,1301,260.2,frame_001302.jpg,STRONG,Nataraj Augmented,8.288120750774286
Sakshi,1302,260.4,frame_001303.jpg,STRONG,Nagabandham Augmented,8.275053652834297
Sakshi,1304,260.8,frame_001305.jpg,STRONG,Samapadam Augmented,8.272414335776416
Sakshi,1305,261.0,frame_001306.jpg,STRONG,Garuda Augmented,7.267509560859895
Sakshi,1306,261.2,frame_001307.jpg,STRONG,Nataraj Augmented,8.281897996784563
Sakshi,1307,261.4,frame_001308.jpg,STRONG,Nataraj Augmented,8.287484771605314
Sakshi,1308,261.6,frame_001309.jpg,STRONG,Garuda Augmented,7.290437388878557
Sakshi,1309,261.8,frame_001310.jpg,REVIEW,Nagabandham Augmented,8.305543804067405
Sakshi,1310,262.0,frame_001311.jpg,STRONG,Garuda Augmented,7.287957116321255
Sakshi,1311,262.2,frame_001312.jpg,STRONG,Garuda Augmented,8.281084447968688
Sakshi,1312,262.4,frame_001313.jpg,STRONG,Nagabandham Augmented,8.264277485547993
Sakshi,1313,262.6,frame_001314.jpg,STRONG,Garuda Augmented,8.284349814223095
Sakshi,1314,262.8,frame_001315.jpg,STRONG,Garuda Augmented,8.282465298438076
Sakshi,1315,263.0,frame_001316.jpg,STRONG,Samapadam Augmented,8.291230753137917
Sakshi,1316,263.2,frame_001317.jpg,STRONG,Samapadam Augmented,8.294858352127774
Sakshi,1317,263.4,frame_001318.jpg,REVIEW,Nataraj Augmented,8.294007428780246
Sakshi,1318,263.6,frame_001319.jpg,STRONG,Nataraj Augmented,8.279510088243867
Sakshi,1319,263.8,frame_001320.jpg,REVIEW,Nataraj Augmented,8.292395695723089
Sakshi,1320,264.0,frame_001321.jpg,REVIEW,Garuda Augmented,8.28109511230786
Sakshi,1324,264.8,frame_001325.jpg,REVIEW,Garuda Augmented,8.293035168097308
Sakshi,1325,265.0,frame_001326.jpg,STRONG,Garuda Augmented,8.292730038905448
Sakshi,1327,265.4,frame_001328.jpg,STRONG,Garuda Augmented,8.282361998508764
Sakshi,1328,265.6,frame_001329.jpg,STRONG,Ardhamandalam Augmented,7.290988809880626
Sakshi,1329,265.8,frame_001330.jpg,STRONG,Nataraj Augmented,8.301167057800887
Sakshi,1330,266.0,frame_001331.jpg,STRONG,Garuda Augmented,8.280692487312201
Sakshi,1333,266.6,frame_001334.jpg,REVIEW,Garuda Augmented,8.29685005771647
Sakshi,1336,267.2,frame_001337.jpg,STRONG,Garuda Augmented,8.296615736307052
Sakshi,1337,267.4,frame_001338.jpg,STRONG,Garuda Augmented,8.29677582355555
Sakshi,1338,267.6,frame_001339.jpg,STRONG,Garuda Augmented,8.298680274084997
Sakshi,1339,267.8,frame_001340.jpg,STRONG,Garuda Augmented,8.298682811241946
Sakshi,1340,268.0,frame_001341.jpg,REVIEW,Garuda Augmented,8.297167082641499
Sakshi,1341,268.2,frame_001342.jpg,REVIEW,Garuda Augmented,8.293697497227491
Sakshi,1342,268.4,frame_001343.jpg,STRONG,Garuda Augmented,8.296565349219604
Sakshi,1343,268.6,frame_001344.jpg,STRONG,Garuda Augmented,8.29355049035256
Sakshi,1344,268.8,frame_001345.jpg,STRONG,Garuda Augmented,8.294970170030915
Sakshi,1345,269.0,frame_001346.jpg,STRONG,Nagabandham Augmented,8.294858198377495
Sakshi,1346,269.2,frame_001347.jpg,STRONG,Nagabandham Augmented,8.297389577889984
Sakshi,1347,269.4,frame_001348.jpg,STRONG,Samapadam Augmented,8.29494122532757
Sakshi,1348,269.6,frame_001349.jpg,STRONG,Nagabandham Augmented,8.305001337694808
Sakshi,1349,269.8,frame_001350.jpg,STRONG,Nagabandham Augmented,8.291200369476904
Sakshi,1350,270.0,frame_001351.jpg,STRONG,Nagabandham Augmented,8.291597117293929
Sakshi,1351,270.2,frame_001352.jpg,STRONG,Nataraj Augmented,8.29769598273768
Sakshi,1352,270.4,frame_001353.jpg,STRONG,Nataraj Augmented,8.28820236514036
Sakshi,1356,271.2,frame_001357.jpg,REVIEW,Garuda Augmented,7.245460135819279
Sakshi,1357,271.4,frame_001358.jpg,REVIEW,Garuda Augmented,8.273289908970996
Sakshi,1361,272.2,frame_001362.jpg,STRONG,Nagabandham Augmented,8.302625436132002
Sakshi,1362,272.4,frame_001363.jpg,STRONG,Nagabandham Augmented,8.307464637021312
Sakshi,1363,272.6,frame_001364.jpg,REVIEW,Samapadam Augmented,8.303478699251865
Sakshi,1364,272.8,frame_001365.jpg,STRONG,Nagabandham Augmented,8.299821431301957
Sakshi,1365,273.0,frame_001366.jpg,STRONG,Garuda Augmented,7.285065973550552
Sakshi,1366,273.2,frame_001367.jpg,STRONG,Nagabandham Augmented,8.300650155560241
Sakshi,1367,273.4,frame_001368.jpg,STRONG,Swastika Augmented,8.286878471309151
Sakshi,1368,273.6,frame_001369.jpg,REVIEW,Garuda Augmented,8.289080010173103
Sakshi,1371,274.2,frame_001372.jpg,REVIEW,Garuda Augmented,8.292030208459611
Sakshi,1372,274.4,frame_001373.jpg,STRONG,Garuda Augmented,8.293481073162054
Sakshi,1373,274.6,frame_001374.jpg,STRONG,Garuda Augmented,8.29474940813464
Sakshi,1374,274.8,frame_001375.jpg,STRONG,Garuda Augmented,8.295109328129252
Sakshi,1375,275.0,frame_001376.jpg,REVIEW,Garuda Augmented,8.293361672115632
Sakshi,1376,275.2,frame_001377.jpg,REVIEW,Garuda Augmented,8.29319742509435
Sakshi,1377,275.4,frame_001378.jpg,STRONG,Garuda Augmented,8.28711310759995
Sakshi,1378,275.6,frame_001379.jpg,STRONG,Garuda Augmented,8.294016892795433
Sakshi,1379,275.8,frame_001380.jpg,REVIEW,Garuda Augmented,8.296466565779497
Sakshi,1380,276.0,frame_001381.jpg,STRONG,Garuda Augmented,8.28733350193548
Sakshi,1381,276.2,frame_001382.jpg,STRONG,Nagabandham Augmented,7.277529018292945
Sakshi,1382,276.4,frame_001383.jpg,STRONG,Nataraj Augmented,8.278760879224679
Sakshi,1383,276.6,frame_001384.jpg,STRONG,Nagabandham Augmented,8.302817768599382
Sakshi,1384,276.8,frame_001385.jpg,REVIEW,Nagabandham Augmented,8.296963778761416
Sakshi,1385,277.0,frame_001386.jpg,REVIEW,Nagabandham Augmented,8.302563683204076
Sakshi,1387,277.4,frame_001388.jpg,REVIEW,Nagabandham Augmented,8.280041628560134
Sakshi,1388,277.6,frame_001389.jpg,STRONG,Nataraj Augmented,8.289397885348983
Sakshi,1389,277.8,frame_001390.jpg,STRONG,Garuda Augmented,8.293952484521006
Sakshi,1391,278.2,frame_001392.jpg,REVIEW,Garuda Augmented,8.28817456840589
Sakshi,1393,278.6,frame_001394.jpg,REVIEW,Samapadam Augmented,8.291641594765068
Sakshi,1395,279.0,frame_001396.jpg,REVIEW,Garuda Augmented,8.289693997261518
Sakshi,1397,279.4,frame_001398.jpg,REVIEW,Nataraj Augmented,8.283494667755571
Sakshi,1398,279.6,frame_001399.jpg,STRONG,Nagabandham Augmented,8.287697638002667
Sakshi,1399,279.8,frame_001400.jpg,REVIEW,Nagabandham Augmented,8.305729303056514
Sakshi,1400,280.0,frame_001401.jpg,STRONG,Samapadam Augmented,8.299868843306733
Sakshi,1401,280.2,frame_001402.jpg,STRONG,Nagabandham Augmented,7.287292908950486
Sakshi,1402,280.4,frame_001403.jpg,REVIEW,Nagabandham Augmented,8.303844194573578
Sakshi,1403,280.6,frame_001404.jpg,STRONG,Nagabandham Augmented,8.298936289917895
Sakshi,1404,280.8,frame_001405.jpg,STRONG,Samapadam Augmented,8.306365885474566
Sakshi,1405,281.0,frame_001406.jpg,STRONG,Nagabandham Augmented,8.29865569903535
Sakshi,1406,281.2,frame_001407.jpg,STRONG,Nagabandham Augmented,8.302453190199858
Sakshi,1407,281.4,frame_001408.jpg,STRONG,Nagabandham Augmented,8.286253002486472
Sakshi,1408,281.6,frame_001409.jpg,STRONG,Nagabandham Augmented,8.298968077244895
Sakshi,1409,281.8,frame_001410.jpg,STRONG,Nagabandham Augmented,8.302596279354466
Sakshi,1410,282.0,frame_001411.jpg,STRONG,Nagabandham Augmented,8.304391731907721
Sakshi,1411,282.2,frame_001412.jpg,STRONG,Nagabandham Augmented,8.30749573490435
Sakshi,1412,282.4,frame_001413.jpg,STRONG,Nagabandham Augmented,8.3097102114873
Sakshi,1413,282.6,frame_001414.jpg,STRONG,Nagabandham Augmented,8.303081503196614
Sakshi,1414,282.8,frame_001415.jpg,STRONG,Nagabandham Augmented,8.303642288275062
Sakshi,1415,283.0,frame_001416.jpg,STRONG,Samapadam Augmented,8.304241487429834
Sakshi,1416,283.2,frame_001417.jpg,STRONG,Nagabandham Augmented,8.300829706699055
Sakshi,1417,283.4,frame_001418.jpg,REVIEW,Nagabandham Augmented,8.304798764147867
Sakshi,1418,283.6,frame_001419.jpg,STRONG,Nagabandham Augmented,8.302003722091142
Sakshi,1419,283.8,frame_001420.jpg,STRONG,Nagabandham Augmented,8.304925907937413
Sakshi,1420,284.0,frame_001421.jpg,REVIEW,Nagabandham Augmented,8.295790552933918
Sakshi,1421,284.2,frame_001422.jpg,STRONG,Nagabandham Augmented,8.303002617997576
Sakshi,1422,284.4,frame_001423.jpg,STRONG,Nagabandham Augmented,8.303041200508934
Sakshi,1423,284.6,frame_001424.jpg,STRONG,Nagabandham Augmented,8.301814811038565
Sakshi,1424,284.8,frame_001425.jpg,REVIEW,Nagabandham Augmented,8.300704816768764
Sakshi,1425,285.0,frame_001426.jpg,STRONG,Nataraj Augmented,8.285723683132233
Sakshi,1426,285.2,frame_001427.jpg,STRONG,Nagabandham Augmented,8.30217953474071
Sakshi,1428,285.6,frame_001429.jpg,REVIEW,Nagabandham Augmented,8.305540205799792
Sakshi,1429,285.8,frame_001430.jpg,STRONG,Nagabandham Augmented,8.29757558195581
Sakshi,1430,286.0,frame_001431.jpg,STRONG,Nagabandham Augmented,8.304929558508599
Sakshi,1431,286.2,frame_001432.jpg,STRONG,Nagabandham Augmented,8.297143250210475
Sakshi,1432,286.4,frame_001433.jpg,REVIEW,Samapadam Augmented,8.30072042188682
Sakshi,1433,286.6,frame_001434.jpg,STRONG,Nagabandham Augmented,8.299278658725013
Sakshi,1434,286.8,frame_001435.jpg,STRONG,Samapadam Augmented,8.298651851316722
Sakshi,1435,287.0,frame_001436.jpg,STRONG,Samapadam Augmented,8.29821954695776
Sakshi,1436,287.2,frame_001437.jpg,STRONG,Nagabandham Augmented,8.29752340661084
Sakshi,1437,287.4,frame_001438.jpg,STRONG,Samapadam Augmented,8.299995118909962
Sakshi,1438,287.6,frame_001439.jpg,STRONG,Samapadam Augmented,8.298323807162204
Sakshi,1439,287.8,frame_001440.jpg,STRONG,Samapadam Augmented,8.298741489509217
Sakshi,1440,288.0,frame_001441.jpg,STRONG,Samapadam Augmented,8.30614360727237
Sakshi,1441,288.2,frame_001442.jpg,STRONG,Samapadam Augmented,8.305969111370828
Sakshi,1442,288.4,frame_001443.jpg,STRONG,Samapadam Augmented,8.304478642342222
Sakshi,1443,288.6,frame_001444.jpg,STRONG,Nagabandham Augmented,8.295702411666182
Sakshi,1444,288.8,frame_001445.jpg,STRONG,Nataraj Augmented,8.294159759729824
Sakshi,1445,289.0,frame_001446.jpg,STRONG,Samapadam Augmented,8.297354455107424
Sakshi,1446,289.2,frame_001447.jpg,STRONG,Nataraj Augmented,8.291841563442249
Sakshi,1447,289.4,frame_001448.jpg,STRONG,Nataraj Augmented,8.290918423253272
Sakshi,1448,289.6,frame_001449.jpg,STRONG,Nataraj Augmented,8.289350856680942
Sakshi,1449,289.8,frame_001450.jpg,STRONG,Nataraj Augmented,8.293473890627212
Sakshi,1450,290.0,frame_001451.jpg,STRONG,Nataraj Augmented,8.29372233652461
Sakshi,1451,290.2,frame_001452.jpg,STRONG,Nataraj Augmented,8.289142685248923
Sakshi,1452,290.4,frame_001453.jpg,STRONG,Nataraj Augmented,8.290367972036378
Sakshi,1453,290.6,frame_001454.jpg,STRONG,Nataraj Augmented,8.290516768252857
Sakshi,1454,290.8,frame_001455.jpg,STRONG,Samapadam Augmented,8.296515536631288
Sakshi,1455,291.0,frame_001456.jpg,STRONG,Samapadam Augmented,8.298658129694347
Sakshi,1456,291.2,frame_001457.jpg,REVIEW,Garuda Augmented,8.300881750240006
Sakshi,1458,291.6,frame_001459.jpg,STRONG,Garuda Augmented,8.293344899726671
Sakshi,1459,291.8,frame_001460.jpg,REVIEW,Nataraj Augmented,8.277104220549406
Sakshi,1460,292.0,frame_001461.jpg,STRONG,Swastika Augmented,8.259339645629398
Sakshi,1461,292.2,frame_001462.jpg,STRONG,Garuda Augmented,8.293387321307543
Sakshi,1462,292.4,frame_001463.jpg,REVIEW,Swastika Augmented,8.260212429418264
Sakshi,1463,292.6,frame_001464.jpg,STRONG,Samapadam Augmented,8.295201957474998
Sakshi,1464,292.8,frame_001465.jpg,STRONG,Garuda Augmented,8.28725627743851
Sakshi,1465,293.0,frame_001466.jpg,REVIEW,Garuda Augmented,8.300246019164025
Sakshi,1466,293.2,frame_001467.jpg,STRONG,Garuda Augmented,8.29805249993951
Sakshi,1467,293.4,frame_001468.jpg,STRONG,Garuda Augmented,8.281663354492128
Sakshi,1468,293.6,frame_001469.jpg,STRONG,Swastika Augmented,8.260703701334702
Sakshi,1469,293.8,frame_001470.jpg,STRONG,Garuda Augmented,8.282538935280776
Sakshi,1470,294.0,frame_001471.jpg,STRONG,Garuda Augmented,8.29540879675511
Sakshi,1471,294.2,frame_001472.jpg,REVIEW,Samapadam Augmented,8.289752709476492
Sakshi,1473,294.6,frame_001474.jpg,STRONG,Nataraj Augmented,8.278193057357898
Sakshi,1474,294.8,frame_001475.jpg,STRONG,Garuda Augmented,8.285935534328495
Sakshi,1475,295.0,frame_001476.jpg,STRONG,Nataraj Augmented,8.283722550513893
Sakshi,1476,295.2,frame_001477.jpg,REVIEW,Garuda Augmented,8.28747072102321
Sakshi,1477,295.4,frame_001478.jpg,STRONG,Nataraj Augmented,8.277093273309092
Sakshi,1478,295.6,frame_001479.jpg,STRONG,Garuda Augmented,8.262757288568052
Sakshi,1479,295.8,frame_001480.jpg,STRONG,Nataraj Augmented,8.288646920212754
Sakshi,1480,296.0,frame_001481.jpg,STRONG,Nagabandham Augmented,8.30316806956058
Sakshi,1481,296.2,frame_001482.jpg,STRONG,Nataraj Augmented,8.302808961911312
Sakshi,1482,296.4,frame_001483.jpg,REVIEW,Nataraj Augmented,8.301280962605464
Sakshi,1483,296.6,frame_001484.jpg,STRONG,Nataraj Augmented,8.2758635333775
Sakshi,1484,296.8,frame_001485.jpg,STRONG,Garuda Augmented,8.268077110959972
Sakshi,1485,297.0,frame_001486.jpg,STRONG,Muzhumandi Augmented,7.281952898375242
Sakshi,1487,297.4,frame_001488.jpg,STRONG,Samapadam Augmented,8.295234601676672
Sakshi,1488,297.6,frame_001489.jpg,STRONG,Samapadam Augmented,8.286231908528588
Sakshi,1490,298.0,frame_001491.jpg,STRONG,Nagabandham Augmented,8.279486418666158
Sakshi,1491,298.2,frame_001492.jpg,STRONG,Nagabandham Augmented,8.287404069634487
Sakshi,1492,298.4,frame_001493.jpg,STRONG,Samapadam Augmented,8.28978830604083
Sakshi,1494,298.8,frame_001495.jpg,STRONG,Samapadam Augmented,8.284867941647104
Sakshi,1496,299.2,frame_001497.jpg,STRONG,Nataraj Augmented,8.295586390739757
Sakshi,1497,299.4,frame_001498.jpg,STRONG,Nataraj Augmented,8.278403354405711
Sakshi,1498,299.6,frame_001499.jpg,STRONG,Samapadam Augmented,8.295978304897819
Sakshi,1499,299.8,frame_001500.jpg,STRONG,Samapadam Augmented,8.29063864703973
Sakshi,1500,300.0,frame_001501.jpg,STRONG,Nataraj Augmented,8.25777003321948
Sakshi,1501,300.2,frame_001502.jpg,STRONG,Muzhumandi Augmented,8.283360264464076
Sakshi,1502,300.4,frame_001503.jpg,STRONG,Garuda Augmented,8.280503949390521
Sakshi,1503,300.6,frame_001504.jpg,STRONG,Garuda Augmented,8.293588918728645
Sakshi,1504,300.8,frame_001505.jpg,STRONG,Samapadam Augmented,8.30239832582911
Sakshi,1505,301.0,frame_001506.jpg,STRONG,Garuda Augmented,8.275900764916358
Sakshi,1506,301.2,frame_001507.jpg,STRONG,Muzhumandi Augmented,8.285364095489905
Sakshi,1509,301.8,frame_001510.jpg,STRONG,Ardhamandalam Augmented,7.2887121228763
Sakshi,1510,302.0,frame_001511.jpg,STRONG,Samapadam Augmented,8.292378369188283
Sakshi,1511,302.2,frame_001512.jpg,STRONG,Nataraj Augmented,8.288712495588399
Sakshi,1512,302.4,frame_001513.jpg,STRONG,Nagabandham Augmented,7.2887033169279185
Sakshi,1513,302.6,frame_001514.jpg,REVIEW,Nataraj Augmented,8.289150372435712
Sakshi,1515,303.0,frame_001516.jpg,STRONG,Nataraj Augmented,8.290572558501632
Sakshi,1516,303.2,frame_001517.jpg,REVIEW,Garuda Augmented,8.291294191004262
Sakshi,1517,303.4,frame_001518.jpg,STRONG,Garuda Augmented,8.294943452997284
Sakshi,1518,303.6,frame_001519.jpg,STRONG,Garuda Augmented,8.296637676366194
Sakshi,1519,303.8,frame_001520.jpg,STRONG,Garuda Augmented,8.297676210800315
Sakshi,1521,304.2,frame_001522.jpg,STRONG,Garuda Augmented,8.298680625416244
Sakshi,1522,304.4,frame_001523.jpg,STRONG,Garuda Augmented,8.29920524585357
Sakshi,1523,304.6,frame_001524.jpg,STRONG,Garuda Augmented,8.29880794512036
Sakshi,1524,304.8,frame_001525.jpg,STRONG,Garuda Augmented,8.285515981554147
Sakshi,1526,305.2,frame_001527.jpg,STRONG,Samapadam Augmented,8.294120828679914
Sakshi,1527,305.4,frame_001528.jpg,STRONG,Nagabandham Augmented,8.292709449833195
Sakshi,1528,305.6,frame_001529.jpg,STRONG,Nagabandham Augmented,8.304623295958484
Sakshi,1529,305.8,frame_001530.jpg,STRONG,Nataraj Augmented,8.298091394745782
Sakshi,1530,306.0,frame_001531.jpg,STRONG,Nataraj Augmented,8.300920001281053
Sakshi,1531,306.2,frame_001532.jpg,STRONG,Nataraj Augmented,8.283078029408323
Sakshi,1532,306.4,frame_001533.jpg,STRONG,Garuda Augmented,8.257202108907792
Sakshi,1533,306.6,frame_001534.jpg,STRONG,Garuda Augmented,8.25526635339534
Sakshi,1534,306.8,frame_001535.jpg,STRONG,Nataraj Augmented,8.288926161790272
Sakshi,1535,307.0,frame_001536.jpg,REVIEW,Garuda Augmented,8.279127735510773
Sakshi,1536,307.2,frame_001537.jpg,STRONG,Nagabandham Augmented,8.283032423926292
Sakshi,1537,307.4,frame_001538.jpg,STRONG,Garuda Augmented,8.270653114295023
Sakshi,1538,307.6,frame_001539.jpg,STRONG,Garuda Augmented,8.2680224836912
Sakshi,1539,307.8,frame_001540.jpg,STRONG,Garuda Augmented,8.290293831407224
Sakshi,1540,308.0,frame_001541.jpg,STRONG,Nagabandham Augmented,8.297534124140423
Sakshi,1541,308.2,frame_001542.jpg,STRONG,Nagabandham Augmented,8.30378113097203
Sakshi,1542,308.4,frame_001543.jpg,STRONG,Nagabandham Augmented,8.306647037472029
Sakshi,1543,308.6,frame_001544.jpg,STRONG,Nagabandham Augmented,8.305009204810439
Sakshi,1544,308.8,frame_001545.jpg,STRONG,Nagabandham Augmented,8.308040507827608
Sakshi,1545,309.0,frame_001546.jpg,REVIEW,Nagabandham Augmented,8.309298544290144
Sakshi,1546,309.2,frame_001547.jpg,REVIEW,Nagabandham Augmented,8.303897192229979
Sakshi,1549,309.8,frame_001550.jpg,STRONG,Nataraj Augmented,8.295383718256105
Sakshi,1550,310.0,frame_001551.jpg,REVIEW,Nagabandham Augmented,8.302996752671655
Sakshi,1552,310.4,frame_001553.jpg,STRONG,Nagabandham Augmented,8.308294727337065
Sakshi,1553,310.6,frame_001554.jpg,REVIEW,Nagabandham Augmented,8.306159320171838
Sakshi,1554,310.8,frame_001555.jpg,STRONG,Nagabandham Augmented,8.305363869653476
Sakshi,1555,311.0,frame_001556.jpg,REVIEW,Nagabandham Augmented,8.30701831024075
Sakshi,1556,311.2,frame_001557.jpg,STRONG,Nagabandham Augmented,8.302664345056229
Sakshi,1557,311.4,frame_001558.jpg,STRONG,Nataraj Augmented,8.287370025797626
Sakshi,1558,311.6,frame_001559.jpg,REVIEW,Nagabandham Augmented,8.288906412878555
Sakshi,1559,311.8,frame_001560.jpg,REVIEW,Nagabandham Augmented,8.307617436400099
Sakshi,1560,312.0,frame_001561.jpg,STRONG,Nagabandham Augmented,8.305177553117186
Sakshi,1561,312.2,frame_001562.jpg,REVIEW,Nagabandham Augmented,8.306549619934358
Sakshi,1562,312.4,frame_001563.jpg,REVIEW,Nagabandham Augmented,8.303643272046337
Sakshi,1563,312.6,frame_001564.jpg,REVIEW,Nagabandham Augmented,8.299681114036984
Sakshi,1565,313.0,frame_001566.jpg,STRONG,Nagabandham Augmented,8.304283981179516
Sakshi,1566,313.2,frame_001567.jpg,REVIEW,Nagabandham Augmented,8.308055831611382
Sakshi,1567,313.4,frame_001568.jpg,REVIEW,Nagabandham Augmented,8.303690240649699
Sakshi,1568,313.6,frame_001569.jpg,STRONG,Nagabandham Augmented,8.299836089420737
Sakshi,1569,313.8,frame_001570.jpg,STRONG,Nagabandham Augmented,8.305322694768076
Sakshi,1570,314.0,frame_001571.jpg,REVIEW,Nagabandham Augmented,8.305628956205666
Sakshi,1572,314.4,frame_001573.jpg,STRONG,Nagabandham Augmented,8.301394020559439
Sakshi,1573,314.6,frame_001574.jpg,STRONG,Nagabandham Augmented,8.303958916400326
Sakshi,1574,314.8,frame_001575.jpg,REVIEW,Nagabandham Augmented,8.307196716544812
Sakshi,1575,315.0,frame_001576.jpg,REVIEW,Nagabandham Augmented,8.303775834453912
Sakshi,1576,315.2,frame_001577.jpg,STRONG,Nagabandham Augmented,8.30157867792082
Sakshi,1577,315.4,frame_001578.jpg,REVIEW,Ardhamandalam Augmented,8.290827004645223
Sakshi,1578,315.6,frame_001579.jpg,REVIEW,Nagabandham Augmented,8.301679433218494
Sakshi,1585,317.0,frame_001586.jpg,STRONG,Swastika Augmented,8.28595367331147
Sakshi,1586,317.2,frame_001587.jpg,STRONG,Nagabandham Augmented,8.282720727537994
Sakshi,1587,317.4,frame_001588.jpg,STRONG,Nagabandham Augmented,8.299106041023048
Sakshi,1589,317.8,frame_001590.jpg,STRONG,Nataraj Augmented,8.281869630100028
Sakshi,1590,318.0,frame_001591.jpg,STRONG,Nagabandham Augmented,8.291002466508795
Sakshi,1591,318.2,frame_001592.jpg,STRONG,Nagabandham Augmented,8.307170787342946
Sakshi,1592,318.4,frame_001593.jpg,STRONG,Nataraj Augmented,8.291340755670104
Sakshi,1593,318.6,frame_001594.jpg,REVIEW,Nataraj Augmented,8.283916244922137
Sakshi,1597,319.4,frame_001598.jpg,STRONG,Muzhumandi Augmented,8.294578432871107
Sakshi,1598,319.6,frame_001599.jpg,REVIEW,Nagabandham Augmented,8.299558102306852
Sakshi,1600,320.0,frame_001601.jpg,STRONG,Nagabandham Augmented,8.304977327090866
Sakshi,1601,320.2,frame_001602.jpg,STRONG,Muzhumandi Augmented,7.266376188721781
Sakshi,1602,320.4,frame_001603.jpg,STRONG,Muzhumandi Augmented,7.29176188577746
Sakshi,1603,320.6,frame_001604.jpg,STRONG,Muzhumandi Augmented,8.294947141760181
Sakshi,1605,321.0,frame_001606.jpg,REVIEW,Garuda Augmented,8.280349412665084
Sakshi,1606,321.2,frame_001607.jpg,STRONG,Ardhamandalam Augmented,8.30226875593179
Sakshi,1607,321.4,frame_001608.jpg,STRONG,Nagabandham Augmented,8.302945582276093
Sakshi,1608,321.6,frame_001609.jpg,STRONG,Nagabandham Augmented,8.279940012829409
Sakshi,1609,321.8,frame_001610.jpg,STRONG,Garuda Augmented,8.28448207599251
Sakshi,1610,322.0,frame_001611.jpg,STRONG,Garuda Augmented,8.296243324693794
Sakshi,1612,322.4,frame_001613.jpg,STRONG,Nagabandham Augmented,8.30451695612956
Sakshi,1613,322.6,frame_001614.jpg,STRONG,Nagabandham Augmented,8.303013041982732
Sakshi,1614,322.8,frame_001615.jpg,STRONG,Nagabandham Augmented,8.299776815012391
Sakshi,1615,323.0,frame_001616.jpg,STRONG,Samapadam Augmented,8.291162967534188
Sakshi,1616,323.2,frame_001617.jpg,STRONG,Garuda Augmented,8.296349936283
Sakshi,1617,323.4,frame_001618.jpg,STRONG,Garuda Augmented,8.291906974555989
Sakshi,1618,323.6,frame_001619.jpg,STRONG,Garuda Augmented,8.287818434252186
Sakshi,1619,323.8,frame_001620.jpg,STRONG,Garuda Augmented,8.288324924523868
Sakshi,1620,324.0,frame_001621.jpg,STRONG,Garuda Augmented,8.28833449706427
Sakshi,1621,324.2,frame_001622.jpg,STRONG,Garuda Augmented,8.282141645645892
Sakshi,1622,324.4,frame_001623.jpg,STRONG,Swastika Augmented,8.277937057500464
Sakshi,1623,324.6,frame_001624.jpg,REVIEW,Garuda Augmented,7.283531360601144
Sakshi,1624,324.8,frame_001625.jpg,STRONG,Garuda Augmented,7.280772427294757
Sakshi,1626,325.2,frame_001627.jpg,REVIEW,Garuda Augmented,8.289945265574248
Sakshi,1627,325.4,frame_001628.jpg,STRONG,Nataraj Augmented,8.291387309948997
Sakshi,1628,325.6,frame_001629.jpg,STRONG,Nataraj Augmented,8.292132491641269
Sakshi,1629,325.8,frame_001630.jpg,STRONG,Swastika Augmented,8.265432049187213
Sakshi,1630,326.0,frame_001631.jpg,STRONG,Muzhumandi Augmented,8.29926502636523
Sakshi,1631,326.2,frame_001632.jpg,STRONG,Swastika Augmented,8.283266451263314
Sakshi,1632,326.4,frame_001633.jpg,STRONG,Nataraj Augmented,8.275945665129692
Sakshi,1633,326.6,frame_001634.jpg,STRONG,Nataraj Augmented,8.28029812839265
Sakshi,1636,327.2,frame_001637.jpg,REVIEW,Nagabandham Augmented,8.253379028321147
Sakshi,1637,327.4,frame_001638.jpg,STRONG,Nagabandham Augmented,8.286557770515294
Sakshi,1638,327.6,frame_001639.jpg,STRONG,Garuda Augmented,7.276166172755601
Sakshi,1639,327.8,frame_001640.jpg,STRONG,Nagabandham Augmented,8.27590084541818
Sakshi,1640,328.0,frame_001641.jpg,STRONG,Nagabandham Augmented,8.294877967498214
Sakshi,1641,328.2,frame_001642.jpg,STRONG,Samapadam Augmented,8.292313607765966
Sakshi,1642,328.4,frame_001643.jpg,STRONG,Nataraj Augmented,7.28947037113556
Sakshi,1643,328.6,frame_001644.jpg,STRONG,Nagabandham Augmented,8.29314238986283
Sakshi,1644,328.8,frame_001645.jpg,STRONG,Nagabandham Augmented,8.281271751436547
Sakshi,1645,329.0,frame_001646.jpg,STRONG,Garuda Augmented,8.271325666846666
Sakshi,1646,329.2,frame_001647.jpg,STRONG,Nataraj Augmented,7.281149987360671
Sakshi,1647,329.4,frame_001648.jpg,STRONG,Samapadam Augmented,8.301110998863155
Sakshi,1648,329.6,frame_001649.jpg,STRONG,Nagabandham Augmented,8.292603624848082
Sakshi,1649,329.8,frame_001650.jpg,STRONG,Garuda Augmented,8.277338163303048
Sakshi,1650,330.0,frame_001651.jpg,STRONG,Garuda Augmented,8.278827429766636
Sakshi,1651,330.2,frame_001652.jpg,STRONG,Garuda Augmented,8.290308889565752
Sakshi,1652,330.4,frame_001653.jpg,STRONG,Garuda Augmented,8.285145847171934
Sakshi,1653,330.6,frame_001654.jpg,STRONG,Garuda Augmented,8.285023281325966
Sakshi,1654,330.8,frame_001655.jpg,STRONG,Garuda Augmented,8.288422477720934
Sakshi,1655,331.0,frame_001656.jpg,STRONG,Garuda Augmented,8.293604566316072
Sakshi,1656,331.2,frame_001657.jpg,STRONG,Garuda Augmented,8.283271496383286
Sakshi,1657,331.4,frame_001658.jpg,STRONG,Nagabandham Augmented,8.272235233499943
Sakshi,1658,331.6,frame_001659.jpg,STRONG,Nagabandham Augmented,8.277107996173406
Sakshi,1659,331.8,frame_001660.jpg,STRONG,Garuda Augmented,8.267022247901334
Sakshi,1660,332.0,frame_001661.jpg,STRONG,Samapadam Augmented,8.29138519969612
Sakshi,1661,332.2,frame_001662.jpg,STRONG,Nagabandham Augmented,8.302374207535985
Sakshi,1662,332.4,frame_001663.jpg,STRONG,Nagabandham Augmented,8.277612493674868
Sakshi,1663,332.6,frame_001664.jpg,STRONG,Garuda Augmented,8.281025596972482
Sakshi,1664,332.8,frame_001665.jpg,STRONG,Nataraj Augmented,8.277739080098128
Sakshi,1665,333.0,frame_001666.jpg,STRONG,Garuda Augmented,8.274549843591256
Sakshi,1666,333.2,frame_001667.jpg,STRONG,Nataraj Augmented,8.269310421285152
Sakshi,1667,333.4,frame_001668.jpg,STRONG,Nataraj Augmented,8.286589264989958
Sakshi,1668,333.6,frame_001669.jpg,STRONG,Garuda Augmented,8.27375508933864
Sakshi,1669,333.8,frame_001670.jpg,STRONG,Garuda Augmented,8.297024724014769
Sakshi,1670,334.0,frame_001671.jpg,REVIEW,Garuda Augmented,8.276289434128852
Sakshi,1671,334.2,frame_001672.jpg,STRONG,Garuda Augmented,8.277101641144027
Sakshi,1672,334.4,frame_001673.jpg,STRONG,Garuda Augmented,8.241903222625362
Sakshi,1673,334.6,frame_001674.jpg,STRONG,Garuda Augmented,8.287374190938056
Sakshi,1674,334.8,frame_001675.jpg,STRONG,Garuda Augmented,8.293919084004763
Sakshi,1675,335.0,frame_001676.jpg,STRONG,Garuda Augmented,8.288407980158624
Sakshi,1676,335.2,frame_001677.jpg,REVIEW,Garuda Augmented,8.295881891154774
Sakshi,1678,335.6,frame_001679.jpg,STRONG,Ardhamandalam Augmented,7.272556370651569
Sakshi,1679,335.8,frame_001680.jpg,REVIEW,Garuda Augmented,8.285519229207658
Sakshi,1680,336.0,frame_001681.jpg,STRONG,Garuda Augmented,8.291053889786193
Sakshi,1681,336.2,frame_001682.jpg,REVIEW,Garuda Augmented,8.287600048064295
Sakshi,1682,336.4,frame_001683.jpg,REVIEW,Garuda Augmented,8.293747376318931
Sakshi,1684,336.8,frame_001685.jpg,STRONG,Garuda Augmented,8.299146513699462
Sakshi,1685,337.0,frame_001686.jpg,STRONG,Garuda Augmented,8.290513037227852
Sakshi,1686,337.2,frame_001687.jpg,STRONG,Garuda Augmented,8.29029026661182
Sakshi,1687,337.4,frame_001688.jpg,STRONG,Garuda Augmented,8.287996693922826
Sakshi,1688,337.6,frame_001689.jpg,STRONG,Nagabandham Augmented,8.3057143955782
Sakshi,1689,337.8,frame_001690.jpg,STRONG,Garuda Augmented,8.297307966104766
Sakshi,1690,338.0,frame_001691.jpg,STRONG,Garuda Augmented,8.292459231577107
Sakshi,1691,338.2,frame_001692.jpg,REVIEW,Garuda Augmented,8.300498560871587
Sakshi,1693,338.6,frame_001694.jpg,REVIEW,Nagabandham Augmented,8.297111471485518
Sakshi,1695,339.0,frame_001696.jpg,STRONG,Nagabandham Augmented,8.304114859188298
Sakshi,1696,339.2,frame_001697.jpg,STRONG,Nagabandham Augmented,8.30527395027275
Sakshi,1697,339.4,frame_001698.jpg,STRONG,Samapadam Augmented,8.29673128616453
Sakshi,1698,339.6,frame_001699.jpg,REVIEW,Nagabandham Augmented,8.3037807114316
Sakshi,1699,339.8,frame_001700.jpg,STRONG,Nagabandham Augmented,8.303656491444885
Sakshi,1700,340.0,frame_001701.jpg,STRONG,Samapadam Augmented,8.2991496246256
Sakshi,1701,340.2,frame_001702.jpg,STRONG,Samapadam Augmented,8.29850711429964
Sakshi,1702,340.4,frame_001703.jpg,REVIEW,Nataraj Augmented,8.290089084091926
Sakshi,1703,340.6,frame_001704.jpg,STRONG,Nagabandham Augmented,8.30617146783626
Sakshi,1704,340.8,frame_001705.jpg,STRONG,Nagabandham Augmented,8.30623700474134
Sakshi,1705,341.0,frame_001706.jpg,STRONG,Nagabandham Augmented,8.29736545463409
Sakshi,1706,341.2,frame_001707.jpg,STRONG,Nagabandham Augmented,8.304287788493811
Sakshi,1707,341.4,frame_001708.jpg,STRONG,Nagabandham Augmented,8.307294314291322
Sakshi,1708,341.6,frame_001709.jpg,REVIEW,Nagabandham Augmented,8.304372183236781
Sakshi,1709,341.8,frame_001710.jpg,REVIEW,Nagabandham Augmented,8.305548813714413
Sakshi,1710,342.0,frame_001711.jpg,STRONG,Nagabandham Augmented,8.302629659522008
Sakshi,1711,342.2,frame_001712.jpg,STRONG,Nagabandham Augmented,8.305754344724004
Sakshi,1712,342.4,frame_001713.jpg,REVIEW,Nagabandham Augmented,8.30456868625918
Sakshi,1713,342.6,frame_001714.jpg,REVIEW,Nagabandham Augmented,8.303747559880884
Sakshi,1715,343.0,frame_001716.jpg,REVIEW,Nagabandham Augmented,8.300246989644858
Sakshi,1716,343.2,frame_001717.jpg,STRONG,Samapadam Augmented,8.30438497632994
Sakshi,1717,343.4,frame_001718.jpg,STRONG,Nagabandham Augmented,8.304447631794998
Sakshi,1719,343.8,frame_001720.jpg,REVIEW,Nagabandham Augmented,8.292931658446385
Sakshi,1720,344.0,frame_001721.jpg,REVIEW,Garuda Augmented,7.291260438854062
Sakshi,1721,344.2,frame_001722.jpg,REVIEW,Garuda Augmented,8.288826124013738
Sakshi,1722,344.4,frame_001723.jpg,REVIEW,Garuda Augmented,8.274402060719384
Sakshi,1723,344.6,frame_001724.jpg,REVIEW,Garuda Augmented,7.270860723503676
Sakshi,1724,344.8,frame_001725.jpg,REVIEW,Nataraj Augmented,8.276602557714906
Sakshi,1725,345.0,frame_001726.jpg,REVIEW,Garuda Augmented,8.28056324739747
Sakshi,1726,345.2,frame_001727.jpg,REVIEW,Nagabandham Augmented,8.29769421847513
Sakshi,1728,345.6,frame_001729.jpg,REVIEW,Nagabandham Augmented,8.301794510632192
Sakshi,1730,346.0,frame_001731.jpg,STRONG,Garuda Augmented,8.286999978717757
Sakshi,1731,346.2,frame_001732.jpg,STRONG,Garuda Augmented,8.282460570156024
Sakshi,1732,346.4,frame_001733.jpg,REVIEW,Garuda Augmented,8.282790761306362
Sakshi,1733,346.6,frame_001734.jpg,STRONG,Garuda Augmented,8.275648535055822
Sakshi,1734,346.8,frame_001735.jpg,STRONG,Garuda Augmented,8.29160756520781
Sakshi,1735,347.0,frame_001736.jpg,STRONG,Nagabandham Augmented,8.299573827534742
Sakshi,1736,347.2,frame_001737.jpg,STRONG,Nagabandham Augmented,8.289556607649526
Sakshi,1737,347.4,frame_001738.jpg,STRONG,Garuda Augmented,8.291737378531208
Sakshi,1738,347.6,frame_001739.jpg,STRONG,Garuda Augmented,8.2889009191199
Sakshi,1740,348.0,frame_001741.jpg,STRONG,Nagabandham Augmented,8.301495181500067
Sakshi,1741,348.2,frame_001742.jpg,STRONG,Samapadam Augmented,8.29296022923078
Sakshi,1742,348.4,frame_001743.jpg,STRONG,Garuda Augmented,8.281073331352236
Sakshi,1743,348.6,frame_001744.jpg,STRONG,Swastika Augmented,8.286897322165897
Sakshi,1744,348.8,frame_001745.jpg,STRONG,Swastika Augmented,8.302406930250333
Sakshi,1745,349.0,frame_001746.jpg,STRONG,Samapadam Augmented,8.295774385581957
Sakshi,1746,349.2,frame_001747.jpg,STRONG,Nataraj Augmented,7.27565979914096
Sakshi,1747,349.4,frame_001748.jpg,STRONG,Samapadam Augmented,8.290821780143471
Sakshi,1748,349.6,frame_001749.jpg,STRONG,Nagabandham Augmented,8.285794668535369
Sakshi,1749,349.8,frame_001750.jpg,STRONG,Nagabandham Augmented,8.292438866199308
Sakshi,1750,350.0,frame_001751.jpg,STRONG,Nagabandham Augmented,8.29539426339081
Sakshi,1751,350.2,frame_001752.jpg,STRONG,Garuda Augmented,7.274654930449704
Sakshi,1752,350.4,frame_001753.jpg,STRONG,Nagabandham Augmented,8.271317071337835
Sakshi,1753,350.6,frame_001754.jpg,STRONG,Nagabandham Augmented,8.286491932728259
Sakshi,1755,351.0,frame_001756.jpg,STRONG,Garuda Augmented,8.282714960564828
Sakshi,1757,351.4,frame_001758.jpg,STRONG,Garuda Augmented,8.287433325353959
Sakshi,1758,351.6,frame_001759.jpg,STRONG,Nagabandham Augmented,8.285537788380607
Sakshi,1759,351.8,frame_001760.jpg,REVIEW,Nagabandham Augmented,8.263880034127796
Sakshi,1761,352.2,frame_001762.jpg,REVIEW,Garuda Augmented,7.289622817188672
Sakshi,1763,352.6,frame_001764.jpg,REVIEW,Garuda Augmented,8.289793741288728
Sakshi,1765,353.0,frame_001766.jpg,STRONG,Garuda Augmented,8.287595949216406
Sakshi,1766,353.2,frame_001767.jpg,STRONG,Garuda Augmented,8.288010852415196
Sakshi,1767,353.4,frame_001768.jpg,REVIEW,Garuda Augmented,8.294587376468797
Sakshi,1768,353.6,frame_001769.jpg,STRONG,Garuda Augmented,8.295360495840676
Sakshi,1769,353.8,frame_001770.jpg,REVIEW,Nagabandham Augmented,8.290072639126379
Sakshi,1770,354.0,frame_001771.jpg,REVIEW,Garuda Augmented,8.28221313969184
Sakshi,1771,354.2,frame_001772.jpg,STRONG,Samapadam Augmented,8.295048642663895
Sakshi,1773,354.6,frame_001774.jpg,REVIEW,Garuda Augmented,8.29943538621821
Sakshi,1776,355.2,frame_001777.jpg,REVIEW,Swastika Augmented,8.280135376627818
Sakshi,1777,355.4,frame_001778.jpg,STRONG,Garuda Augmented,8.299976859749743
Sakshi,1778,355.6,frame_001779.jpg,STRONG,Garuda Augmented,8.299201223987467
Sakshi,1779,355.8,frame_001780.jpg,STRONG,Garuda Augmented,8.299101485954004
Sakshi,1780,356.0,frame_001781.jpg,REVIEW,Garuda Augmented,8.297225330201796
Sakshi,1781,356.2,frame_001782.jpg,STRONG,Garuda Augmented,8.296312121443618
Sakshi,1784,356.8,frame_001785.jpg,REVIEW,Garuda Augmented,8.286543413561478
Sakshi,1785,357.0,frame_001786.jpg,REVIEW,Garuda Augmented,8.284445510264927
Sakshi,1786,357.2,frame_001787.jpg,STRONG,Garuda Augmented,8.2970980302387
Sakshi,1787,357.4,frame_001788.jpg,STRONG,Garuda Augmented,8.296731695670369
Sakshi,1788,357.6,frame_001789.jpg,REVIEW,Garuda Augmented,8.296740254686377
Sakshi,1789,357.8,frame_001790.jpg,STRONG,Garuda Augmented,7.288929580214983
Sakshi,1790,358.0,frame_001791.jpg,STRONG,Nagabandham Augmented,8.303447554613665
Sakshi,1791,358.2,frame_001792.jpg,REVIEW,Nataraj Augmented,8.299288758847347
Sakshi,1792,358.4,frame_001793.jpg,STRONG,Samapadam Augmented,8.293931281672213
Sakshi,1793,358.6,frame_001794.jpg,STRONG,Samapadam Augmented,8.286538958232907
Sakshi,1794,358.8,frame_001795.jpg,STRONG,Muzhumandi Augmented,7.2831174137288945
Sakshi,1795,359.0,frame_001796.jpg,REVIEW,Nataraj Augmented,8.285791764016896
Sakshi,1796,359.2,frame_001797.jpg,STRONG,Nataraj Augmented,7.286218318790725
Sakshi,1797,359.4,frame_001798.jpg,STRONG,Nataraj Augmented,8.282775984472549
Sakshi,1798,359.6,frame_001799.jpg,REVIEW,Samapadam Augmented,8.298064477194302
Sakshi,1799,359.8,frame_001800.jpg,STRONG,Samapadam Augmented,8.299921944986334
Sakshi,1801,360.2,frame_001802.jpg,STRONG,Garuda Augmented,8.29829284037841
Sakshi,1802,360.4,frame_001803.jpg,STRONG,Nagabandham Augmented,8.300583911713971
Sakshi,1803,360.6,frame_001804.jpg,STRONG,Samapadam Augmented,8.299578518668481
Sakshi,1804,360.8,frame_001805.jpg,REVIEW,Samapadam Augmented,8.296149352971945
Sakshi,1805,361.0,frame_001806.jpg,REVIEW,Samapadam Augmented,8.297740940630234
Sakshi,1806,361.2,frame_001807.jpg,STRONG,Nagabandham Augmented,8.298252315358377
Sakshi,1807,361.4,frame_001808.jpg,REVIEW,Garuda Augmented,8.297347130843509
Sakshi,1808,361.6,frame_001809.jpg,REVIEW,Garuda Augmented,7.288195382286382
Sakshi,1809,361.8,frame_001810.jpg,REVIEW,Nataraj Augmented,8.292219440868768
Sakshi,1810,362.0,frame_001811.jpg,STRONG,Garuda Augmented,8.289895065075537
Sakshi,1811,362.2,frame_001812.jpg,STRONG,Garuda Augmented,8.288938334448401
Sakshi,1812,362.4,frame_001813.jpg,STRONG,Nagabandham Augmented,8.272037965718038
Sakshi,1814,362.8,frame_001815.jpg,STRONG,Garuda Augmented,7.291569914406406
Sakshi,1815,363.0,frame_001816.jpg,STRONG,Nagabandham Augmented,8.286888758207617
Sakshi,1816,363.2,frame_001817.jpg,REVIEW,Nagabandham Augmented,8.299320838208265
Sakshi,1817,363.4,frame_001818.jpg,REVIEW,Nagabandham Augmented,8.30161731938552
Sakshi,1818,363.6,frame_001819.jpg,REVIEW,Nagabandham Augmented,8.304669440908572
Sakshi,1819,363.8,frame_001820.jpg,REVIEW,Nagabandham Augmented,8.303793302666415
Sakshi,1820,364.0,frame_001821.jpg,REVIEW,Nagabandham Augmented,8.303408595074732
Sakshi,1821,364.2,frame_001822.jpg,REVIEW,Nagabandham Augmented,8.303898306751742
Sakshi,1824,364.8,frame_001825.jpg,STRONG,Nagabandham Augmented,8.298281612338203
Sakshi,1825,365.0,frame_001826.jpg,REVIEW,Nagabandham Augmented,8.300243026932742
Sakshi,1826,365.2,frame_001827.jpg,REVIEW,Garuda Augmented,8.288308121521169
Sakshi,1827,365.4,frame_001828.jpg,STRONG,Nataraj Augmented,8.284490467792681
Sakshi,1828,365.6,frame_001829.jpg,STRONG,Nataraj Augmented,8.284601005982907
Sakshi,1829,365.8,frame_001830.jpg,STRONG,Muzhumandi Augmented,8.28114150779036
Sakshi,1830,366.0,frame_001831.jpg,STRONG,Muzhumandi Augmented,8.298326732625245
Sakshi,1831,366.2,frame_001832.jpg,REVIEW,Garuda Augmented,8.296987495213566
Sakshi,1832,366.4,frame_001833.jpg,STRONG,Nataraj Augmented,8.279071357741325
Sakshi,1833,366.6,frame_001834.jpg,STRONG,Garuda Augmented,8.302811004232789
Sakshi,1836,367.2,frame_001837.jpg,STRONG,Swastika Augmented,8.284835981246681
Sakshi,1837,367.4,frame_001838.jpg,STRONG,Garuda Augmented,8.261219792557007
Sakshi,1838,367.6,frame_001839.jpg,STRONG,Garuda Augmented,7.270089712489638
Sakshi,1839,367.8,frame_001840.jpg,STRONG,Garuda Augmented,7.280211067579007
Sakshi,1840,368.0,frame_001841.jpg,STRONG,Garuda Augmented,7.283030798733152
Sakshi,1841,368.2,frame_001842.jpg,STRONG,Swastika Augmented,8.277289800625681
Sakshi,1842,368.4,frame_001843.jpg,STRONG,Swastika Augmented,8.27318353090559
Sakshi,1843,368.6,frame_001844.jpg,STRONG,Garuda Augmented,8.27787521262197
Sakshi,1844,368.8,frame_001845.jpg,REVIEW,Nataraj Augmented,8.297138038304134
Sakshi,1848,369.6,frame_001849.jpg,STRONG,Garuda Augmented,8.286335802774458
Sakshi,1850,370.0,frame_001851.jpg,STRONG,Nagabandham Augmented,8.292706357872413
Sakshi,1852,370.4,frame_001853.jpg,STRONG,Nagabandham Augmented,8.298520457683134
Sakshi,1858,371.6,frame_001859.jpg,STRONG,Nagabandham Augmented,8.305052869201056
Sakshi,1862,372.4,frame_001863.jpg,STRONG,Samapadam Augmented,8.30030369751355
Sakshi,1863,372.6,frame_001864.jpg,STRONG,Garuda Augmented,8.287794342393386
Sakshi,1864,372.8,frame_001865.jpg,STRONG,Muzhumandi Augmented,8.285247137553803
Sakshi,1865,373.0,frame_001866.jpg,STRONG,Swastika Augmented,8.284837807041065
Sakshi,1866,373.2,frame_001867.jpg,STRONG,Swastika Augmented,8.281835925604765
Sakshi,1867,373.4,frame_001868.jpg,STRONG,Swastika Augmented,8.283991974991228
Sakshi,1868,373.6,frame_001869.jpg,STRONG,Swastika Augmented,8.286704241271151
Sakshi,1869,373.8,frame_001870.jpg,STRONG,Swastika Augmented,8.272003962269414
Sakshi,1870,374.0,frame_001871.jpg,STRONG,Samapadam Augmented,8.289472089639975
Sakshi,1874,374.8,frame_001875.jpg,STRONG,Samapadam Augmented,8.29818623114743
Sakshi,1875,375.0,frame_001876.jpg,REVIEW,Samapadam Augmented,8.2942786134005
Sakshi,1882,376.4,frame_001883.jpg,REVIEW,Nagabandham Augmented,8.30832841383506
Sakshi,1883,376.6,frame_001884.jpg,REVIEW,Nagabandham Augmented,8.303473721717646
Sakshi,1885,377.0,frame_001886.jpg,REVIEW,Samapadam Augmented,8.303994006924896
Sakshi,1891,378.2,frame_001892.jpg,REVIEW,Nataraj Augmented,8.303393790627059
Sakshi,1907,381.4,frame_001908.jpg,REVIEW,Nagabandham Augmented,8.300665013991004
Sakshi,1917,383.4,frame_001918.jpg,REVIEW,Nagabandham Augmented,8.28289288928789
Sakshi,1960,392.0,frame_001961.jpg,REVIEW,Nagabandham Augmented,8.284354093941609
Sakshi,1963,392.6,frame_001964.jpg,STRONG,Nataraj Augmented,8.294771004088682
Sakshi,2005,401.0,frame_002006.jpg,STRONG,Samapadam Augmented,8.28806989815504
Sakshi,2006,401.2,frame_002007.jpg,STRONG,Nagabandham Augmented,8.298675903660422
Sakshi,2007,401.4,frame_002008.jpg,REVIEW,Nagabandham Augmented,8.301853539599069
Sakshi,2010,402.0,frame_002011.jpg,STRONG,Samapadam Augmented,8.303982667772294
Sakshi,2011,402.2,frame_002012.jpg,STRONG,Samapadam Augmented,8.305627004167818
Sakshi,2012,402.4,frame_002013.jpg,STRONG,Samapadam Augmented,8.30357760410764
Sakshi,2096,419.2,frame_002097.jpg,REVIEW,Nataraj Augmented,8.28746650817146
Sakshi,2097,419.4,frame_002098.jpg,STRONG,Nataraj Augmented,8.29138041242454
Sakshi,2112,422.4,frame_002113.jpg,REVIEW,Garuda Augmented,8.273295428502818
Sakshi,2116,423.2,frame_002117.jpg,REVIEW,Garuda Augmented,8.261825956480157
Sakshi,2121,424.2,frame_002122.jpg,STRONG,Nataraj Augmented,8.280155169644846
Sakshi,2124,424.8,frame_002125.jpg,REVIEW,Swastika Augmented,8.295257281425677
Sakshi,2127,425.4,frame_002128.jpg,STRONG,Garuda Augmented,8.284261571949397
Sakshi,2131,426.2,frame_002132.jpg,STRONG,Muzhumandi Augmented,8.300351533394528
Sakshi,2132,426.4,frame_002133.jpg,REVIEW,Muzhumandi Augmented,8.29523588084962
Sakshi,2154,430.8,frame_002155.jpg,STRONG,Samapadam Augmented,8.287394386074814
Sakshi,2156,431.2,frame_002157.jpg,STRONG,Garuda Augmented,8.300025530321877
Sakshi,2157,431.4,frame_002158.jpg,STRONG,Samapadam Augmented,8.292974899711616
Sakshi,2158,431.6,frame_002159.jpg,REVIEW,Garuda Augmented,8.281945687875316
Sakshi,2159,431.8,frame_002160.jpg,STRONG,Garuda Augmented,8.288245065631303
Sakshi,2160,432.0,frame_002161.jpg,REVIEW,Garuda Augmented,8.294871176473116
Sakshi,2161,432.2,frame_002162.jpg,STRONG,Muzhumandi Augmented,8.289217305677353
Sakshi,2162,432.4,frame_002163.jpg,STRONG,Garuda Augmented,8.297230735386142
Sakshi,2164,432.8,frame_002165.jpg,REVIEW,Nataraj Augmented,8.274932113887784
Sakshi,2165,433.0,frame_002166.jpg,STRONG,Samapadam Augmented,8.29530102278336
Sakshi,2168,433.6,frame_002169.jpg,REVIEW,Garuda Augmented,8.294130182724652
Sakshi,2170,434.0,frame_002171.jpg,STRONG,Garuda Augmented,8.296625170507465
Sakshi,2171,434.2,frame_002172.jpg,STRONG,Garuda Augmented,8.29041713196811
Sakshi,2172,434.4,frame_002173.jpg,STRONG,Nagabandham Augmented,8.288427530946139
Sakshi,2173,434.6,frame_002174.jpg,REVIEW,Garuda Augmented,8.276965644662049
Sakshi,2174,434.8,frame_002175.jpg,REVIEW,Samapadam Augmented,8.297078781789041
Sakshi,2177,435.4,frame_002178.jpg,STRONG,Samapadam Augmented,8.292411390584661
Sakshi,2178,435.6,frame_002179.jpg,STRONG,Garuda Augmented,8.30148829370609
Sakshi,2179,435.8,frame_002180.jpg,STRONG,Swastika Augmented,8.279355124837503
Sakshi,2180,436.0,frame_002181.jpg,STRONG,Swastika Augmented,8.277956754090509
Sakshi,2181,436.2,frame_002182.jpg,STRONG,Swastika Augmented,8.276943337380343
Sakshi,2182,436.4,frame_002183.jpg,STRONG,Garuda Augmented,8.28183730394868
Sakshi,2183,436.6,frame_002184.jpg,STRONG,Swastika Augmented,8.26808112666618
Sakshi,2186,437.2,frame_002187.jpg,REVIEW,Nagabandham Augmented,8.300162443854534
Sakshi,2187,437.4,frame_002188.jpg,REVIEW,Nagabandham Augmented,8.301722304068967
Sakshi,2188,437.6,frame_002189.jpg,REVIEW,Nataraj Augmented,8.299688736473414
Sakshi,2189,437.8,frame_002190.jpg,REVIEW,Nagabandham Augmented,8.298182907584547
Sakshi,2190,438.0,frame_002191.jpg,REVIEW,Nataraj Augmented,8.298694665620344
Sakshi,2193,438.6,frame_002194.jpg,REVIEW,Nataraj Augmented,8.292011923640281
Sakshi,2194,438.8,frame_002195.jpg,REVIEW,Nataraj Augmented,8.295043268989632
Sakshi,2195,439.0,frame_002196.jpg,REVIEW,Garuda Augmented,7.2911662229047325
Sakshi,2196,439.2,frame_002197.jpg,REVIEW,Garuda Augmented,8.288574539575025
Sakshi,2197,439.4,frame_002198.jpg,REVIEW,Samapadam Augmented,8.28496689560953
Sakshi,2199,439.8,frame_002200.jpg,REVIEW,Nataraj Augmented,8.286923591923147
Sakshi,2201,440.2,frame_002202.jpg,STRONG,Garuda Augmented,8.279583220560983
Sakshi,2202,440.4,frame_002203.jpg,STRONG,Garuda Augmented,8.264047251833926
Sakshi,2203,440.6,frame_002204.jpg,STRONG,Garuda Augmented,8.252008775141412
Sakshi,2204,440.8,frame_002205.jpg,STRONG,Nataraj Augmented,8.27712162842475
Sakshi,2205,441.0,frame_002206.jpg,STRONG,Garuda Augmented,8.245940198459397
Sakshi,2206,441.2,frame_002207.jpg,STRONG,Garuda Augmented,8.231940769263963
Sakshi,2207,441.4,frame_002208.jpg,STRONG,Garuda Augmented,8.238780825714342
Sakshi,2208,441.6,frame_002209.jpg,STRONG,Nataraj Augmented,8.280527026682124
Sakshi,2209,441.8,frame_002210.jpg,STRONG,Garuda Augmented,8.251740650965314
Sakshi,2210,442.0,frame_002211.jpg,STRONG,Garuda Augmented,8.248159231024514
Sakshi,2211,442.2,frame_002212.jpg,STRONG,Garuda Augmented,8.254716015972177
Sakshi,2212,442.4,frame_002213.jpg,STRONG,Garuda Augmented,8.251539739040686
Sakshi,2213,442.6,frame_002214.jpg,STRONG,Garuda Augmented,8.256562949785408
Sakshi,2214,442.8,frame_002215.jpg,STRONG,Garuda Augmented,8.256934914399194
Sakshi,2215,443.0,frame_002216.jpg,REVIEW,Garuda Augmented,8.253289865731677
Sakshi,2216,443.2,frame_002217.jpg,STRONG,Garuda Augmented,8.255810082717861
Sakshi,2217,443.4,frame_002218.jpg,STRONG,Garuda Augmented,8.256543551628457
Sakshi,2218,443.6,frame_002219.jpg,STRONG,Garuda Augmented,8.254348047122491
Sakshi,2219,443.8,frame_002220.jpg,STRONG,Garuda Augmented,8.25652329922477
Sakshi,2220,444.0,frame_002221.jpg,STRONG,Garuda Augmented,8.256087075791013
Sakshi,2221,444.2,frame_002222.jpg,STRONG,Garuda Augmented,8.255479332577126
Sakshi,2222,444.4,frame_002223.jpg,STRONG,Garuda Augmented,8.250922345035253
Sakshi,2223,444.6,frame_002224.jpg,STRONG,Garuda Augmented,8.257712378070623
Sakshi,2224,444.8,frame_002225.jpg,STRONG,Garuda Augmented,7.274958901388851
Sakshi,2225,445.0,frame_002226.jpg,STRONG,Nataraj Augmented,8.276311738613463
Sakshi,2226,445.2,frame_002227.jpg,REVIEW,Nataraj Augmented,8.278084941135145
Sakshi,2227,445.4,frame_002228.jpg,STRONG,Garuda Augmented,8.244455942481615
Sakshi,2234,446.8,frame_002235.jpg,REVIEW,Samapadam Augmented,8.295362798695063
Sakshi,2239,447.8,frame_002240.jpg,REVIEW,Samapadam Augmented,8.292027264171855
Sakshi,2244,448.8,frame_002245.jpg,REVIEW,Samapadam Augmented,8.295526451046664
Sakshi,2245,449.0,frame_002246.jpg,REVIEW,Nataraj Augmented,8.280779432310272
Sakshi,2246,449.2,frame_002247.jpg,STRONG,Nataraj Augmented,8.290964087905362
Sakshi,2247,449.4,frame_002248.jpg,REVIEW,Nataraj Augmented,8.27743812626756
Sakshi,2252,450.4,frame_002253.jpg,STRONG,Muzhumandi Augmented,8.289226910903118
Sakshi,2253,450.6,frame_002254.jpg,STRONG,Swastika Augmented,8.271694231018294
Sakshi,2254,450.8,frame_002255.jpg,STRONG,Muzhumandi Augmented,8.290295240705506
Sakshi,2255,451.0,frame_002256.jpg,STRONG,Nataraj Augmented,8.29441243310589
Sakshi,2256,451.2,frame_002257.jpg,STRONG,Nataraj Augmented,8.28934595681404
Sakshi,2257,451.4,frame_002258.jpg,STRONG,Nataraj Augmented,8.294080750138288
Sakshi,2258,451.6,frame_002259.jpg,STRONG,Nataraj Augmented,8.29355803174115
Sakshi,2259,451.8,frame_002260.jpg,STRONG,Nataraj Augmented,8.292486730448173
Sakshi,2260,452.0,frame_002261.jpg,STRONG,Nataraj Augmented,8.292885566264275
Sakshi,2261,452.2,frame_002262.jpg,STRONG,Nataraj Augmented,8.290666185017969
Sakshi,2262,452.4,frame_002263.jpg,STRONG,Nataraj Augmented,8.28986291859499
Sakshi,2263,452.6,frame_002264.jpg,STRONG,Nataraj Augmented,8.288117141759269
Sakshi,2264,452.8,frame_002265.jpg,STRONG,Nataraj Augmented,8.287913065407789
Sakshi,2265,453.0,frame_002266.jpg,STRONG,Nataraj Augmented,8.288184552417535
Sakshi,2266,453.2,frame_002267.jpg,STRONG,Nataraj Augmented,8.289356000418582
Sakshi,2267,453.4,frame_002268.jpg,STRONG,Nataraj Augmented,8.289550726093191
Sakshi,2268,453.6,frame_002269.jpg,STRONG,Nataraj Augmented,8.290327393234389
Sakshi,2269,453.8,frame_002270.jpg,STRONG,Nataraj Augmented,8.292348918265354
Sakshi,2270,454.0,frame_002271.jpg,STRONG,Nataraj Augmented,8.292631458229472
Sakshi,2271,454.2,frame_002272.jpg,STRONG,Nataraj Augmented,8.294677871496127
Sakshi,2272,454.4,frame_002273.jpg,STRONG,Nataraj Augmented,8.293870269333393
Sakshi,2273,454.6,frame_002274.jpg,STRONG,Nataraj Augmented,8.292807961202273
Sakshi,2274,454.8,frame_002275.jpg,STRONG,Nataraj Augmented,8.291965737517177
Sakshi,2275,455.0,frame_002276.jpg,STRONG,Nataraj Augmented,8.293080938070638
Sakshi,2276,455.2,frame_002277.jpg,STRONG,Nataraj Augmented,8.291746738005271
Sakshi,2279,455.8,frame_002280.jpg,REVIEW,Samapadam Augmented,8.2824666006723
Sakshi,2285,457.0,frame_002286.jpg,REVIEW,Samapadam Augmented,8.296539485747978
Sakshi,2296,459.2,frame_002297.jpg,REVIEW,Nagabandham Augmented,8.30484027533359
Sakshi,2298,459.6,frame_002299.jpg,REVIEW,Nagabandham Augmented,8.301527969117537
Sakshi,2300,460.0,frame_002301.jpg,REVIEW,Nagabandham Augmented,8.300408630570846
Sakshi,2301,460.2,frame_002302.jpg,STRONG,Nagabandham Augmented,8.297940574949097
Sakshi,2302,460.4,frame_002303.jpg,STRONG,Nagabandham Augmented,8.28781928213381
Sakshi,2303,460.6,frame_002304.jpg,STRONG,Ardhamandalam Augmented,8.290231047135116
Sakshi,2304,460.8,frame_002305.jpg,REVIEW,Ardhamandalam Augmented,8.296214183092658
Sakshi,2305,461.0,frame_002306.jpg,STRONG,Ardhamandalam Augmented,8.289262710118301
Sakshi,2306,461.2,frame_002307.jpg,STRONG,Ardhamandalam Augmented,8.293268874512556
Sakshi,2307,461.4,frame_002308.jpg,REVIEW,Ardhamandalam Augmented,7.2858839407523925
Sakshi,2308,461.6,frame_002309.jpg,STRONG,Ardhamandalam Augmented,8.29325135321607
Sakshi,2309,461.8,frame_002310.jpg,STRONG,Ardhamandalam Augmented,8.286449645852029
Sakshi,2310,462.0,frame_002311.jpg,STRONG,Ardhamandalam Augmented,8.283353984130805
Sakshi,2311,462.2,frame_002312.jpg,REVIEW,Ardhamandalam Augmented,8.295706488774835
Sakshi,2312,462.4,frame_002313.jpg,STRONG,Ardhamandalam Augmented,8.287105321091897
Sakshi,2313,462.6,frame_002314.jpg,STRONG,Ardhamandalam Augmented,7.285574311632848
Sakshi,2314,462.8,frame_002315.jpg,REVIEW,Ardhamandalam Augmented,8.294832723016272
Sakshi,2315,463.0,frame_002316.jpg,STRONG,Ardhamandalam Augmented,8.292208623067564
Sakshi,2316,463.2,frame_002317.jpg,STRONG,Ardhamandalam Augmented,7.2858314626677085
Sakshi,2317,463.4,frame_002318.jpg,REVIEW,Ardhamandalam Augmented,8.281018566102789
Sakshi,2318,463.6,frame_002319.jpg,STRONG,Ardhamandalam Augmented,8.284770941783032
Sakshi,2319,463.8,frame_002320.jpg,REVIEW,Ardhamandalam Augmented,8.291729101931933
Sakshi,2320,464.0,frame_002321.jpg,REVIEW,Ardhamandalam Augmented,8.29418106674401
Sakshi,2321,464.2,frame_002322.jpg,STRONG,Ardhamandalam Augmented,7.28307380555515
Sakshi,2322,464.4,frame_002323.jpg,STRONG,Nagabandham Augmented,8.292025308163296
Sakshi,2323,464.6,frame_002324.jpg,REVIEW,Ardhamandalam Augmented,8.293733616581653
Sakshi,2324,464.8,frame_002325.jpg,REVIEW,Ardhamandalam Augmented,8.284958410830988
Sakshi,2325,465.0,frame_002326.jpg,STRONG,Ardhamandalam Augmented,8.284432783532209
Sakshi,2326,465.2,frame_002327.jpg,STRONG,Ardhamandalam Augmented,8.289556748806998
Sakshi,2327,465.4,frame_002328.jpg,REVIEW,Ardhamandalam Augmented,8.292467696477615
Sakshi,2328,465.6,frame_002329.jpg,REVIEW,Ardhamandalam Augmented,8.291177903158859
Sakshi,2333,466.6,frame_002334.jpg,REVIEW,Ardhamandalam Augmented,8.292413224479864
Sakshi,2334,466.8,frame_002335.jpg,REVIEW,Ardhamandalam Augmented,8.294262324988763
Sakshi,2335,467.0,frame_002336.jpg,REVIEW,Ardhamandalam Augmented,8.292310325644435
Sakshi,2336,467.2,frame_002337.jpg,REVIEW,Ardhamandalam Augmented,7.291054520512787
Sakshi,2337,467.4,frame_002338.jpg,REVIEW,Ardhamandalam Augmented,8.300141999872988
Sakshi,2341,468.2,frame_002342.jpg,STRONG,Samapadam Augmented,8.295804959838147
Sakshi,2345,469.0,frame_002346.jpg,STRONG,Samapadam Augmented,8.300879644325935
Sakshi,2346,469.2,frame_002347.jpg,REVIEW,Samapadam Augmented,8.306606642587113
Sakshi,2349,469.8,frame_002350.jpg,REVIEW,Samapadam Augmented,8.30339730697862
